mtllib model_5.mtl
o model_5
v 6.0665998458862305 0.16031000018119812 1.3874995708465576 
v 6.0665998458862305 0.16031000018119812 1.7877932786941528 
v 6.0665998458862305 0.2601146399974823 1.3874995708465576 
v 6.0665998458862305 0.7604567408561707 1.7877932786941528 
v 6.0665998458862305 0.36035892367362976 1.0868639945983887 
v 6.0665998458862305 0.46016356348991394 0.8875475525856018 
v 6.0665998458862305 0.36035892367362976 0.8875475525856018 
v 6.0665998458862305 0.560407817363739 0.6882311701774597 
v 6.0665998458862305 0.46016356348991394 0.6882311701774597 
v 6.0665998458862305 0.560407817363739 0.5869119763374329 
v 6.0665998458862305 0.7604567408561707 0.5869119763374329 
v 6.0665998458862305 1.0603103637695312 -0.9129440188407898 
v 6.0665998458862305 0.9605056643486023 -0.9129440188407898 
v 6.0665998458862305 1.0603103637695312 -0.7119664549827576 
v 6.0665998458862305 0.9605056643486023 -0.8116247057914734 
v 6.0665998458862305 0.9605056643486023 -0.7119664549827576 
v 6.0665998458862305 0.8602613806724548 -0.8116247057914734 
v 6.0665998458862305 0.9605056643486023 -0.512650191783905 
v 6.0665998458862305 0.9605056643486023 0.2879374325275421 
v 6.0665998458862305 1.0603103637695312 0.2879374325275421 
v 6.0665998458862305 0.9605056643486023 0.4872538149356842 
v 6.0665998458862305 0.8602613806724548 -0.7119664549827576 
v 6.0665998458862305 0.8602613806724548 0.4872538149356842 
v 6.0665998458862305 0.7604567408561707 -0.7119664549827576 
v 6.0665998458862305 0.8602613806724548 0.5869119763374329 
v 6.0665998458862305 0.7604567408561707 -0.6123084425926208 
v 6.0665998458862305 0.7604567408561707 0.5869119763374329 
v 6.0665998458862305 0.6602124571800232 -0.6123084425926208 
v 6.0665998458862305 0.6602124571800232 0.4872538149356842 
v 6.0665998458862305 0.560407817363739 0.5869119763374329 
v 6.0665998458862305 0.560407817363739 0.4872538149356842 
v 6.366551399230957 0.7604567408561707 -0.7119664549827576 
v 6.366551399230957 0.7604567408561707 -0.6123084425926208 
v 6.0665998458862305 0.7604567408561707 -0.7119664549827576 
v 6.0665998458862305 0.7604567408561707 -0.6123084425926208 
v 6.266697883605957 1.260359287261963 -3.0124101638793945 
v 6.166648864746094 1.260359287261963 -3.0124101638793945 
v 6.266697883605957 1.260359287261963 -2.9127516746520996 
v 6.166648864746094 1.260359287261963 -2.9127516746520996 
v 6.166648864746094 1.1601150035858154 -1.0126020908355713 
v 6.266697883605957 1.1601150035858154 -1.0126020908355713 
v 6.166648864746094 1.1601150035858154 -2.9127516746520996 
v 6.266697883605957 1.1601150035858154 -2.9127516746520996 
v 6.266697883605957 1.0603103637695312 -0.9129440188407898 
v 6.366551399230957 1.0603103637695312 -0.9129440188407898 
v 6.266697883605957 1.0603103637695312 -1.0126020908355713 
v 6.366551399230957 1.0603103637695312 -1.0126020908355713 
v 6.366551399230957 0.8602613806724548 -0.8116247057914734 
v 6.366551399230957 0.8602613806724548 -0.7119664549827576 
v 6.266697883605957 0.8602613806724548 -0.8116247057914734 
v 6.166648864746094 0.8602613806724548 -0.8116247057914734 
v 6.166648864746094 0.8602613806724548 -0.9129440188407898 
v 6.0665998458862305 0.8602613806724548 -0.8116247057914734 
v 6.0665998458862305 0.8602613806724548 -0.7119664549827576 
v 6.166648864746094 0.8602613806724548 -0.9129440188407898 
v 6.166648864746094 0.8602613806724548 -1.0126020908355713 
v 6.266697883605957 0.8602613806724548 -0.9129440188407898 
v 6.266697883605957 0.8602613806724548 -1.0126020908355713 
v 6.266697883605957 0.9605056643486023 0.08696000277996063 
v 6.366551399230957 0.9605056643486023 0.08696000277996063 
v 6.266697883605957 0.9605056643486023 -0.11235637962818146 
v 6.366551399230957 0.9605056643486023 -0.11235637962818146 
v 6.366551399230957 1.0603103637695312 -0.512650191783905 
v 6.266697883605957 1.0603103637695312 -0.512650191783905 
v 6.366551399230957 1.0603103637695312 -0.11235637962818146 
v 6.266697883605957 1.0603103637695312 -0.11235637962818146 
v 6.0665998458862305 0.9605056643486023 0.4872538149356842 
v 6.366551399230957 0.9605056643486023 0.4872538149356842 
v 6.0665998458862305 0.9605056643486023 0.2879374325275421 
v 6.366551399230957 0.9605056643486023 0.2879374325275421 
v 6.166648864746094 1.1601150035858154 -3.0124101638793945 
v 6.166648864746094 1.0603103637695312 -3.0124101638793945 
v 6.166648864746094 1.1601150035858154 -2.9127516746520996 
v 6.166648864746094 1.1601150035858154 -1.0126020908355713 
v 6.366551399230957 0.9605056643486023 0.1882791966199875 
v 6.366551399230957 0.9605056643486023 0.08696000277996063 
v 6.466599941253662 0.9605056643486023 0.1882791966199875 
v 6.466599941253662 0.9605056643486023 0.08696000277996063 
v 6.166648864746094 0.7604567408561707 1.8874515295028687 
v 6.266697883605957 0.7604567408561707 1.8874515295028687 
v 6.166648864746094 0.7604567408561707 1.7877932786941528 
v 6.266697883605957 0.7604567408561707 1.7877932786941528 
v 6.166648864746094 0.46016356348991394 0.3875955641269684 
v 6.266697883605957 0.46016356348991394 0.3875955641269684 
v 6.166648864746094 0.46016356348991394 0.1882791966199875 
v 6.266697883605957 0.46016356348991394 0.1882791966199875 
v 6.166648864746094 0.9605056643486023 -2.813093662261963 
v 6.166648864746094 0.9605056643486023 -3.0124101638793945 
v 6.266697883605957 0.9605056643486023 -2.813093662261963 
v 6.266697883605957 0.9605056643486023 -3.0124101638793945 
v 6.0665998458862305 0.9605056643486023 -0.8116247057914734 
v 6.0665998458862305 0.9605056643486023 -0.9129440188407898 
v 6.166648864746094 0.9605056643486023 -0.8116247057914734 
v 6.166648864746094 0.9605056643486023 -0.9129440188407898 
v 6.266697883605957 0.9605056643486023 -0.8116247057914734 
v 6.266697883605957 0.9605056643486023 -0.9129440188407898 
v 6.366551399230957 0.9605056643486023 -0.8116247057914734 
v 6.366551399230957 0.9605056643486023 -0.9129440188407898 
v 6.166648864746094 1.260359287261963 0.08696000277996063 
v 6.166648864746094 1.1601150035858154 0.08696000277996063 
v 6.166648864746094 1.260359287261963 0.1882791966199875 
v 6.166648864746094 1.0603103637695312 0.1882791966199875 
v 6.166648864746094 1.0603103637695312 -0.512650191783905 
v 6.166648864746094 1.0603103637695312 -0.7119664549827576 
v 6.166648864746094 1.0603103637695312 -0.9129440188407898 
v 6.166648864746094 1.0603103637695312 -1.0126020908355713 
v 6.166648864746094 0.9605056643486023 -1.0126020908355713 
v 6.166648864746094 0.9605056643486023 -0.9129440188407898 
v 6.0665998458862305 0.9605056643486023 -1.0126020908355713 
v 6.0665998458862305 0.9605056643486023 -0.9129440188407898 
v 6.366551399230957 0.9605056643486023 -1.0126020908355713 
v 6.366551399230957 0.9605056643486023 -0.9129440188407898 
v 6.266697883605957 0.9605056643486023 -1.0126020908355713 
v 6.266697883605957 0.9605056643486023 -0.9129440188407898 
v 6.166648864746094 0.7604567408561707 0.8875475525856018 
v 6.0665998458862305 0.7604567408561707 1.7877932786941528 
v 6.0665998458862305 0.7604567408561707 0.5869119763374329 
v 6.266697883605957 0.7604567408561707 0.8875475525856018 
v 6.366551399230957 0.7604567408561707 0.5869119763374329 
v 6.366551399230957 0.7604567408561707 1.7877932786941528 
v 6.166648864746094 1.260359287261963 -3.0124101638793945 
v 6.166648864746094 1.1601150035858154 -3.0124101638793945 
v 6.166648864746094 1.260359287261963 -2.9127516746520996 
v 6.166648864746094 1.1601150035858154 -2.9127516746520996 
v 6.366551399230957 1.0603103637695312 0.1882791966199875 
v 6.366551399230957 1.0603103637695312 0.2879374325275421 
v 6.366551399230957 0.9605056643486023 0.1882791966199875 
v 6.366551399230957 0.9605056643486023 0.2879374325275421 
v 6.366551399230957 0.8602613806724548 -0.8116247057914734 
v 6.366551399230957 0.9605056643486023 0.4872538149356842 
v 6.366551399230957 0.8602613806724548 -0.7119664549827576 
v 6.366551399230957 0.8602613806724548 0.4872538149356842 
v 6.366551399230957 0.7604567408561707 -0.7119664549827576 
v 6.366551399230957 0.8602613806724548 0.5869119763374329 
v 6.366551399230957 0.7604567408561707 -0.6123084425926208 
v 6.366551399230957 0.7604567408561707 0.5869119763374329 
v 6.366551399230957 0.6602124571800232 -0.6123084425926208 
v 6.366551399230957 0.6602124571800232 0.4872538149356842 
v 6.366551399230957 0.560407817363739 0.5869119763374329 
v 6.366551399230957 0.560407817363739 0.4872538149356842 
v 6.366551399230957 1.0603103637695312 -0.512650191783905 
v 6.366551399230957 1.0603103637695312 -0.11235637962818146 
v 6.366551399230957 0.9605056643486023 -0.512650191783905 
v 6.366551399230957 0.9605056643486023 -0.11235637962818146 
v 6.366551399230957 0.9605056643486023 0.08696000277996063 
v 6.366551399230957 0.9605056643486023 -0.7119664549827576 
v 6.366551399230957 0.9605056643486023 -0.8116247057914734 
v 6.366551399230957 1.0603103637695312 -0.7119664549827576 
v 6.366551399230957 0.9605056643486023 -0.9129440188407898 
v 6.366551399230957 1.0603103637695312 -0.9129440188407898 
v 6.366551399230957 1.0603103637695312 -0.9129440188407898 
v 6.266697883605957 1.0603103637695312 -0.9129440188407898 
v 6.366551399230957 1.0603103637695312 -0.7119664549827576 
v 6.266697883605957 1.0603103637695312 -0.7119664549827576 
v 6.166648864746094 0.16031000018119812 1.8874515295028687 
v 6.166648864746094 0.16031000018119812 1.7877932786941528 
v 6.266697883605957 0.16031000018119812 1.8874515295028687 
v 6.266697883605957 0.16031000018119812 1.7877932786941528 
v 6.0665998458862305 0.16031000018119812 1.3874995708465576 
v 6.0665998458862305 0.16031000018119812 1.7877932786941528 
v 6.366551399230957 0.16031000018119812 1.7877932786941528 
v 6.366551399230957 0.16031000018119812 1.3874995708465576 
v 6.166648864746094 1.0603103637695312 -3.0124101638793945 
v 6.166648864746094 1.1601150035858154 -3.0124101638793945 
v 6.266697883605957 1.0603103637695312 -3.0124101638793945 
v 6.266697883605957 1.1601150035858154 -3.0124101638793945 
v 6.166648864746094 0.9605056643486023 -3.0124101638793945 
v 6.166648864746094 1.0603103637695312 -3.0124101638793945 
v 6.266697883605957 0.9605056643486023 -3.0124101638793945 
v 6.266697883605957 1.0603103637695312 -3.0124101638793945 
v 6.0665998458862305 0.9605056643486023 -1.0126020908355713 
v 6.0665998458862305 1.0603103637695312 -1.0126020908355713 
v 6.166648864746094 0.9605056643486023 -1.0126020908355713 
v 6.166648864746094 1.0603103637695312 -1.0126020908355713 
v 6.266697883605957 0.8602613806724548 -0.8116247057914734 
v 6.266697883605957 0.9605056643486023 -0.8116247057914734 
v 6.366551399230957 0.8602613806724548 -0.8116247057914734 
v 6.366551399230957 0.9605056643486023 -0.8116247057914734 
v 6.0665998458862305 0.8602613806724548 -0.8116247057914734 
v 6.0665998458862305 0.9605056643486023 -0.8116247057914734 
v 6.166648864746094 0.8602613806724548 -0.8116247057914734 
v 6.166648864746094 0.9605056643486023 -0.8116247057914734 
v 6.0665998458862305 0.46016356348991394 0.8875475525856018 
v 6.0665998458862305 0.46016356348991394 0.6882311701774597 
v 6.366551399230957 0.46016356348991394 0.8875475525856018 
v 6.366551399230957 0.46016356348991394 0.6882311701774597 
v 6.0665998458862305 0.6602124571800232 -0.6123084425926208 
v 6.0665998458862305 0.7604567408561707 -0.6123084425926208 
v 6.366551399230957 0.6602124571800232 -0.6123084425926208 
v 6.366551399230957 0.7604567408561707 -0.6123084425926208 
v 6.0665998458862305 0.36035892367362976 1.0868639945983887 
v 6.0665998458862305 0.36035892367362976 0.8875475525856018 
v 6.366551399230957 0.36035892367362976 1.0868639945983887 
v 6.366551399230957 0.36035892367362976 0.8875475525856018 
v 6.266697883605957 0.6602124571800232 0.08696000277996063 
v 6.266697883605957 0.46016356348991394 0.08696000277996063 
v 6.166648864746094 0.6602124571800232 0.08696000277996063 
v 6.166648864746094 0.46016356348991394 0.08696000277996063 
v 6.266697883605957 0.8602613806724548 -2.813093662261963 
v 6.266697883605957 0.8602613806724548 -1.0126020908355713 
v 6.166648864746094 0.8602613806724548 -2.813093662261963 
v 6.166648864746094 0.8602613806724548 -1.0126020908355713 
v 6.166648864746094 0.8602613806724548 1.7877932786941528 
v 6.266697883605957 0.8602613806724548 1.7877932786941528 
v 6.166648864746094 0.8602613806724548 0.8875475525856018 
v 6.266697883605957 0.8602613806724548 0.8875475525856018 
v 6.166648864746094 1.1601150035858154 0.08696000277996063 
v 6.266697883605957 1.1601150035858154 0.08696000277996063 
v 6.166648864746094 1.1601150035858154 -1.0126020908355713 
v 6.266697883605957 1.1601150035858154 -1.0126020908355713 
v 6.266697883605957 0.46016356348991394 0.1882791966199875 
v 6.266697883605957 0.36035892367362976 0.1882791966199875 
v 6.166648864746094 0.46016356348991394 0.1882791966199875 
v 6.166648864746094 0.36035892367362976 0.1882791966199875 
v 6.366551399230957 0.6602124571800232 0.4872538149356842 
v 6.366551399230957 0.560407817363739 0.4872538149356842 
v 6.266697883605957 0.6602124571800232 0.4872538149356842 
v 6.266697883605957 0.560407817363739 0.4872538149356842 
v 6.366551399230957 0.8602613806724548 0.4872538149356842 
v 6.0665998458862305 0.8602613806724548 0.4872538149356842 
v 6.366551399230957 0.8602613806724548 0.5869119763374329 
v 6.0665998458862305 0.8602613806724548 0.5869119763374329 
v 6.366551399230957 0.9605056643486023 -0.9129440188407898 
v 6.366551399230957 0.9605056643486023 -1.0126020908355713 
v 6.366551399230957 1.0603103637695312 -0.9129440188407898 
v 6.366551399230957 1.0603103637695312 -1.0126020908355713 
v 6.366551399230957 0.560407817363739 0.6882311701774597 
v 6.366551399230957 0.46016356348991394 0.6882311701774597 
v 6.0665998458862305 0.560407817363739 0.6882311701774597 
v 6.0665998458862305 0.46016356348991394 0.6882311701774597 
v 6.166648864746094 1.0603103637695312 -0.9129440188407898 
v 6.0665998458862305 1.0603103637695312 -0.9129440188407898 
v 6.166648864746094 1.0603103637695312 -0.7119664549827576 
v 6.0665998458862305 1.0603103637695312 -0.7119664549827576 
v 6.166648864746094 0.7604567408561707 0.8875475525856018 
v 6.166648864746094 0.8602613806724548 0.8875475525856018 
v 6.266697883605957 0.7604567408561707 0.8875475525856018 
v 6.266697883605957 0.8602613806724548 0.8875475525856018 
v 6.366551399230957 0.2601146399974823 1.3874995708465576 
v 6.366551399230957 0.16031000018119812 1.3874995708465576 
v 6.0665998458862305 0.2601146399974823 1.3874995708465576 
v 6.0665998458862305 0.16031000018119812 1.3874995708465576 
v 6.366551399230957 0.36035892367362976 1.0868639945983887 
v 6.366551399230957 0.2601146399974823 1.0868639945983887 
v 6.0665998458862305 0.36035892367362976 1.0868639945983887 
v 6.0665998458862305 0.2601146399974823 1.0868639945983887 
v 6.266697883605957 1.260359287261963 -2.9127516746520996 
v 6.166648864746094 1.260359287261963 -2.9127516746520996 
v 6.266697883605957 1.1601150035858154 -2.9127516746520996 
v 6.166648864746094 1.1601150035858154 -2.9127516746520996 
v 6.266697883605957 0.9605056643486023 -0.11235637962818146 
v 6.366551399230957 0.9605056643486023 -0.11235637962818146 
v 6.266697883605957 1.0603103637695312 -0.11235637962818146 
v 6.366551399230957 1.0603103637695312 -0.11235637962818146 
v 6.266697883605957 0.46016356348991394 0.1882791966199875 
v 6.266697883605957 0.46016356348991394 0.3875955641269684 
v 6.266697883605957 0.36035892367362976 0.1882791966199875 
v 6.266697883605957 0.46016356348991394 0.4872538149356842 
v 6.266697883605957 0.36035892367362976 0.5869119763374329 
v 6.266697883605957 0.560407817363739 0.5869119763374329 
v 6.166648864746094 1.0603103637695312 0.1882791966199875 
v 6.266697883605957 1.0603103637695312 0.1882791966199875 
v 6.166648864746094 1.260359287261963 0.1882791966199875 
v 6.266697883605957 1.260359287261963 0.1882791966199875 
v 6.266697883605957 0.560407817363739 0.1882791966199875 
v 6.166648864746094 0.560407817363739 0.1882791966199875 
v 6.266697883605957 0.46016356348991394 0.1882791966199875 
v 6.166648864746094 0.46016356348991394 0.1882791966199875 
v 6.266697883605957 0.560407817363739 0.5869119763374329 
v 6.166648864746094 0.560407817363739 0.5869119763374329 
v 6.266697883605957 0.36035892367362976 0.5869119763374329 
v 6.166648864746094 0.36035892367362976 0.5869119763374329 
v 6.366551399230957 0.7604567408561707 1.7877932786941528 
v 6.266697883605957 0.7604567408561707 1.7877932786941528 
v 6.366551399230957 0.16031000018119812 1.7877932786941528 
v 6.266697883605957 0.16031000018119812 1.7877932786941528 
v 6.266697883605957 0.8602613806724548 1.7877932786941528 
v 6.166648864746094 0.8602613806724548 1.7877932786941528 
v 6.166648864746094 0.7604567408561707 1.7877932786941528 
v 6.0665998458862305 0.7604567408561707 1.7877932786941528 
v 6.166648864746094 0.16031000018119812 1.7877932786941528 
v 6.0665998458862305 0.16031000018119812 1.7877932786941528 
v 6.266697883605957 0.7604567408561707 1.8874515295028687 
v 6.166648864746094 0.7604567408561707 1.8874515295028687 
v 6.266697883605957 0.16031000018119812 1.8874515295028687 
v 6.166648864746094 0.16031000018119812 1.8874515295028687 
v 6.466599941253662 1.0603103637695312 0.08696000277996063 
v 6.466599941253662 1.0603103637695312 0.1882791966199875 
v 6.466599941253662 0.9605056643486023 0.08696000277996063 
v 6.466599941253662 0.9605056643486023 0.1882791966199875 
v 6.266697883605957 1.0603103637695312 0.1882791966199875 
v 6.366551399230957 1.0603103637695312 0.1882791966199875 
v 6.266697883605957 1.0603103637695312 0.08696000277996063 
v 6.466599941253662 1.0603103637695312 0.1882791966199875 
v 6.466599941253662 1.0603103637695312 0.08696000277996063 
v 6.366551399230957 0.9605056643486023 0.4872538149356842 
v 6.0665998458862305 0.9605056643486023 0.4872538149356842 
v 6.366551399230957 0.8602613806724548 0.4872538149356842 
v 6.0665998458862305 0.8602613806724548 0.4872538149356842 
v 6.366551399230957 0.8602613806724548 0.5869119763374329 
v 6.0665998458862305 0.8602613806724548 0.5869119763374329 
v 6.366551399230957 0.7604567408561707 0.5869119763374329 
v 6.0665998458862305 0.7604567408561707 0.5869119763374329 
v 6.366551399230957 1.0603103637695312 0.2879374325275421 
v 6.0665998458862305 1.0603103637695312 0.2879374325275421 
v 6.366551399230957 0.9605056643486023 0.2879374325275421 
v 6.0665998458862305 0.9605056643486023 0.2879374325275421 
v 6.266697883605957 0.560407817363739 0.3875955641269684 
v 6.266697883605957 0.560407817363739 0.4872538149356842 
v 6.266697883605957 0.46016356348991394 0.3875955641269684 
v 6.266697883605957 0.46016356348991394 0.4872538149356842 
v 6.266697883605957 0.46016356348991394 0.08696000277996063 
v 6.266697883605957 0.560407817363739 0.1882791966199875 
v 6.266697883605957 0.6602124571800232 0.08696000277996063 
v 6.266697883605957 0.6602124571800232 0.4872538149356842 
v 6.266697883605957 0.560407817363739 0.3875955641269684 
v 6.266697883605957 0.560407817363739 0.4872538149356842 
v 6.166648864746094 0.46016356348991394 0.4872538149356842 
v 6.166648864746094 0.560407817363739 0.4872538149356842 
v 6.166648864746094 0.46016356348991394 0.3875955641269684 
v 6.166648864746094 0.560407817363739 0.3875955641269684 
v 6.0665998458862305 1.0603103637695312 -0.512650191783905 
v 6.166648864746094 1.0603103637695312 -0.512650191783905 
v 6.0665998458862305 1.0603103637695312 -0.7119664549827576 
v 6.166648864746094 1.0603103637695312 -0.7119664549827576 
v 6.266697883605957 1.260359287261963 0.08696000277996063 
v 6.166648864746094 1.260359287261963 0.08696000277996063 
v 6.266697883605957 1.260359287261963 0.1882791966199875 
v 6.166648864746094 1.260359287261963 0.1882791966199875 
v 6.0665998458862305 0.9605056643486023 -0.9129440188407898 
v 6.0665998458862305 1.0603103637695312 -0.9129440188407898 
v 6.0665998458862305 0.9605056643486023 -1.0126020908355713 
v 6.0665998458862305 1.0603103637695312 -1.0126020908355713 
v 6.166648864746094 0.6602124571800232 0.4872538149356842 
v 6.0665998458862305 0.6602124571800232 0.4872538149356842 
v 6.166648864746094 0.6602124571800232 0.08696000277996063 
v 6.0665998458862305 0.6602124571800232 -0.6123084425926208 
v 6.266697883605957 0.6602124571800232 0.08696000277996063 
v 6.366551399230957 0.6602124571800232 -0.6123084425926208 
v 6.366551399230957 0.6602124571800232 0.4872538149356842 
v 6.266697883605957 0.560407817363739 0.5869119763374329 
v 6.266697883605957 0.560407817363739 0.4872538149356842 
v 6.366551399230957 0.560407817363739 0.5869119763374329 
v 6.366551399230957 0.560407817363739 0.4872538149356842 
v 6.166648864746094 0.36035892367362976 0.5869119763374329 
v 6.166648864746094 0.36035892367362976 0.1882791966199875 
v 6.266697883605957 0.36035892367362976 0.5869119763374329 
v 6.266697883605957 0.36035892367362976 0.1882791966199875 
v 6.366551399230957 0.36035892367362976 0.8875475525856018 
v 6.366551399230957 0.46016356348991394 0.8875475525856018 
v 6.366551399230957 0.36035892367362976 1.0868639945983887 
v 6.366551399230957 0.7604567408561707 1.7877932786941528 
v 6.366551399230957 0.2601146399974823 1.3874995708465576 
v 6.366551399230957 0.16031000018119812 1.7877932786941528 
v 6.366551399230957 0.16031000018119812 1.3874995708465576 
v 6.366551399230957 0.560407817363739 0.6882311701774597 
v 6.366551399230957 0.560407817363739 0.5869119763374329 
v 6.366551399230957 0.7604567408561707 0.5869119763374329 
v 6.266697883605957 1.260359287261963 -3.0124101638793945 
v 6.266697883605957 1.260359287261963 -2.9127516746520996 
v 6.266697883605957 1.1601150035858154 -3.0124101638793945 
v 6.266697883605957 1.1601150035858154 -2.9127516746520996 
v 6.266697883605957 1.260359287261963 0.08696000277996063 
v 6.266697883605957 1.260359287261963 0.1882791966199875 
v 6.266697883605957 1.1601150035858154 0.08696000277996063 
v 6.266697883605957 1.0603103637695312 0.1882791966199875 
v 6.266697883605957 1.0603103637695312 0.08696000277996063 
v 6.266697883605957 1.0603103637695312 -0.11235637962818146 
v 6.266697883605957 1.0603103637695312 -0.512650191783905 
v 6.266697883605957 1.0603103637695312 -0.7119664549827576 
v 6.266697883605957 1.0603103637695312 -0.9129440188407898 
v 6.266697883605957 1.0603103637695312 -1.0126020908355713 
v 6.266697883605957 1.1601150035858154 -1.0126020908355713 
v 6.166648864746094 0.8602613806724548 -1.0126020908355713 
v 6.166648864746094 0.9605056643486023 -1.0126020908355713 
v 6.166648864746094 0.8602613806724548 -2.813093662261963 
v 6.166648864746094 0.9605056643486023 -2.813093662261963 
v 6.166648864746094 1.0603103637695312 -1.0126020908355713 
v 6.166648864746094 0.9605056643486023 -3.0124101638793945 
v 6.166648864746094 0.46016356348991394 0.3875955641269684 
v 6.166648864746094 0.560407817363739 0.3875955641269684 
v 6.266697883605957 0.46016356348991394 0.3875955641269684 
v 6.266697883605957 0.560407817363739 0.3875955641269684 
v 6.366551399230957 1.0603103637695312 -0.7119664549827576 
v 6.266697883605957 1.0603103637695312 -0.7119664549827576 
v 6.366551399230957 1.0603103637695312 -0.512650191783905 
v 6.266697883605957 1.0603103637695312 -0.512650191783905 
v 6.266697883605957 0.8602613806724548 -0.9129440188407898 
v 6.266697883605957 0.8602613806724548 -1.0126020908355713 
v 6.266697883605957 0.9605056643486023 -0.9129440188407898 
v 6.266697883605957 0.9605056643486023 -1.0126020908355713 
v 6.266697883605957 0.7604567408561707 1.7877932786941528 
v 6.266697883605957 0.7604567408561707 0.8875475525856018 
v 6.266697883605957 0.8602613806724548 1.7877932786941528 
v 6.266697883605957 0.8602613806724548 0.8875475525856018 
v 6.166648864746094 1.0603103637695312 -1.0126020908355713 
v 6.0665998458862305 1.0603103637695312 -1.0126020908355713 
v 6.166648864746094 1.0603103637695312 -0.9129440188407898 
v 6.0665998458862305 1.0603103637695312 -0.9129440188407898 
v 6.166648864746094 0.8602613806724548 -0.9129440188407898 
v 6.166648864746094 0.9605056643486023 -0.9129440188407898 
v 6.166648864746094 0.8602613806724548 -1.0126020908355713 
v 6.166648864746094 0.9605056643486023 -1.0126020908355713 
v 6.266697883605957 1.0603103637695312 -0.11235637962818146 
v 6.266697883605957 1.0603103637695312 0.08696000277996063 
v 6.266697883605957 0.9605056643486023 -0.11235637962818146 
v 6.266697883605957 0.9605056643486023 0.08696000277996063 
v 6.266697883605957 0.9605056643486023 -0.9129440188407898 
v 6.266697883605957 0.9605056643486023 -0.8116247057914734 
v 6.266697883605957 0.8602613806724548 -0.9129440188407898 
v 6.266697883605957 0.8602613806724548 -0.8116247057914734 
v 6.266697883605957 0.7604567408561707 1.8874515295028687 
v 6.266697883605957 0.16031000018119812 1.7877932786941528 
v 6.266697883605957 0.16031000018119812 1.8874515295028687 
v 6.366551399230957 0.8602613806724548 -0.7119664549827576 
v 6.366551399230957 0.7604567408561707 -0.7119664549827576 
v 6.0665998458862305 0.8602613806724548 -0.7119664549827576 
v 6.0665998458862305 0.7604567408561707 -0.7119664549827576 
v 6.0665998458862305 0.560407817363739 0.4872538149356842 
v 6.0665998458862305 0.6602124571800232 0.4872538149356842 
v 6.166648864746094 0.560407817363739 0.4872538149356842 
v 6.166648864746094 0.6602124571800232 0.4872538149356842 
v 6.166648864746094 0.46016356348991394 0.1882791966199875 
v 6.166648864746094 0.46016356348991394 0.08696000277996063 
v 6.266697883605957 0.46016356348991394 0.1882791966199875 
v 6.266697883605957 0.46016356348991394 0.08696000277996063 
v 6.0665998458862305 0.560407817363739 0.5869119763374329 
v 6.0665998458862305 0.560407817363739 0.4872538149356842 
v 6.166648864746094 0.560407817363739 0.5869119763374329 
v 6.166648864746094 0.560407817363739 0.4872538149356842 
v 6.0665998458862305 1.0603103637695312 -0.7119664549827576 
v 6.0665998458862305 0.9605056643486023 -0.7119664549827576 
v 6.0665998458862305 1.0603103637695312 -0.512650191783905 
v 6.0665998458862305 0.9605056643486023 -0.512650191783905 
v 6.366551399230957 0.560407817363739 0.5869119763374329 
v 6.366551399230957 0.560407817363739 0.6882311701774597 
v 6.266697883605957 0.560407817363739 0.5869119763374329 
v 6.166648864746094 0.560407817363739 0.5869119763374329 
v 6.0665998458862305 0.560407817363739 0.5869119763374329 
v 6.0665998458862305 0.560407817363739 0.6882311701774597 
v 6.266697883605957 1.260359287261963 -3.0124101638793945 
v 6.266697883605957 1.1601150035858154 -3.0124101638793945 
v 6.166648864746094 1.260359287261963 -3.0124101638793945 
v 6.166648864746094 1.1601150035858154 -3.0124101638793945 
v 6.166648864746094 0.8602613806724548 0.8875475525856018 
v 6.166648864746094 0.7604567408561707 0.8875475525856018 
v 6.166648864746094 0.8602613806724548 1.7877932786941528 
v 6.166648864746094 0.7604567408561707 1.7877932786941528 
v 6.166648864746094 0.8602613806724548 -0.8116247057914734 
v 6.166648864746094 0.9605056643486023 -0.8116247057914734 
v 6.166648864746094 0.8602613806724548 -0.9129440188407898 
v 6.166648864746094 0.9605056643486023 -0.9129440188407898 
v 6.266697883605957 1.0603103637695312 -1.0126020908355713 
v 6.266697883605957 1.0603103637695312 -3.0124101638793945 
v 6.266697883605957 1.1601150035858154 -1.0126020908355713 
v 6.266697883605957 1.1601150035858154 -2.9127516746520996 
v 6.166648864746094 0.16031000018119812 1.7877932786941528 
v 6.166648864746094 0.7604567408561707 1.8874515295028687 
v 6.166648864746094 0.16031000018119812 1.8874515295028687 
v 6.466599941253662 1.0603103637695312 0.1882791966199875 
v 6.366551399230957 1.0603103637695312 0.1882791966199875 
v 6.466599941253662 0.9605056643486023 0.1882791966199875 
v 6.366551399230957 0.9605056643486023 0.1882791966199875 
v 6.266697883605957 0.9605056643486023 -1.0126020908355713 
v 6.266697883605957 1.0603103637695312 -1.0126020908355713 
v 6.366551399230957 0.9605056643486023 -1.0126020908355713 
v 6.366551399230957 1.0603103637695312 -1.0126020908355713 
v 6.366551399230957 0.46016356348991394 0.8875475525856018 
v 6.366551399230957 0.36035892367362976 0.8875475525856018 
v 6.0665998458862305 0.46016356348991394 0.8875475525856018 
v 6.0665998458862305 0.36035892367362976 0.8875475525856018 
v 6.166648864746094 0.8602613806724548 -2.813093662261963 
v 6.166648864746094 0.9605056643486023 -2.813093662261963 
v 6.266697883605957 0.8602613806724548 -2.813093662261963 
v 6.266697883605957 0.9605056643486023 -2.813093662261963 
v 6.366551399230957 1.0603103637695312 0.1882791966199875 
v 6.266697883605957 1.0603103637695312 0.1882791966199875 
v 6.366551399230957 1.0603103637695312 0.2879374325275421 
v 6.166648864746094 1.0603103637695312 0.1882791966199875 
v 6.0665998458862305 1.0603103637695312 0.2879374325275421 
v 6.0665998458862305 1.0603103637695312 -0.512650191783905 
v 6.366551399230957 1.0603103637695312 -0.7119664549827576 
v 6.366551399230957 1.0603103637695312 -0.512650191783905 
v 6.366551399230957 0.9605056643486023 -0.7119664549827576 
v 6.366551399230957 0.9605056643486023 -0.512650191783905 
v 6.166648864746094 1.1601150035858154 0.08696000277996063 
v 6.166648864746094 1.260359287261963 0.08696000277996063 
v 6.266697883605957 1.1601150035858154 0.08696000277996063 
v 6.266697883605957 1.260359287261963 0.08696000277996063 
v 6.166648864746094 0.560407817363739 0.3875955641269684 
v 6.166648864746094 0.560407817363739 0.1882791966199875 
v 6.266697883605957 0.560407817363739 0.3875955641269684 
v 6.266697883605957 0.560407817363739 0.1882791966199875 
v 6.0665998458862305 0.2601146399974823 1.3874995708465576 
v 6.0665998458862305 0.2601146399974823 1.0868639945983887 
v 6.366551399230957 0.2601146399974823 1.3874995708465576 
v 6.366551399230957 0.2601146399974823 1.0868639945983887 
v 6.166648864746094 0.46016356348991394 0.1882791966199875 
v 6.166648864746094 0.36035892367362976 0.1882791966199875 
v 6.166648864746094 0.46016356348991394 0.3875955641269684 
v 6.166648864746094 0.46016356348991394 0.4872538149356842 
v 6.166648864746094 0.36035892367362976 0.5869119763374329 
v 6.166648864746094 0.560407817363739 0.5869119763374329 
v 6.166648864746094 0.560407817363739 0.4872538149356842 
v 6.466599941253662 1.0603103637695312 0.08696000277996063 
v 6.466599941253662 0.9605056643486023 0.08696000277996063 
v 6.266697883605957 1.0603103637695312 0.08696000277996063 
v 6.366551399230957 0.9605056643486023 0.08696000277996063 
v 6.266697883605957 0.9605056643486023 0.08696000277996063 
v 6.266697883605957 0.8602613806724548 -1.0126020908355713 
v 6.266697883605957 0.8602613806724548 -2.813093662261963 
v 6.266697883605957 0.9605056643486023 -1.0126020908355713 
v 6.266697883605957 0.9605056643486023 -2.813093662261963 
v 6.266697883605957 1.0603103637695312 -1.0126020908355713 
v 6.266697883605957 0.9605056643486023 -3.0124101638793945 
v 6.266697883605957 1.0603103637695312 -3.0124101638793945 
v 6.166648864746094 0.560407817363739 0.1882791966199875 
v 6.166648864746094 0.46016356348991394 0.08696000277996063 
v 6.166648864746094 0.6602124571800232 0.08696000277996063 
v 6.166648864746094 0.6602124571800232 0.4872538149356842 
v 6.166648864746094 0.560407817363739 0.3875955641269684 
v 6.0665998458862305 0.2601146399974823 1.0868639945983887 
v 6.0665998458862305 1.0603103637695312 -0.512650191783905 
v 6.166648864746094 1.0603103637695312 -3.0124101638793945 
v 6.166648864746094 1.0603103637695312 -1.0126020908355713 
v 6.166648864746094 1.1601150035858154 -1.0126020908355713 
v 6.266697883605957 1.1601150035858154 -3.0124101638793945 
v 6.366551399230957 0.2601146399974823 1.0868639945983887 
v 6.366551399230957 0.46016356348991394 0.6882311701774597 
v 6.266697883605957 0.6602124571800232 0.4872538149356842 
v 6.266697883605957 0.8602613806724548 -0.9129440188407898 
v 6.166648864746094 1.0603103637695312 -0.512650191783905 
vn -0.999997615814209 -2.0682260971124217e-13 0.002184694167226553 
vn -0.999997615814209 -2.0682260971124217e-13 0.002184694167226553 
vn -0.999997615814209 -2.0682260971124217e-13 0.002184694167226553 
vn -0.999997615814209 -2.0682260971124217e-13 0.002184694167226553 
vn -0.999997615814209 -2.0682260971124217e-13 0.002184694167226553 
vn -0.999997615814209 -2.0682260971124217e-13 0.002184694167226553 
vn -0.999997615814209 -2.0682260971124217e-13 0.002184694167226553 
vn -0.999997615814209 -2.0682260971124217e-13 0.002184694167226553 
vn -0.999997615814209 -2.0682260971124217e-13 0.002184694167226553 
vn -0.999997615814209 -2.0682260971124217e-13 0.002184694167226553 
vn -0.999997615814209 -2.0682260971124217e-13 0.002184694167226553 
vn -0.999997615814209 -2.0682260971124217e-13 0.002184694167226553 
vn -0.999997615814209 -2.0682260971124217e-13 0.002184694167226553 
vn -0.999997615814209 -2.0682260971124217e-13 0.002184694167226553 
vn -0.999997615814209 -2.0682260971124217e-13 0.002184694167226553 
vn -0.999997615814209 -2.0682260971124217e-13 0.002184694167226553 
vn -0.999997615814209 -2.0682260971124217e-13 0.002184694167226553 
vn -0.999997615814209 -2.0682260971124217e-13 0.002184694167226553 
vn -0.999997615814209 -2.0682260971124217e-13 0.002184694167226553 
vn -0.999997615814209 -2.0682260971124217e-13 0.002184694167226553 
vn -0.999997615814209 -2.0682260971124217e-13 0.002184694167226553 
vn -0.999997615814209 -2.0682260971124217e-13 0.002184694167226553 
vn -0.999997615814209 -2.0682260971124217e-13 0.002184694167226553 
vn -0.999997615814209 -2.0682260971124217e-13 0.002184694167226553 
vn -0.999997615814209 -2.0682260971124217e-13 0.002184694167226553 
vn -0.999997615814209 -2.0682260971124217e-13 0.002184694167226553 
vn -0.999997615814209 -2.0682260971124217e-13 0.002184694167226553 
vn -0.999997615814209 -2.0682260971124217e-13 0.002184694167226553 
vn -0.999997615814209 -2.0682260971124217e-13 0.002184694167226553 
vn -0.999997615814209 -2.0682260971124217e-13 0.002184694167226553 
vn -0.999997615814209 -2.0682260971124217e-13 0.002184694167226553 
vn 3.097898456858039e-13 -0.999997615814209 0.002184694167226553 
vn 3.097898456858039e-13 -0.999997615814209 0.002184694167226553 
vn 3.097898456858039e-13 -0.999997615814209 0.002184694167226553 
vn 3.097898456858039e-13 -0.999997615814209 0.002184694167226553 
vn -1.0341130485562108e-13 0.999997615814209 0.002184694167226553 
vn -1.0341130485562108e-13 0.999997615814209 0.002184694167226553 
vn -1.0341130485562108e-13 0.999997615814209 0.002184694167226553 
vn -1.0341130485562108e-13 0.999997615814209 0.002184694167226553 
vn -1.0341130485562108e-13 0.999997615814209 0.002184694167226553 
vn -1.0341130485562108e-13 0.999997615814209 0.002184694167226553 
vn -1.0341130485562108e-13 0.999997615814209 0.002184694167226553 
vn -1.0341130485562108e-13 0.999997615814209 0.002184694167226553 
vn -1.0341130485562108e-13 0.999997615814209 0.002184694167226553 
vn -1.0341130485562108e-13 0.999997615814209 0.002184694167226553 
vn -1.0341130485562108e-13 0.999997615814209 0.002184694167226553 
vn -1.0341130485562108e-13 0.999997615814209 0.002184694167226553 
vn 3.097898456858039e-13 -0.999997615814209 0.002184694167226553 
vn 3.097898456858039e-13 -0.999997615814209 0.002184694167226553 
vn 3.097898456858039e-13 -0.999997615814209 0.002184694167226553 
vn 3.097898456858039e-13 -0.999997615814209 0.002184694167226553 
vn 3.097898456858039e-13 -0.999997615814209 0.002184694167226553 
vn 3.097898456858039e-13 -0.999997615814209 0.002184694167226553 
vn 3.097898456858039e-13 -0.999997615814209 0.002184694167226553 
vn 3.097898456858039e-13 -0.999997615814209 0.002184694167226553 
vn 3.097898456858039e-13 -0.999997615814209 0.002184694167226553 
vn 3.097898456858039e-13 -0.999997615814209 0.002184694167226553 
vn 3.097898456858039e-13 -0.999997615814209 0.002184694167226553 
vn -1.0341130485562108e-13 0.999997615814209 0.002184694167226553 
vn -1.0341130485562108e-13 0.999997615814209 0.002184694167226553 
vn -1.0341130485562108e-13 0.999997615814209 0.002184694167226553 
vn -1.0341130485562108e-13 0.999997615814209 0.002184694167226553 
vn -1.0341130485562108e-13 0.999997615814209 0.002184694167226553 
vn -1.0341130485562108e-13 0.999997615814209 0.002184694167226553 
vn -1.0341130485562108e-13 0.999997615814209 0.002184694167226553 
vn -1.0341130485562108e-13 0.999997615814209 0.002184694167226553 
vn -1.0341130485562108e-13 0.999997615814209 0.002184694167226553 
vn -1.0341130485562108e-13 0.999997615814209 0.002184694167226553 
vn -1.0341130485562108e-13 0.999997615814209 0.002184694167226553 
vn -1.0341130485562108e-13 0.999997615814209 0.002184694167226553 
vn -0.999997615814209 -2.0682260971124217e-13 0.002184694167226553 
vn -0.999997615814209 -2.0682260971124217e-13 0.002184694167226553 
vn -0.999997615814209 -2.0682260971124217e-13 0.002184694167226553 
vn -0.999997615814209 -2.0682260971124217e-13 0.002184694167226553 
vn 3.097898456858039e-13 -0.999997615814209 0.002184694167226553 
vn 3.097898456858039e-13 -0.999997615814209 0.002184694167226553 
vn 3.097898456858039e-13 -0.999997615814209 0.002184694167226553 
vn 3.097898456858039e-13 -0.999997615814209 0.002184694167226553 
vn -1.0341130485562108e-13 0.999997615814209 0.002184694167226553 
vn -1.0341130485562108e-13 0.999997615814209 0.002184694167226553 
vn -1.0341130485562108e-13 0.999997615814209 0.002184694167226553 
vn -1.0341130485562108e-13 0.999997615814209 0.002184694167226553 
vn -1.0341130485562108e-13 0.999997615814209 0.002184694167226553 
vn -1.0341130485562108e-13 0.999997615814209 0.002184694167226553 
vn -1.0341130485562108e-13 0.999997615814209 0.002184694167226553 
vn -1.0341130485562108e-13 0.999997615814209 0.002184694167226553 
vn 3.097898456858039e-13 -0.999997615814209 0.002184694167226553 
vn 3.097898456858039e-13 -0.999997615814209 0.002184694167226553 
vn 3.097898456858039e-13 -0.999997615814209 0.002184694167226553 
vn 3.097898456858039e-13 -0.999997615814209 0.002184694167226553 
vn 3.097898456858039e-13 -0.999997615814209 0.002184694167226553 
vn 3.097898456858039e-13 -0.999997615814209 0.002184694167226553 
vn 3.097898456858039e-13 -0.999997615814209 0.002184694167226553 
vn 3.097898456858039e-13 -0.999997615814209 0.002184694167226553 
vn 3.097898456858039e-13 -0.999997615814209 0.002184694167226553 
vn 3.097898456858039e-13 -0.999997615814209 0.002184694167226553 
vn 3.097898456858039e-13 -0.999997615814209 0.002184694167226553 
vn 3.097898456858039e-13 -0.999997615814209 0.002184694167226553 
vn -0.999997615814209 -2.0682260971124217e-13 0.002184694167226553 
vn -0.999997615814209 -2.0682260971124217e-13 0.002184694167226553 
vn -0.999997615814209 -2.0682260971124217e-13 0.002184694167226553 
vn -0.999997615814209 -2.0682260971124217e-13 0.002184694167226553 
vn -0.999997615814209 -2.0682260971124217e-13 0.002184694167226553 
vn -0.999997615814209 -2.0682260971124217e-13 0.002184694167226553 
vn -0.999997615814209 -2.0682260971124217e-13 0.002184694167226553 
vn -0.999997615814209 -2.0682260971124217e-13 0.002184694167226553 
vn 3.097898456858039e-13 -0.999997615814209 0.002184694167226553 
vn 3.097898456858039e-13 -0.999997615814209 0.002184694167226553 
vn 3.097898456858039e-13 -0.999997615814209 0.002184694167226553 
vn 3.097898456858039e-13 -0.999997615814209 0.002184694167226553 
vn 3.097898456858039e-13 -0.999997615814209 0.002184694167226553 
vn 3.097898456858039e-13 -0.999997615814209 0.002184694167226553 
vn 3.097898456858039e-13 -0.999997615814209 0.002184694167226553 
vn 3.097898456858039e-13 -0.999997615814209 0.002184694167226553 
vn -1.0341130485562108e-13 0.999997615814209 0.002184694167226553 
vn -1.0341130485562108e-13 0.999997615814209 0.002184694167226553 
vn -1.0341130485562108e-13 0.999997615814209 0.002184694167226553 
vn -1.0341130485562108e-13 0.999997615814209 0.002184694167226553 
vn -1.0341130485562108e-13 0.999997615814209 0.002184694167226553 
vn -1.0341130485562108e-13 0.999997615814209 0.002184694167226553 
vn -0.999997615814209 -2.0682260971124217e-13 0.002184694167226553 
vn -0.999997615814209 -2.0682260971124217e-13 0.002184694167226553 
vn -0.999997615814209 -2.0682260971124217e-13 0.002184694167226553 
vn -0.999997615814209 -2.0682260971124217e-13 0.002184694167226553 
vn 0.999997615814209 0 0.002184694167226553 
vn 0.999997615814209 0 0.002184694167226553 
vn 0.999997615814209 0 0.002184694167226553 
vn 0.999997615814209 0 0.002184694167226553 
vn 0.999997615814209 0 0.002184694167226553 
vn 0.999997615814209 0 0.002184694167226553 
vn 0.999997615814209 0 0.002184694167226553 
vn 0.999997615814209 0 0.002184694167226553 
vn 0.999997615814209 0 0.002184694167226553 
vn 0.999997615814209 0 0.002184694167226553 
vn 0.999997615814209 0 0.002184694167226553 
vn 0.999997615814209 0 0.002184694167226553 
vn 0.999997615814209 0 0.002184694167226553 
vn 0.999997615814209 0 0.002184694167226553 
vn 0.999997615814209 0 0.002184694167226553 
vn 0.999997615814209 0 0.002184694167226553 
vn 0.999997615814209 0 0.002184694167226553 
vn 0.999997615814209 0 0.002184694167226553 
vn 0.999997615814209 0 0.002184694167226553 
vn 0.999997615814209 0 0.002184694167226553 
vn 0.999997615814209 0 0.002184694167226553 
vn 0.999997615814209 0 0.002184694167226553 
vn 0.999997615814209 0 0.002184694167226553 
vn 0.999997615814209 0 0.002184694167226553 
vn 0.999997615814209 0 0.002184694167226553 
vn 0.999997615814209 0 0.002184694167226553 
vn -1.0341130485562108e-13 0.999997615814209 0.002184694167226553 
vn -1.0341130485562108e-13 0.999997615814209 0.002184694167226553 
vn -1.0341130485562108e-13 0.999997615814209 0.002184694167226553 
vn -1.0341130485562108e-13 0.999997615814209 0.002184694167226553 
vn 3.097898456858039e-13 -0.999997615814209 0.002184694167226553 
vn 3.097898456858039e-13 -0.999997615814209 0.002184694167226553 
vn 3.097898456858039e-13 -0.999997615814209 0.002184694167226553 
vn 3.097898456858039e-13 -0.999997615814209 0.002184694167226553 
vn 3.097898456858039e-13 -0.999997615814209 0.002184694167226553 
vn 3.097898456858039e-13 -0.999997615814209 0.002184694167226553 
vn 3.097898456858039e-13 -0.999997615814209 0.002184694167226553 
vn 3.097898456858039e-13 -0.999997615814209 0.002184694167226553 
vn -2.0682311115474694e-13 0 -1 
vn -2.0682311115474694e-13 0 -1 
vn -2.0682311115474694e-13 0 -1 
vn -2.0682311115474694e-13 0 -1 
vn -2.0682311115474694e-13 0 -1 
vn -2.0682311115474694e-13 0 -1 
vn -2.0682311115474694e-13 0 -1 
vn -2.0682311115474694e-13 0 -1 
vn -2.0682311115474694e-13 0 -1 
vn -2.0682311115474694e-13 0 -1 
vn -2.0682311115474694e-13 0 -1 
vn -2.0682311115474694e-13 0 -1 
vn -2.0682311115474694e-13 0 -1 
vn -2.0682311115474694e-13 0 -1 
vn -2.0682311115474694e-13 0 -1 
vn -2.0682311115474694e-13 0 -1 
vn -2.0682311115474694e-13 0 -1 
vn -2.0682311115474694e-13 0 -1 
vn -2.0682311115474694e-13 0 -1 
vn -2.0682311115474694e-13 0 -1 
vn 3.097898456858039e-13 -0.999997615814209 0.002184694167226553 
vn 3.097898456858039e-13 -0.999997615814209 0.002184694167226553 
vn 3.097898456858039e-13 -0.999997615814209 0.002184694167226553 
vn 3.097898456858039e-13 -0.999997615814209 0.002184694167226553 
vn -2.0682311115474694e-13 0 -1 
vn -2.0682311115474694e-13 0 -1 
vn -2.0682311115474694e-13 0 -1 
vn -2.0682311115474694e-13 0 -1 
vn 3.097898456858039e-13 -0.999997615814209 0.002184694167226553 
vn 3.097898456858039e-13 -0.999997615814209 0.002184694167226553 
vn 3.097898456858039e-13 -0.999997615814209 0.002184694167226553 
vn 3.097898456858039e-13 -0.999997615814209 0.002184694167226553 
vn -2.0682311115474694e-13 0 -1 
vn -2.0682311115474694e-13 0 -1 
vn -2.0682311115474694e-13 0 -1 
vn -2.0682311115474694e-13 0 -1 
vn 3.097898456858039e-13 -0.999997615814209 0.002184694167226553 
vn 3.097898456858039e-13 -0.999997615814209 0.002184694167226553 
vn 3.097898456858039e-13 -0.999997615814209 0.002184694167226553 
vn 3.097898456858039e-13 -0.999997615814209 0.002184694167226553 
vn -1.0341130485562108e-13 0.999997615814209 0.002184694167226553 
vn -1.0341130485562108e-13 0.999997615814209 0.002184694167226553 
vn -1.0341130485562108e-13 0.999997615814209 0.002184694167226553 
vn -1.0341130485562108e-13 0.999997615814209 0.002184694167226553 
vn -1.0341130485562108e-13 0.999997615814209 0.002184694167226553 
vn -1.0341130485562108e-13 0.999997615814209 0.002184694167226553 
vn -1.0341130485562108e-13 0.999997615814209 0.002184694167226553 
vn -1.0341130485562108e-13 0.999997615814209 0.002184694167226553 
vn -2.0682311115474694e-13 0 -1 
vn -2.0682311115474694e-13 0 -1 
vn -2.0682311115474694e-13 0 -1 
vn -2.0682311115474694e-13 0 -1 
vn -2.0682311115474694e-13 0 -1 
vn -2.0682311115474694e-13 0 -1 
vn -2.0682311115474694e-13 0 -1 
vn -2.0682311115474694e-13 0 -1 
vn -1.0341130485562108e-13 0.999997615814209 0.002184694167226553 
vn -1.0341130485562108e-13 0.999997615814209 0.002184694167226553 
vn -1.0341130485562108e-13 0.999997615814209 0.002184694167226553 
vn -1.0341130485562108e-13 0.999997615814209 0.002184694167226553 
vn 0.999997615814209 0 0.002184694167226553 
vn 0.999997615814209 0 0.002184694167226553 
vn 0.999997615814209 0 0.002184694167226553 
vn 0.999997615814209 0 0.002184694167226553 
vn -2.0682311115474694e-13 0 -1 
vn -2.0682311115474694e-13 0 -1 
vn -2.0682311115474694e-13 0 -1 
vn -2.0682311115474694e-13 0 -1 
vn -1.0341130485562108e-13 0.999997615814209 0.002184694167226553 
vn -1.0341130485562108e-13 0.999997615814209 0.002184694167226553 
vn -1.0341130485562108e-13 0.999997615814209 0.002184694167226553 
vn -1.0341130485562108e-13 0.999997615814209 0.002184694167226553 
vn -2.0682311115474694e-13 0 -1 
vn -2.0682311115474694e-13 0 -1 
vn -2.0682311115474694e-13 0 -1 
vn -2.0682311115474694e-13 0 -1 
vn -2.0682311115474694e-13 0 -1 
vn -2.0682311115474694e-13 0 -1 
vn -2.0682311115474694e-13 0 -1 
vn -2.0682311115474694e-13 0 -1 
vn -2.0682311115474694e-13 0 -1 
vn -2.0682311115474694e-13 0 -1 
vn -2.0682311115474694e-13 0 -1 
vn -2.0682311115474694e-13 0 -1 
vn 0 0 1 
vn 0 0 1 
vn 0 0 1 
vn 0 0 1 
vn 0 0 1 
vn 0 0 1 
vn 0 0 1 
vn 0 0 1 
vn 0.999997615814209 0 0.002184694167226553 
vn 0.999997615814209 0 0.002184694167226553 
vn 0.999997615814209 0 0.002184694167226553 
vn 0.999997615814209 0 0.002184694167226553 
vn 0.999997615814209 0 0.002184694167226553 
vn 0.999997615814209 0 0.002184694167226553 
vn 0 0 1 
vn 0 0 1 
vn 0 0 1 
vn 0 0 1 
vn 0 0 1 
vn 0 0 1 
vn 0 0 1 
vn 0 0 1 
vn 0 0 1 
vn 0 0 1 
vn 0 0 1 
vn 0 0 1 
vn 0 0 1 
vn 0 0 1 
vn 0 0 1 
vn 0 0 1 
vn 0 0 1 
vn 0 0 1 
vn 0 0 1 
vn 0 0 1 
vn 0 0 1 
vn 0 0 1 
vn 0 0 1 
vn 0 0 1 
vn 0 0 1 
vn 0 0 1 
vn 0.999997615814209 0 0.002184694167226553 
vn 0.999997615814209 0 0.002184694167226553 
vn 0.999997615814209 0 0.002184694167226553 
vn 0.999997615814209 0 0.002184694167226553 
vn -1.0341130485562108e-13 0.999997615814209 0.002184694167226553 
vn -1.0341130485562108e-13 0.999997615814209 0.002184694167226553 
vn -1.0341130485562108e-13 0.999997615814209 0.002184694167226553 
vn -1.0341130485562108e-13 0.999997615814209 0.002184694167226553 
vn -1.0341130485562108e-13 0.999997615814209 0.002184694167226553 
vn 0 0 1 
vn 0 0 1 
vn 0 0 1 
vn 0 0 1 
vn 0 0 1 
vn 0 0 1 
vn 0 0 1 
vn 0 0 1 
vn 0 0 1 
vn 0 0 1 
vn 0 0 1 
vn 0 0 1 
vn 0.999997615814209 0 0.002184694167226553 
vn 0.999997615814209 0 0.002184694167226553 
vn 0.999997615814209 0 0.002184694167226553 
vn 0.999997615814209 0 0.002184694167226553 
vn 0.999997615814209 0 0.002184694167226553 
vn 0.999997615814209 0 0.002184694167226553 
vn 0.999997615814209 0 0.002184694167226553 
vn 0.999997615814209 0 0.002184694167226553 
vn 0.999997615814209 0 0.002184694167226553 
vn 0.999997615814209 0 0.002184694167226553 
vn -0.999997615814209 -2.0682260971124217e-13 0.002184694167226553 
vn -0.999997615814209 -2.0682260971124217e-13 0.002184694167226553 
vn -0.999997615814209 -2.0682260971124217e-13 0.002184694167226553 
vn -0.999997615814209 -2.0682260971124217e-13 0.002184694167226553 
vn -1.0341130485562108e-13 0.999997615814209 0.002184694167226553 
vn -1.0341130485562108e-13 0.999997615814209 0.002184694167226553 
vn -1.0341130485562108e-13 0.999997615814209 0.002184694167226553 
vn -1.0341130485562108e-13 0.999997615814209 0.002184694167226553 
vn -1.0341130485562108e-13 0.999997615814209 0.002184694167226553 
vn -1.0341130485562108e-13 0.999997615814209 0.002184694167226553 
vn -1.0341130485562108e-13 0.999997615814209 0.002184694167226553 
vn -1.0341130485562108e-13 0.999997615814209 0.002184694167226553 
vn -0.999997615814209 -2.0682260971124217e-13 0.002184694167226553 
vn -0.999997615814209 -2.0682260971124217e-13 0.002184694167226553 
vn -0.999997615814209 -2.0682260971124217e-13 0.002184694167226553 
vn -0.999997615814209 -2.0682260971124217e-13 0.002184694167226553 
vn 3.097898456858039e-13 -0.999997615814209 0.002184694167226553 
vn 3.097898456858039e-13 -0.999997615814209 0.002184694167226553 
vn 3.097898456858039e-13 -0.999997615814209 0.002184694167226553 
vn 3.097898456858039e-13 -0.999997615814209 0.002184694167226553 
vn 3.097898456858039e-13 -0.999997615814209 0.002184694167226553 
vn 3.097898456858039e-13 -0.999997615814209 0.002184694167226553 
vn 3.097898456858039e-13 -0.999997615814209 0.002184694167226553 
vn 3.097898456858039e-13 -0.999997615814209 0.002184694167226553 
vn 3.097898456858039e-13 -0.999997615814209 0.002184694167226553 
vn 3.097898456858039e-13 -0.999997615814209 0.002184694167226553 
vn 3.097898456858039e-13 -0.999997615814209 0.002184694167226553 
vn 3.097898456858039e-13 -0.999997615814209 0.002184694167226553 
vn 3.097898456858039e-13 -0.999997615814209 0.002184694167226553 
vn 3.097898456858039e-13 -0.999997615814209 0.002184694167226553 
vn 3.097898456858039e-13 -0.999997615814209 0.002184694167226553 
vn 0.999997615814209 0 0.002184694167226553 
vn 0.999997615814209 0 0.002184694167226553 
vn 0.999997615814209 0 0.002184694167226553 
vn 0.999997615814209 0 0.002184694167226553 
vn 0.999997615814209 0 0.002184694167226553 
vn 0.999997615814209 0 0.002184694167226553 
vn 0.999997615814209 0 0.002184694167226553 
vn 0.999997615814209 0 0.002184694167226553 
vn 0.999997615814209 0 0.002184694167226553 
vn 0.999997615814209 0 0.002184694167226553 
vn 0.999997615814209 0 0.002184694167226553 
vn 0.999997615814209 0 0.002184694167226553 
vn 0.999997615814209 0 0.002184694167226553 
vn 0.999997615814209 0 0.002184694167226553 
vn 0.999997615814209 0 0.002184694167226553 
vn 0.999997615814209 0 0.002184694167226553 
vn 0.999997615814209 0 0.002184694167226553 
vn 0.999997615814209 0 0.002184694167226553 
vn 0.999997615814209 0 0.002184694167226553 
vn 0.999997615814209 0 0.002184694167226553 
vn 0.999997615814209 0 0.002184694167226553 
vn 0.999997615814209 0 0.002184694167226553 
vn 0.999997615814209 0 0.002184694167226553 
vn 0.999997615814209 0 0.002184694167226553 
vn 0.999997615814209 0 0.002184694167226553 
vn -0.999997615814209 -2.0682260971124217e-13 0.002184694167226553 
vn -0.999997615814209 -2.0682260971124217e-13 0.002184694167226553 
vn -0.999997615814209 -2.0682260971124217e-13 0.002184694167226553 
vn -0.999997615814209 -2.0682260971124217e-13 0.002184694167226553 
vn -0.999997615814209 -2.0682260971124217e-13 0.002184694167226553 
vn -0.999997615814209 -2.0682260971124217e-13 0.002184694167226553 
vn -2.0682311115474694e-13 0 -1 
vn -2.0682311115474694e-13 0 -1 
vn -2.0682311115474694e-13 0 -1 
vn -2.0682311115474694e-13 0 -1 
vn -1.0341130485562108e-13 0.999997615814209 0.002184694167226553 
vn -1.0341130485562108e-13 0.999997615814209 0.002184694167226553 
vn -1.0341130485562108e-13 0.999997615814209 0.002184694167226553 
vn -1.0341130485562108e-13 0.999997615814209 0.002184694167226553 
vn 0.999997615814209 0 0.002184694167226553 
vn 0.999997615814209 0 0.002184694167226553 
vn 0.999997615814209 0 0.002184694167226553 
vn 0.999997615814209 0 0.002184694167226553 
vn 0.999997615814209 0 0.002184694167226553 
vn 0.999997615814209 0 0.002184694167226553 
vn 0.999997615814209 0 0.002184694167226553 
vn 0.999997615814209 0 0.002184694167226553 
vn -1.0341130485562108e-13 0.999997615814209 0.002184694167226553 
vn -1.0341130485562108e-13 0.999997615814209 0.002184694167226553 
vn -1.0341130485562108e-13 0.999997615814209 0.002184694167226553 
vn -1.0341130485562108e-13 0.999997615814209 0.002184694167226553 
vn -0.999997615814209 -2.0682260971124217e-13 0.002184694167226553 
vn -0.999997615814209 -2.0682260971124217e-13 0.002184694167226553 
vn -0.999997615814209 -2.0682260971124217e-13 0.002184694167226553 
vn -0.999997615814209 -2.0682260971124217e-13 0.002184694167226553 
vn 0.999997615814209 0 0.002184694167226553 
vn 0.999997615814209 0 0.002184694167226553 
vn 0.999997615814209 0 0.002184694167226553 
vn 0.999997615814209 0 0.002184694167226553 
vn 0.999997615814209 0 0.002184694167226553 
vn 0.999997615814209 0 0.002184694167226553 
vn 0.999997615814209 0 0.002184694167226553 
vn 0.999997615814209 0 0.002184694167226553 
vn 0.999997615814209 0 0.002184694167226553 
vn 0.999997615814209 0 0.002184694167226553 
vn 0.999997615814209 0 0.002184694167226553 
vn -2.0682311115474694e-13 0 -1 
vn -2.0682311115474694e-13 0 -1 
vn -2.0682311115474694e-13 0 -1 
vn -2.0682311115474694e-13 0 -1 
vn -2.0682311115474694e-13 0 -1 
vn -2.0682311115474694e-13 0 -1 
vn -2.0682311115474694e-13 0 -1 
vn -2.0682311115474694e-13 0 -1 
vn 3.097898456858039e-13 -0.999997615814209 0.002184694167226553 
vn 3.097898456858039e-13 -0.999997615814209 0.002184694167226553 
vn 3.097898456858039e-13 -0.999997615814209 0.002184694167226553 
vn 3.097898456858039e-13 -0.999997615814209 0.002184694167226553 
vn 3.097898456858039e-13 -0.999997615814209 0.002184694167226553 
vn 3.097898456858039e-13 -0.999997615814209 0.002184694167226553 
vn 3.097898456858039e-13 -0.999997615814209 0.002184694167226553 
vn 3.097898456858039e-13 -0.999997615814209 0.002184694167226553 
vn -0.999997615814209 -2.0682260971124217e-13 0.002184694167226553 
vn -0.999997615814209 -2.0682260971124217e-13 0.002184694167226553 
vn -0.999997615814209 -2.0682260971124217e-13 0.002184694167226553 
vn -0.999997615814209 -2.0682260971124217e-13 0.002184694167226553 
vn 3.097898456858039e-13 -0.999997615814209 0.002184694167226553 
vn 3.097898456858039e-13 -0.999997615814209 0.002184694167226553 
vn 3.097898456858039e-13 -0.999997615814209 0.002184694167226553 
vn 3.097898456858039e-13 -0.999997615814209 0.002184694167226553 
vn 3.097898456858039e-13 -0.999997615814209 0.002184694167226553 
vn 3.097898456858039e-13 -0.999997615814209 0.002184694167226553 
vn -2.0682311115474694e-13 0 -1 
vn -2.0682311115474694e-13 0 -1 
vn -2.0682311115474694e-13 0 -1 
vn -2.0682311115474694e-13 0 -1 
vn -0.999997615814209 -2.0682260971124217e-13 0.002184694167226553 
vn -0.999997615814209 -2.0682260971124217e-13 0.002184694167226553 
vn -0.999997615814209 -2.0682260971124217e-13 0.002184694167226553 
vn -0.999997615814209 -2.0682260971124217e-13 0.002184694167226553 
vn -0.999997615814209 -2.0682260971124217e-13 0.002184694167226553 
vn -0.999997615814209 -2.0682260971124217e-13 0.002184694167226553 
vn -0.999997615814209 -2.0682260971124217e-13 0.002184694167226553 
vn -0.999997615814209 -2.0682260971124217e-13 0.002184694167226553 
vn 0.999997615814209 0 0.002184694167226553 
vn 0.999997615814209 0 0.002184694167226553 
vn 0.999997615814209 0 0.002184694167226553 
vn 0.999997615814209 0 0.002184694167226553 
vn -0.999997615814209 -2.0682260971124217e-13 0.002184694167226553 
vn -0.999997615814209 -2.0682260971124217e-13 0.002184694167226553 
vn -0.999997615814209 -2.0682260971124217e-13 0.002184694167226553 
vn 0 0 1 
vn 0 0 1 
vn 0 0 1 
vn 0 0 1 
vn -2.0682311115474694e-13 0 -1 
vn -2.0682311115474694e-13 0 -1 
vn -2.0682311115474694e-13 0 -1 
vn -2.0682311115474694e-13 0 -1 
vn -2.0682311115474694e-13 0 -1 
vn -2.0682311115474694e-13 0 -1 
vn -2.0682311115474694e-13 0 -1 
vn -2.0682311115474694e-13 0 -1 
vn -2.0682311115474694e-13 0 -1 
vn -2.0682311115474694e-13 0 -1 
vn -2.0682311115474694e-13 0 -1 
vn -2.0682311115474694e-13 0 -1 
vn -1.0341130485562108e-13 0.999997615814209 0.002184694167226553 
vn -1.0341130485562108e-13 0.999997615814209 0.002184694167226553 
vn -1.0341130485562108e-13 0.999997615814209 0.002184694167226553 
vn -1.0341130485562108e-13 0.999997615814209 0.002184694167226553 
vn -1.0341130485562108e-13 0.999997615814209 0.002184694167226553 
vn -1.0341130485562108e-13 0.999997615814209 0.002184694167226553 
vn 0.999997615814209 0 0.002184694167226553 
vn 0.999997615814209 0 0.002184694167226553 
vn 0.999997615814209 0 0.002184694167226553 
vn 0.999997615814209 0 0.002184694167226553 
vn -2.0682311115474694e-13 0 -1 
vn -2.0682311115474694e-13 0 -1 
vn -2.0682311115474694e-13 0 -1 
vn -2.0682311115474694e-13 0 -1 
vn 3.097898456858039e-13 -0.999997615814209 0.002184694167226553 
vn 3.097898456858039e-13 -0.999997615814209 0.002184694167226553 
vn 3.097898456858039e-13 -0.999997615814209 0.002184694167226553 
vn 3.097898456858039e-13 -0.999997615814209 0.002184694167226553 
vn 3.097898456858039e-13 -0.999997615814209 0.002184694167226553 
vn 3.097898456858039e-13 -0.999997615814209 0.002184694167226553 
vn 3.097898456858039e-13 -0.999997615814209 0.002184694167226553 
vn 3.097898456858039e-13 -0.999997615814209 0.002184694167226553 
vn -0.999997615814209 -2.0682260971124217e-13 0.002184694167226553 
vn -0.999997615814209 -2.0682260971124217e-13 0.002184694167226553 
vn -0.999997615814209 -2.0682260971124217e-13 0.002184694167226553 
vn -0.999997615814209 -2.0682260971124217e-13 0.002184694167226553 
vn -0.999997615814209 -2.0682260971124217e-13 0.002184694167226553 
vn -0.999997615814209 -2.0682260971124217e-13 0.002184694167226553 
vn -0.999997615814209 -2.0682260971124217e-13 0.002184694167226553 
vn -2.0682311115474694e-13 0 -1 
vn -2.0682311115474694e-13 0 -1 
vn -2.0682311115474694e-13 0 -1 
vn -2.0682311115474694e-13 0 -1 
vn -2.0682311115474694e-13 0 -1 
vn 0.999997615814209 0 0.002184694167226553 
vn 0.999997615814209 0 0.002184694167226553 
vn 0.999997615814209 0 0.002184694167226553 
vn 0.999997615814209 0 0.002184694167226553 
vn 0.999997615814209 0 0.002184694167226553 
vn 0.999997615814209 0 0.002184694167226553 
vn 0.999997615814209 0 0.002184694167226553 
vn -0.999997615814209 -2.0682260971124217e-13 0.002184694167226553 
vn -0.999997615814209 -2.0682260971124217e-13 0.002184694167226553 
vn -0.999997615814209 -2.0682260971124217e-13 0.002184694167226553 
vn -0.999997615814209 -2.0682260971124217e-13 0.002184694167226553 
vn -0.999997615814209 -2.0682260971124217e-13 0.002184694167226553 
vn -0.999997615814209 -2.0682260971124217e-13 0.002184694167226553 
vn -0.999997615814209 -2.0682260971124217e-13 0.002184694167226553 
vn -0.999997615814209 -2.0682260971124217e-13 0.002184694167226553 
vn -0.999997615814209 -2.0682260971124217e-13 0.002184694167226553 
vn -0.999997615814209 -2.0682260971124217e-13 0.002184694167226553 
vn 0.999997615814209 0 0.002184694167226553 
vn 0.999997615814209 0 0.002184694167226553 
vn 0.999997615814209 0 0.002184694167226553 
vn 3.097898456858039e-13 -0.999997615814209 0.002184694167226553 
vn 3.097898456858039e-13 -0.999997615814209 0.002184694167226553 
vn -1.0341130485562108e-13 0.999997615814209 0.002184694167226553 
vt 0.36523398756980896 0.5 
vt 0.36523398756980896 0.5 
vt 0.36523398756980896 0.5 
vt 0.36523398756980896 0.5 
vt 0.36523398756980896 0.5 
vt 0.36523398756980896 0.5 
vt 0.36523398756980896 0.5 
vt 0.36523398756980896 0.5 
vt 0.36523398756980896 0.5 
vt 0.36523398756980896 0.5 
vt 0.36523398756980896 0.5 
vt 0.3692280352115631 0.5 
vt 0.3692280352115631 0.5 
vt 0.3692280352115631 0.5 
vt 0.3692280352115631 0.5 
vt 0.3692280352115631 0.5 
vt 0.3692280352115631 0.5 
vt 0.3692280352115631 0.5 
vt 0.3692280352115631 0.5 
vt 0.3692280352115631 0.5 
vt 0.3692280352115631 0.5 
vt 0.3692280352115631 0.5 
vt 0.3692280352115631 0.5 
vt 0.3692280352115631 0.5 
vt 0.3692280352115631 0.5 
vt 0.3692280352115631 0.5 
vt 0.3692280352115631 0.5 
vt 0.3692280352115631 0.5 
vt 0.3692280352115631 0.5 
vt 0.3692280352115631 0.5 
vt 0.3692280352115631 0.5 
vt 0.3692280352115631 0.5 
vt 0.3692280352115631 0.5 
vt 0.3692280352115631 0.5 
vt 0.3692280352115631 0.5 
vt 0.9941419959068298 0.5 
vt 0.9941419959068298 0.5 
vt 0.9941419959068298 0.5 
vt 0.9941419959068298 0.5 
vt 0.36523398756980896 0.5 
vt 0.36523398756980896 0.5 
vt 0.36523398756980896 0.5 
vt 0.36523398756980896 0.5 
vt 0.9941419959068298 0.5 
vt 0.9941419959068298 0.5 
vt 0.9941419959068298 0.5 
vt 0.9941419959068298 0.5 
vt 0.3692280352115631 0.5 
vt 0.3692280352115631 0.5 
vt 0.3692280352115631 0.5 
vt 0.3692280352115631 0.5 
vt 0.3692280352115631 0.5 
vt 0.3692280352115631 0.5 
vt 0.3692280352115631 0.5 
vt 0.9941419959068298 0.5 
vt 0.9941419959068298 0.5 
vt 0.9941419959068298 0.5 
vt 0.9941419959068298 0.5 
vt 0.3692280352115631 0.5 
vt 0.3692280352115631 0.5 
vt 0.3692280352115631 0.5 
vt 0.3692280352115631 0.5 
vt 0.3692280352115631 0.5 
vt 0.3692280352115631 0.5 
vt 0.3692280352115631 0.5 
vt 0.3692280352115631 0.5 
vt 0.3692280352115631 0.5 
vt 0.3692280352115631 0.5 
vt 0.3692280352115631 0.5 
vt 0.3692280352115631 0.5 
vt 0.36523398756980896 0.5 
vt 0.36523398756980896 0.5 
vt 0.36523398756980896 0.5 
vt 0.36523398756980896 0.5 
vt 0.9667981863021851 0.5 
vt 0.9667981863021851 0.5 
vt 0.9667981863021851 0.5 
vt 0.9667981863021851 0.5 
vt 0.36523398756980896 0.5 
vt 0.36523398756980896 0.5 
vt 0.36523398756980896 0.5 
vt 0.36523398756980896 0.5 
vt 0.9941419959068298 0.5 
vt 0.9941419959068298 0.5 
vt 0.9941419959068298 0.5 
vt 0.9941419959068298 0.5 
vt 0.3692280352115631 0.5 
vt 0.3692280352115631 0.5 
vt 0.3692280352115631 0.5 
vt 0.3692280352115631 0.5 
vt 0.3692280352115631 0.5 
vt 0.3692280352115631 0.5 
vt 0.3692280352115631 0.5 
vt 0.3692280352115631 0.5 
vt 0.3692280352115631 0.5 
vt 0.3692280352115631 0.5 
vt 0.3692280352115631 0.5 
vt 0.3692280352115631 0.5 
vt 0.9941419959068298 0.5 
vt 0.9941419959068298 0.5 
vt 0.9941419959068298 0.5 
vt 0.9941419959068298 0.5 
vt 0.9941419959068298 0.5 
vt 0.9941419959068298 0.5 
vt 0.9941419959068298 0.5 
vt 0.9941419959068298 0.5 
vt 0.9941419959068298 0.5 
vt 0.9941419959068298 0.5 
vt 0.9941419959068298 0.5 
vt 0.9941419959068298 0.5 
vt 0.9941419959068298 0.5 
vt 0.9941419959068298 0.5 
vt 0.9941419959068298 0.5 
vt 0.9941419959068298 0.5 
vt 0.36523398756980896 0.5 
vt 0.36523398756980896 0.5 
vt 0.36523398756980896 0.5 
vt 0.36523398756980896 0.5 
vt 0.36523398756980896 0.5 
vt 0.36523398756980896 0.5 
vt 0.9941419959068298 0.5 
vt 0.9941419959068298 0.5 
vt 0.9941419959068298 0.5 
vt 0.9941419959068298 0.5 
vt 0.3692280352115631 0.5 
vt 0.3692280352115631 0.5 
vt 0.3692280352115631 0.5 
vt 0.3692280352115631 0.5 
vt 0.3692280352115631 0.5 
vt 0.3692280352115631 0.5 
vt 0.3692280352115631 0.5 
vt 0.3692280352115631 0.5 
vt 0.3692280352115631 0.5 
vt 0.3692280352115631 0.5 
vt 0.3692280352115631 0.5 
vt 0.3692280352115631 0.5 
vt 0.3692280352115631 0.5 
vt 0.3692280352115631 0.5 
vt 0.3692280352115631 0.5 
vt 0.3692280352115631 0.5 
vt 0.3692280352115631 0.5 
vt 0.3692280352115631 0.5 
vt 0.3692280352115631 0.5 
vt 0.3692280352115631 0.5 
vt 0.3692280352115631 0.5 
vt 0.3692280352115631 0.5 
vt 0.3692280352115631 0.5 
vt 0.3692280352115631 0.5 
vt 0.3692280352115631 0.5 
vt 0.3692280352115631 0.5 
vt 0.3692280352115631 0.5 
vt 0.3692280352115631 0.5 
vt 0.3692280352115631 0.5 
vt 0.3692280352115631 0.5 
vt 0.36523398756980896 0.5 
vt 0.36523398756980896 0.5 
vt 0.36523398756980896 0.5 
vt 0.36523398756980896 0.5 
vt 0.36523398756980896 0.5 
vt 0.36523398756980896 0.5 
vt 0.36523398756980896 0.5 
vt 0.36523398756980896 0.5 
vt 0.36523398756980896 0.5 
vt 0.36523398756980896 0.5 
vt 0.36523398756980896 0.5 
vt 0.36523398756980896 0.5 
vt 0.3692280352115631 0.5 
vt 0.3692280352115631 0.5 
vt 0.3692280352115631 0.5 
vt 0.3692280352115631 0.5 
vt 0.9941419959068298 0.5 
vt 0.9941419959068298 0.5 
vt 0.9941419959068298 0.5 
vt 0.9941419959068298 0.5 
vt 0.3692280352115631 0.5 
vt 0.3692280352115631 0.5 
vt 0.3692280352115631 0.5 
vt 0.3692280352115631 0.5 
vt 0.3692280352115631 0.5 
vt 0.3692280352115631 0.5 
vt 0.3692280352115631 0.5 
vt 0.3692280352115631 0.5 
vt 0.36523398756980896 0.5 
vt 0.36523398756980896 0.5 
vt 0.36523398756980896 0.5 
vt 0.36523398756980896 0.5 
vt 0.3692280352115631 0.5 
vt 0.3692280352115631 0.5 
vt 0.3692280352115631 0.5 
vt 0.3692280352115631 0.5 
vt 0.36523398756980896 0.5 
vt 0.36523398756980896 0.5 
vt 0.36523398756980896 0.5 
vt 0.36523398756980896 0.5 
vt 0.9941419959068298 0.5 
vt 0.9941419959068298 0.5 
vt 0.9941419959068298 0.5 
vt 0.9941419959068298 0.5 
vt 0.3692280352115631 0.5 
vt 0.3692280352115631 0.5 
vt 0.3692280352115631 0.5 
vt 0.3692280352115631 0.5 
vt 0.36523398756980896 0.5 
vt 0.36523398756980896 0.5 
vt 0.36523398756980896 0.5 
vt 0.36523398756980896 0.5 
vt 0.9941419959068298 0.5 
vt 0.9941419959068298 0.5 
vt 0.9941419959068298 0.5 
vt 0.9941419959068298 0.5 
vt 0.9941419959068298 0.5 
vt 0.9941419959068298 0.5 
vt 0.9941419959068298 0.5 
vt 0.9941419959068298 0.5 
vt 0.3692280352115631 0.5 
vt 0.3692280352115631 0.5 
vt 0.3692280352115631 0.5 
vt 0.3692280352115631 0.5 
vt 0.3692280352115631 0.5 
vt 0.3692280352115631 0.5 
vt 0.3692280352115631 0.5 
vt 0.3692280352115631 0.5 
vt 0.9941419959068298 0.5 
vt 0.9941419959068298 0.5 
vt 0.9941419959068298 0.5 
vt 0.9941419959068298 0.5 
vt 0.36523398756980896 0.5 
vt 0.36523398756980896 0.5 
vt 0.36523398756980896 0.5 
vt 0.36523398756980896 0.5 
vt 0.3692280352115631 0.5 
vt 0.3692280352115631 0.5 
vt 0.3692280352115631 0.5 
vt 0.3692280352115631 0.5 
vt 0.36523398756980896 0.5 
vt 0.36523398756980896 0.5 
vt 0.36523398756980896 0.5 
vt 0.36523398756980896 0.5 
vt 0.36523398756980896 0.5 
vt 0.36523398756980896 0.5 
vt 0.36523398756980896 0.5 
vt 0.36523398756980896 0.5 
vt 0.36523398756980896 0.5 
vt 0.36523398756980896 0.5 
vt 0.36523398756980896 0.5 
vt 0.36523398756980896 0.5 
vt 0.9941419959068298 0.5 
vt 0.9941419959068298 0.5 
vt 0.9941419959068298 0.5 
vt 0.9941419959068298 0.5 
vt 0.3692280352115631 0.5 
vt 0.3692280352115631 0.5 
vt 0.3692280352115631 0.5 
vt 0.3692280352115631 0.5 
vt 0.9941419959068298 0.5 
vt 0.9941419959068298 0.5 
vt 0.9941419959068298 0.5 
vt 0.9941419959068298 0.5 
vt 0.9941419959068298 0.5 
vt 0.9941419959068298 0.5 
vt 0.9941419959068298 0.5 
vt 0.9941419959068298 0.5 
vt 0.9941419959068298 0.5 
vt 0.9941419959068298 0.5 
vt 0.9941419959068298 0.5 
vt 0.9941419959068298 0.5 
vt 0.9941419959068298 0.5 
vt 0.9941419959068298 0.5 
vt 0.9941419959068298 0.5 
vt 0.9941419959068298 0.5 
vt 0.9941419959068298 0.5 
vt 0.9941419959068298 0.5 
vt 0.36523398756980896 0.5 
vt 0.36523398756980896 0.5 
vt 0.36523398756980896 0.5 
vt 0.36523398756980896 0.5 
vt 0.36523398756980896 0.5 
vt 0.36523398756980896 0.5 
vt 0.36523398756980896 0.5 
vt 0.36523398756980896 0.5 
vt 0.36523398756980896 0.5 
vt 0.36523398756980896 0.5 
vt 0.36523398756980896 0.5 
vt 0.36523398756980896 0.5 
vt 0.36523398756980896 0.5 
vt 0.36523398756980896 0.5 
vt 0.9667981863021851 0.5 
vt 0.9667981863021851 0.5 
vt 0.9667981863021851 0.5 
vt 0.9667981863021851 0.5 
vt 0.9667981863021851 0.5 
vt 0.9667981863021851 0.5 
vt 0.9667981863021851 0.5 
vt 0.9667981863021851 0.5 
vt 0.9667981863021851 0.5 
vt 0.3692280352115631 0.5 
vt 0.3692280352115631 0.5 
vt 0.3692280352115631 0.5 
vt 0.3692280352115631 0.5 
vt 0.3692280352115631 0.5 
vt 0.3692280352115631 0.5 
vt 0.3692280352115631 0.5 
vt 0.3692280352115631 0.5 
vt 0.3692280352115631 0.5 
vt 0.3692280352115631 0.5 
vt 0.3692280352115631 0.5 
vt 0.3692280352115631 0.5 
vt 0.9667981863021851 0.5 
vt 0.9667981863021851 0.5 
vt 0.9667981863021851 0.5 
vt 0.9667981863021851 0.5 
vt 0.9941419959068298 0.5 
vt 0.9941419959068298 0.5 
vt 0.9941419959068298 0.5 
vt 0.9941419959068298 0.5 
vt 0.9941419959068298 0.5 
vt 0.9941419959068298 0.5 
vt 0.9667981863021851 0.5 
vt 0.9667981863021851 0.5 
vt 0.9667981863021851 0.5 
vt 0.9667981863021851 0.5 
vt 0.9941419959068298 0.5 
vt 0.9941419959068298 0.5 
vt 0.9941419959068298 0.5 
vt 0.9941419959068298 0.5 
vt 0.9941419959068298 0.5 
vt 0.9941419959068298 0.5 
vt 0.9941419959068298 0.5 
vt 0.9941419959068298 0.5 
vt 0.9941419959068298 0.5 
vt 0.9941419959068298 0.5 
vt 0.9941419959068298 0.5 
vt 0.9941419959068298 0.5 
vt 0.3692280352115631 0.5 
vt 0.3692280352115631 0.5 
vt 0.3692280352115631 0.5 
vt 0.3692280352115631 0.5 
vt 0.3692280352115631 0.5 
vt 0.3692280352115631 0.5 
vt 0.3692280352115631 0.5 
vt 0.3692280352115631 0.5 
vt 0.3692280352115631 0.5 
vt 0.3692280352115631 0.5 
vt 0.3692280352115631 0.5 
vt 0.9941419959068298 0.5 
vt 0.9941419959068298 0.5 
vt 0.9941419959068298 0.5 
vt 0.9941419959068298 0.5 
vt 0.36523398756980896 0.5 
vt 0.36523398756980896 0.5 
vt 0.36523398756980896 0.5 
vt 0.36523398756980896 0.5 
vt 0.36523398756980896 0.5 
vt 0.36523398756980896 0.5 
vt 0.36523398756980896 0.5 
vt 0.36523398756980896 0.5 
vt 0.36523398756980896 0.5 
vt 0.36523398756980896 0.5 
vt 0.9941419959068298 0.5 
vt 0.9941419959068298 0.5 
vt 0.9941419959068298 0.5 
vt 0.9941419959068298 0.5 
vt 0.9941419959068298 0.5 
vt 0.9941419959068298 0.5 
vt 0.9941419959068298 0.5 
vt 0.9941419959068298 0.5 
vt 0.9941419959068298 0.5 
vt 0.9941419959068298 0.5 
vt 0.9941419959068298 0.5 
vt 0.9941419959068298 0.5 
vt 0.9941419959068298 0.5 
vt 0.9941419959068298 0.5 
vt 0.9941419959068298 0.5 
vt 0.3692280352115631 0.5 
vt 0.3692280352115631 0.5 
vt 0.3692280352115631 0.5 
vt 0.3692280352115631 0.5 
vt 0.3692280352115631 0.5 
vt 0.3692280352115631 0.5 
vt 0.9667981863021851 0.5 
vt 0.9667981863021851 0.5 
vt 0.9667981863021851 0.5 
vt 0.9667981863021851 0.5 
vt 0.9941419959068298 0.5 
vt 0.9941419959068298 0.5 
vt 0.9941419959068298 0.5 
vt 0.9941419959068298 0.5 
vt 0.9941419959068298 0.5 
vt 0.9941419959068298 0.5 
vt 0.9941419959068298 0.5 
vt 0.9941419959068298 0.5 
vt 0.36523398756980896 0.5 
vt 0.36523398756980896 0.5 
vt 0.36523398756980896 0.5 
vt 0.36523398756980896 0.5 
vt 0.9941419959068298 0.5 
vt 0.9941419959068298 0.5 
vt 0.9941419959068298 0.5 
vt 0.9941419959068298 0.5 
vt 0.9941419959068298 0.5 
vt 0.9941419959068298 0.5 
vt 0.9941419959068298 0.5 
vt 0.9941419959068298 0.5 
vt 0.9667981863021851 0.5 
vt 0.9667981863021851 0.5 
vt 0.9667981863021851 0.5 
vt 0.9667981863021851 0.5 
vt 0.3692280352115631 0.5 
vt 0.3692280352115631 0.5 
vt 0.3692280352115631 0.5 
vt 0.3692280352115631 0.5 
vt 0.36523398756980896 0.5 
vt 0.36523398756980896 0.5 
vt 0.36523398756980896 0.5 
vt 0.3692280352115631 0.5 
vt 0.3692280352115631 0.5 
vt 0.3692280352115631 0.5 
vt 0.3692280352115631 0.5 
vt 0.3692280352115631 0.5 
vt 0.3692280352115631 0.5 
vt 0.3692280352115631 0.5 
vt 0.3692280352115631 0.5 
vt 0.9941419959068298 0.5 
vt 0.9941419959068298 0.5 
vt 0.9941419959068298 0.5 
vt 0.9941419959068298 0.5 
vt 0.3692280352115631 0.5 
vt 0.3692280352115631 0.5 
vt 0.3692280352115631 0.5 
vt 0.3692280352115631 0.5 
vt 0.9941419959068298 0.5 
vt 0.9941419959068298 0.5 
vt 0.9941419959068298 0.5 
vt 0.9941419959068298 0.5 
vt 0.36523398756980896 0.5 
vt 0.36523398756980896 0.5 
vt 0.36523398756980896 0.5 
vt 0.36523398756980896 0.5 
vt 0.36523398756980896 0.5 
vt 0.36523398756980896 0.5 
vt 0.9941419959068298 0.5 
vt 0.9941419959068298 0.5 
vt 0.9941419959068298 0.5 
vt 0.9941419959068298 0.5 
vt 0.36523398756980896 0.5 
vt 0.36523398756980896 0.5 
vt 0.36523398756980896 0.5 
vt 0.36523398756980896 0.5 
vt 0.3692280352115631 0.5 
vt 0.3692280352115631 0.5 
vt 0.3692280352115631 0.5 
vt 0.3692280352115631 0.5 
vt 0.36523398756980896 0.5 
vt 0.36523398756980896 0.5 
vt 0.36523398756980896 0.5 
vt 0.36523398756980896 0.5 
vt 0.36523398756980896 0.5 
vt 0.36523398756980896 0.5 
vt 0.36523398756980896 0.5 
vt 0.9667981863021851 0.5 
vt 0.9667981863021851 0.5 
vt 0.9667981863021851 0.5 
vt 0.9667981863021851 0.5 
vt 0.9941419959068298 0.5 
vt 0.9941419959068298 0.5 
vt 0.9941419959068298 0.5 
vt 0.9941419959068298 0.5 
vt 0.36523398756980896 0.5 
vt 0.36523398756980896 0.5 
vt 0.36523398756980896 0.5 
vt 0.36523398756980896 0.5 
vt 0.3692280352115631 0.5 
vt 0.3692280352115631 0.5 
vt 0.3692280352115631 0.5 
vt 0.3692280352115631 0.5 
vt 0.3692280352115631 0.5 
vt 0.3692280352115631 0.5 
vt 0.3692280352115631 0.5 
vt 0.3692280352115631 0.5 
vt 0.3692280352115631 0.5 
vt 0.3692280352115631 0.5 
vt 0.9941419959068298 0.5 
vt 0.9941419959068298 0.5 
vt 0.9941419959068298 0.5 
vt 0.9941419959068298 0.5 
vt 0.9941419959068298 0.5 
vt 0.9941419959068298 0.5 
vt 0.9941419959068298 0.5 
vt 0.9941419959068298 0.5 
vt 0.9941419959068298 0.5 
vt 0.9941419959068298 0.5 
vt 0.9941419959068298 0.5 
vt 0.9941419959068298 0.5 
vt 0.36523398756980896 0.5 
vt 0.36523398756980896 0.5 
vt 0.36523398756980896 0.5 
vt 0.36523398756980896 0.5 
vt 0.9941419959068298 0.5 
vt 0.9941419959068298 0.5 
vt 0.9941419959068298 0.5 
vt 0.9941419959068298 0.5 
vt 0.9941419959068298 0.5 
vt 0.9941419959068298 0.5 
vt 0.9941419959068298 0.5 
vt 0.9667981863021851 0.5 
vt 0.9667981863021851 0.5 
vt 0.9667981863021851 0.5 
vt 0.9667981863021851 0.5 
vt 0.9667981863021851 0.5 
vt 0.3692280352115631 0.5 
vt 0.3692280352115631 0.5 
vt 0.3692280352115631 0.5 
vt 0.3692280352115631 0.5 
vt 0.3692280352115631 0.5 
vt 0.3692280352115631 0.5 
vt 0.3692280352115631 0.5 
vt 0.9941419959068298 0.5 
vt 0.9941419959068298 0.5 
vt 0.9941419959068298 0.5 
vt 0.9941419959068298 0.5 
vt 0.9941419959068298 0.5 
vt 0.36523398756980896 0.5 
vt 0.3692280352115631 0.5 
vt 0.3692280352115631 0.5 
vt 0.36523398756980896 0.5 
vt 0.9941419959068298 0.5 
vt 0.36523398756980896 0.5 
vt 0.36523398756980896 0.5 
vt 0.36523398756980896 0.5 
vt 0.3692280352115631 0.5 
vt 0.3692280352115631 0.5 
vt 0.3692280352115631 0.5 
s on 
f 1/1/1 2/2/2 3/3/3 
f 2/2/2 4/4/4 3/3/3 
f 3/3/3 4/4/4 5/5/5 
f 4/4/4 6/6/6 5/5/5 
f 5/5/5 6/6/6 7/7/7 
f 6/6/6 7/7/7 7/7/7 
f 7/7/7 7/7/7 4/4/4 
f 7/7/7 4/4/4 4/4/4 
f 4/4/4 4/4/4 4/4/4 
f 4/4/4 8/8/8 4/4/4 
f 4/4/4 8/8/8 6/6/6 
f 8/8/8 9/9/9 6/6/6 
f 6/6/6 9/9/9 9/9/9 
f 9/9/9 8/8/8 9/9/9 
f 9/9/9 8/8/8 8/8/8 
f 8/8/8 4/4/4 8/8/8 
f 8/8/8 4/4/4 10/10/10 
f 4/4/4 11/11/11 10/10/10 
f 10/10/10 11/11/11 11/11/11 
f 11/11/11 12/12/12 11/11/11 
f 11/11/11 12/12/12 12/12/12 
f 12/12/12 13/13/13 12/12/12 
f 12/12/12 13/13/13 14/14/14 
f 13/13/13 15/15/15 14/14/14 
f 14/14/14 15/15/15 16/16/16 
f 15/15/15 17/17/17 16/16/16 
f 16/16/16 17/17/17 18/18/18 
f 17/17/17 19/19/19 18/18/18 
f 18/18/18 19/19/19 20/20/20 
f 19/19/19 20/20/20 20/20/20 
f 20/20/20 20/20/20 19/19/19 
f 20/20/20 19/19/19 19/19/19 
f 19/19/19 19/19/19 19/19/19 
f 19/19/19 17/17/17 19/19/19 
f 19/19/19 17/17/17 21/21/21 
f 17/17/17 22/22/22 21/21/21 
f 21/21/21 22/22/22 23/23/23 
f 22/22/22 24/24/24 23/23/23 
f 23/23/23 24/24/24 25/25/25 
f 24/24/24 26/26/26 25/25/25 
f 25/25/25 26/26/26 27/27/27 
f 26/26/26 28/28/28 27/27/27 
f 27/27/27 28/28/28 29/29/29 
f 28/28/28 29/29/29 29/29/29 
f 29/29/29 29/29/29 27/27/27 
f 29/29/29 27/27/27 27/27/27 
f 27/27/27 27/27/27 27/27/27 
f 27/27/27 29/29/29 27/27/27 
f 27/27/27 29/29/29 30/30/30 
f 29/29/29 31/31/31 30/30/30 
f 30/30/30 31/31/31 31/31/31 
f 31/31/31 32/32/32 31/31/31 
f 31/31/31 32/32/32 32/32/32 
f 32/32/32 33/33/33 32/32/32 
f 32/32/32 33/33/33 34/34/34 
f 33/33/33 35/35/35 34/34/34 
f 34/34/34 35/35/35 35/35/35 
f 35/35/35 36/36/36 35/35/35 
f 35/35/35 36/36/36 36/36/36 
f 36/36/36 37/37/37 36/36/36 
f 36/36/36 37/37/37 38/38/38 
f 37/37/37 39/39/39 38/38/38 
f 38/38/38 39/39/39 39/39/39 
f 39/39/39 40/40/40 39/39/39 
f 39/39/39 40/40/40 40/40/40 
f 40/40/40 41/41/41 40/40/40 
f 40/40/40 41/41/41 42/42/42 
f 41/41/41 43/43/43 42/42/42 
f 42/42/42 43/43/43 43/43/43 
f 43/43/43 44/44/44 43/43/43 
f 43/43/43 44/44/44 44/44/44 
f 44/44/44 45/45/45 44/44/44 
f 44/44/44 45/45/45 46/46/46 
f 45/45/45 47/47/47 46/46/46 
f 46/46/46 47/47/47 47/47/47 
f 47/47/47 48/48/48 47/47/47 
f 47/47/47 48/48/48 48/48/48 
f 48/48/48 49/49/49 48/48/48 
f 48/48/48 49/49/49 50/50/50 
f 49/49/49 51/51/51 50/50/50 
f 50/50/50 51/51/51 52/52/52 
f 51/51/51 52/52/52 52/52/52 
f 52/52/52 52/52/52 51/51/51 
f 52/52/52 51/51/51 51/51/51 
f 51/51/51 51/51/51 51/51/51 
f 51/51/51 49/49/49 51/51/51 
f 51/51/51 49/49/49 53/53/53 
f 49/49/49 54/54/54 53/53/53 
f 53/53/53 54/54/54 54/54/54 
f 54/54/54 55/55/55 54/54/54 
f 54/54/54 55/55/55 55/55/55 
f 55/55/55 56/56/56 55/55/55 
f 55/55/55 56/56/56 57/57/57 
f 56/56/56 58/58/58 57/57/57 
f 57/57/57 58/58/58 58/58/58 
f 58/58/58 59/59/59 58/58/58 
f 58/58/58 59/59/59 59/59/59 
f 59/59/59 60/60/60 59/59/59 
f 59/59/59 60/60/60 61/61/61 
f 60/60/60 62/62/62 61/61/61 
f 61/61/61 62/62/62 62/62/62 
f 62/62/62 63/63/63 62/62/62 
f 62/62/62 63/63/63 63/63/63 
f 63/63/63 64/64/64 63/63/63 
f 63/63/63 64/64/64 65/65/65 
f 64/64/64 66/66/66 65/65/65 
f 65/65/65 66/66/66 66/66/66 
f 66/66/66 67/67/67 66/66/66 
f 66/66/66 67/67/67 67/67/67 
f 67/67/67 68/68/68 67/67/67 
f 67/67/67 68/68/68 69/69/69 
f 68/68/68 70/70/70 69/69/69 
f 69/69/69 70/70/70 70/70/70 
f 70/70/70 71/71/71 70/70/70 
f 70/70/70 71/71/71 71/71/71 
f 71/71/71 72/72/72 71/71/71 
f 71/71/71 72/72/72 73/73/73 
f 72/72/72 74/74/74 73/73/73 
f 73/73/73 74/74/74 74/74/74 
f 74/74/74 75/75/75 74/74/74 
f 74/74/74 75/75/75 75/75/75 
f 75/75/75 76/76/76 75/75/75 
f 75/75/75 76/76/76 77/77/77 
f 76/76/76 78/78/78 77/77/77 
f 77/77/77 78/78/78 78/78/78 
f 78/78/78 79/79/79 78/78/78 
f 78/78/78 79/79/79 79/79/79 
f 79/79/79 80/80/80 79/79/79 
f 79/79/79 80/80/80 81/81/81 
f 80/80/80 82/82/82 81/81/81 
f 81/81/81 82/82/82 82/82/82 
f 82/82/82 83/83/83 82/82/82 
f 82/82/82 83/83/83 83/83/83 
f 83/83/83 84/84/84 83/83/83 
f 83/83/83 84/84/84 85/85/85 
f 84/84/84 86/86/86 85/85/85 
f 85/85/85 86/86/86 86/86/86 
f 86/86/86 87/87/87 86/86/86 
f 86/86/86 87/87/87 87/87/87 
f 87/87/87 88/88/88 87/87/87 
f 87/87/87 88/88/88 89/89/89 
f 88/88/88 90/90/90 89/89/89 
f 89/89/89 90/90/90 90/90/90 
f 90/90/90 91/91/91 90/90/90 
f 90/90/90 91/91/91 91/91/91 
f 91/91/91 92/92/92 91/91/91 
f 91/91/91 92/92/92 93/93/93 
f 92/92/92 94/94/94 93/93/93 
f 93/93/93 94/94/94 94/94/94 
f 94/94/94 95/95/95 94/94/94 
f 94/94/94 95/95/95 95/95/95 
f 95/95/95 96/96/96 95/95/95 
f 95/95/95 96/96/96 97/97/97 
f 96/96/96 98/98/98 97/97/97 
f 97/97/97 98/98/98 98/98/98 
f 98/98/98 99/99/99 98/98/98 
f 98/98/98 99/99/99 99/99/99 
f 99/99/99 100/100/100 99/99/99 
f 99/99/99 100/100/100 101/101/101 
f 100/100/100 102/102/102 101/101/101 
f 101/101/101 102/102/102 102/102/102 
f 102/102/102 100/100/100 102/102/102 
f 102/102/102 100/100/100 103/103/103 
f 100/100/100 104/104/104 103/103/103 
f 103/103/103 104/104/104 104/104/104 
f 104/104/104 100/100/100 104/104/104 
f 104/104/104 100/100/100 105/105/105 
f 100/100/100 106/106/106 105/105/105 
f 105/105/105 106/106/106 106/106/106 
f 106/106/106 107/107/107 106/106/106 
f 106/106/106 107/107/107 107/107/107 
f 107/107/107 108/108/108 107/107/107 
f 107/107/107 108/108/108 109/109/109 
f 108/108/108 110/110/110 109/109/109 
f 109/109/109 110/110/110 110/110/110 
f 110/110/110 111/111/111 110/110/110 
f 110/110/110 111/111/111 111/111/111 
f 111/111/111 112/112/112 111/111/111 
f 111/111/111 112/112/112 113/113/113 
f 112/112/112 114/114/114 113/113/113 
f 113/113/113 114/114/114 114/114/114 
f 114/114/114 81/81/81 114/114/114 
f 114/114/114 81/81/81 81/81/81 
f 81/81/81 115/115/115 81/81/81 
f 81/81/81 115/115/115 116/116/116 
f 115/115/115 117/117/117 116/116/116 
f 116/116/116 117/117/117 117/117/117 
f 117/117/117 115/115/115 117/117/117 
f 117/117/117 115/115/115 115/115/115 
f 115/115/115 118/118/118 115/115/115 
f 115/115/115 118/118/118 117/117/117 
f 118/118/118 119/119/119 117/117/117 
f 117/117/117 119/119/119 119/119/119 
f 119/119/119 118/118/118 119/119/119 
f 119/119/119 118/118/118 120/120/120 
f 118/118/118 82/82/82 120/120/120 
f 120/120/120 82/82/82 82/82/82 
f 82/82/82 121/121/121 82/82/82 
f 82/82/82 121/121/121 121/121/121 
f 121/121/121 122/122/122 121/121/121 
f 121/121/121 122/122/122 123/123/123 
f 122/122/122 124/124/124 123/123/123 
f 123/123/123 124/124/124 124/124/124 
f 124/124/124 125/125/125 124/124/124 
f 124/124/124 125/125/125 125/125/125 
f 125/125/125 126/126/126 125/125/125 
f 125/125/125 126/126/126 127/127/127 
f 126/126/126 128/128/128 127/127/127 
f 127/127/127 128/128/128 129/129/129 
f 128/128/128 130/130/130 129/129/129 
f 129/129/129 130/130/130 131/131/131 
f 130/130/130 132/132/132 131/131/131 
f 131/131/131 132/132/132 133/133/133 
f 132/132/132 134/134/134 133/133/133 
f 133/133/133 134/134/134 135/135/135 
f 134/134/134 136/136/136 135/135/135 
f 135/135/135 136/136/136 137/137/137 
f 136/136/136 138/138/138 137/137/137 
f 137/137/137 138/138/138 138/138/138 
f 138/138/138 136/136/136 138/138/138 
f 138/138/138 136/136/136 136/136/136 
f 136/136/136 139/139/139 136/136/136 
f 136/136/136 139/139/139 138/138/138 
f 139/139/139 140/140/140 138/138/138 
f 138/138/138 140/140/140 140/140/140 
f 140/140/140 141/141/141 140/140/140 
f 140/140/140 141/141/141 141/141/141 
f 141/141/141 142/142/142 141/141/141 
f 141/141/141 142/142/142 143/143/143 
f 142/142/142 144/144/144 143/143/143 
f 143/143/143 144/144/144 129/129/129 
f 144/144/144 145/145/145 129/129/129 
f 129/129/129 145/145/145 127/127/127 
f 145/145/145 127/127/127 127/127/127 
f 127/127/127 127/127/127 143/143/143 
f 127/127/127 143/143/143 143/143/143 
f 143/143/143 143/143/143 143/143/143 
f 143/143/143 129/129/129 143/143/143 
f 143/143/143 129/129/129 146/146/146 
f 129/129/129 147/147/147 146/146/146 
f 146/146/146 147/147/147 148/148/148 
f 147/147/147 149/149/149 148/148/148 
f 148/148/148 149/149/149 150/150/150 
f 149/149/149 150/150/150 150/150/150 
f 150/150/150 150/150/150 151/151/151 
f 150/150/150 151/151/151 151/151/151 
f 151/151/151 151/151/151 151/151/151 
f 151/151/151 152/152/152 151/151/151 
f 151/151/151 152/152/152 153/153/153 
f 152/152/152 154/154/154 153/153/153 
f 153/153/153 154/154/154 154/154/154 
f 154/154/154 155/155/155 154/154/154 
f 154/154/154 155/155/155 155/155/155 
f 155/155/155 156/156/156 155/155/155 
f 155/155/155 156/156/156 157/157/157 
f 156/156/156 158/158/158 157/157/157 
f 157/157/157 158/158/158 158/158/158 
f 158/158/158 156/156/156 158/158/158 
f 158/158/158 156/156/156 159/159/159 
f 156/156/156 160/160/160 159/159/159 
f 159/159/159 160/160/160 160/160/160 
f 160/160/160 158/158/158 160/160/160 
f 160/160/160 158/158/158 158/158/158 
f 158/158/158 159/159/159 158/158/158 
f 158/158/158 159/159/159 161/161/161 
f 159/159/159 162/162/162 161/161/161 
f 161/161/161 162/162/162 162/162/162 
f 162/162/162 163/163/163 162/162/162 
f 162/162/162 163/163/163 163/163/163 
f 163/163/163 164/164/164 163/163/163 
f 163/163/163 164/164/164 165/165/165 
f 164/164/164 166/166/166 165/165/165 
f 165/165/165 166/166/166 166/166/166 
f 166/166/166 167/167/167 166/166/166 
f 166/166/166 167/167/167 167/167/167 
f 167/167/167 168/168/168 167/167/167 
f 167/167/167 168/168/168 169/169/169 
f 168/168/168 170/170/170 169/169/169 
f 169/169/169 170/170/170 170/170/170 
f 170/170/170 171/171/171 170/170/170 
f 170/170/170 171/171/171 171/171/171 
f 171/171/171 172/172/172 171/171/171 
f 171/171/171 172/172/172 173/173/173 
f 172/172/172 174/174/174 173/173/173 
f 173/173/173 174/174/174 174/174/174 
f 174/174/174 175/175/175 174/174/174 
f 174/174/174 175/175/175 175/175/175 
f 175/175/175 176/176/176 175/175/175 
f 175/175/175 176/176/176 177/177/177 
f 176/176/176 178/178/178 177/177/177 
f 177/177/177 178/178/178 178/178/178 
f 178/178/178 179/179/179 178/178/178 
f 178/178/178 179/179/179 179/179/179 
f 179/179/179 180/180/180 179/179/179 
f 179/179/179 180/180/180 181/181/181 
f 180/180/180 182/182/182 181/181/181 
f 181/181/181 182/182/182 182/182/182 
f 182/182/182 183/183/183 182/182/182 
f 182/182/182 183/183/183 183/183/183 
f 183/183/183 184/184/184 183/183/183 
f 183/183/183 184/184/184 185/185/185 
f 184/184/184 186/186/186 185/185/185 
f 185/185/185 186/186/186 186/186/186 
f 186/186/186 187/187/187 186/186/186 
f 186/186/186 187/187/187 187/187/187 
f 187/187/187 188/188/188 187/187/187 
f 187/187/187 188/188/188 189/189/189 
f 188/188/188 190/190/190 189/189/189 
f 189/189/189 190/190/190 190/190/190 
f 190/190/190 191/191/191 190/190/190 
f 190/190/190 191/191/191 191/191/191 
f 191/191/191 192/192/192 191/191/191 
f 191/191/191 192/192/192 193/193/193 
f 192/192/192 194/194/194 193/193/193 
f 193/193/193 194/194/194 194/194/194 
f 194/194/194 195/195/195 194/194/194 
f 194/194/194 195/195/195 195/195/195 
f 195/195/195 196/196/196 195/195/195 
f 195/195/195 196/196/196 197/197/197 
f 196/196/196 198/198/198 197/197/197 
f 197/197/197 198/198/198 198/198/198 
f 198/198/198 199/199/199 198/198/198 
f 198/198/198 199/199/199 199/199/199 
f 199/199/199 200/200/200 199/199/199 
f 199/199/199 200/200/200 201/201/201 
f 200/200/200 202/202/202 201/201/201 
f 201/201/201 202/202/202 202/202/202 
f 202/202/202 203/203/203 202/202/202 
f 202/202/202 203/203/203 203/203/203 
f 203/203/203 204/204/204 203/203/203 
f 203/203/203 204/204/204 205/205/205 
f 204/204/204 206/206/206 205/205/205 
f 205/205/205 206/206/206 206/206/206 
f 206/206/206 207/207/207 206/206/206 
f 206/206/206 207/207/207 207/207/207 
f 207/207/207 208/208/208 207/207/207 
f 207/207/207 208/208/208 209/209/209 
f 208/208/208 210/210/210 209/209/209 
f 209/209/209 210/210/210 210/210/210 
f 210/210/210 211/211/211 210/210/210 
f 210/210/210 211/211/211 211/211/211 
f 211/211/211 212/212/212 211/211/211 
f 211/211/211 212/212/212 213/213/213 
f 212/212/212 214/214/214 213/213/213 
f 213/213/213 214/214/214 214/214/214 
f 214/214/214 215/215/215 214/214/214 
f 214/214/214 215/215/215 215/215/215 
f 215/215/215 216/216/216 215/215/215 
f 215/215/215 216/216/216 217/217/217 
f 216/216/216 218/218/218 217/217/217 
f 217/217/217 218/218/218 218/218/218 
f 218/218/218 219/219/219 218/218/218 
f 218/218/218 219/219/219 219/219/219 
f 219/219/219 220/220/220 219/219/219 
f 219/219/219 220/220/220 221/221/221 
f 220/220/220 222/222/222 221/221/221 
f 221/221/221 222/222/222 222/222/222 
f 222/222/222 223/223/223 222/222/222 
f 222/222/222 223/223/223 223/223/223 
f 223/223/223 224/224/224 223/223/223 
f 223/223/223 224/224/224 225/225/225 
f 224/224/224 226/226/226 225/225/225 
f 225/225/225 226/226/226 226/226/226 
f 226/226/226 227/227/227 226/226/226 
f 226/226/226 227/227/227 227/227/227 
f 227/227/227 228/228/228 227/227/227 
f 227/227/227 228/228/228 229/229/229 
f 228/228/228 230/230/230 229/229/229 
f 229/229/229 230/230/230 230/230/230 
f 230/230/230 231/231/231 230/230/230 
f 230/230/230 231/231/231 231/231/231 
f 231/231/231 232/232/232 231/231/231 
f 231/231/231 232/232/232 233/233/233 
f 232/232/232 234/234/234 233/233/233 
f 233/233/233 234/234/234 234/234/234 
f 234/234/234 235/235/235 234/234/234 
f 234/234/234 235/235/235 235/235/235 
f 235/235/235 236/236/236 235/235/235 
f 235/235/235 236/236/236 237/237/237 
f 236/236/236 238/238/238 237/237/237 
f 237/237/237 238/238/238 238/238/238 
f 238/238/238 239/239/239 238/238/238 
f 238/238/238 239/239/239 239/239/239 
f 239/239/239 240/240/240 239/239/239 
f 239/239/239 240/240/240 241/241/241 
f 240/240/240 242/242/242 241/241/241 
f 241/241/241 242/242/242 242/242/242 
f 242/242/242 243/243/243 242/242/242 
f 242/242/242 243/243/243 243/243/243 
f 243/243/243 244/244/244 243/243/243 
f 243/243/243 244/244/244 245/245/245 
f 244/244/244 246/246/246 245/245/245 
f 245/245/245 246/246/246 246/246/246 
f 246/246/246 247/247/247 246/246/246 
f 246/246/246 247/247/247 247/247/247 
f 247/247/247 248/248/248 247/247/247 
f 247/247/247 248/248/248 249/249/249 
f 248/248/248 250/250/250 249/249/249 
f 249/249/249 250/250/250 250/250/250 
f 250/250/250 251/251/251 250/250/250 
f 250/250/250 251/251/251 251/251/251 
f 251/251/251 252/252/252 251/251/251 
f 251/251/251 252/252/252 253/253/253 
f 252/252/252 254/254/254 253/253/253 
f 253/253/253 254/254/254 254/254/254 
f 254/254/254 255/255/255 254/254/254 
f 254/254/254 255/255/255 255/255/255 
f 255/255/255 256/256/256 255/255/255 
f 255/255/255 256/256/256 257/257/257 
f 256/256/256 258/258/258 257/257/257 
f 257/257/257 258/258/258 259/259/259 
f 258/258/258 260/260/260 259/259/259 
f 259/259/259 260/260/260 260/260/260 
f 260/260/260 261/261/261 260/260/260 
f 260/260/260 261/261/261 261/261/261 
f 261/261/261 262/262/262 261/261/261 
f 261/261/261 262/262/262 263/263/263 
f 262/262/262 264/264/264 263/263/263 
f 263/263/263 264/264/264 264/264/264 
f 264/264/264 265/265/265 264/264/264 
f 264/264/264 265/265/265 265/265/265 
f 265/265/265 266/266/266 265/265/265 
f 265/265/265 266/266/266 267/267/267 
f 266/266/266 268/268/268 267/267/267 
f 267/267/267 268/268/268 268/268/268 
f 268/268/268 269/269/269 268/268/268 
f 268/268/268 269/269/269 269/269/269 
f 269/269/269 270/270/270 269/269/269 
f 269/269/269 270/270/270 271/271/271 
f 270/270/270 272/272/272 271/271/271 
f 271/271/271 272/272/272 272/272/272 
f 272/272/272 273/273/273 272/272/272 
f 272/272/272 273/273/273 273/273/273 
f 273/273/273 274/274/274 273/273/273 
f 273/273/273 274/274/274 275/275/275 
f 274/274/274 276/276/276 275/275/275 
f 275/275/275 276/276/276 276/276/276 
f 276/276/276 277/277/277 276/276/276 
f 276/276/276 277/277/277 277/277/277 
f 277/277/277 278/278/278 277/277/277 
f 277/277/277 278/278/278 274/274/274 
f 278/278/278 279/279/279 274/274/274 
f 274/274/274 279/279/279 279/279/279 
f 279/279/279 280/280/280 279/279/279 
f 279/279/279 280/280/280 281/281/281 
f 280/280/280 282/282/282 281/281/281 
f 281/281/281 282/282/282 282/282/282 
f 282/282/282 283/283/283 282/282/282 
f 282/282/282 283/283/283 283/283/283 
f 283/283/283 284/284/284 283/283/283 
f 283/283/283 284/284/284 285/285/285 
f 284/284/284 286/286/286 285/285/285 
f 285/285/285 286/286/286 286/286/286 
f 286/286/286 287/287/287 286/286/286 
f 286/286/286 287/287/287 287/287/287 
f 287/287/287 288/288/288 287/287/287 
f 287/287/287 288/288/288 289/289/289 
f 288/288/288 290/290/290 289/289/289 
f 289/289/289 290/290/290 290/290/290 
f 290/290/290 291/291/291 290/290/290 
f 290/290/290 291/291/291 291/291/291 
f 291/291/291 292/292/292 291/291/291 
f 291/291/291 292/292/292 293/293/293 
f 292/292/292 294/294/294 293/293/293 
f 293/293/293 294/294/294 295/295/295 
f 294/294/294 295/295/295 295/295/295 
f 295/295/295 295/295/295 296/296/296 
f 295/295/295 296/296/296 296/296/296 
f 296/296/296 296/296/296 296/296/296 
f 296/296/296 297/297/297 296/296/296 
f 296/296/296 297/297/297 298/298/298 
f 297/297/297 299/299/299 298/298/298 
f 298/298/298 299/299/299 299/299/299 
f 299/299/299 300/300/300 299/299/299 
f 299/299/299 300/300/300 300/300/300 
f 300/300/300 301/301/301 300/300/300 
f 300/300/300 301/301/301 302/302/302 
f 301/301/301 303/303/303 302/302/302 
f 302/302/302 303/303/303 303/303/303 
f 303/303/303 304/304/304 303/303/303 
f 303/303/303 304/304/304 304/304/304 
f 304/304/304 305/305/305 304/304/304 
f 304/304/304 305/305/305 306/306/306 
f 305/305/305 307/307/307 306/306/306 
f 306/306/306 307/307/307 307/307/307 
f 307/307/307 308/308/308 307/307/307 
f 307/307/307 308/308/308 308/308/308 
f 308/308/308 309/309/309 308/308/308 
f 308/308/308 309/309/309 310/310/310 
f 309/309/309 311/311/311 310/310/310 
f 310/310/310 311/311/311 311/311/311 
f 311/311/311 255/255/255 311/311/311 
f 311/311/311 255/255/255 255/255/255 
f 255/255/255 312/312/312 255/255/255 
f 255/255/255 312/312/312 313/313/313 
f 312/312/312 314/314/314 313/313/313 
f 313/313/313 314/314/314 315/315/315 
f 314/314/314 315/315/315 315/315/315 
f 315/315/315 315/315/315 313/313/313 
f 315/315/315 313/313/313 313/313/313 
f 313/313/313 313/313/313 313/313/313 
f 313/313/313 315/315/315 313/313/313 
f 313/313/313 315/315/315 316/316/316 
f 315/315/315 317/317/317 316/316/316 
f 316/316/316 317/317/317 317/317/317 
f 317/317/317 318/318/318 317/317/317 
f 317/317/317 318/318/318 318/318/318 
f 318/318/318 319/319/319 318/318/318 
f 318/318/318 319/319/319 320/320/320 
f 319/319/319 321/321/321 320/320/320 
f 320/320/320 321/321/321 321/321/321 
f 321/321/321 322/322/322 321/321/321 
f 321/321/321 322/322/322 322/322/322 
f 322/322/322 323/323/323 322/322/322 
f 322/322/322 323/323/323 324/324/324 
f 323/323/323 325/325/325 324/324/324 
f 324/324/324 325/325/325 325/325/325 
f 325/325/325 326/326/326 325/325/325 
f 325/325/325 326/326/326 326/326/326 
f 326/326/326 327/327/327 326/326/326 
f 326/326/326 327/327/327 328/328/328 
f 327/327/327 329/329/329 328/328/328 
f 328/328/328 329/329/329 329/329/329 
f 329/329/329 330/330/330 329/329/329 
f 329/329/329 330/330/330 330/330/330 
f 330/330/330 331/331/331 330/330/330 
f 330/330/330 331/331/331 332/332/332 
f 331/331/331 333/333/333 332/332/332 
f 332/332/332 333/333/333 333/333/333 
f 333/333/333 334/334/334 333/333/333 
f 333/333/333 334/334/334 334/334/334 
f 334/334/334 335/335/335 334/334/334 
f 334/334/334 335/335/335 336/336/336 
f 335/335/335 337/337/337 336/336/336 
f 336/336/336 337/337/337 338/338/338 
f 337/337/337 339/339/339 338/338/338 
f 338/338/338 339/339/339 340/340/340 
f 339/339/339 340/340/340 340/340/340 
f 340/340/340 340/340/340 341/341/341 
f 340/340/340 341/341/341 341/341/341 
f 341/341/341 341/341/341 341/341/341 
f 341/341/341 342/342/342 341/341/341 
f 341/341/341 342/342/342 343/343/343 
f 342/342/342 344/344/344 343/343/343 
f 343/343/343 344/344/344 344/344/344 
f 344/344/344 345/345/345 344/344/344 
f 344/344/344 345/345/345 345/345/345 
f 345/345/345 346/346/346 345/345/345 
f 345/345/345 346/346/346 347/347/347 
f 346/346/346 348/348/348 347/347/347 
f 347/347/347 348/348/348 348/348/348 
f 348/348/348 349/349/349 348/348/348 
f 348/348/348 349/349/349 349/349/349 
f 349/349/349 350/350/350 349/349/349 
f 349/349/349 350/350/350 351/351/351 
f 350/350/350 352/352/352 351/351/351 
f 351/351/351 352/352/352 353/353/353 
f 352/352/352 354/354/354 353/353/353 
f 353/353/353 354/354/354 355/355/355 
f 354/354/354 355/355/355 355/355/355 
f 355/355/355 355/355/355 350/350/350 
f 355/355/355 350/350/350 350/350/350 
f 350/350/350 350/350/350 350/350/350 
f 350/350/350 356/356/356 350/350/350 
f 350/350/350 356/356/356 352/352/352 
f 356/356/356 357/357/357 352/352/352 
f 352/352/352 357/357/357 358/358/358 
f 357/357/357 358/358/358 358/358/358 
f 358/358/358 358/358/358 359/359/359 
f 358/358/358 359/359/359 359/359/359 
f 359/359/359 359/359/359 359/359/359 
f 359/359/359 360/360/360 359/359/359 
f 359/359/359 360/360/360 361/361/361 
f 360/360/360 362/362/362 361/361/361 
f 361/361/361 362/362/362 362/362/362 
f 362/362/362 363/363/363 362/362/362 
f 362/362/362 363/363/363 363/363/363 
f 363/363/363 364/364/364 363/363/363 
f 363/363/363 364/364/364 365/365/365 
f 364/364/364 366/366/366 365/365/365 
f 365/365/365 366/366/366 367/367/367 
f 366/366/366 367/367/367 367/367/367 
f 367/367/367 367/367/367 367/367/367 
f 367/367/367 368/368/368 367/367/367 
f 367/367/367 368/368/368 365/365/365 
f 368/368/368 369/369/369 365/365/365 
f 365/365/365 369/369/369 370/370/370 
f 369/369/369 370/370/370 370/370/370 
f 370/370/370 370/370/370 370/370/370 
f 370/370/370 371/371/371 370/370/370 
f 370/370/370 371/371/371 365/365/365 
f 371/371/371 372/372/372 365/365/365 
f 365/365/365 372/372/372 373/373/373 
f 372/372/372 373/373/373 373/373/373 
f 373/373/373 373/373/373 374/374/374 
f 373/373/373 374/374/374 374/374/374 
f 374/374/374 374/374/374 374/374/374 
f 374/374/374 375/375/375 374/374/374 
f 374/374/374 375/375/375 376/376/376 
f 375/375/375 377/377/377 376/376/376 
f 376/376/376 377/377/377 377/377/377 
f 377/377/377 375/375/375 377/377/377 
f 377/377/377 375/375/375 375/375/375 
f 375/375/375 378/378/378 375/375/375 
f 375/375/375 378/378/378 377/377/377 
f 378/378/378 379/379/379 377/377/377 
f 377/377/377 379/379/379 379/379/379 
f 379/379/379 380/380/380 379/379/379 
f 379/379/379 380/380/380 380/380/380 
f 380/380/380 381/381/381 380/380/380 
f 380/380/380 381/381/381 382/382/382 
f 381/381/381 383/383/383 382/382/382 
f 382/382/382 383/383/383 383/383/383 
f 383/383/383 384/384/384 383/383/383 
f 383/383/383 384/384/384 384/384/384 
f 384/384/384 385/385/385 384/384/384 
f 384/384/384 385/385/385 386/386/386 
f 385/385/385 387/387/387 386/386/386 
f 386/386/386 387/387/387 387/387/387 
f 387/387/387 388/388/388 387/387/387 
f 387/387/387 388/388/388 388/388/388 
f 388/388/388 389/389/389 388/388/388 
f 388/388/388 389/389/389 390/390/390 
f 389/389/389 391/391/391 390/390/390 
f 390/390/390 391/391/391 391/391/391 
f 391/391/391 392/392/392 391/391/391 
f 391/391/391 392/392/392 392/392/392 
f 392/392/392 393/393/393 392/392/392 
f 392/392/392 393/393/393 394/394/394 
f 393/393/393 395/395/395 394/394/394 
f 394/394/394 395/395/395 395/395/395 
f 395/395/395 396/396/396 395/395/395 
f 395/395/395 396/396/396 396/396/396 
f 396/396/396 397/397/397 396/396/396 
f 396/396/396 397/397/397 398/398/398 
f 397/397/397 399/399/399 398/398/398 
f 398/398/398 399/399/399 399/399/399 
f 399/399/399 400/400/400 399/399/399 
f 399/399/399 400/400/400 400/400/400 
f 400/400/400 401/401/401 400/400/400 
f 400/400/400 401/401/401 402/402/402 
f 401/401/401 403/403/403 402/402/402 
f 402/402/402 403/403/403 403/403/403 
f 403/403/403 404/404/404 403/403/403 
f 403/403/403 404/404/404 404/404/404 
f 404/404/404 405/405/405 404/404/404 
f 404/404/404 405/405/405 406/406/406 
f 405/405/405 407/407/407 406/406/406 
f 406/406/406 407/407/407 407/407/407 
f 407/407/407 408/408/408 407/407/407 
f 407/407/407 408/408/408 408/408/408 
f 408/408/408 409/409/409 408/408/408 
f 408/408/408 409/409/409 410/410/410 
f 409/409/409 411/411/411 410/410/410 
f 410/410/410 411/411/411 411/411/411 
f 411/411/411 392/392/392 411/411/411 
f 411/411/411 392/392/392 392/392/392 
f 392/392/392 412/412/412 392/392/392 
f 392/392/392 412/412/412 413/413/413 
f 412/412/412 414/414/414 413/413/413 
f 413/413/413 414/414/414 414/414/414 
f 414/414/414 415/415/415 414/414/414 
f 414/414/414 415/415/415 415/415/415 
f 415/415/415 416/416/416 415/415/415 
f 415/415/415 416/416/416 417/417/417 
f 416/416/416 418/418/418 417/417/417 
f 417/417/417 418/418/418 418/418/418 
f 418/418/418 419/419/419 418/418/418 
f 418/418/418 419/419/419 419/419/419 
f 419/419/419 420/420/420 419/419/419 
f 419/419/419 420/420/420 421/421/421 
f 420/420/420 422/422/422 421/421/421 
f 421/421/421 422/422/422 422/422/422 
f 422/422/422 423/423/423 422/422/422 
f 422/422/422 423/423/423 423/423/423 
f 423/423/423 424/424/424 423/423/423 
f 423/423/423 424/424/424 425/425/425 
f 424/424/424 426/426/426 425/425/425 
f 425/425/425 426/426/426 426/426/426 
f 426/426/426 427/427/427 426/426/426 
f 426/426/426 427/427/427 427/427/427 
f 427/427/427 428/428/428 427/427/427 
f 427/427/427 428/428/428 429/429/429 
f 428/428/428 430/430/430 429/429/429 
f 429/429/429 430/430/430 430/430/430 
f 430/430/430 431/431/431 430/430/430 
f 430/430/430 431/431/431 431/431/431 
f 431/431/431 432/432/432 431/431/431 
f 431/431/431 432/432/432 433/433/433 
f 432/432/432 434/434/434 433/433/433 
f 433/433/433 434/434/434 434/434/434 
f 434/434/434 435/435/435 434/434/434 
f 434/434/434 435/435/435 435/435/435 
f 435/435/435 436/436/436 435/435/435 
f 435/435/435 436/436/436 437/437/437 
f 436/436/436 438/438/438 437/437/437 
f 437/437/437 438/438/438 438/438/438 
f 438/438/438 436/436/436 438/438/438 
f 438/438/438 436/436/436 439/439/439 
f 436/436/436 440/440/440 439/439/439 
f 439/439/439 440/440/440 440/440/440 
f 440/440/440 441/441/441 440/440/440 
f 440/440/440 441/441/441 441/441/441 
f 441/441/441 442/442/442 441/441/441 
f 441/441/441 442/442/442 443/443/443 
f 442/442/442 444/444/444 443/443/443 
f 443/443/443 444/444/444 444/444/444 
f 444/444/444 445/445/445 444/444/444 
f 444/444/444 445/445/445 445/445/445 
f 445/445/445 446/446/446 445/445/445 
f 445/445/445 446/446/446 447/447/447 
f 446/446/446 448/448/448 447/447/447 
f 447/447/447 448/448/448 448/448/448 
f 448/448/448 449/449/449 448/448/448 
f 448/448/448 449/449/449 449/449/449 
f 449/449/449 450/450/450 449/449/449 
f 449/449/449 450/450/450 451/451/451 
f 450/450/450 452/452/452 451/451/451 
f 451/451/451 452/452/452 452/452/452 
f 452/452/452 453/453/453 452/452/452 
f 452/452/452 453/453/453 453/453/453 
f 453/453/453 454/454/454 453/453/453 
f 453/453/453 454/454/454 455/455/455 
f 454/454/454 456/456/456 455/455/455 
f 455/455/455 456/456/456 456/456/456 
f 456/456/456 448/448/448 456/456/456 
f 456/456/456 448/448/448 448/448/448 
f 448/448/448 457/457/457 448/448/448 
f 448/448/448 457/457/457 458/458/458 
f 457/457/457 459/459/459 458/458/458 
f 458/458/458 459/459/459 459/459/459 
f 459/459/459 460/460/460 459/459/459 
f 459/459/459 460/460/460 460/460/460 
f 460/460/460 461/461/461 460/460/460 
f 460/460/460 461/461/461 462/462/462 
f 461/461/461 463/463/463 462/462/462 
f 462/462/462 463/463/463 463/463/463 
f 463/463/463 464/464/464 463/463/463 
f 463/463/463 464/464/464 464/464/464 
f 464/464/464 465/465/465 464/464/464 
f 464/464/464 465/465/465 466/466/466 
f 465/465/465 467/467/467 466/466/466 
f 466/466/466 467/467/467 467/467/467 
f 467/467/467 468/468/468 467/467/467 
f 467/467/467 468/468/468 468/468/468 
f 468/468/468 469/469/469 468/468/468 
f 468/468/468 469/469/469 470/470/470 
f 469/469/469 471/471/471 470/470/470 
f 470/470/470 471/471/471 471/471/471 
f 471/471/471 472/472/472 471/471/471 
f 471/471/471 472/472/472 472/472/472 
f 472/472/472 473/473/473 472/472/472 
f 472/472/472 473/473/473 474/474/474 
f 473/473/473 475/475/475 474/474/474 
f 474/474/474 475/475/475 475/475/475 
f 475/475/475 476/476/476 475/475/475 
f 475/475/475 476/476/476 476/476/476 
f 476/476/476 477/477/477 476/476/476 
f 476/476/476 477/477/477 478/478/478 
f 477/477/477 479/479/479 478/478/478 
f 478/478/478 479/479/479 480/480/480 
f 479/479/479 481/481/481 480/480/480 
f 480/480/480 481/481/481 481/481/481 
f 481/481/481 482/482/482 481/481/481 
f 481/481/481 482/482/482 482/482/482 
f 482/482/482 483/483/483 482/482/482 
f 482/482/482 483/483/483 484/484/484 
f 483/483/483 485/485/485 484/484/484 
f 484/484/484 485/485/485 485/485/485 
f 485/485/485 486/486/486 485/485/485 
f 485/485/485 486/486/486 486/486/486 
f 486/486/486 487/487/487 486/486/486 
f 486/486/486 487/487/487 488/488/488 
f 487/487/487 489/489/489 488/488/488 
f 488/488/488 489/489/489 489/489/489 
f 489/489/489 490/490/490 489/489/489 
f 489/489/489 490/490/490 490/490/490 
f 490/490/490 491/491/491 490/490/490 
f 490/490/490 491/491/491 492/492/492 
f 491/491/491 493/493/493 492/492/492 
f 492/492/492 493/493/493 493/493/493 
f 493/493/493 494/494/494 493/493/493 
f 493/493/493 494/494/494 494/494/494 
f 494/494/494 495/495/495 494/494/494 
f 494/494/494 495/495/495 496/496/496 
f 495/495/495 497/497/497 496/496/496 
f 496/496/496 497/497/497 497/497/497 
f 497/497/497 498/498/498 497/497/497 
f 497/497/497 498/498/498 498/498/498 
f 498/498/498 499/499/499 498/498/498 
f 498/498/498 499/499/499 500/500/500 
f 499/499/499 501/501/501 500/500/500 
f 500/500/500 501/501/501 501/501/501 
f 501/501/501 499/499/499 501/501/501 
f 501/501/501 499/499/499 499/499/499 
f 499/499/499 502/502/502 499/499/499 
f 499/499/499 502/502/502 501/501/501 
f 502/502/502 503/503/503 501/501/501 
f 501/501/501 503/503/503 504/504/504 
f 503/503/503 504/504/504 504/504/504 
f 504/504/504 504/504/504 505/505/505 
f 504/504/504 505/505/505 505/505/505 
f 505/505/505 505/505/505 505/505/505 
f 505/505/505 506/506/506 505/505/505 
f 505/505/505 506/506/506 507/507/507 
f 506/506/506 508/508/508 507/507/507 
f 507/507/507 508/508/508 509/509/509 
f 508/508/508 509/509/509 509/509/509 
f 509/509/509 509/509/509 510/510/510 
f 509/509/509 510/510/510 510/510/510 
f 510/510/510 510/510/510 510/510/510 
f 510/510/510 511/511/511 510/510/510 
f 510/510/510 511/511/511 512/512/512 
f 511/511/511 513/513/513 512/512/512 
f 512/512/512 513/513/513 514/514/514 
f 513/513/513 515/515/515 514/514/514 
f 514/514/514 515/515/515 516/516/516 
f 515/515/515 516/516/516 516/516/516 
f 516/516/516 516/516/516 498/498/498 
f 516/516/516 498/498/498 498/498/498 
f 498/498/498 498/498/498 498/498/498 
f 498/498/498 517/517/517 498/498/498 
f 498/498/498 517/517/517 518/518/518 
f 517/517/517 519/519/519 518/518/518 
f 518/518/518 519/519/519 519/519/519 
f 519/519/519 517/517/517 519/519/519 
f 519/519/519 517/517/517 520/520/520 
f 517/517/517 521/521/521 520/520/520 
f 520/520/520 521/521/521 504/504/504 
f 5/5/5 522/522/522 3/3/3 
f 523/523/523 18/18/18 20/20/20 
f 524/524/524 379/379/379 378/378/378 
f 74/74/74 72/72/72 525/525/525 
f 526/526/526 106/106/106 100/100/100 
f 260/260/260 258/258/258 317/317/317 
f 456/456/456 454/454/454 527/527/527 
f 353/353/353 528/528/528 351/351/351 
f 350/350/350 529/529/529 356/356/356 
f 338/338/338 340/340/340 530/530/530 
f 531/531/531 50/50/50 52/52/52 
f 481/481/481 479/479/479 532/532/532 

