mtllib model_1.mtl
o model_1
v -1.425271987915039 0.9698478579521179 -0.8367641568183899 
v -1.425271987915039 1.269701361656189 -0.8367641568183899 
v -1.425271987915039 0.9698478579521179 -0.9364224076271057 
v -1.425271987915039 1.269701361656189 -0.9364224076271057 
v -1.3252230882644653 1.0696524381637573 -1.0360807180404663 
v -1.3252230882644653 0.9698478579521179 -1.0360807180404663 
v -1.3252230882644653 1.0696524381637573 -0.9364224076271057 
v -1.3252230882644653 0.9698478579521179 -0.9364224076271057 
v -0.9252229332923889 1.1698967218399048 -0.7371061444282532 
v -0.9252229332923889 1.0696524381637573 -0.7371061444282532 
v -0.9252229332923889 1.1698967218399048 -0.6374478936195374 
v -0.9252229332923889 1.0696524381637573 -0.6374478936195374 
v -0.025173703208565712 1.269701361656189 0.26279789209365845 
v -0.025173703208565712 1.269701361656189 0.16313962638378143 
v -0.025173703208565712 1.3699456453323364 0.26279789209365845 
v -0.025173703208565712 1.3699456453323364 0.16313962638378143 
v -1.2251741886138916 1.269701361656189 -0.8367641568183899 
v -1.425271987915039 1.269701361656189 -0.8367641568183899 
v -1.2251741886138916 1.1698967218399048 -0.8367641568183899 
v -1.3252230882644653 1.1698967218399048 -0.8367641568183899 
v -1.3252230882644653 1.0696524381637573 -0.8367641568183899 
v -1.425271987915039 0.9698478579521179 -0.8367641568183899 
v -1.2251741886138916 0.9698478579521179 -0.8367641568183899 
v 0.27477750182151794 1.0696524381637573 -0.43647056818008423 
v 0.27477750182151794 1.0696524381637573 -0.536128580570221 
v 0.574728786945343 1.0696524381637573 -0.43647056818008423 
v 0.574728786945343 1.0696524381637573 -0.536128580570221 
v -0.1252226084470749 1.4697502851486206 0.26279789209365845 
v 0.17472870647907257 1.4697502851486206 0.26279789209365845 
v -0.1252226084470749 1.4697502851486206 0.16313962638378143 
v 0.17472870647907257 1.4697502851486206 0.16313962638378143 
v 0.17472870647907257 1.3699456453323364 -0.1374959498643875 
v -0.1252226084470749 1.3699456453323364 -0.1374959498643875 
v 0.17472870647907257 1.3699456453323364 -0.03617675229907036 
v -0.1252226084470749 1.3699456453323364 -0.03617675229907036 
v 0.17472870647907257 1.269701361656189 -1.2370580434799194 
v 0.574728786945343 1.269701361656189 -1.2370580434799194 
v 0.17472870647907257 1.269701361656189 -1.3367162942886353 
v 0.6747778058052063 1.269701361656189 -1.2370580434799194 
v 0.6747778058052063 1.269701361656189 -1.3367162942886353 
v 0.9747291207313538 1.269701361656189 -1.1373997926712036 
v 0.8746801018714905 1.269701361656189 -1.1373997926712036 
v 1.174826979637146 1.269701361656189 -1.0360807180404663 
v 1.0747779607772827 1.269701361656189 -1.0360807180404663 
v 1.3747292757034302 1.269701361656189 -0.9364224076271057 
v 1.274680256843567 1.269701361656189 -0.9364224076271057 
v 1.4747780561447144 1.269701361656189 -0.8367641568183899 
v 1.274680256843567 1.269701361656189 -0.8367641568183899 
v -0.5252227187156677 1.0696524381637573 -0.6374478936195374 
v -0.5252227187156677 1.0696524381637573 -0.536128580570221 
v -0.7253205180168152 1.0696524381637573 -0.6374478936195374 
v -0.7253205180168152 1.0696524381637573 -0.536128580570221 
v 0.574728786945343 1.0696524381637573 -0.6374478936195374 
v 0.7748265862464905 1.0696524381637573 -0.536128580570221 
v 0.7748265862464905 1.0696524381637573 -0.6374478936195374 
v -0.9252229332923889 1.0696524381637573 -0.6374478936195374 
v -0.9252229332923889 1.0696524381637573 -0.7371061444282532 
v -0.7253205180168152 1.0696524381637573 -0.7371061444282532 
v -0.025173703208565712 1.1698967218399048 -1.2370580434799194 
v -0.025173703208565712 1.0696524381637573 -1.2370580434799194 
v -0.025173703208565712 1.1698967218399048 -0.43647056818008423 
v -0.025173703208565712 1.0696524381637573 -0.43647056818008423 
v 0.7748265862464905 1.0696524381637573 -0.7371061444282532 
v 0.9747291207313538 1.0696524381637573 -0.6374478936195374 
v 0.9747291207313538 1.0696524381637573 -0.7371061444282532 
v -1.1253206729888916 1.0696524381637573 -0.7371061444282532 
v -1.1253206729888916 1.0696524381637573 -0.8367641568183899 
v -0.9252229332923889 1.0696524381637573 -0.8367641568183899 
v -1.425271987915039 1.269701361656189 -0.8367641568183899 
v -1.2251741886138916 1.269701361656189 -0.8367641568183899 
v -1.425271987915039 1.269701361656189 -0.9364224076271057 
v -1.3252230882644653 1.269701361656189 -0.9364224076271057 
v -1.2251741886138916 1.269701361656189 -0.9364224076271057 
v -1.3252230882644653 1.269701361656189 -1.0360807180404663 
v -1.0252717733383179 1.269701361656189 -0.9364224076271057 
v -1.1253206729888916 1.269701361656189 -1.0360807180404663 
v -1.0252717733383179 1.269701361656189 -1.0360807180404663 
v -1.1253206729888916 1.269701361656189 -1.1373997926712036 
v -0.8251740336418152 1.269701361656189 -1.0360807180404663 
v -0.9252229332923889 1.269701361656189 -1.1373997926712036 
v -0.8251740336418152 1.269701361656189 -1.1373997926712036 
v -0.9252229332923889 1.269701361656189 -1.2370580434799194 
v -0.5252227187156677 1.269701361656189 -1.1373997926712036 
v -0.6252716183662415 1.269701361656189 -1.2370580434799194 
v -0.5252227187156677 1.269701361656189 -1.2370580434799194 
v -0.6252716183662415 1.269701361656189 -1.3367162942886353 
v -0.1252226084470749 1.269701361656189 -1.2370580434799194 
v -0.1252226084470749 1.269701361656189 -1.3367162942886353 
v 0.07467981427907944 0.7697989344596863 0.36245614290237427 
v 0.07467981427907944 0.7697989344596863 1.4636791944503784 
v 0.07467981427907944 0.6695546507835388 0.36245614290237427 
v 0.07467981427907944 0.6695546507835388 1.4636791944503784 
v 0.9747291207313538 1.0696524381637573 -0.8367641568183899 
v 1.174826979637146 1.0696524381637573 -0.7371061444282532 
v 1.174826979637146 1.0696524381637573 -0.8367641568183899 
v -0.1252226084470749 1.269701361656189 0.16313962638378143 
v -0.025173703208565712 1.269701361656189 0.16313962638378143 
v -0.1252226084470749 1.269701361656189 -0.03617675229907036 
v -0.025173703208565712 1.269701361656189 -0.03617675229907036 
v -0.025173703208565712 1.269701361656189 0.26279789209365845 
v 0.07467981427907944 1.269701361656189 0.26279789209365845 
v -0.025173703208565712 1.269701361656189 0.16313962638378143 
v 0.07467981427907944 1.269701361656189 0.16313962638378143 
v 0.7748265862464905 1.1698967218399048 -0.6374478936195374 
v 0.9747291207313538 1.1698967218399048 -0.6374478936195374 
v 0.7748265862464905 1.1698967218399048 -0.7371061444282532 
v 0.9747291207313538 1.1698967218399048 -0.7371061444282532 
v -0.025173703208565712 1.1698967218399048 -1.3367162942886353 
v 0.07467981427907944 1.1698967218399048 -1.3367162942886353 
v -0.025173703208565712 1.1698967218399048 -1.73701012134552 
v 0.07467981427907944 1.1698967218399048 -1.73701012134552 
v -1.2251741886138916 1.0696524381637573 -0.8367641568183899 
v -1.2251741886138916 1.0696524381637573 -0.9364224076271057 
v -1.1253206729888916 1.0696524381637573 -0.9364224076271057 
v 0.07467981427907944 0.6695546507835388 0.16313962638378143 
v 0.07467981427907944 0.6695546507835388 -0.03617675229907036 
v 0.07467981427907944 0.7697989344596863 0.16313962638378143 
v 0.07467981427907944 0.7697989344596863 0.06348149478435516 
v 1.3747292757034302 1.1698967218399048 -0.8367641568183899 
v 1.274680256843567 1.1698967218399048 -0.8367641568183899 
v 1.3747292757034302 1.0696524381637573 -0.8367641568183899 
v 1.274680256843567 1.0696524381637573 -0.8367641568183899 
v 1.174826979637146 1.1698967218399048 -0.8367641568183899 
v 1.174826979637146 1.0696524381637573 -0.8367641568183899 
v 1.174826979637146 1.0696524381637573 -0.9364224076271057 
v 1.274680256843567 1.0696524381637573 -0.8367641568183899 
v 1.274680256843567 1.0696524381637573 -0.9364224076271057 
v -0.025173703208565712 1.0696524381637573 -1.3367162942886353 
v -0.025173703208565712 1.0696524381637573 -1.73701012134552 
v 0.07467981427907944 1.0696524381637573 -1.3367162942886353 
v 0.07467981427907944 1.0696524381637573 -1.73701012134552 
v -0.025173703208565712 1.1698967218399048 0.16313962638378143 
v 0.07467981427907944 1.1698967218399048 0.16313962638378143 
v -0.025173703208565712 1.1698967218399048 -0.1374959498643875 
v 0.07467981427907944 1.1698967218399048 -0.1374959498643875 
v -0.1252226084470749 1.1698967218399048 -0.23715408146381378 
v 0.17472870647907257 1.1698967218399048 -0.1374959498643875 
v 0.17472870647907257 1.1698967218399048 -0.23715408146381378 
v 0.17472870647907257 1.1698967218399048 1.4636791944503784 
v -0.1252226084470749 1.1698967218399048 1.4636791944503784 
v 0.17472870647907257 1.1698967218399048 1.6629955768585205 
v -0.1252226084470749 1.1698967218399048 1.6629955768585205 
v -1.3252230882644653 1.1698967218399048 -0.9364224076271057 
v -1.3252230882644653 1.1698967218399048 -1.0360807180404663 
v -1.1253206729888916 1.1698967218399048 -0.9364224076271057 
v -1.0252717733383179 1.1698967218399048 -0.9364224076271057 
v -1.1253206729888916 1.1698967218399048 -1.0360807180404663 
v -1.0252717733383179 1.1698967218399048 -1.0360807180404663 
v -1.1253206729888916 1.1698967218399048 -1.1373997926712036 
v -0.8251740336418152 1.1698967218399048 -1.0360807180404663 
v -0.9252229332923889 1.1698967218399048 -1.1373997926712036 
v -0.8251740336418152 1.1698967218399048 -1.1373997926712036 
v -0.9252229332923889 1.1698967218399048 -1.2370580434799194 
v -0.5252227187156677 1.1698967218399048 -1.1373997926712036 
v -0.6252716183662415 1.1698967218399048 -1.2370580434799194 
v -0.5252227187156677 1.1698967218399048 -1.2370580434799194 
v -0.6252716183662415 1.1698967218399048 -1.3367162942886353 
v -0.1252226084470749 1.1698967218399048 -1.2370580434799194 
v -0.1252226084470749 1.1698967218399048 0.36245614290237427 
v 0.17472870647907257 1.1698967218399048 0.36245614290237427 
v -0.1252226084470749 1.1698967218399048 0.26279789209365845 
v -0.025173703208565712 1.1698967218399048 0.26279789209365845 
v 0.07467981427907944 1.1698967218399048 0.26279789209365845 
v 0.17472870647907257 1.1698967218399048 0.26279789209365845 
v 0.9747291207313538 1.0696524381637573 -1.2370580434799194 
v 0.6747778058052063 1.0696524381637573 -1.2370580434799194 
v 0.9747291207313538 1.0696524381637573 -1.1373997926712036 
v 0.574728786945343 1.0696524381637573 -1.2370580434799194 
v 0.8746801018714905 1.0696524381637573 -1.1373997926712036 
v 0.574728786945343 1.0696524381637573 -1.1373997926712036 
v 1.174826979637146 1.0696524381637573 -1.0360807180404663 
v 1.0747779607772827 1.0696524381637573 -1.0360807180404663 
v 1.3747292757034302 1.0696524381637573 -0.9364224076271057 
v 1.174826979637146 1.0696524381637573 -0.9364224076271057 
v -1.2251741886138916 1.0696524381637573 -0.9364224076271057 
v -1.2251741886138916 0.9698478579521179 -0.9364224076271057 
v -1.1253206729888916 1.0696524381637573 -0.9364224076271057 
v -1.0252717733383179 0.9698478579521179 -0.9364224076271057 
v -1.0252717733383179 1.0696524381637573 -0.9364224076271057 
v 1.3747292757034302 1.1698967218399048 -1.0360807180404663 
v 1.3747292757034302 1.1698967218399048 -0.9364224076271057 
v 1.174826979637146 1.1698967218399048 -1.0360807180404663 
v 1.0747779607772827 1.1698967218399048 -1.0360807180404663 
v 0.8746801018714905 1.1698967218399048 -1.1373997926712036 
v 0.8746801018714905 1.1698967218399048 -1.0360807180404663 
v 1.174826979637146 1.1698967218399048 -0.9364224076271057 
v 1.0747779607772827 1.1698967218399048 -0.9364224076271057 
v -0.1252226084470749 1.0696524381637573 -0.23715408146381378 
v 0.17472870647907257 1.0696524381637573 -0.23715408146381378 
v -0.1252226084470749 1.0696524381637573 -0.3368123173713684 
v 0.17472870647907257 1.0696524381637573 -0.3368123173713684 
v 0.07467981427907944 0.7697989344596863 0.36245614290237427 
v -0.025173703208565712 0.7697989344596863 0.36245614290237427 
v 0.07467981427907944 0.7697989344596863 1.4636791944503784 
v -0.025173703208565712 0.7697989344596863 1.4636791944503784 
v 0.07467981427907944 1.3699456453323364 0.16313962638378143 
v 0.07467981427907944 1.3699456453323364 0.26279789209365845 
v -0.025173703208565712 1.3699456453323364 0.16313962638378143 
v -0.025173703208565712 1.3699456453323364 0.26279789209365845 
v 0.6747778058052063 1.1698967218399048 -1.3367162942886353 
v 0.6747778058052063 1.1698967218399048 -1.2370580434799194 
v 0.17472870647907257 1.1698967218399048 -1.3367162942886353 
v 0.574728786945343 1.1698967218399048 -1.2370580434799194 
v 0.17472870647907257 1.1698967218399048 -1.2370580434799194 
v 0.9747291207313538 1.1698967218399048 -1.1373997926712036 
v 0.574728786945343 1.1698967218399048 -1.1373997926712036 
v 1.174826979637146 1.1698967218399048 -1.1373997926712036 
v -0.1252226084470749 1.0696524381637573 -0.43647056818008423 
v -0.025173703208565712 1.0696524381637573 -0.43647056818008423 
v -0.1252226084470749 1.0696524381637573 -1.2370580434799194 
v -0.025173703208565712 1.0696524381637573 -1.2370580434799194 
v 0.07467981427907944 0.7697989344596863 -0.03617675229907036 
v -0.025173703208565712 0.7697989344596863 -0.03617675229907036 
v 0.07467981427907944 0.7697989344596863 0.06348149478435516 
v -0.025173703208565712 0.7697989344596863 0.06348149478435516 
v -0.025173703208565712 1.0696524381637573 1.4636791944503784 
v 0.07467981427907944 1.0696524381637573 1.4636791944503784 
v -0.025173703208565712 1.0696524381637573 0.36245614290237427 
v 0.07467981427907944 1.0696524381637573 0.36245614290237427 
v -1.2251741886138916 1.1698967218399048 -0.9364224076271057 
v -1.1253206729888916 1.1698967218399048 -0.9364224076271057 
v -1.2251741886138916 1.269701361656189 -0.9364224076271057 
v -1.0252717733383179 1.1698967218399048 -0.9364224076271057 
v -1.0252717733383179 1.269701361656189 -0.9364224076271057 
v 0.07467981427907944 0.8696035742759705 0.06348149478435516 
v 0.07467981427907944 0.8696035742759705 0.16313962638378143 
v 0.07467981427907944 0.7697989344596863 0.06348149478435516 
v 0.07467981427907944 0.7697989344596863 0.16313962638378143 
v -0.9252229332923889 1.1698967218399048 -1.1373997926712036 
v -0.9252229332923889 1.269701361656189 -1.1373997926712036 
v -0.9252229332923889 1.1698967218399048 -1.2370580434799194 
v -0.9252229332923889 1.269701361656189 -1.2370580434799194 
v 0.07467981427907944 0.7697989344596863 -0.03617675229907036 
v 0.07467981427907944 0.7697989344596863 -0.1374959498643875 
v 0.07467981427907944 0.8696035742759705 -0.03617675229907036 
v 0.07467981427907944 0.8696035742759705 -0.1374959498643875 
v -1.3252230882644653 1.0696524381637573 -0.9364224076271057 
v -1.1253206729888916 1.0696524381637573 -0.9364224076271057 
v -1.3252230882644653 1.0696524381637573 -1.0360807180404663 
v -1.0252717733383179 1.0696524381637573 -0.9364224076271057 
v -1.1253206729888916 1.0696524381637573 -1.0360807180404663 
v -1.0252717733383179 1.0696524381637573 -1.0360807180404663 
v -1.1253206729888916 1.0696524381637573 -1.1373997926712036 
v -0.8251740336418152 1.0696524381637573 -1.0360807180404663 
v -0.9252229332923889 1.0696524381637573 -1.1373997926712036 
v -0.8251740336418152 1.0696524381637573 -1.1373997926712036 
v -0.9252229332923889 1.0696524381637573 -1.2370580434799194 
v -0.5252227187156677 1.0696524381637573 -1.1373997926712036 
v -0.6252716183662415 1.0696524381637573 -1.2370580434799194 
v -0.5252227187156677 1.0696524381637573 -1.2370580434799194 
v -0.6252716183662415 1.0696524381637573 -1.3367162942886353 
v -0.1252226084470749 1.0696524381637573 -1.2370580434799194 
v -0.1252226084470749 1.0696524381637573 -1.3367162942886353 
v 1.0747779607772827 1.1698967218399048 -0.9364224076271057 
v 1.174826979637146 1.1698967218399048 -0.9364224076271057 
v 1.0747779607772827 1.269701361656189 -0.9364224076271057 
v 1.274680256843567 1.1698967218399048 -0.9364224076271057 
v 1.274680256843567 1.269701361656189 -0.9364224076271057 
v 0.07467981427907944 1.1698967218399048 0.16313962638378143 
v 0.07467981427907944 1.269701361656189 0.16313962638378143 
v 0.07467981427907944 1.1698967218399048 -0.1374959498643875 
v 0.07467981427907944 1.269701361656189 -0.03617675229907036 
v 0.07467981427907944 1.269701361656189 -0.1374959498643875 
v 1.274680256843567 1.0696524381637573 -0.9364224076271057 
v 1.174826979637146 1.0696524381637573 -0.9364224076271057 
v 1.274680256843567 0.9698478579521179 -0.9364224076271057 
v 1.0747779607772827 0.9698478579521179 -0.9364224076271057 
v 0.07467981427907944 1.0696524381637573 0.36245614290237427 
v 0.07467981427907944 1.0696524381637573 1.4636791944503784 
v 0.07467981427907944 0.9698478579521179 0.36245614290237427 
v 0.07467981427907944 0.9698478579521179 1.4636791944503784 
v 0.17472870647907257 1.0696524381637573 -0.3368123173713684 
v 0.17472870647907257 1.0696524381637573 -0.43647056818008423 
v 0.27477750182151794 1.0696524381637573 -0.3368123173713684 
v 0.17472870647907257 0.9698478579521179 -1.2370580434799194 
v 0.17472870647907257 0.9698478579521179 -1.3367162942886353 
v 0.574728786945343 0.9698478579521179 -1.2370580434799194 
v 0.6747778058052063 0.9698478579521179 -1.2370580434799194 
v 0.9747291207313538 0.9698478579521179 -1.1373997926712036 
v 0.9747291207313538 0.9698478579521179 -1.2370580434799194 
v 0.8746801018714905 0.9698478579521179 -1.1373997926712036 
v 1.174826979637146 0.9698478579521179 -1.0360807180404663 
v 1.0747779607772827 0.9698478579521179 -1.0360807180404663 
v 1.3747292757034302 0.9698478579521179 -0.9364224076271057 
v 1.274680256843567 0.9698478579521179 -0.9364224076271057 
v 1.4747780561447144 0.9698478579521179 -0.8367641568183899 
v 1.274680256843567 0.9698478579521179 -0.8367641568183899 
v -1.0252717733383179 0.9698478579521179 -1.0360807180404663 
v -0.8251740336418152 0.9698478579521179 -1.0360807180404663 
v -1.0252717733383179 1.0696524381637573 -1.0360807180404663 
v -0.8251740336418152 1.0696524381637573 -1.0360807180404663 
v -0.5252227187156677 1.0696524381637573 -0.43647056818008423 
v -0.22527150809764862 1.0696524381637573 -0.43647056818008423 
v -0.22527150809764862 1.0696524381637573 -0.536128580570221 
v -1.0252717733383179 1.1698967218399048 -1.0360807180404663 
v -0.8251740336418152 1.1698967218399048 -1.0360807180404663 
v -1.0252717733383179 1.269701361656189 -1.0360807180404663 
v -0.8251740336418152 1.269701361656189 -1.0360807180404663 
v 0.07467981427907944 1.269701361656189 0.26279789209365845 
v 0.07467981427907944 1.3699456453323364 0.26279789209365845 
v 0.07467981427907944 1.3699456453323364 0.16313962638378143 
v 0.07467981427907944 1.1698967218399048 -1.2370580434799194 
v 0.07467981427907944 1.1698967218399048 -0.43647056818008423 
v 0.07467981427907944 1.0696524381637573 -1.2370580434799194 
v 0.07467981427907944 1.0696524381637573 -0.43647056818008423 
v -0.1252226084470749 0.9698478579521179 -0.23715408146381378 
v -0.1252226084470749 0.9698478579521179 -1.2370580434799194 
v 0.17472870647907257 0.9698478579521179 -0.23715408146381378 
v 0.17472870647907257 0.9698478579521179 -1.2370580434799194 
v -0.1252226084470749 0.9698478579521179 -1.3367162942886353 
v 0.17472870647907257 0.9698478579521179 -1.3367162942886353 
v 1.0747779607772827 1.0696524381637573 -1.0360807180404663 
v 0.8746801018714905 1.0696524381637573 -1.0360807180404663 
v 1.0747779607772827 0.9698478579521179 -1.0360807180404663 
v 0.8746801018714905 0.9698478579521179 -1.0360807180404663 
v 0.8746801018714905 1.1698967218399048 -1.0360807180404663 
v 1.0747779607772827 1.1698967218399048 -1.0360807180404663 
v 0.8746801018714905 1.269701361656189 -1.0360807180404663 
v 1.0747779607772827 1.269701361656189 -1.0360807180404663 
v 0.574728786945343 1.1698967218399048 -0.43647056818008423 
v 0.27477750182151794 1.1698967218399048 -0.43647056818008423 
v 0.574728786945343 1.0696524381637573 -0.43647056818008423 
v 0.27477750182151794 1.0696524381637573 -0.43647056818008423 
v 0.07467981427907944 0.9698478579521179 0.36245614290237427 
v 0.07467981427907944 0.9698478579521179 1.4636791944503784 
v -0.025173703208565712 0.9698478579521179 0.36245614290237427 
v -0.025173703208565712 0.9698478579521179 1.4636791944503784 
v 0.9747291207313538 1.1698967218399048 -0.6374478936195374 
v 0.7748265862464905 1.1698967218399048 -0.6374478936195374 
v 0.9747291207313538 1.0696524381637573 -0.6374478936195374 
v 0.7748265862464905 1.0696524381637573 -0.6374478936195374 
v -0.1252226084470749 1.269701361656189 -1.2370580434799194 
v 0.17472870647907257 1.269701361656189 -1.2370580434799194 
v -0.1252226084470749 1.269701361656189 -1.3367162942886353 
v 0.17472870647907257 1.269701361656189 -1.3367162942886353 
v -0.1252226084470749 1.0696524381637573 -1.2370580434799194 
v -0.1252226084470749 0.9698478579521179 -1.2370580434799194 
v -0.1252226084470749 1.0696524381637573 -0.43647056818008423 
v -0.1252226084470749 1.0696524381637573 -0.3368123173713684 
v -0.1252226084470749 1.0696524381637573 -0.23715408146381378 
v -0.1252226084470749 0.9698478579521179 -0.23715408146381378 
v -0.1252226084470749 0.8696035742759705 0.16313962638378143 
v -0.1252226084470749 0.8696035742759705 -0.23715408146381378 
v -0.1252226084470749 1.1698967218399048 0.36245614290237427 
v -0.1252226084470749 0.6695546507835388 0.26279789209365845 
v -0.1252226084470749 0.5697500109672546 0.36245614290237427 
v -0.1252226084470749 0.5697500109672546 0.26279789209365845 
v -0.1252226084470749 1.1698967218399048 0.26279789209365845 
v -0.1252226084470749 1.1698967218399048 -0.1374959498643875 
v -0.1252226084470749 1.1698967218399048 -0.23715408146381378 
v -0.025173703208565712 0.7697989344596863 -0.03617675229907036 
v -0.025173703208565712 0.7697989344596863 -0.1374959498643875 
v 0.07467981427907944 0.7697989344596863 -0.03617675229907036 
v 0.07467981427907944 0.7697989344596863 -0.1374959498643875 
v -0.1252226084470749 0.5697500109672546 0.36245614290237427 
v -0.1252226084470749 0.5697500109672546 0.26279789209365845 
v 0.17472870647907257 0.5697500109672546 0.36245614290237427 
v 0.17472870647907257 0.5697500109672546 0.26279789209365845 
v 0.27477750182151794 1.0696524381637573 -0.43647056818008423 
v 0.27477750182151794 1.1698967218399048 -0.43647056818008423 
v 0.27477750182151794 1.0696524381637573 -0.536128580570221 
v 0.27477750182151794 1.1698967218399048 -0.536128580570221 
v 0.17472870647907257 0.6695546507835388 0.16313962638378143 
v 0.17472870647907257 0.8696035742759705 0.16313962638378143 
v 0.17472870647907257 0.6695546507835388 0.26279789209365845 
v 0.17472870647907257 1.1698967218399048 0.36245614290237427 
v 0.17472870647907257 0.5697500109672546 0.36245614290237427 
v 0.17472870647907257 1.0696524381637573 -0.23715408146381378 
v 0.17472870647907257 0.9698478579521179 -0.23715408146381378 
v 0.17472870647907257 0.9698478579521179 -1.2370580434799194 
v 0.17472870647907257 1.0696524381637573 -0.3368123173713684 
v 0.17472870647907257 1.0696524381637573 -0.43647056818008423 
v 0.17472870647907257 1.269701361656189 -1.3367162942886353 
v 0.17472870647907257 1.1698967218399048 -1.3367162942886353 
v -0.1252226084470749 1.269701361656189 -1.3367162942886353 
v 0.07467981427907944 1.1698967218399048 -1.3367162942886353 
v -0.025173703208565712 1.1698967218399048 -1.3367162942886353 
v 0.17472870647907257 1.0696524381637573 -1.3367162942886353 
v 0.17472870647907257 0.9698478579521179 -1.3367162942886353 
v 0.07467981427907944 1.0696524381637573 -1.3367162942886353 
v -0.1252226084470749 0.9698478579521179 -1.3367162942886353 
v -0.025173703208565712 1.0696524381637573 -1.3367162942886353 
v -0.1252226084470749 1.0696524381637573 -1.3367162942886353 
v -0.1252226084470749 1.1698967218399048 -1.3367162942886353 
v 0.17472870647907257 1.1698967218399048 0.26279789209365845 
v 0.17472870647907257 1.1698967218399048 -0.1374959498643875 
v 0.574728786945343 0.9698478579521179 -1.1373997926712036 
v 0.8746801018714905 0.9698478579521179 -1.1373997926712036 
v 0.574728786945343 1.0696524381637573 -1.1373997926712036 
v 0.8746801018714905 1.0696524381637573 -1.1373997926712036 
v -0.6252716183662415 1.1698967218399048 -1.3367162942886353 
v -0.6252716183662415 1.269701361656189 -1.3367162942886353 
v -0.1252226084470749 1.1698967218399048 -1.3367162942886353 
v -0.1252226084470749 1.269701361656189 -1.3367162942886353 
v -0.6252716183662415 0.9698478579521179 -1.3367162942886353 
v -0.6252716183662415 1.0696524381637573 -1.3367162942886353 
v -0.1252226084470749 0.9698478579521179 -1.3367162942886353 
v -0.1252226084470749 1.0696524381637573 -1.3367162942886353 
v 0.9747291207313538 0.9698478579521179 -1.1373997926712036 
v 0.9747291207313538 1.0696524381637573 -1.1373997926712036 
v 1.174826979637146 0.9698478579521179 -1.1373997926712036 
v 1.174826979637146 1.0696524381637573 -1.1373997926712036 
v -0.025173703208565712 1.0696524381637573 -1.73701012134552 
v -0.025173703208565712 1.1698967218399048 -1.73701012134552 
v 0.07467981427907944 1.0696524381637573 -1.73701012134552 
v 0.07467981427907944 1.1698967218399048 -1.73701012134552 
v 0.17472870647907257 1.1698967218399048 -1.3367162942886353 
v 0.17472870647907257 1.269701361656189 -1.3367162942886353 
v 0.6747778058052063 1.1698967218399048 -1.3367162942886353 
v 0.6747778058052063 1.269701361656189 -1.3367162942886353 
v 0.6747778058052063 0.9698478579521179 -1.2370580434799194 
v 0.6747778058052063 1.0696524381637573 -1.2370580434799194 
v 0.9747291207313538 0.9698478579521179 -1.2370580434799194 
v 0.9747291207313538 1.0696524381637573 -1.2370580434799194 
v 0.574728786945343 1.1698967218399048 -1.1373997926712036 
v 0.8746801018714905 1.1698967218399048 -1.1373997926712036 
v 0.574728786945343 1.269701361656189 -1.1373997926712036 
v 0.8746801018714905 1.269701361656189 -1.1373997926712036 
v -1.1253206729888916 0.9698478579521179 -1.1373997926712036 
v -1.1253206729888916 1.0696524381637573 -1.1373997926712036 
v -0.9252229332923889 0.9698478579521179 -1.1373997926712036 
v -0.9252229332923889 1.0696524381637573 -1.1373997926712036 
v 1.174826979637146 0.9698478579521179 -1.0360807180404663 
v 1.174826979637146 1.0696524381637573 -1.0360807180404663 
v 1.3747292757034302 0.9698478579521179 -1.0360807180404663 
v 1.3747292757034302 1.0696524381637573 -1.0360807180404663 
v -1.1253206729888916 1.0696524381637573 -1.0360807180404663 
v -1.1253206729888916 0.9698478579521179 -1.0360807180404663 
v -1.3252230882644653 1.0696524381637573 -1.0360807180404663 
v -1.3252230882644653 0.9698478579521179 -1.0360807180404663 
v 1.3747292757034302 0.9698478579521179 -0.9364224076271057 
v 1.3747292757034302 1.0696524381637573 -0.9364224076271057 
v 1.4747780561447144 0.9698478579521179 -0.9364224076271057 
v 1.3747292757034302 1.1698967218399048 -0.9364224076271057 
v 1.3747292757034302 1.269701361656189 -0.9364224076271057 
v -0.1252226084470749 0.5697500109672546 1.6629955768585205 
v -0.1252226084470749 0.5697500109672546 1.4636791944503784 
v 0.17472870647907257 0.5697500109672546 1.6629955768585205 
v 0.17472870647907257 0.5697500109672546 1.4636791944503784 
v -0.5252227187156677 0.9698478579521179 -1.2370580434799194 
v -0.1252226084470749 0.9698478579521179 -1.2370580434799194 
v -0.5252227187156677 1.0696524381637573 -1.2370580434799194 
v -0.1252226084470749 1.0696524381637573 -1.2370580434799194 
v 1.3747292757034302 1.1698967218399048 -0.9364224076271057 
v 1.3747292757034302 1.0696524381637573 -0.9364224076271057 
v 1.174826979637146 1.1698967218399048 -0.9364224076271057 
v 1.174826979637146 1.0696524381637573 -0.9364224076271057 
v 0.17472870647907257 1.0696524381637573 -1.2370580434799194 
v 0.07467981427907944 1.0696524381637573 -1.2370580434799194 
v 0.17472870647907257 1.0696524381637573 -0.43647056818008423 
v 0.07467981427907944 1.0696524381637573 -0.43647056818008423 
v -0.5252227187156677 1.1698967218399048 -1.2370580434799194 
v -0.1252226084470749 1.1698967218399048 -1.2370580434799194 
v -0.5252227187156677 1.269701361656189 -1.2370580434799194 
v -0.1252226084470749 1.269701361656189 -1.2370580434799194 
v -1.425271987915039 0.9698478579521179 -0.9364224076271057 
v -1.425271987915039 1.269701361656189 -0.9364224076271057 
v -1.3252230882644653 0.9698478579521179 -0.9364224076271057 
v -1.3252230882644653 1.0696524381637573 -0.9364224076271057 
v -1.3252230882644653 1.1698967218399048 -0.9364224076271057 
v -1.3252230882644653 1.269701361656189 -0.9364224076271057 
v 0.9747291207313538 1.0696524381637573 -0.8367641568183899 
v 0.9747291207313538 1.1698967218399048 -0.8367641568183899 
v 1.174826979637146 1.0696524381637573 -0.8367641568183899 
v 1.174826979637146 1.1698967218399048 -0.8367641568183899 
v 0.7748265862464905 1.0696524381637573 -0.7371061444282532 
v 0.7748265862464905 1.1698967218399048 -0.7371061444282532 
v 0.9747291207313538 1.0696524381637573 -0.7371061444282532 
v 0.9747291207313538 1.1698967218399048 -0.7371061444282532 
v -0.9252229332923889 1.0696524381637573 -0.7371061444282532 
v -0.9252229332923889 1.1698967218399048 -0.7371061444282532 
v -0.7253205180168152 1.0696524381637573 -0.7371061444282532 
v -0.7253205180168152 1.1698967218399048 -0.7371061444282532 
v 0.574728786945343 1.1698967218399048 -0.536128580570221 
v 0.574728786945343 1.0696524381637573 -0.536128580570221 
v 0.27477750182151794 1.1698967218399048 -0.536128580570221 
v 0.27477750182151794 1.0696524381637573 -0.536128580570221 
v -0.22527150809764862 1.1698967218399048 -0.536128580570221 
v -0.22527150809764862 1.0696524381637573 -0.536128580570221 
v -0.5252227187156677 1.1698967218399048 -0.536128580570221 
v -0.5252227187156677 1.0696524381637573 -0.536128580570221 
v 0.27477750182151794 1.1698967218399048 -0.43647056818008423 
v 0.27477750182151794 1.0696524381637573 -0.43647056818008423 
v 0.07467981427907944 1.1698967218399048 -0.43647056818008423 
v 0.17472870647907257 1.0696524381637573 -0.43647056818008423 
v 0.07467981427907944 1.0696524381637573 -0.43647056818008423 
v 0.574728786945343 1.0696524381637573 -0.6374478936195374 
v 0.574728786945343 1.1698967218399048 -0.6374478936195374 
v 0.7748265862464905 1.0696524381637573 -0.6374478936195374 
v 0.7748265862464905 1.1698967218399048 -0.6374478936195374 
v -0.5252227187156677 1.1698967218399048 -0.6374478936195374 
v -0.5252227187156677 1.0696524381637573 -0.6374478936195374 
v -0.7253205180168152 1.1698967218399048 -0.6374478936195374 
v -0.7253205180168152 1.0696524381637573 -0.6374478936195374 
v -0.025173703208565712 1.1698967218399048 -0.43647056818008423 
v -0.025173703208565712 1.0696524381637573 -0.43647056818008423 
v -0.22527150809764862 1.1698967218399048 -0.43647056818008423 
v -0.1252226084470749 1.0696524381637573 -0.43647056818008423 
v -0.22527150809764862 1.0696524381637573 -0.43647056818008423 
v 0.17472870647907257 0.9698478579521179 -0.23715408146381378 
v 0.17472870647907257 0.8696035742759705 -0.23715408146381378 
v -0.1252226084470749 0.9698478579521179 -0.23715408146381378 
v -0.1252226084470749 0.8696035742759705 -0.23715408146381378 
v -0.1252226084470749 1.0696524381637573 -0.23715408146381378 
v -0.1252226084470749 1.1698967218399048 -0.23715408146381378 
v 0.17472870647907257 1.0696524381637573 -0.23715408146381378 
v 0.17472870647907257 1.1698967218399048 -0.23715408146381378 
v -1.1253206729888916 1.0696524381637573 -0.8367641568183899 
v -1.1253206729888916 1.1698967218399048 -0.8367641568183899 
v -0.9252229332923889 1.0696524381637573 -0.8367641568183899 
v -0.9252229332923889 1.1698967218399048 -0.8367641568183899 
v 0.6747778058052063 1.0696524381637573 -1.3367162942886353 
v 0.6747778058052063 1.0696524381637573 -1.2370580434799194 
v 0.6747778058052063 0.9698478579521179 -1.3367162942886353 
v 0.6747778058052063 0.9698478579521179 -1.2370580434799194 
v -0.1252226084470749 1.1698967218399048 -0.1374959498643875 
v -0.1252226084470749 1.3699456453323364 -0.1374959498643875 
v -0.025173703208565712 1.1698967218399048 -0.1374959498643875 
v -0.025173703208565712 1.269701361656189 -0.1374959498643875 
v 0.07467981427907944 1.269701361656189 -0.1374959498643875 
v 0.17472870647907257 1.3699456453323364 -0.1374959498643875 
v 0.17472870647907257 1.1698967218399048 -0.1374959498643875 
v -0.025173703208565712 0.6695546507835388 -0.03617675229907036 
v -0.025173703208565712 0.7697989344596863 -0.03617675229907036 
v 0.07467981427907944 0.6695546507835388 -0.03617675229907036 
v 0.07467981427907944 0.7697989344596863 -0.03617675229907036 
v 0.07467981427907944 0.8696035742759705 0.06348149478435516 
v 0.07467981427907944 0.7697989344596863 0.06348149478435516 
v -0.025173703208565712 0.8696035742759705 0.06348149478435516 
v -0.025173703208565712 0.7697989344596863 0.06348149478435516 
v -0.025173703208565712 1.1698967218399048 0.16313962638378143 
v -0.025173703208565712 1.269701361656189 0.16313962638378143 
v 0.07467981427907944 1.1698967218399048 0.16313962638378143 
v 0.07467981427907944 1.269701361656189 0.16313962638378143 
v 0.17472870647907257 1.3699456453323364 -0.1374959498643875 
v 0.17472870647907257 1.3699456453323364 -0.03617675229907036 
v 0.17472870647907257 1.1698967218399048 -0.1374959498643875 
v 0.17472870647907257 1.269701361656189 -0.03617675229907036 
v 0.17472870647907257 1.269701361656189 0.16313962638378143 
v 0.17472870647907257 1.1698967218399048 0.26279789209365845 
v 0.17472870647907257 1.4697502851486206 0.26279789209365845 
v -0.1252226084470749 1.269701361656189 0.16313962638378143 
v -0.1252226084470749 1.4697502851486206 0.16313962638378143 
v -0.025173703208565712 1.269701361656189 0.16313962638378143 
v -0.025173703208565712 1.3699456453323364 0.16313962638378143 
v 0.07467981427907944 1.3699456453323364 0.16313962638378143 
v 0.17472870647907257 1.4697502851486206 0.16313962638378143 
v 0.17472870647907257 1.269701361656189 0.16313962638378143 
v -0.025173703208565712 0.8696035742759705 0.16313962638378143 
v -0.025173703208565712 0.7697989344596863 0.16313962638378143 
v -0.1252226084470749 0.8696035742759705 0.16313962638378143 
v -0.025173703208565712 0.6695546507835388 0.16313962638378143 
v -0.1252226084470749 0.6695546507835388 0.16313962638378143 
v -0.1252226084470749 0.5697500109672546 0.26279789209365845 
v -0.1252226084470749 0.6695546507835388 0.26279789209365845 
v 0.17472870647907257 0.5697500109672546 0.26279789209365845 
v 0.17472870647907257 0.6695546507835388 0.26279789209365845 
v -1.1253206729888916 1.1698967218399048 -0.7371061444282532 
v -0.9252229332923889 1.1698967218399048 -0.7371061444282532 
v -1.1253206729888916 1.1698967218399048 -0.8367641568183899 
v -0.9252229332923889 1.1698967218399048 -0.8367641568183899 
v -0.5252227187156677 1.1698967218399048 -0.6374478936195374 
v -0.7253205180168152 1.1698967218399048 -0.6374478936195374 
v -0.5252227187156677 1.1698967218399048 -0.536128580570221 
v -0.7253205180168152 1.1698967218399048 -0.536128580570221 
v -0.5252227187156677 1.1698967218399048 -0.43647056818008423 
v -0.22527150809764862 1.1698967218399048 -0.43647056818008423 
v -0.22527150809764862 1.1698967218399048 -0.536128580570221 
v 0.17472870647907257 1.1698967218399048 -1.2370580434799194 
v 0.574728786945343 1.1698967218399048 -1.2370580434799194 
v 0.17472870647907257 1.269701361656189 -1.2370580434799194 
v 0.574728786945343 1.269701361656189 -1.2370580434799194 
v 0.574728786945343 1.0696524381637573 -1.2370580434799194 
v 0.17472870647907257 1.0696524381637573 -1.2370580434799194 
v 0.574728786945343 0.9698478579521179 -1.2370580434799194 
v 0.17472870647907257 0.9698478579521179 -1.2370580434799194 
v 0.17472870647907257 1.269701361656189 -1.2370580434799194 
v -0.1252226084470749 1.269701361656189 -1.2370580434799194 
v 0.17472870647907257 1.1698967218399048 -1.2370580434799194 
v 0.07467981427907944 1.1698967218399048 -1.2370580434799194 
v 0.17472870647907257 1.0696524381637573 -1.2370580434799194 
v 0.07467981427907944 1.0696524381637573 -1.2370580434799194 
v -0.025173703208565712 1.1698967218399048 -1.2370580434799194 
v -0.025173703208565712 1.0696524381637573 -1.2370580434799194 
v -0.1252226084470749 1.1698967218399048 -1.2370580434799194 
v -0.1252226084470749 1.0696524381637573 -1.2370580434799194 
v 0.574728786945343 1.0696524381637573 -1.2370580434799194 
v 0.574728786945343 0.9698478579521179 -1.2370580434799194 
v 0.574728786945343 1.0696524381637573 -1.1373997926712036 
v 0.574728786945343 0.9698478579521179 -1.1373997926712036 
v 0.6747778058052063 1.0696524381637573 -1.3367162942886353 
v 0.17472870647907257 1.0696524381637573 -1.3367162942886353 
v -0.7253205180168152 1.1698967218399048 -0.7371061444282532 
v -0.9252229332923889 1.1698967218399048 -0.6374478936195374 
v 0.07467981427907944 0.8696035742759705 -0.1374959498643875 
v 0.07467981427907944 0.7697989344596863 -0.1374959498643875 
v -0.025173703208565712 0.8696035742759705 -0.1374959498643875 
v -0.025173703208565712 0.7697989344596863 -0.1374959498643875 
v 0.17472870647907257 0.8696035742759705 0.16313962638378143 
v 0.17472870647907257 0.6695546507835388 0.16313962638378143 
v 0.07467981427907944 0.8696035742759705 0.16313962638378143 
v 0.07467981427907944 0.7697989344596863 0.16313962638378143 
v 0.07467981427907944 1.1698967218399048 -1.2370580434799194 
v -0.025173703208565712 1.1698967218399048 -1.2370580434799194 
v 0.07467981427907944 1.1698967218399048 -0.43647056818008423 
v -0.025173703208565712 1.1698967218399048 -0.43647056818008423 
v -0.025173703208565712 0.6695546507835388 1.4636791944503784 
v -0.025173703208565712 0.6695546507835388 0.36245614290237427 
v 0.07467981427907944 0.6695546507835388 1.4636791944503784 
v 0.07467981427907944 0.6695546507835388 0.36245614290237427 
v -0.025173703208565712 1.269701361656189 -0.03617675229907036 
v -0.025173703208565712 1.269701361656189 -0.1374959498643875 
v 0.07467981427907944 1.269701361656189 -0.03617675229907036 
v 0.07467981427907944 1.269701361656189 -0.1374959498643875 
v 0.27477750182151794 1.1698967218399048 -0.43647056818008423 
v 0.574728786945343 1.1698967218399048 -0.43647056818008423 
v 0.27477750182151794 1.1698967218399048 -0.536128580570221 
v 0.574728786945343 1.1698967218399048 -0.536128580570221 
v -1.1253206729888916 1.0696524381637573 -0.7371061444282532 
v -1.1253206729888916 1.1698967218399048 -0.7371061444282532 
v -1.1253206729888916 1.0696524381637573 -0.8367641568183899 
v -1.1253206729888916 1.1698967218399048 -0.8367641568183899 
v -0.1252226084470749 1.1698967218399048 1.4636791944503784 
v -0.1252226084470749 0.5697500109672546 1.4636791944503784 
v -0.1252226084470749 1.1698967218399048 1.6629955768585205 
v -0.1252226084470749 0.5697500109672546 1.6629955768585205 
v 0.574728786945343 1.0696524381637573 -0.536128580570221 
v 0.574728786945343 1.1698967218399048 -0.536128580570221 
v 0.574728786945343 1.0696524381637573 -0.6374478936195374 
v 0.574728786945343 1.1698967218399048 -0.6374478936195374 
v -0.7253205180168152 1.0696524381637573 -0.536128580570221 
v -0.7253205180168152 1.1698967218399048 -0.536128580570221 
v -0.7253205180168152 1.0696524381637573 -0.6374478936195374 
v -0.7253205180168152 1.1698967218399048 -0.6374478936195374 
v 0.07467981427907944 1.1698967218399048 -0.43647056818008423 
v 0.27477750182151794 1.1698967218399048 -0.3368123173713684 
v -0.025173703208565712 1.1698967218399048 -0.43647056818008423 
v 0.574728786945343 1.1698967218399048 -1.1373997926712036 
v 0.574728786945343 1.269701361656189 -1.1373997926712036 
v 0.574728786945343 1.1698967218399048 -1.2370580434799194 
v 0.574728786945343 1.269701361656189 -1.2370580434799194 
v 0.574728786945343 1.1698967218399048 -0.6374478936195374 
v 0.7748265862464905 1.1698967218399048 -0.536128580570221 
v 0.17472870647907257 1.1698967218399048 1.4636791944503784 
v 0.17472870647907257 1.1698967218399048 1.6629955768585205 
v 0.17472870647907257 0.5697500109672546 1.4636791944503784 
v 0.17472870647907257 0.5697500109672546 1.6629955768585205 
v 0.17472870647907257 1.0696524381637573 -1.2370580434799194 
v 0.17472870647907257 1.0696524381637573 -1.3367162942886353 
v 0.17472870647907257 1.1698967218399048 -1.2370580434799194 
v 0.17472870647907257 1.1698967218399048 -1.3367162942886353 
v 1.174826979637146 1.1698967218399048 -0.7371061444282532 
v 0.9747291207313538 1.1698967218399048 -0.8367641568183899 
v 1.174826979637146 1.1698967218399048 -0.8367641568183899 
v 1.274680256843567 1.0696524381637573 -0.8367641568183899 
v 1.274680256843567 0.9698478579521179 -0.8367641568183899 
v 1.3747292757034302 1.0696524381637573 -0.8367641568183899 
v 1.4747780561447144 0.9698478579521179 -0.8367641568183899 
v 1.3747292757034302 1.1698967218399048 -0.8367641568183899 
v 1.4747780561447144 1.269701361656189 -0.8367641568183899 
v 1.274680256843567 1.269701361656189 -0.8367641568183899 
v 0.7748265862464905 1.0696524381637573 -0.6374478936195374 
v 0.7748265862464905 1.1698967218399048 -0.6374478936195374 
v 0.7748265862464905 1.0696524381637573 -0.7371061444282532 
v 0.7748265862464905 1.1698967218399048 -0.7371061444282532 
v -0.22527150809764862 1.1698967218399048 -0.536128580570221 
v -0.22527150809764862 1.1698967218399048 -0.43647056818008423 
v -0.22527150809764862 1.0696524381637573 -0.536128580570221 
v -0.22527150809764862 1.0696524381637573 -0.43647056818008423 
v -0.5252227187156677 1.269701361656189 -1.2370580434799194 
v -0.5252227187156677 1.269701361656189 -1.1373997926712036 
v -0.5252227187156677 1.1698967218399048 -1.2370580434799194 
v -0.5252227187156677 1.1698967218399048 -1.1373997926712036 
v -0.7253205180168152 1.1698967218399048 -0.6374478936195374 
v -0.9252229332923889 1.1698967218399048 -0.6374478936195374 
v -0.7253205180168152 1.0696524381637573 -0.6374478936195374 
v -0.9252229332923889 1.0696524381637573 -0.6374478936195374 
v 0.7748265862464905 1.1698967218399048 -0.536128580570221 
v 0.574728786945343 1.1698967218399048 -0.536128580570221 
v 0.7748265862464905 1.0696524381637573 -0.536128580570221 
v 0.574728786945343 1.0696524381637573 -0.536128580570221 
v -0.5252227187156677 1.1698967218399048 -0.536128580570221 
v -0.7253205180168152 1.1698967218399048 -0.536128580570221 
v -0.5252227187156677 1.0696524381637573 -0.536128580570221 
v -0.7253205180168152 1.0696524381637573 -0.536128580570221 
v -0.5252227187156677 1.0696524381637573 -1.2370580434799194 
v -0.5252227187156677 1.0696524381637573 -1.1373997926712036 
v -0.5252227187156677 0.9698478579521179 -1.2370580434799194 
v -0.5252227187156677 0.9698478579521179 -1.1373997926712036 
v -0.22527150809764862 1.1698967218399048 -0.43647056818008423 
v -0.5252227187156677 1.1698967218399048 -0.43647056818008423 
v -0.22527150809764862 1.0696524381637573 -0.43647056818008423 
v -0.5252227187156677 1.0696524381637573 -0.43647056818008423 
v 1.174826979637146 1.1698967218399048 -0.7371061444282532 
v 0.9747291207313538 1.1698967218399048 -0.7371061444282532 
v 1.174826979637146 1.0696524381637573 -0.7371061444282532 
v 0.9747291207313538 1.0696524381637573 -0.7371061444282532 
v -0.22527150809764862 1.0696524381637573 -0.3368123173713684 
v -0.1252226084470749 1.0696524381637573 -0.3368123173713684 
v -0.22527150809764862 1.1698967218399048 -0.3368123173713684 
v 0.17472870647907257 1.0696524381637573 -0.3368123173713684 
v 0.27477750182151794 1.0696524381637573 -0.3368123173713684 
v 0.07467981427907944 0.8696035742759705 0.16313962638378143 
v 0.07467981427907944 0.8696035742759705 0.06348149478435516 
v 0.17472870647907257 0.8696035742759705 0.16313962638378143 
v 0.07467981427907944 0.8696035742759705 -0.03617675229907036 
v 0.07467981427907944 0.8696035742759705 -0.1374959498643875 
v -0.025173703208565712 0.8696035742759705 -0.03617675229907036 
v -0.025173703208565712 0.8696035742759705 0.06348149478435516 
v -0.1252226084470749 0.8696035742759705 0.16313962638378143 
v -0.025173703208565712 0.8696035742759705 0.16313962638378143 
v -0.025173703208565712 0.8696035742759705 -0.1374959498643875 
v -0.1252226084470749 0.8696035742759705 -0.23715408146381378 
v 0.17472870647907257 0.8696035742759705 -0.23715408146381378 
v 0.07467981427907944 0.6695546507835388 -0.03617675229907036 
v 0.07467981427907944 0.6695546507835388 0.16313962638378143 
v -0.025173703208565712 0.6695546507835388 -0.03617675229907036 
v -0.025173703208565712 0.6695546507835388 0.16313962638378143 
v 0.17472870647907257 0.6695546507835388 0.26279789209365845 
v -0.1252226084470749 0.6695546507835388 0.16313962638378143 
v -0.1252226084470749 1.1698967218399048 0.26279789209365845 
v -0.025173703208565712 1.1698967218399048 0.26279789209365845 
v -0.1252226084470749 1.4697502851486206 0.26279789209365845 
v -0.025173703208565712 1.269701361656189 0.26279789209365845 
v -0.025173703208565712 1.3699456453323364 0.26279789209365845 
v 0.07467981427907944 1.3699456453323364 0.26279789209365845 
v 0.17472870647907257 1.4697502851486206 0.26279789209365845 
v 0.17472870647907257 1.1698967218399048 0.26279789209365845 
v 0.07467981427907944 1.269701361656189 0.26279789209365845 
v 0.07467981427907944 1.1698967218399048 0.26279789209365845 
v -0.8251740336418152 0.9698478579521179 -1.0360807180404663 
v -0.8251740336418152 0.9698478579521179 -1.1373997926712036 
v -0.8251740336418152 1.0696524381637573 -1.0360807180404663 
v -0.8251740336418152 1.0696524381637573 -1.1373997926712036 
v -0.6252716183662415 1.0696524381637573 -1.2370580434799194 
v -0.6252716183662415 0.9698478579521179 -1.2370580434799194 
v -0.9252229332923889 1.0696524381637573 -1.2370580434799194 
v -0.9252229332923889 0.9698478579521179 -1.2370580434799194 
v -1.2251741886138916 1.0696524381637573 -0.9364224076271057 
v -1.2251741886138916 1.0696524381637573 -0.8367641568183899 
v -1.2251741886138916 0.9698478579521179 -0.9364224076271057 
v -1.2251741886138916 0.9698478579521179 -0.8367641568183899 
v -0.1252226084470749 0.5697500109672546 1.6629955768585205 
v 0.17472870647907257 0.5697500109672546 1.6629955768585205 
v -0.1252226084470749 1.1698967218399048 1.6629955768585205 
v 0.17472870647907257 1.1698967218399048 1.6629955768585205 
v 1.4747780561447144 1.269701361656189 -0.9364224076271057 
v 1.4747780561447144 1.269701361656189 -0.8367641568183899 
v 1.4747780561447144 0.9698478579521179 -0.9364224076271057 
v 1.4747780561447144 0.9698478579521179 -0.8367641568183899 
v -0.6252716183662415 1.269701361656189 -1.2370580434799194 
v -0.6252716183662415 1.1698967218399048 -1.2370580434799194 
v -0.9252229332923889 1.269701361656189 -1.2370580434799194 
v -0.9252229332923889 1.1698967218399048 -1.2370580434799194 
v 1.174826979637146 1.1698967218399048 -1.0360807180404663 
v 1.174826979637146 1.1698967218399048 -1.1373997926712036 
v 1.174826979637146 1.269701361656189 -1.0360807180404663 
v 1.174826979637146 1.269701361656189 -1.1373997926712036 
v 1.174826979637146 1.1698967218399048 -0.8367641568183899 
v 1.174826979637146 1.1698967218399048 -0.7371061444282532 
v 1.174826979637146 1.0696524381637573 -0.8367641568183899 
v 1.174826979637146 1.0696524381637573 -0.7371061444282532 
v 1.174826979637146 0.9698478579521179 -1.0360807180404663 
v 1.174826979637146 0.9698478579521179 -1.1373997926712036 
v 1.174826979637146 1.0696524381637573 -1.0360807180404663 
v 1.174826979637146 1.0696524381637573 -1.1373997926712036 
v 0.9747291207313538 1.269701361656189 -1.2370580434799194 
v 0.9747291207313538 1.269701361656189 -1.1373997926712036 
v 0.9747291207313538 1.1698967218399048 -1.2370580434799194 
v 0.9747291207313538 1.1698967218399048 -1.1373997926712036 
v 0.9747291207313538 1.0696524381637573 -0.6374478936195374 
v 0.9747291207313538 1.0696524381637573 -0.7371061444282532 
v 0.9747291207313538 1.1698967218399048 -0.6374478936195374 
v 0.9747291207313538 1.1698967218399048 -0.7371061444282532 
v 0.9747291207313538 1.0696524381637573 -1.2370580434799194 
v 0.9747291207313538 1.0696524381637573 -1.1373997926712036 
v 0.9747291207313538 0.9698478579521179 -1.2370580434799194 
v 0.9747291207313538 0.9698478579521179 -1.1373997926712036 
v 0.7748265862464905 1.0696524381637573 -0.536128580570221 
v 0.7748265862464905 1.0696524381637573 -0.6374478936195374 
v 0.7748265862464905 1.1698967218399048 -0.536128580570221 
v 0.7748265862464905 1.1698967218399048 -0.6374478936195374 
v 0.6747778058052063 1.269701361656189 -1.3367162942886353 
v 0.6747778058052063 1.269701361656189 -1.2370580434799194 
v 0.6747778058052063 1.1698967218399048 -1.3367162942886353 
v 0.6747778058052063 1.1698967218399048 -1.2370580434799194 
v -0.6252716183662415 0.9698478579521179 -1.2370580434799194 
v -0.6252716183662415 1.0696524381637573 -1.2370580434799194 
v -0.6252716183662415 0.9698478579521179 -1.3367162942886353 
v -0.6252716183662415 1.0696524381637573 -1.3367162942886353 
v 0.574728786945343 1.1698967218399048 -0.536128580570221 
v 0.574728786945343 1.1698967218399048 -0.43647056818008423 
v 0.574728786945343 1.0696524381637573 -0.536128580570221 
v 0.574728786945343 1.0696524381637573 -0.43647056818008423 
v 0.8746801018714905 1.0696524381637573 -1.1373997926712036 
v 0.8746801018714905 0.9698478579521179 -1.1373997926712036 
v 0.8746801018714905 1.0696524381637573 -1.0360807180404663 
v 0.8746801018714905 0.9698478579521179 -1.0360807180404663 
v -1.3252230882644653 1.1698967218399048 -0.9364224076271057 
v -1.3252230882644653 1.269701361656189 -0.9364224076271057 
v -1.3252230882644653 1.1698967218399048 -1.0360807180404663 
v -1.3252230882644653 1.269701361656189 -1.0360807180404663 
v -1.3252230882644653 1.0696524381637573 -0.8367641568183899 
v -1.2251741886138916 1.0696524381637573 -0.8367641568183899 
v -1.3252230882644653 1.1698967218399048 -0.8367641568183899 
v -1.2251741886138916 1.1698967218399048 -0.8367641568183899 
v -1.1253206729888916 1.0696524381637573 -0.8367641568183899 
v -1.1253206729888916 1.1698967218399048 -0.8367641568183899 
v -0.025173703208565712 1.1698967218399048 0.16313962638378143 
v -0.025173703208565712 1.1698967218399048 -0.1374959498643875 
v -0.025173703208565712 1.269701361656189 -0.03617675229907036 
v -1.1253206729888916 1.0696524381637573 -0.8367641568183899 
v -1.1253206729888916 1.0696524381637573 -0.9364224076271057 
v -1.1253206729888916 1.1698967218399048 -0.8367641568183899 
v -1.1253206729888916 1.1698967218399048 -0.9364224076271057 
v -0.025173703208565712 1.1698967218399048 0.26279789209365845 
v 0.07467981427907944 1.1698967218399048 0.26279789209365845 
v -0.025173703208565712 1.269701361656189 0.26279789209365845 
v 0.07467981427907944 1.269701361656189 0.26279789209365845 
v -0.9252229332923889 1.0696524381637573 -0.7371061444282532 
v -0.9252229332923889 1.0696524381637573 -0.8367641568183899 
v -0.9252229332923889 1.1698967218399048 -0.7371061444282532 
v -0.9252229332923889 1.1698967218399048 -0.8367641568183899 
v -0.025173703208565712 0.6695546507835388 0.16313962638378143 
v -0.025173703208565712 0.7697989344596863 0.16313962638378143 
v -0.025173703208565712 0.6695546507835388 -0.03617675229907036 
v -0.025173703208565712 0.7697989344596863 0.06348149478435516 
v -0.025173703208565712 0.7697989344596863 -0.03617675229907036 
v 0.9747291207313538 1.269701361656189 -1.2370580434799194 
v 0.9747291207313538 1.1698967218399048 -1.2370580434799194 
v 0.6747778058052063 1.269701361656189 -1.2370580434799194 
v 0.6747778058052063 1.1698967218399048 -1.2370580434799194 
v -1.0252717733383179 0.9698478579521179 -0.9364224076271057 
v -1.0252717733383179 0.9698478579521179 -1.0360807180404663 
v -1.0252717733383179 1.0696524381637573 -0.9364224076271057 
v -1.0252717733383179 1.0696524381637573 -1.0360807180404663 
v 0.27477750182151794 1.0696524381637573 -0.3368123173713684 
v 0.27477750182151794 1.0696524381637573 -0.43647056818008423 
v 0.27477750182151794 1.1698967218399048 -0.3368123173713684 
v 0.27477750182151794 1.1698967218399048 -0.43647056818008423 
v -0.9252229332923889 1.1698967218399048 -0.7371061444282532 
v -1.1253206729888916 1.1698967218399048 -0.7371061444282532 
v -0.9252229332923889 1.0696524381637573 -0.7371061444282532 
v -1.1253206729888916 1.0696524381637573 -0.7371061444282532 
v -0.1252226084470749 0.9698478579521179 -1.3367162942886353 
v -0.1252226084470749 0.9698478579521179 -1.2370580434799194 
v -0.6252716183662415 0.9698478579521179 -1.3367162942886353 
v -0.5252227187156677 0.9698478579521179 -1.2370580434799194 
v -0.6252716183662415 0.9698478579521179 -1.2370580434799194 
v -0.5252227187156677 0.9698478579521179 -1.1373997926712036 
v -0.9252229332923889 0.9698478579521179 -1.2370580434799194 
v -0.8251740336418152 0.9698478579521179 -1.1373997926712036 
v -0.9252229332923889 0.9698478579521179 -1.1373997926712036 
v -0.8251740336418152 0.9698478579521179 -1.0360807180404663 
v -1.1253206729888916 0.9698478579521179 -1.1373997926712036 
v -1.0252717733383179 0.9698478579521179 -1.0360807180404663 
v -1.1253206729888916 0.9698478579521179 -1.0360807180404663 
v -1.0252717733383179 0.9698478579521179 -0.9364224076271057 
v -1.3252230882644653 0.9698478579521179 -1.0360807180404663 
v -1.2251741886138916 0.9698478579521179 -0.9364224076271057 
v -1.3252230882644653 0.9698478579521179 -0.9364224076271057 
v -1.2251741886138916 0.9698478579521179 -0.8367641568183899 
v -1.425271987915039 0.9698478579521179 -0.9364224076271057 
v -1.425271987915039 0.9698478579521179 -0.8367641568183899 
v 0.8746801018714905 1.1698967218399048 -1.0360807180404663 
v 0.8746801018714905 1.269701361656189 -1.0360807180404663 
v 0.8746801018714905 1.1698967218399048 -1.1373997926712036 
v 0.8746801018714905 1.269701361656189 -1.1373997926712036 
v -0.22527150809764862 1.1698967218399048 -0.43647056818008423 
v -0.22527150809764862 1.0696524381637573 -0.43647056818008423 
v -0.22527150809764862 1.1698967218399048 -0.3368123173713684 
v -0.22527150809764862 1.0696524381637573 -0.3368123173713684 
v -0.5252227187156677 1.1698967218399048 -0.6374478936195374 
v -0.5252227187156677 1.1698967218399048 -0.536128580570221 
v -0.5252227187156677 1.0696524381637573 -0.6374478936195374 
v -0.5252227187156677 1.0696524381637573 -0.536128580570221 
v -0.9252229332923889 1.0696524381637573 -1.2370580434799194 
v -0.9252229332923889 0.9698478579521179 -1.2370580434799194 
v -0.9252229332923889 1.0696524381637573 -1.1373997926712036 
v -0.9252229332923889 0.9698478579521179 -1.1373997926712036 
v -0.7253205180168152 1.1698967218399048 -0.7371061444282532 
v -0.7253205180168152 1.1698967218399048 -0.6374478936195374 
v -0.7253205180168152 1.0696524381637573 -0.7371061444282532 
v -0.7253205180168152 1.0696524381637573 -0.6374478936195374 
v -0.8251740336418152 1.269701361656189 -1.1373997926712036 
v -0.8251740336418152 1.269701361656189 -1.0360807180404663 
v -0.8251740336418152 1.1698967218399048 -1.1373997926712036 
v -0.8251740336418152 1.1698967218399048 -1.0360807180404663 
v 0.07467981427907944 0.8696035742759705 -0.03617675229907036 
v -0.025173703208565712 0.8696035742759705 -0.03617675229907036 
v 0.07467981427907944 0.7697989344596863 -0.03617675229907036 
v -0.025173703208565712 0.7697989344596863 -0.03617675229907036 
v 0.9747291207313538 1.1698967218399048 -1.1373997926712036 
v 0.9747291207313538 1.269701361656189 -1.1373997926712036 
v 1.174826979637146 1.1698967218399048 -1.1373997926712036 
v 1.174826979637146 1.269701361656189 -1.1373997926712036 
v -1.0252717733383179 1.269701361656189 -1.0360807180404663 
v -1.0252717733383179 1.269701361656189 -0.9364224076271057 
v -1.0252717733383179 1.1698967218399048 -1.0360807180404663 
v -1.0252717733383179 1.1698967218399048 -0.9364224076271057 
v -0.025173703208565712 0.6695546507835388 1.4636791944503784 
v -0.025173703208565712 0.7697989344596863 1.4636791944503784 
v -0.025173703208565712 0.6695546507835388 0.36245614290237427 
v -0.025173703208565712 0.7697989344596863 0.36245614290237427 
v -0.5252227187156677 1.1698967218399048 -0.536128580570221 
v -0.5252227187156677 1.0696524381637573 -0.536128580570221 
v -0.5252227187156677 1.1698967218399048 -0.43647056818008423 
v -0.5252227187156677 1.0696524381637573 -0.43647056818008423 
v -1.2251741886138916 1.269701361656189 -0.9364224076271057 
v -1.2251741886138916 1.269701361656189 -0.8367641568183899 
v -1.2251741886138916 1.1698967218399048 -0.9364224076271057 
v -1.2251741886138916 1.1698967218399048 -0.8367641568183899 
v -0.1252226084470749 1.3699456453323364 -0.1374959498643875 
v -0.1252226084470749 1.1698967218399048 -0.1374959498643875 
v -0.1252226084470749 1.3699456453323364 -0.03617675229907036 
v -0.1252226084470749 1.269701361656189 -0.03617675229907036 
v -0.1252226084470749 1.269701361656189 0.16313962638378143 
v -0.1252226084470749 1.1698967218399048 0.26279789209365845 
v -0.1252226084470749 1.4697502851486206 0.26279789209365845 
v 0.6747778058052063 1.0696524381637573 -1.3367162942886353 
v 0.6747778058052063 0.9698478579521179 -1.3367162942886353 
v 0.17472870647907257 1.0696524381637573 -1.3367162942886353 
v 0.17472870647907257 0.9698478579521179 -1.3367162942886353 
v 1.274680256843567 1.1698967218399048 -0.8367641568183899 
v 1.274680256843567 1.269701361656189 -0.8367641568183899 
v 1.274680256843567 1.1698967218399048 -0.9364224076271057 
v 1.274680256843567 1.269701361656189 -0.9364224076271057 
v 1.0747779607772827 0.9698478579521179 -0.9364224076271057 
v 1.0747779607772827 1.0696524381637573 -0.9364224076271057 
v 1.0747779607772827 0.9698478579521179 -1.0360807180404663 
v 1.0747779607772827 1.0696524381637573 -1.0360807180404663 
v 0.9747291207313538 1.1698967218399048 -0.8367641568183899 
v 0.9747291207313538 1.0696524381637573 -0.8367641568183899 
v 0.9747291207313538 1.1698967218399048 -0.7371061444282532 
v 0.9747291207313538 1.0696524381637573 -0.7371061444282532 
v -1.1253206729888916 1.1698967218399048 -0.9364224076271057 
v -1.1253206729888916 1.0696524381637573 -0.9364224076271057 
v -1.3252230882644653 1.1698967218399048 -0.9364224076271057 
v -1.3252230882644653 1.0696524381637573 -0.9364224076271057 
v 1.174826979637146 1.1698967218399048 -0.9364224076271057 
v 1.174826979637146 1.0696524381637573 -0.9364224076271057 
v 1.174826979637146 1.1698967218399048 -0.8367641568183899 
v 1.174826979637146 1.0696524381637573 -0.8367641568183899 
v -0.025173703208565712 0.8696035742759705 -0.03617675229907036 
v -0.025173703208565712 0.7697989344596863 -0.1374959498643875 
v -0.025173703208565712 0.8696035742759705 -0.1374959498643875 
v -0.22527150809764862 1.0696524381637573 -0.3368123173713684 
v -0.1252226084470749 1.0696524381637573 -0.3368123173713684 
v -0.1252226084470749 1.0696524381637573 -0.43647056818008423 
v -1.1253206729888916 1.0696524381637573 -1.1373997926712036 
v -1.1253206729888916 0.9698478579521179 -1.1373997926712036 
v -1.1253206729888916 1.0696524381637573 -1.0360807180404663 
v -1.1253206729888916 0.9698478579521179 -1.0360807180404663 
v -0.025173703208565712 0.9698478579521179 1.4636791944503784 
v -0.025173703208565712 1.0696524381637573 1.4636791944503784 
v -0.025173703208565712 0.9698478579521179 0.36245614290237427 
v -0.025173703208565712 1.0696524381637573 0.36245614290237427 
v -1.1253206729888916 1.1698967218399048 -0.9364224076271057 
v -1.2251741886138916 1.1698967218399048 -0.9364224076271057 
v -1.2251741886138916 1.1698967218399048 -0.8367641568183899 
v -1.1253206729888916 1.1698967218399048 -1.0360807180404663 
v -1.1253206729888916 1.269701361656189 -1.0360807180404663 
v -1.1253206729888916 1.1698967218399048 -1.1373997926712036 
v -1.1253206729888916 1.269701361656189 -1.1373997926712036 
v 0.07467981427907944 1.1698967218399048 -1.73701012134552 
v 0.07467981427907944 1.1698967218399048 -1.3367162942886353 
v 0.07467981427907944 1.0696524381637573 -1.73701012134552 
v 0.07467981427907944 1.0696524381637573 -1.3367162942886353 
v -0.6252716183662415 1.1698967218399048 -1.2370580434799194 
v -0.6252716183662415 1.269701361656189 -1.2370580434799194 
v -0.6252716183662415 1.1698967218399048 -1.3367162942886353 
v -0.6252716183662415 1.269701361656189 -1.3367162942886353 
v -0.025173703208565712 1.1698967218399048 -1.73701012134552 
v -0.025173703208565712 1.0696524381637573 -1.73701012134552 
v -0.025173703208565712 1.1698967218399048 -1.3367162942886353 
v -0.025173703208565712 1.0696524381637573 -1.3367162942886353 
v 0.07467981427907944 1.269701361656189 0.16313962638378143 
v 0.17472870647907257 1.269701361656189 0.16313962638378143 
v 0.07467981427907944 1.269701361656189 -0.03617675229907036 
v 0.17472870647907257 1.269701361656189 -0.03617675229907036 
v -0.9252229332923889 1.269701361656189 -1.1373997926712036 
v -0.9252229332923889 1.1698967218399048 -1.1373997926712036 
v -1.1253206729888916 1.269701361656189 -1.1373997926712036 
v -1.1253206729888916 1.1698967218399048 -1.1373997926712036 
v -0.8251740336418152 0.9698478579521179 -1.1373997926712036 
v -0.5252227187156677 0.9698478579521179 -1.1373997926712036 
v -0.8251740336418152 1.0696524381637573 -1.1373997926712036 
v -0.5252227187156677 1.0696524381637573 -1.1373997926712036 
v 1.3747292757034302 1.269701361656189 -1.0360807180404663 
v 1.3747292757034302 1.1698967218399048 -1.0360807180404663 
v 1.174826979637146 1.269701361656189 -1.0360807180404663 
v 1.174826979637146 1.1698967218399048 -1.0360807180404663 
v 1.274680256843567 1.0696524381637573 -0.9364224076271057 
v 1.274680256843567 0.9698478579521179 -0.9364224076271057 
v 1.274680256843567 1.0696524381637573 -0.8367641568183899 
v 1.274680256843567 0.9698478579521179 -0.8367641568183899 
v 1.3747292757034302 1.0696524381637573 -1.0360807180404663 
v 1.3747292757034302 1.0696524381637573 -0.9364224076271057 
v 1.3747292757034302 0.9698478579521179 -1.0360807180404663 
v 1.3747292757034302 0.9698478579521179 -0.9364224076271057 
v 1.3747292757034302 1.1698967218399048 -0.9364224076271057 
v 1.3747292757034302 1.1698967218399048 -1.0360807180404663 
v 1.3747292757034302 1.269701361656189 -0.9364224076271057 
v 1.3747292757034302 1.269701361656189 -1.0360807180404663 
v -0.025173703208565712 0.8696035742759705 0.06348149478435516 
v -0.025173703208565712 0.7697989344596863 0.06348149478435516 
v -0.025173703208565712 0.8696035742759705 0.16313962638378143 
v -0.025173703208565712 0.7697989344596863 0.16313962638378143 
v -1.1253206729888916 1.269701361656189 -1.0360807180404663 
v -1.1253206729888916 1.1698967218399048 -1.0360807180404663 
v -1.3252230882644653 1.269701361656189 -1.0360807180404663 
v -1.3252230882644653 1.1698967218399048 -1.0360807180404663 
v -0.8251740336418152 1.1698967218399048 -1.1373997926712036 
v -0.5252227187156677 1.1698967218399048 -1.1373997926712036 
v -0.8251740336418152 1.269701361656189 -1.1373997926712036 
v -0.5252227187156677 1.269701361656189 -1.1373997926712036 
v 1.274680256843567 1.1698967218399048 -0.9364224076271057 
v 1.174826979637146 1.1698967218399048 -0.9364224076271057 
v 1.274680256843567 1.1698967218399048 -0.8367641568183899 
v -0.1252226084470749 1.1698967218399048 -1.3367162942886353 
v -0.1252226084470749 1.0696524381637573 -1.3367162942886353 
v -0.1252226084470749 1.1698967218399048 -1.2370580434799194 
v 1.0747779607772827 1.1698967218399048 -0.9364224076271057 
v 1.0747779607772827 1.269701361656189 -0.9364224076271057 
v 1.0747779607772827 1.1698967218399048 -1.0360807180404663 
v 1.0747779607772827 1.269701361656189 -1.0360807180404663 
v 0.17472870647907257 1.3699456453323364 -0.03617675229907036 
v -0.1252226084470749 1.3699456453323364 -0.03617675229907036 
v 0.17472870647907257 1.269701361656189 -0.03617675229907036 
v 0.07467981427907944 1.269701361656189 -0.03617675229907036 
v -0.025173703208565712 1.269701361656189 -0.03617675229907036 
v -0.1252226084470749 1.269701361656189 -0.03617675229907036 
v -0.025173703208565712 0.9698478579521179 0.36245614290237427 
v 0.07467981427907944 0.7697989344596863 0.36245614290237427 
v 0.07467981427907944 0.9698478579521179 0.36245614290237427 
v 0.17472870647907257 0.5697500109672546 0.36245614290237427 
v 0.07467981427907944 1.0696524381637573 0.36245614290237427 
v 0.17472870647907257 1.1698967218399048 0.36245614290237427 
v -0.1252226084470749 1.1698967218399048 0.36245614290237427 
v -0.025173703208565712 0.7697989344596863 0.36245614290237427 
v -0.025173703208565712 0.6695546507835388 0.36245614290237427 
v -0.1252226084470749 0.5697500109672546 0.36245614290237427 
v 0.07467981427907944 0.6695546507835388 0.36245614290237427 
v -0.025173703208565712 1.0696524381637573 0.36245614290237427 
v 0.07467981427907944 0.7697989344596863 1.4636791944503784 
v 0.17472870647907257 0.5697500109672546 1.4636791944503784 
v 0.07467981427907944 0.6695546507835388 1.4636791944503784 
v -0.1252226084470749 0.5697500109672546 1.4636791944503784 
v -0.025173703208565712 0.6695546507835388 1.4636791944503784 
v -0.1252226084470749 1.1698967218399048 1.4636791944503784 
v -0.025173703208565712 0.7697989344596863 1.4636791944503784 
v -0.025173703208565712 0.9698478579521179 1.4636791944503784 
v 0.07467981427907944 0.9698478579521179 1.4636791944503784 
v 0.07467981427907944 1.0696524381637573 1.4636791944503784 
v 0.17472870647907257 1.1698967218399048 1.4636791944503784 
v -0.025173703208565712 1.0696524381637573 1.4636791944503784 
v -0.1252226084470749 0.6695546507835388 0.16313962638378143 
v -0.1252226084470749 1.4697502851486206 0.16313962638378143 
v -0.025173703208565712 1.269701361656189 -0.1374959498643875 
v 0.17472870647907257 0.5697500109672546 0.26279789209365845 
v 0.17472870647907257 0.8696035742759705 -0.23715408146381378 
v 0.17472870647907257 1.1698967218399048 -0.23715408146381378 
v 0.17472870647907257 1.4697502851486206 0.16313962638378143 
v 0.27477750182151794 1.1698967218399048 -0.3368123173713684 
v -1.2251741886138916 1.0696524381637573 -0.8367641568183899 
v 1.274680256843567 1.1698967218399048 -0.8367641568183899 
v 1.0747779607772827 1.0696524381637573 -0.9364224076271057 
v 0.07467981427907944 0.6695546507835388 0.16313962638378143 
v 0.07467981427907944 1.269701361656189 0.16313962638378143 
v 0.07467981427907944 1.1698967218399048 -0.1374959498643875 
v 1.4747780561447144 1.269701361656189 -0.9364224076271057 
v -0.1252226084470749 0.6695546507835388 0.26279789209365845 
v 0.17472870647907257 0.6695546507835388 0.16313962638378143 
v 1.4747780561447144 0.9698478579521179 -0.9364224076271057 
v 1.0747779607772827 0.9698478579521179 -0.9364224076271057 
v 1.3747292757034302 0.9698478579521179 -1.0360807180404663 
v 0.8746801018714905 0.9698478579521179 -1.0360807180404663 
v 1.174826979637146 0.9698478579521179 -1.1373997926712036 
v 0.574728786945343 0.9698478579521179 -1.1373997926712036 
v 0.6747778058052063 0.9698478579521179 -1.3367162942886353 
v 0.9747291207313538 1.1698967218399048 -1.2370580434799194 
v -0.1252226084470749 1.1698967218399048 -1.3367162942886353 
v 1.0747779607772827 1.0696524381637573 -0.9364224076271057 
v 1.3747292757034302 1.0696524381637573 -1.0360807180404663 
v 0.8746801018714905 1.0696524381637573 -1.0360807180404663 
v 1.174826979637146 1.0696524381637573 -1.1373997926712036 
v 0.17472870647907257 1.0696524381637573 -1.2370580434799194 
v -0.1252226084470749 1.1698967218399048 -0.1374959498643875 
v -0.22527150809764862 1.1698967218399048 -0.3368123173713684 
v 1.4747780561447144 1.269701361656189 -0.9364224076271057 
v 1.0747779607772827 1.269701361656189 -0.9364224076271057 
v 1.3747292757034302 1.269701361656189 -1.0360807180404663 
v 0.8746801018714905 1.269701361656189 -1.0360807180404663 
v 1.174826979637146 1.269701361656189 -1.1373997926712036 
v 0.574728786945343 1.269701361656189 -1.1373997926712036 
v 0.9747291207313538 1.269701361656189 -1.2370580434799194 
vn -0.999997615814209 -2.0682260971124217e-13 0.002184694167226553 
vn -0.999997615814209 -2.0682260971124217e-13 0.002184694167226553 
vn -0.999997615814209 -2.0682260971124217e-13 0.002184694167226553 
vn -0.999997615814209 -2.0682260971124217e-13 0.002184694167226553 
vn -0.999997615814209 -2.0682260971124217e-13 0.002184694167226553 
vn -0.999997615814209 -2.0682260971124217e-13 0.002184694167226553 
vn -0.999997615814209 -2.0682260971124217e-13 0.002184694167226553 
vn -0.999997615814209 -2.0682260971124217e-13 0.002184694167226553 
vn -0.999997615814209 -2.0682260971124217e-13 0.002184694167226553 
vn -0.999997615814209 -2.0682260971124217e-13 0.002184694167226553 
vn -0.999997615814209 -2.0682260971124217e-13 0.002184694167226553 
vn -0.999997615814209 -2.0682260971124217e-13 0.002184694167226553 
vn 0.999997615814209 0 0.002184694167226553 
vn 0.999997615814209 0 0.002184694167226553 
vn 0.999997615814209 0 0.002184694167226553 
vn 0.999997615814209 0 0.002184694167226553 
vn 0 0 1 
vn 0 0 1 
vn 0 0 1 
vn 0 0 1 
vn 0 0 1 
vn 0 0 1 
vn 0 0 1 
vn 3.097898456858039e-13 -0.999997615814209 0.002184694167226553 
vn 3.097898456858039e-13 -0.999997615814209 0.002184694167226553 
vn 3.097898456858039e-13 -0.999997615814209 0.002184694167226553 
vn 3.097898456858039e-13 -0.999997615814209 0.002184694167226553 
vn -1.0341130485562108e-13 0.999997615814209 0.002184694167226553 
vn -1.0341130485562108e-13 0.999997615814209 0.002184694167226553 
vn -1.0341130485562108e-13 0.999997615814209 0.002184694167226553 
vn -1.0341130485562108e-13 0.999997615814209 0.002184694167226553 
vn -1.0341130485562108e-13 0.999997615814209 0.002184694167226553 
vn -1.0341130485562108e-13 0.999997615814209 0.002184694167226553 
vn -1.0341130485562108e-13 0.999997615814209 0.002184694167226553 
vn -1.0341130485562108e-13 0.999997615814209 0.002184694167226553 
vn -1.0341130485562108e-13 0.999997615814209 0.002184694167226553 
vn -1.0341130485562108e-13 0.999997615814209 0.002184694167226553 
vn -1.0341130485562108e-13 0.999997615814209 0.002184694167226553 
vn -1.0341130485562108e-13 0.999997615814209 0.002184694167226553 
vn -1.0341130485562108e-13 0.999997615814209 0.002184694167226553 
vn -1.0341130485562108e-13 0.999997615814209 0.002184694167226553 
vn -1.0341130485562108e-13 0.999997615814209 0.002184694167226553 
vn -1.0341130485562108e-13 0.999997615814209 0.002184694167226553 
vn -1.0341130485562108e-13 0.999997615814209 0.002184694167226553 
vn -1.0341130485562108e-13 0.999997615814209 0.002184694167226553 
vn -1.0341130485562108e-13 0.999997615814209 0.002184694167226553 
vn -1.0341130485562108e-13 0.999997615814209 0.002184694167226553 
vn -1.0341130485562108e-13 0.999997615814209 0.002184694167226553 
vn 3.097898456858039e-13 -0.999997615814209 0.002184694167226553 
vn 3.097898456858039e-13 -0.999997615814209 0.002184694167226553 
vn 3.097898456858039e-13 -0.999997615814209 0.002184694167226553 
vn 3.097898456858039e-13 -0.999997615814209 0.002184694167226553 
vn 3.097898456858039e-13 -0.999997615814209 0.002184694167226553 
vn 3.097898456858039e-13 -0.999997615814209 0.002184694167226553 
vn 3.097898456858039e-13 -0.999997615814209 0.002184694167226553 
vn 3.097898456858039e-13 -0.999997615814209 0.002184694167226553 
vn 3.097898456858039e-13 -0.999997615814209 0.002184694167226553 
vn 3.097898456858039e-13 -0.999997615814209 0.002184694167226553 
vn -0.999997615814209 -2.0682260971124217e-13 0.002184694167226553 
vn -0.999997615814209 -2.0682260971124217e-13 0.002184694167226553 
vn -0.999997615814209 -2.0682260971124217e-13 0.002184694167226553 
vn -0.999997615814209 -2.0682260971124217e-13 0.002184694167226553 
vn 3.097898456858039e-13 -0.999997615814209 0.002184694167226553 
vn 3.097898456858039e-13 -0.999997615814209 0.002184694167226553 
vn 3.097898456858039e-13 -0.999997615814209 0.002184694167226553 
vn 3.097898456858039e-13 -0.999997615814209 0.002184694167226553 
vn 3.097898456858039e-13 -0.999997615814209 0.002184694167226553 
vn 3.097898456858039e-13 -0.999997615814209 0.002184694167226553 
vn -1.0341130485562108e-13 0.999997615814209 0.002184694167226553 
vn -1.0341130485562108e-13 0.999997615814209 0.002184694167226553 
vn -1.0341130485562108e-13 0.999997615814209 0.002184694167226553 
vn -1.0341130485562108e-13 0.999997615814209 0.002184694167226553 
vn -1.0341130485562108e-13 0.999997615814209 0.002184694167226553 
vn -1.0341130485562108e-13 0.999997615814209 0.002184694167226553 
vn -1.0341130485562108e-13 0.999997615814209 0.002184694167226553 
vn -1.0341130485562108e-13 0.999997615814209 0.002184694167226553 
vn -1.0341130485562108e-13 0.999997615814209 0.002184694167226553 
vn -1.0341130485562108e-13 0.999997615814209 0.002184694167226553 
vn -1.0341130485562108e-13 0.999997615814209 0.002184694167226553 
vn -1.0341130485562108e-13 0.999997615814209 0.002184694167226553 
vn -1.0341130485562108e-13 0.999997615814209 0.002184694167226553 
vn -1.0341130485562108e-13 0.999997615814209 0.002184694167226553 
vn -1.0341130485562108e-13 0.999997615814209 0.002184694167226553 
vn -1.0341130485562108e-13 0.999997615814209 0.002184694167226553 
vn -1.0341130485562108e-13 0.999997615814209 0.002184694167226553 
vn -1.0341130485562108e-13 0.999997615814209 0.002184694167226553 
vn -1.0341130485562108e-13 0.999997615814209 0.002184694167226553 
vn -1.0341130485562108e-13 0.999997615814209 0.002184694167226553 
vn 0.999997615814209 0 0.002184694167226553 
vn 0.999997615814209 0 0.002184694167226553 
vn 0.999997615814209 0 0.002184694167226553 
vn 0.999997615814209 0 0.002184694167226553 
vn 3.097898456858039e-13 -0.999997615814209 0.002184694167226553 
vn 3.097898456858039e-13 -0.999997615814209 0.002184694167226553 
vn 3.097898456858039e-13 -0.999997615814209 0.002184694167226553 
vn -1.0341130485562108e-13 0.999997615814209 0.002184694167226553 
vn -1.0341130485562108e-13 0.999997615814209 0.002184694167226553 
vn -1.0341130485562108e-13 0.999997615814209 0.002184694167226553 
vn -1.0341130485562108e-13 0.999997615814209 0.002184694167226553 
vn -1.0341130485562108e-13 0.999997615814209 0.002184694167226553 
vn -1.0341130485562108e-13 0.999997615814209 0.002184694167226553 
vn -1.0341130485562108e-13 0.999997615814209 0.002184694167226553 
vn -1.0341130485562108e-13 0.999997615814209 0.002184694167226553 
vn -1.0341130485562108e-13 0.999997615814209 0.002184694167226553 
vn -1.0341130485562108e-13 0.999997615814209 0.002184694167226553 
vn -1.0341130485562108e-13 0.999997615814209 0.002184694167226553 
vn -1.0341130485562108e-13 0.999997615814209 0.002184694167226553 
vn -1.0341130485562108e-13 0.999997615814209 0.002184694167226553 
vn -1.0341130485562108e-13 0.999997615814209 0.002184694167226553 
vn -1.0341130485562108e-13 0.999997615814209 0.002184694167226553 
vn -1.0341130485562108e-13 0.999997615814209 0.002184694167226553 
vn 3.097898456858039e-13 -0.999997615814209 0.002184694167226553 
vn 3.097898456858039e-13 -0.999997615814209 0.002184694167226553 
vn 3.097898456858039e-13 -0.999997615814209 0.002184694167226553 
vn 0.999997615814209 0 0.002184694167226553 
vn 0.999997615814209 0 0.002184694167226553 
vn 0.999997615814209 0 0.002184694167226553 
vn 0.999997615814209 0 0.002184694167226553 
vn 0 0 1 
vn 0 0 1 
vn 0 0 1 
vn 0 0 1 
vn 0 0 1 
vn 0 0 1 
vn 3.097898456858039e-13 -0.999997615814209 0.002184694167226553 
vn 3.097898456858039e-13 -0.999997615814209 0.002184694167226553 
vn 3.097898456858039e-13 -0.999997615814209 0.002184694167226553 
vn 3.097898456858039e-13 -0.999997615814209 0.002184694167226553 
vn 3.097898456858039e-13 -0.999997615814209 0.002184694167226553 
vn 3.097898456858039e-13 -0.999997615814209 0.002184694167226553 
vn 3.097898456858039e-13 -0.999997615814209 0.002184694167226553 
vn -1.0341130485562108e-13 0.999997615814209 0.002184694167226553 
vn -1.0341130485562108e-13 0.999997615814209 0.002184694167226553 
vn -1.0341130485562108e-13 0.999997615814209 0.002184694167226553 
vn -1.0341130485562108e-13 0.999997615814209 0.002184694167226553 
vn -1.0341130485562108e-13 0.999997615814209 0.002184694167226553 
vn -1.0341130485562108e-13 0.999997615814209 0.002184694167226553 
vn -1.0341130485562108e-13 0.999997615814209 0.002184694167226553 
vn -1.0341130485562108e-13 0.999997615814209 0.002184694167226553 
vn -1.0341130485562108e-13 0.999997615814209 0.002184694167226553 
vn -1.0341130485562108e-13 0.999997615814209 0.002184694167226553 
vn -1.0341130485562108e-13 0.999997615814209 0.002184694167226553 
vn 3.097898456858039e-13 -0.999997615814209 0.002184694167226553 
vn 3.097898456858039e-13 -0.999997615814209 0.002184694167226553 
vn 3.097898456858039e-13 -0.999997615814209 0.002184694167226553 
vn 3.097898456858039e-13 -0.999997615814209 0.002184694167226553 
vn 3.097898456858039e-13 -0.999997615814209 0.002184694167226553 
vn 3.097898456858039e-13 -0.999997615814209 0.002184694167226553 
vn 3.097898456858039e-13 -0.999997615814209 0.002184694167226553 
vn 3.097898456858039e-13 -0.999997615814209 0.002184694167226553 
vn 3.097898456858039e-13 -0.999997615814209 0.002184694167226553 
vn 3.097898456858039e-13 -0.999997615814209 0.002184694167226553 
vn 3.097898456858039e-13 -0.999997615814209 0.002184694167226553 
vn 3.097898456858039e-13 -0.999997615814209 0.002184694167226553 
vn 3.097898456858039e-13 -0.999997615814209 0.002184694167226553 
vn 3.097898456858039e-13 -0.999997615814209 0.002184694167226553 
vn 3.097898456858039e-13 -0.999997615814209 0.002184694167226553 
vn 3.097898456858039e-13 -0.999997615814209 0.002184694167226553 
vn -1.0341130485562108e-13 0.999997615814209 0.002184694167226553 
vn -1.0341130485562108e-13 0.999997615814209 0.002184694167226553 
vn -1.0341130485562108e-13 0.999997615814209 0.002184694167226553 
vn -1.0341130485562108e-13 0.999997615814209 0.002184694167226553 
vn -1.0341130485562108e-13 0.999997615814209 0.002184694167226553 
vn -1.0341130485562108e-13 0.999997615814209 0.002184694167226553 
vn -1.0341130485562108e-13 0.999997615814209 0.002184694167226553 
vn -1.0341130485562108e-13 0.999997615814209 0.002184694167226553 
vn -1.0341130485562108e-13 0.999997615814209 0.002184694167226553 
vn -1.0341130485562108e-13 0.999997615814209 0.002184694167226553 
vn -1.0341130485562108e-13 0.999997615814209 0.002184694167226553 
vn -1.0341130485562108e-13 0.999997615814209 0.002184694167226553 
vn -1.0341130485562108e-13 0.999997615814209 0.002184694167226553 
vn -1.0341130485562108e-13 0.999997615814209 0.002184694167226553 
vn -1.0341130485562108e-13 0.999997615814209 0.002184694167226553 
vn -1.0341130485562108e-13 0.999997615814209 0.002184694167226553 
vn 0 0 1 
vn 0 0 1 
vn 0 0 1 
vn 0 0 1 
vn 0 0 1 
vn 3.097898456858039e-13 -0.999997615814209 0.002184694167226553 
vn 3.097898456858039e-13 -0.999997615814209 0.002184694167226553 
vn 3.097898456858039e-13 -0.999997615814209 0.002184694167226553 
vn 3.097898456858039e-13 -0.999997615814209 0.002184694167226553 
vn 3.097898456858039e-13 -0.999997615814209 0.002184694167226553 
vn 3.097898456858039e-13 -0.999997615814209 0.002184694167226553 
vn 3.097898456858039e-13 -0.999997615814209 0.002184694167226553 
vn 3.097898456858039e-13 -0.999997615814209 0.002184694167226553 
vn -1.0341130485562108e-13 0.999997615814209 0.002184694167226553 
vn -1.0341130485562108e-13 0.999997615814209 0.002184694167226553 
vn -1.0341130485562108e-13 0.999997615814209 0.002184694167226553 
vn -1.0341130485562108e-13 0.999997615814209 0.002184694167226553 
vn -1.0341130485562108e-13 0.999997615814209 0.002184694167226553 
vn -1.0341130485562108e-13 0.999997615814209 0.002184694167226553 
vn -1.0341130485562108e-13 0.999997615814209 0.002184694167226553 
vn -1.0341130485562108e-13 0.999997615814209 0.002184694167226553 
vn 3.097898456858039e-13 -0.999997615814209 0.002184694167226553 
vn 3.097898456858039e-13 -0.999997615814209 0.002184694167226553 
vn 3.097898456858039e-13 -0.999997615814209 0.002184694167226553 
vn 3.097898456858039e-13 -0.999997615814209 0.002184694167226553 
vn 3.097898456858039e-13 -0.999997615814209 0.002184694167226553 
vn 3.097898456858039e-13 -0.999997615814209 0.002184694167226553 
vn 3.097898456858039e-13 -0.999997615814209 0.002184694167226553 
vn 3.097898456858039e-13 -0.999997615814209 0.002184694167226553 
vn 3.097898456858039e-13 -0.999997615814209 0.002184694167226553 
vn 3.097898456858039e-13 -0.999997615814209 0.002184694167226553 
vn 3.097898456858039e-13 -0.999997615814209 0.002184694167226553 
vn 3.097898456858039e-13 -0.999997615814209 0.002184694167226553 
vn -1.0341130485562108e-13 0.999997615814209 0.002184694167226553 
vn -1.0341130485562108e-13 0.999997615814209 0.002184694167226553 
vn -1.0341130485562108e-13 0.999997615814209 0.002184694167226553 
vn -1.0341130485562108e-13 0.999997615814209 0.002184694167226553 
vn -1.0341130485562108e-13 0.999997615814209 0.002184694167226553 
vn -1.0341130485562108e-13 0.999997615814209 0.002184694167226553 
vn -1.0341130485562108e-13 0.999997615814209 0.002184694167226553 
vn -1.0341130485562108e-13 0.999997615814209 0.002184694167226553 
vn -1.0341130485562108e-13 0.999997615814209 0.002184694167226553 
vn -1.0341130485562108e-13 0.999997615814209 0.002184694167226553 
vn -1.0341130485562108e-13 0.999997615814209 0.002184694167226553 
vn -1.0341130485562108e-13 0.999997615814209 0.002184694167226553 
vn 0 0 1 
vn 0 0 1 
vn 0 0 1 
vn 0 0 1 
vn 0 0 1 
vn 0.999997615814209 0 0.002184694167226553 
vn 0.999997615814209 0 0.002184694167226553 
vn 0.999997615814209 0 0.002184694167226553 
vn 0.999997615814209 0 0.002184694167226553 
vn -0.999997615814209 -2.0682260971124217e-13 0.002184694167226553 
vn -0.999997615814209 -2.0682260971124217e-13 0.002184694167226553 
vn -0.999997615814209 -2.0682260971124217e-13 0.002184694167226553 
vn -0.999997615814209 -2.0682260971124217e-13 0.002184694167226553 
vn 0.999997615814209 0 0.002184694167226553 
vn 0.999997615814209 0 0.002184694167226553 
vn 0.999997615814209 0 0.002184694167226553 
vn 0.999997615814209 0 0.002184694167226553 
vn -1.0341130485562108e-13 0.999997615814209 0.002184694167226553 
vn -1.0341130485562108e-13 0.999997615814209 0.002184694167226553 
vn -1.0341130485562108e-13 0.999997615814209 0.002184694167226553 
vn -1.0341130485562108e-13 0.999997615814209 0.002184694167226553 
vn -1.0341130485562108e-13 0.999997615814209 0.002184694167226553 
vn -1.0341130485562108e-13 0.999997615814209 0.002184694167226553 
vn -1.0341130485562108e-13 0.999997615814209 0.002184694167226553 
vn -1.0341130485562108e-13 0.999997615814209 0.002184694167226553 
vn -1.0341130485562108e-13 0.999997615814209 0.002184694167226553 
vn -1.0341130485562108e-13 0.999997615814209 0.002184694167226553 
vn -1.0341130485562108e-13 0.999997615814209 0.002184694167226553 
vn -1.0341130485562108e-13 0.999997615814209 0.002184694167226553 
vn -1.0341130485562108e-13 0.999997615814209 0.002184694167226553 
vn -1.0341130485562108e-13 0.999997615814209 0.002184694167226553 
vn -1.0341130485562108e-13 0.999997615814209 0.002184694167226553 
vn -1.0341130485562108e-13 0.999997615814209 0.002184694167226553 
vn -1.0341130485562108e-13 0.999997615814209 0.002184694167226553 
vn 0 0 1 
vn 0 0 1 
vn 0 0 1 
vn 0 0 1 
vn 0 0 1 
vn -0.999997615814209 -2.0682260971124217e-13 0.002184694167226553 
vn -0.999997615814209 -2.0682260971124217e-13 0.002184694167226553 
vn -0.999997615814209 -2.0682260971124217e-13 0.002184694167226553 
vn -0.999997615814209 -2.0682260971124217e-13 0.002184694167226553 
vn -0.999997615814209 -2.0682260971124217e-13 0.002184694167226553 
vn 0 0 1 
vn 0 0 1 
vn 0 0 1 
vn 0 0 1 
vn 0.999997615814209 0 0.002184694167226553 
vn 0.999997615814209 0 0.002184694167226553 
vn 0.999997615814209 0 0.002184694167226553 
vn 0.999997615814209 0 0.002184694167226553 
vn 3.097898456858039e-13 -0.999997615814209 0.002184694167226553 
vn 3.097898456858039e-13 -0.999997615814209 0.002184694167226553 
vn 3.097898456858039e-13 -0.999997615814209 0.002184694167226553 
vn 3.097898456858039e-13 -0.999997615814209 0.002184694167226553 
vn 3.097898456858039e-13 -0.999997615814209 0.002184694167226553 
vn 3.097898456858039e-13 -0.999997615814209 0.002184694167226553 
vn 3.097898456858039e-13 -0.999997615814209 0.002184694167226553 
vn 3.097898456858039e-13 -0.999997615814209 0.002184694167226553 
vn 3.097898456858039e-13 -0.999997615814209 0.002184694167226553 
vn 3.097898456858039e-13 -0.999997615814209 0.002184694167226553 
vn 3.097898456858039e-13 -0.999997615814209 0.002184694167226553 
vn 3.097898456858039e-13 -0.999997615814209 0.002184694167226553 
vn 3.097898456858039e-13 -0.999997615814209 0.002184694167226553 
vn 3.097898456858039e-13 -0.999997615814209 0.002184694167226553 
vn 3.097898456858039e-13 -0.999997615814209 0.002184694167226553 
vn 3.097898456858039e-13 -0.999997615814209 0.002184694167226553 
vn 0 0 1 
vn 0 0 1 
vn 0 0 1 
vn 0 0 1 
vn 3.097898456858039e-13 -0.999997615814209 0.002184694167226553 
vn 3.097898456858039e-13 -0.999997615814209 0.002184694167226553 
vn 3.097898456858039e-13 -0.999997615814209 0.002184694167226553 
vn 0 0 1 
vn 0 0 1 
vn 0 0 1 
vn 0 0 1 
vn -0.999997615814209 -2.0682260971124217e-13 0.002184694167226553 
vn -0.999997615814209 -2.0682260971124217e-13 0.002184694167226553 
vn -0.999997615814209 -2.0682260971124217e-13 0.002184694167226553 
vn 0.999997615814209 0 0.002184694167226553 
vn 0.999997615814209 0 0.002184694167226553 
vn 0.999997615814209 0 0.002184694167226553 
vn 0.999997615814209 0 0.002184694167226553 
vn 3.097898456858039e-13 -0.999997615814209 0.002184694167226553 
vn 3.097898456858039e-13 -0.999997615814209 0.002184694167226553 
vn 3.097898456858039e-13 -0.999997615814209 0.002184694167226553 
vn 3.097898456858039e-13 -0.999997615814209 0.002184694167226553 
vn 3.097898456858039e-13 -0.999997615814209 0.002184694167226553 
vn 3.097898456858039e-13 -0.999997615814209 0.002184694167226553 
vn 0 0 1 
vn 0 0 1 
vn 0 0 1 
vn 0 0 1 
vn 0 0 1 
vn 0 0 1 
vn 0 0 1 
vn 0 0 1 
vn 0 0 1 
vn 0 0 1 
vn 0 0 1 
vn 0 0 1 
vn 3.097898456858039e-13 -0.999997615814209 0.002184694167226553 
vn 3.097898456858039e-13 -0.999997615814209 0.002184694167226553 
vn 3.097898456858039e-13 -0.999997615814209 0.002184694167226553 
vn 3.097898456858039e-13 -0.999997615814209 0.002184694167226553 
vn 0 0 1 
vn 0 0 1 
vn 0 0 1 
vn 0 0 1 
vn -1.0341130485562108e-13 0.999997615814209 0.002184694167226553 
vn -1.0341130485562108e-13 0.999997615814209 0.002184694167226553 
vn -1.0341130485562108e-13 0.999997615814209 0.002184694167226553 
vn -1.0341130485562108e-13 0.999997615814209 0.002184694167226553 
vn -0.999997615814209 -2.0682260971124217e-13 0.002184694167226553 
vn -0.999997615814209 -2.0682260971124217e-13 0.002184694167226553 
vn -0.999997615814209 -2.0682260971124217e-13 0.002184694167226553 
vn -0.999997615814209 -2.0682260971124217e-13 0.002184694167226553 
vn -0.999997615814209 -2.0682260971124217e-13 0.002184694167226553 
vn -0.999997615814209 -2.0682260971124217e-13 0.002184694167226553 
vn -0.999997615814209 -2.0682260971124217e-13 0.002184694167226553 
vn -0.999997615814209 -2.0682260971124217e-13 0.002184694167226553 
vn -0.999997615814209 -2.0682260971124217e-13 0.002184694167226553 
vn -0.999997615814209 -2.0682260971124217e-13 0.002184694167226553 
vn -0.999997615814209 -2.0682260971124217e-13 0.002184694167226553 
vn -0.999997615814209 -2.0682260971124217e-13 0.002184694167226553 
vn -0.999997615814209 -2.0682260971124217e-13 0.002184694167226553 
vn -0.999997615814209 -2.0682260971124217e-13 0.002184694167226553 
vn -0.999997615814209 -2.0682260971124217e-13 0.002184694167226553 
vn 3.097898456858039e-13 -0.999997615814209 0.002184694167226553 
vn 3.097898456858039e-13 -0.999997615814209 0.002184694167226553 
vn 3.097898456858039e-13 -0.999997615814209 0.002184694167226553 
vn 3.097898456858039e-13 -0.999997615814209 0.002184694167226553 
vn 3.097898456858039e-13 -0.999997615814209 0.002184694167226553 
vn 3.097898456858039e-13 -0.999997615814209 0.002184694167226553 
vn 3.097898456858039e-13 -0.999997615814209 0.002184694167226553 
vn 3.097898456858039e-13 -0.999997615814209 0.002184694167226553 
vn -0.999997615814209 -2.0682260971124217e-13 0.002184694167226553 
vn -0.999997615814209 -2.0682260971124217e-13 0.002184694167226553 
vn -0.999997615814209 -2.0682260971124217e-13 0.002184694167226553 
vn -0.999997615814209 -2.0682260971124217e-13 0.002184694167226553 
vn 0.999997615814209 0 0.002184694167226553 
vn 0.999997615814209 0 0.002184694167226553 
vn 0.999997615814209 0 0.002184694167226553 
vn 0.999997615814209 0 0.002184694167226553 
vn 0.999997615814209 0 0.002184694167226553 
vn 0.999997615814209 0 0.002184694167226553 
vn 0.999997615814209 0 0.002184694167226553 
vn 0.999997615814209 0 0.002184694167226553 
vn 0.999997615814209 0 0.002184694167226553 
vn 0.999997615814209 0 0.002184694167226553 
vn -2.0682311115474694e-13 0 -1 
vn -2.0682311115474694e-13 0 -1 
vn -2.0682311115474694e-13 0 -1 
vn -2.0682311115474694e-13 0 -1 
vn -2.0682311115474694e-13 0 -1 
vn -2.0682311115474694e-13 0 -1 
vn -2.0682311115474694e-13 0 -1 
vn -2.0682311115474694e-13 0 -1 
vn -2.0682311115474694e-13 0 -1 
vn -2.0682311115474694e-13 0 -1 
vn -2.0682311115474694e-13 0 -1 
vn -2.0682311115474694e-13 0 -1 
vn 0.999997615814209 0 0.002184694167226553 
vn 0.999997615814209 0 0.002184694167226553 
vn 0 0 1 
vn 0 0 1 
vn 0 0 1 
vn 0 0 1 
vn -2.0682311115474694e-13 0 -1 
vn -2.0682311115474694e-13 0 -1 
vn -2.0682311115474694e-13 0 -1 
vn -2.0682311115474694e-13 0 -1 
vn -2.0682311115474694e-13 0 -1 
vn -2.0682311115474694e-13 0 -1 
vn -2.0682311115474694e-13 0 -1 
vn -2.0682311115474694e-13 0 -1 
vn -2.0682311115474694e-13 0 -1 
vn -2.0682311115474694e-13 0 -1 
vn -2.0682311115474694e-13 0 -1 
vn -2.0682311115474694e-13 0 -1 
vn -2.0682311115474694e-13 0 -1 
vn -2.0682311115474694e-13 0 -1 
vn -2.0682311115474694e-13 0 -1 
vn -2.0682311115474694e-13 0 -1 
vn -2.0682311115474694e-13 0 -1 
vn -2.0682311115474694e-13 0 -1 
vn -2.0682311115474694e-13 0 -1 
vn -2.0682311115474694e-13 0 -1 
vn -2.0682311115474694e-13 0 -1 
vn -2.0682311115474694e-13 0 -1 
vn -2.0682311115474694e-13 0 -1 
vn -2.0682311115474694e-13 0 -1 
vn 0 0 1 
vn 0 0 1 
vn 0 0 1 
vn 0 0 1 
vn -2.0682311115474694e-13 0 -1 
vn -2.0682311115474694e-13 0 -1 
vn -2.0682311115474694e-13 0 -1 
vn -2.0682311115474694e-13 0 -1 
vn -2.0682311115474694e-13 0 -1 
vn -2.0682311115474694e-13 0 -1 
vn -2.0682311115474694e-13 0 -1 
vn -2.0682311115474694e-13 0 -1 
vn -2.0682311115474694e-13 0 -1 
vn -2.0682311115474694e-13 0 -1 
vn -2.0682311115474694e-13 0 -1 
vn -2.0682311115474694e-13 0 -1 
vn -2.0682311115474694e-13 0 -1 
vn -2.0682311115474694e-13 0 -1 
vn -2.0682311115474694e-13 0 -1 
vn -2.0682311115474694e-13 0 -1 
vn -2.0682311115474694e-13 0 -1 
vn 3.097898456858039e-13 -0.999997615814209 0.002184694167226553 
vn 3.097898456858039e-13 -0.999997615814209 0.002184694167226553 
vn 3.097898456858039e-13 -0.999997615814209 0.002184694167226553 
vn 3.097898456858039e-13 -0.999997615814209 0.002184694167226553 
vn 0 0 1 
vn 0 0 1 
vn 0 0 1 
vn 0 0 1 
vn -2.0682311115474694e-13 0 -1 
vn -2.0682311115474694e-13 0 -1 
vn -2.0682311115474694e-13 0 -1 
vn -2.0682311115474694e-13 0 -1 
vn -1.0341130485562108e-13 0.999997615814209 0.002184694167226553 
vn -1.0341130485562108e-13 0.999997615814209 0.002184694167226553 
vn -1.0341130485562108e-13 0.999997615814209 0.002184694167226553 
vn -1.0341130485562108e-13 0.999997615814209 0.002184694167226553 
vn 0 0 1 
vn 0 0 1 
vn 0 0 1 
vn 0 0 1 
vn -2.0682311115474694e-13 0 -1 
vn -2.0682311115474694e-13 0 -1 
vn -2.0682311115474694e-13 0 -1 
vn -2.0682311115474694e-13 0 -1 
vn -2.0682311115474694e-13 0 -1 
vn -2.0682311115474694e-13 0 -1 
vn -2.0682311115474694e-13 0 -1 
vn -2.0682311115474694e-13 0 -1 
vn -2.0682311115474694e-13 0 -1 
vn -2.0682311115474694e-13 0 -1 
vn -2.0682311115474694e-13 0 -1 
vn -2.0682311115474694e-13 0 -1 
vn -2.0682311115474694e-13 0 -1 
vn -2.0682311115474694e-13 0 -1 
vn -2.0682311115474694e-13 0 -1 
vn -2.0682311115474694e-13 0 -1 
vn -2.0682311115474694e-13 0 -1 
vn -2.0682311115474694e-13 0 -1 
vn -2.0682311115474694e-13 0 -1 
vn -2.0682311115474694e-13 0 -1 
vn -2.0682311115474694e-13 0 -1 
vn -2.0682311115474694e-13 0 -1 
vn -2.0682311115474694e-13 0 -1 
vn -2.0682311115474694e-13 0 -1 
vn -2.0682311115474694e-13 0 -1 
vn -2.0682311115474694e-13 0 -1 
vn -2.0682311115474694e-13 0 -1 
vn -2.0682311115474694e-13 0 -1 
vn -2.0682311115474694e-13 0 -1 
vn -2.0682311115474694e-13 0 -1 
vn -2.0682311115474694e-13 0 -1 
vn -2.0682311115474694e-13 0 -1 
vn -2.0682311115474694e-13 0 -1 
vn -2.0682311115474694e-13 0 -1 
vn -2.0682311115474694e-13 0 -1 
vn -2.0682311115474694e-13 0 -1 
vn -2.0682311115474694e-13 0 -1 
vn -2.0682311115474694e-13 0 -1 
vn -2.0682311115474694e-13 0 -1 
vn -2.0682311115474694e-13 0 -1 
vn -2.0682311115474694e-13 0 -1 
vn -2.0682311115474694e-13 0 -1 
vn -2.0682311115474694e-13 0 -1 
vn -2.0682311115474694e-13 0 -1 
vn -2.0682311115474694e-13 0 -1 
vn -2.0682311115474694e-13 0 -1 
vn -2.0682311115474694e-13 0 -1 
vn -2.0682311115474694e-13 0 -1 
vn -2.0682311115474694e-13 0 -1 
vn -2.0682311115474694e-13 0 -1 
vn -2.0682311115474694e-13 0 -1 
vn -2.0682311115474694e-13 0 -1 
vn -2.0682311115474694e-13 0 -1 
vn -2.0682311115474694e-13 0 -1 
vn -2.0682311115474694e-13 0 -1 
vn -2.0682311115474694e-13 0 -1 
vn 0.999997615814209 0 0.002184694167226553 
vn 0.999997615814209 0 0.002184694167226553 
vn 0.999997615814209 0 0.002184694167226553 
vn 0.999997615814209 0 0.002184694167226553 
vn -2.0682311115474694e-13 0 -1 
vn -2.0682311115474694e-13 0 -1 
vn -2.0682311115474694e-13 0 -1 
vn -2.0682311115474694e-13 0 -1 
vn -2.0682311115474694e-13 0 -1 
vn -2.0682311115474694e-13 0 -1 
vn -2.0682311115474694e-13 0 -1 
vn -2.0682311115474694e-13 0 -1 
vn -2.0682311115474694e-13 0 -1 
vn -2.0682311115474694e-13 0 -1 
vn -2.0682311115474694e-13 0 -1 
vn -2.0682311115474694e-13 0 -1 
vn -2.0682311115474694e-13 0 -1 
vn -2.0682311115474694e-13 0 -1 
vn -2.0682311115474694e-13 0 -1 
vn -2.0682311115474694e-13 0 -1 
vn -2.0682311115474694e-13 0 -1 
vn -2.0682311115474694e-13 0 -1 
vn -2.0682311115474694e-13 0 -1 
vn 0.999997615814209 0 0.002184694167226553 
vn 0.999997615814209 0 0.002184694167226553 
vn 0.999997615814209 0 0.002184694167226553 
vn 0.999997615814209 0 0.002184694167226553 
vn 0.999997615814209 0 0.002184694167226553 
vn 0.999997615814209 0 0.002184694167226553 
vn 0.999997615814209 0 0.002184694167226553 
vn -2.0682311115474694e-13 0 -1 
vn -2.0682311115474694e-13 0 -1 
vn -2.0682311115474694e-13 0 -1 
vn -2.0682311115474694e-13 0 -1 
vn -2.0682311115474694e-13 0 -1 
vn -2.0682311115474694e-13 0 -1 
vn -2.0682311115474694e-13 0 -1 
vn -2.0682311115474694e-13 0 -1 
vn -2.0682311115474694e-13 0 -1 
vn -2.0682311115474694e-13 0 -1 
vn -2.0682311115474694e-13 0 -1 
vn -2.0682311115474694e-13 0 -1 
vn -2.0682311115474694e-13 0 -1 
vn -2.0682311115474694e-13 0 -1 
vn -2.0682311115474694e-13 0 -1 
vn -2.0682311115474694e-13 0 -1 
vn -1.0341130485562108e-13 0.999997615814209 0.002184694167226553 
vn -1.0341130485562108e-13 0.999997615814209 0.002184694167226553 
vn -1.0341130485562108e-13 0.999997615814209 0.002184694167226553 
vn -1.0341130485562108e-13 0.999997615814209 0.002184694167226553 
vn -1.0341130485562108e-13 0.999997615814209 0.002184694167226553 
vn -1.0341130485562108e-13 0.999997615814209 0.002184694167226553 
vn -1.0341130485562108e-13 0.999997615814209 0.002184694167226553 
vn -1.0341130485562108e-13 0.999997615814209 0.002184694167226553 
vn -1.0341130485562108e-13 0.999997615814209 0.002184694167226553 
vn -1.0341130485562108e-13 0.999997615814209 0.002184694167226553 
vn -1.0341130485562108e-13 0.999997615814209 0.002184694167226553 
vn 0 0 1 
vn 0 0 1 
vn 0 0 1 
vn 0 0 1 
vn 0 0 1 
vn 0 0 1 
vn 0 0 1 
vn 0 0 1 
vn 0 0 1 
vn 0 0 1 
vn 0 0 1 
vn 0 0 1 
vn 0 0 1 
vn 0 0 1 
vn 0 0 1 
vn 0 0 1 
vn 0 0 1 
vn 0 0 1 
vn -0.999997615814209 -2.0682260971124217e-13 0.002184694167226553 
vn -0.999997615814209 -2.0682260971124217e-13 0.002184694167226553 
vn -0.999997615814209 -2.0682260971124217e-13 0.002184694167226553 
vn -0.999997615814209 -2.0682260971124217e-13 0.002184694167226553 
vn -1.0341130485562108e-13 0.999997615814209 0.002184694167226553 
vn -1.0341130485562108e-13 0.999997615814209 0.002184694167226553 
vn -1.0341130485562108e-13 0.999997615814209 0.002184694167226553 
vn -1.0341130485562108e-13 0.999997615814209 0.002184694167226553 
vn -2.0682311115474694e-13 0 -1 
vn -2.0682311115474694e-13 0 -1 
vn -2.0682311115474694e-13 0 -1 
vn -2.0682311115474694e-13 0 -1 
vn -2.0682311115474694e-13 0 -1 
vn -2.0682311115474694e-13 0 -1 
vn -2.0682311115474694e-13 0 -1 
vn -2.0682311115474694e-13 0 -1 
vn -1.0341130485562108e-13 0.999997615814209 0.002184694167226553 
vn -1.0341130485562108e-13 0.999997615814209 0.002184694167226553 
vn -1.0341130485562108e-13 0.999997615814209 0.002184694167226553 
vn -1.0341130485562108e-13 0.999997615814209 0.002184694167226553 
vn 3.097898456858039e-13 -0.999997615814209 0.002184694167226553 
vn 3.097898456858039e-13 -0.999997615814209 0.002184694167226553 
vn 3.097898456858039e-13 -0.999997615814209 0.002184694167226553 
vn 3.097898456858039e-13 -0.999997615814209 0.002184694167226553 
vn 3.097898456858039e-13 -0.999997615814209 0.002184694167226553 
vn 3.097898456858039e-13 -0.999997615814209 0.002184694167226553 
vn 3.097898456858039e-13 -0.999997615814209 0.002184694167226553 
vn 3.097898456858039e-13 -0.999997615814209 0.002184694167226553 
vn -1.0341130485562108e-13 0.999997615814209 0.002184694167226553 
vn -1.0341130485562108e-13 0.999997615814209 0.002184694167226553 
vn -1.0341130485562108e-13 0.999997615814209 0.002184694167226553 
vn -1.0341130485562108e-13 0.999997615814209 0.002184694167226553 
vn -0.999997615814209 -2.0682260971124217e-13 0.002184694167226553 
vn -0.999997615814209 -2.0682260971124217e-13 0.002184694167226553 
vn -0.999997615814209 -2.0682260971124217e-13 0.002184694167226553 
vn -0.999997615814209 -2.0682260971124217e-13 0.002184694167226553 
vn -0.999997615814209 -2.0682260971124217e-13 0.002184694167226553 
vn -0.999997615814209 -2.0682260971124217e-13 0.002184694167226553 
vn -0.999997615814209 -2.0682260971124217e-13 0.002184694167226553 
vn -0.999997615814209 -2.0682260971124217e-13 0.002184694167226553 
vn -0.999997615814209 -2.0682260971124217e-13 0.002184694167226553 
vn -0.999997615814209 -2.0682260971124217e-13 0.002184694167226553 
vn -0.999997615814209 -2.0682260971124217e-13 0.002184694167226553 
vn -0.999997615814209 -2.0682260971124217e-13 0.002184694167226553 
vn -0.999997615814209 -2.0682260971124217e-13 0.002184694167226553 
vn -0.999997615814209 -2.0682260971124217e-13 0.002184694167226553 
vn -0.999997615814209 -2.0682260971124217e-13 0.002184694167226553 
vn -0.999997615814209 -2.0682260971124217e-13 0.002184694167226553 
vn -1.0341130485562108e-13 0.999997615814209 0.002184694167226553 
vn -1.0341130485562108e-13 0.999997615814209 0.002184694167226553 
vn -1.0341130485562108e-13 0.999997615814209 0.002184694167226553 
vn -0.999997615814209 -2.0682260971124217e-13 0.002184694167226553 
vn -0.999997615814209 -2.0682260971124217e-13 0.002184694167226553 
vn -0.999997615814209 -2.0682260971124217e-13 0.002184694167226553 
vn -0.999997615814209 -2.0682260971124217e-13 0.002184694167226553 
vn -1.0341130485562108e-13 0.999997615814209 0.002184694167226553 
vn -1.0341130485562108e-13 0.999997615814209 0.002184694167226553 
vn 0.999997615814209 0 0.002184694167226553 
vn 0.999997615814209 0 0.002184694167226553 
vn 0.999997615814209 0 0.002184694167226553 
vn 0.999997615814209 0 0.002184694167226553 
vn 0.999997615814209 0 0.002184694167226553 
vn 0.999997615814209 0 0.002184694167226553 
vn 0.999997615814209 0 0.002184694167226553 
vn 0.999997615814209 0 0.002184694167226553 
vn -1.0341130485562108e-13 0.999997615814209 0.002184694167226553 
vn -1.0341130485562108e-13 0.999997615814209 0.002184694167226553 
vn -1.0341130485562108e-13 0.999997615814209 0.002184694167226553 
vn 0 0 1 
vn 0 0 1 
vn 0 0 1 
vn 0 0 1 
vn 0 0 1 
vn 0 0 1 
vn 0 0 1 
vn -0.999997615814209 -2.0682260971124217e-13 0.002184694167226553 
vn -0.999997615814209 -2.0682260971124217e-13 0.002184694167226553 
vn -0.999997615814209 -2.0682260971124217e-13 0.002184694167226553 
vn -0.999997615814209 -2.0682260971124217e-13 0.002184694167226553 
vn 0.999997615814209 0 0.002184694167226553 
vn 0.999997615814209 0 0.002184694167226553 
vn 0.999997615814209 0 0.002184694167226553 
vn 0.999997615814209 0 0.002184694167226553 
vn 0.999997615814209 0 0.002184694167226553 
vn 0.999997615814209 0 0.002184694167226553 
vn 0.999997615814209 0 0.002184694167226553 
vn 0.999997615814209 0 0.002184694167226553 
vn 0 0 1 
vn 0 0 1 
vn 0 0 1 
vn 0 0 1 
vn 0 0 1 
vn 0 0 1 
vn 0 0 1 
vn 0 0 1 
vn 0 0 1 
vn 0 0 1 
vn 0 0 1 
vn 0 0 1 
vn 0.999997615814209 0 0.002184694167226553 
vn 0.999997615814209 0 0.002184694167226553 
vn 0.999997615814209 0 0.002184694167226553 
vn 0.999997615814209 0 0.002184694167226553 
vn 0 0 1 
vn 0 0 1 
vn 0 0 1 
vn 0 0 1 
vn 0 0 1 
vn 0 0 1 
vn 0 0 1 
vn 0 0 1 
vn 0 0 1 
vn 0 0 1 
vn 0 0 1 
vn 0 0 1 
vn 0 0 1 
vn 3.097898456858039e-13 -0.999997615814209 0.002184694167226553 
vn 3.097898456858039e-13 -0.999997615814209 0.002184694167226553 
vn 3.097898456858039e-13 -0.999997615814209 0.002184694167226553 
vn 3.097898456858039e-13 -0.999997615814209 0.002184694167226553 
vn 3.097898456858039e-13 -0.999997615814209 0.002184694167226553 
vn 3.097898456858039e-13 -0.999997615814209 0.002184694167226553 
vn 3.097898456858039e-13 -0.999997615814209 0.002184694167226553 
vn 3.097898456858039e-13 -0.999997615814209 0.002184694167226553 
vn 3.097898456858039e-13 -0.999997615814209 0.002184694167226553 
vn 3.097898456858039e-13 -0.999997615814209 0.002184694167226553 
vn 3.097898456858039e-13 -0.999997615814209 0.002184694167226553 
vn 3.097898456858039e-13 -0.999997615814209 0.002184694167226553 
vn 3.097898456858039e-13 -0.999997615814209 0.002184694167226553 
vn 3.097898456858039e-13 -0.999997615814209 0.002184694167226553 
vn 3.097898456858039e-13 -0.999997615814209 0.002184694167226553 
vn 3.097898456858039e-13 -0.999997615814209 0.002184694167226553 
vn 3.097898456858039e-13 -0.999997615814209 0.002184694167226553 
vn 3.097898456858039e-13 -0.999997615814209 0.002184694167226553 
vn 0 0 1 
vn 0 0 1 
vn 0 0 1 
vn 0 0 1 
vn 0 0 1 
vn 0 0 1 
vn 0 0 1 
vn 0 0 1 
vn 0 0 1 
vn 0 0 1 
vn 0.999997615814209 0 0.002184694167226553 
vn 0.999997615814209 0 0.002184694167226553 
vn 0.999997615814209 0 0.002184694167226553 
vn 0.999997615814209 0 0.002184694167226553 
vn -2.0682311115474694e-13 0 -1 
vn -2.0682311115474694e-13 0 -1 
vn -2.0682311115474694e-13 0 -1 
vn -2.0682311115474694e-13 0 -1 
vn 0.999997615814209 0 0.002184694167226553 
vn 0.999997615814209 0 0.002184694167226553 
vn 0.999997615814209 0 0.002184694167226553 
vn 0.999997615814209 0 0.002184694167226553 
vn 0 0 1 
vn 0 0 1 
vn 0 0 1 
vn 0 0 1 
vn 0.999997615814209 0 0.002184694167226553 
vn 0.999997615814209 0 0.002184694167226553 
vn 0.999997615814209 0 0.002184694167226553 
vn 0.999997615814209 0 0.002184694167226553 
vn -2.0682311115474694e-13 0 -1 
vn -2.0682311115474694e-13 0 -1 
vn -2.0682311115474694e-13 0 -1 
vn -2.0682311115474694e-13 0 -1 
vn 0.999997615814209 0 0.002184694167226553 
vn 0.999997615814209 0 0.002184694167226553 
vn 0.999997615814209 0 0.002184694167226553 
vn 0.999997615814209 0 0.002184694167226553 
vn 0.999997615814209 0 0.002184694167226553 
vn 0.999997615814209 0 0.002184694167226553 
vn 0.999997615814209 0 0.002184694167226553 
vn 0.999997615814209 0 0.002184694167226553 
vn 0.999997615814209 0 0.002184694167226553 
vn 0.999997615814209 0 0.002184694167226553 
vn 0.999997615814209 0 0.002184694167226553 
vn 0.999997615814209 0 0.002184694167226553 
vn 0.999997615814209 0 0.002184694167226553 
vn 0.999997615814209 0 0.002184694167226553 
vn 0.999997615814209 0 0.002184694167226553 
vn 0.999997615814209 0 0.002184694167226553 
vn 0.999997615814209 0 0.002184694167226553 
vn 0.999997615814209 0 0.002184694167226553 
vn 0.999997615814209 0 0.002184694167226553 
vn 0.999997615814209 0 0.002184694167226553 
vn 0.999997615814209 0 0.002184694167226553 
vn 0.999997615814209 0 0.002184694167226553 
vn 0.999997615814209 0 0.002184694167226553 
vn 0.999997615814209 0 0.002184694167226553 
vn 0.999997615814209 0 0.002184694167226553 
vn 0.999997615814209 0 0.002184694167226553 
vn 0.999997615814209 0 0.002184694167226553 
vn 0.999997615814209 0 0.002184694167226553 
vn 0.999997615814209 0 0.002184694167226553 
vn 0.999997615814209 0 0.002184694167226553 
vn 0.999997615814209 0 0.002184694167226553 
vn 0.999997615814209 0 0.002184694167226553 
vn -0.999997615814209 -2.0682260971124217e-13 0.002184694167226553 
vn -0.999997615814209 -2.0682260971124217e-13 0.002184694167226553 
vn -0.999997615814209 -2.0682260971124217e-13 0.002184694167226553 
vn -0.999997615814209 -2.0682260971124217e-13 0.002184694167226553 
vn 0.999997615814209 0 0.002184694167226553 
vn 0.999997615814209 0 0.002184694167226553 
vn 0.999997615814209 0 0.002184694167226553 
vn 0.999997615814209 0 0.002184694167226553 
vn -0.999997615814209 -2.0682260971124217e-13 0.002184694167226553 
vn -0.999997615814209 -2.0682260971124217e-13 0.002184694167226553 
vn -0.999997615814209 -2.0682260971124217e-13 0.002184694167226553 
vn -0.999997615814209 -2.0682260971124217e-13 0.002184694167226553 
vn -0.999997615814209 -2.0682260971124217e-13 0.002184694167226553 
vn -0.999997615814209 -2.0682260971124217e-13 0.002184694167226553 
vn -0.999997615814209 -2.0682260971124217e-13 0.002184694167226553 
vn -0.999997615814209 -2.0682260971124217e-13 0.002184694167226553 
vn 0 0 1 
vn 0 0 1 
vn 0 0 1 
vn 0 0 1 
vn 0 0 1 
vn 0 0 1 
vn 0.999997615814209 0 0.002184694167226553 
vn 0.999997615814209 0 0.002184694167226553 
vn 0.999997615814209 0 0.002184694167226553 
vn 0.999997615814209 0 0.002184694167226553 
vn 0.999997615814209 0 0.002184694167226553 
vn 0.999997615814209 0 0.002184694167226553 
vn 0.999997615814209 0 0.002184694167226553 
vn 0 0 1 
vn 0 0 1 
vn 0 0 1 
vn 0 0 1 
vn 0.999997615814209 0 0.002184694167226553 
vn 0.999997615814209 0 0.002184694167226553 
vn 0.999997615814209 0 0.002184694167226553 
vn 0.999997615814209 0 0.002184694167226553 
vn -0.999997615814209 -2.0682260971124217e-13 0.002184694167226553 
vn -0.999997615814209 -2.0682260971124217e-13 0.002184694167226553 
vn -0.999997615814209 -2.0682260971124217e-13 0.002184694167226553 
vn -0.999997615814209 -2.0682260971124217e-13 0.002184694167226553 
vn -0.999997615814209 -2.0682260971124217e-13 0.002184694167226553 
vn -2.0682311115474694e-13 0 -1 
vn -2.0682311115474694e-13 0 -1 
vn -2.0682311115474694e-13 0 -1 
vn -2.0682311115474694e-13 0 -1 
vn 0.999997615814209 0 0.002184694167226553 
vn 0.999997615814209 0 0.002184694167226553 
vn 0.999997615814209 0 0.002184694167226553 
vn 0.999997615814209 0 0.002184694167226553 
vn 0.999997615814209 0 0.002184694167226553 
vn 0.999997615814209 0 0.002184694167226553 
vn 0.999997615814209 0 0.002184694167226553 
vn 0.999997615814209 0 0.002184694167226553 
vn 0 0 1 
vn 0 0 1 
vn 0 0 1 
vn 0 0 1 
vn 3.097898456858039e-13 -0.999997615814209 0.002184694167226553 
vn 3.097898456858039e-13 -0.999997615814209 0.002184694167226553 
vn 3.097898456858039e-13 -0.999997615814209 0.002184694167226553 
vn 3.097898456858039e-13 -0.999997615814209 0.002184694167226553 
vn 3.097898456858039e-13 -0.999997615814209 0.002184694167226553 
vn 3.097898456858039e-13 -0.999997615814209 0.002184694167226553 
vn 3.097898456858039e-13 -0.999997615814209 0.002184694167226553 
vn 3.097898456858039e-13 -0.999997615814209 0.002184694167226553 
vn 3.097898456858039e-13 -0.999997615814209 0.002184694167226553 
vn 3.097898456858039e-13 -0.999997615814209 0.002184694167226553 
vn 3.097898456858039e-13 -0.999997615814209 0.002184694167226553 
vn 3.097898456858039e-13 -0.999997615814209 0.002184694167226553 
vn 3.097898456858039e-13 -0.999997615814209 0.002184694167226553 
vn 3.097898456858039e-13 -0.999997615814209 0.002184694167226553 
vn 3.097898456858039e-13 -0.999997615814209 0.002184694167226553 
vn 3.097898456858039e-13 -0.999997615814209 0.002184694167226553 
vn 3.097898456858039e-13 -0.999997615814209 0.002184694167226553 
vn 3.097898456858039e-13 -0.999997615814209 0.002184694167226553 
vn 3.097898456858039e-13 -0.999997615814209 0.002184694167226553 
vn 3.097898456858039e-13 -0.999997615814209 0.002184694167226553 
vn -0.999997615814209 -2.0682260971124217e-13 0.002184694167226553 
vn -0.999997615814209 -2.0682260971124217e-13 0.002184694167226553 
vn -0.999997615814209 -2.0682260971124217e-13 0.002184694167226553 
vn -0.999997615814209 -2.0682260971124217e-13 0.002184694167226553 
vn -0.999997615814209 -2.0682260971124217e-13 0.002184694167226553 
vn -0.999997615814209 -2.0682260971124217e-13 0.002184694167226553 
vn -0.999997615814209 -2.0682260971124217e-13 0.002184694167226553 
vn -0.999997615814209 -2.0682260971124217e-13 0.002184694167226553 
vn 0.999997615814209 0 0.002184694167226553 
vn 0.999997615814209 0 0.002184694167226553 
vn 0.999997615814209 0 0.002184694167226553 
vn 0.999997615814209 0 0.002184694167226553 
vn -0.999997615814209 -2.0682260971124217e-13 0.002184694167226553 
vn -0.999997615814209 -2.0682260971124217e-13 0.002184694167226553 
vn -0.999997615814209 -2.0682260971124217e-13 0.002184694167226553 
vn -0.999997615814209 -2.0682260971124217e-13 0.002184694167226553 
vn 0.999997615814209 0 0.002184694167226553 
vn 0.999997615814209 0 0.002184694167226553 
vn 0.999997615814209 0 0.002184694167226553 
vn 0.999997615814209 0 0.002184694167226553 
vn 0.999997615814209 0 0.002184694167226553 
vn 0.999997615814209 0 0.002184694167226553 
vn 0.999997615814209 0 0.002184694167226553 
vn 0.999997615814209 0 0.002184694167226553 
vn 0 0 1 
vn 0 0 1 
vn 0 0 1 
vn 0 0 1 
vn -2.0682311115474694e-13 0 -1 
vn -2.0682311115474694e-13 0 -1 
vn -2.0682311115474694e-13 0 -1 
vn -2.0682311115474694e-13 0 -1 
vn 0.999997615814209 0 0.002184694167226553 
vn 0.999997615814209 0 0.002184694167226553 
vn 0.999997615814209 0 0.002184694167226553 
vn 0.999997615814209 0 0.002184694167226553 
vn -0.999997615814209 -2.0682260971124217e-13 0.002184694167226553 
vn -0.999997615814209 -2.0682260971124217e-13 0.002184694167226553 
vn -0.999997615814209 -2.0682260971124217e-13 0.002184694167226553 
vn -0.999997615814209 -2.0682260971124217e-13 0.002184694167226553 
vn -0.999997615814209 -2.0682260971124217e-13 0.002184694167226553 
vn -0.999997615814209 -2.0682260971124217e-13 0.002184694167226553 
vn -0.999997615814209 -2.0682260971124217e-13 0.002184694167226553 
vn -0.999997615814209 -2.0682260971124217e-13 0.002184694167226553 
vn 0.999997615814209 0 0.002184694167226553 
vn 0.999997615814209 0 0.002184694167226553 
vn 0.999997615814209 0 0.002184694167226553 
vn 0.999997615814209 0 0.002184694167226553 
vn -0.999997615814209 -2.0682260971124217e-13 0.002184694167226553 
vn -0.999997615814209 -2.0682260971124217e-13 0.002184694167226553 
vn -0.999997615814209 -2.0682260971124217e-13 0.002184694167226553 
vn -0.999997615814209 -2.0682260971124217e-13 0.002184694167226553 
vn -0.999997615814209 -2.0682260971124217e-13 0.002184694167226553 
vn -0.999997615814209 -2.0682260971124217e-13 0.002184694167226553 
vn -0.999997615814209 -2.0682260971124217e-13 0.002184694167226553 
vn -2.0682311115474694e-13 0 -1 
vn -2.0682311115474694e-13 0 -1 
vn -2.0682311115474694e-13 0 -1 
vn -2.0682311115474694e-13 0 -1 
vn -0.999997615814209 -2.0682260971124217e-13 0.002184694167226553 
vn -0.999997615814209 -2.0682260971124217e-13 0.002184694167226553 
vn -0.999997615814209 -2.0682260971124217e-13 0.002184694167226553 
vn -0.999997615814209 -2.0682260971124217e-13 0.002184694167226553 
vn -0.999997615814209 -2.0682260971124217e-13 0.002184694167226553 
vn -0.999997615814209 -2.0682260971124217e-13 0.002184694167226553 
vn -0.999997615814209 -2.0682260971124217e-13 0.002184694167226553 
vn -0.999997615814209 -2.0682260971124217e-13 0.002184694167226553 
vn -0.999997615814209 -2.0682260971124217e-13 0.002184694167226553 
vn -0.999997615814209 -2.0682260971124217e-13 0.002184694167226553 
vn -0.999997615814209 -2.0682260971124217e-13 0.002184694167226553 
vn -0.999997615814209 -2.0682260971124217e-13 0.002184694167226553 
vn -2.0682311115474694e-13 0 -1 
vn -2.0682311115474694e-13 0 -1 
vn -2.0682311115474694e-13 0 -1 
vn -2.0682311115474694e-13 0 -1 
vn -0.999997615814209 -2.0682260971124217e-13 0.002184694167226553 
vn -0.999997615814209 -2.0682260971124217e-13 0.002184694167226553 
vn -0.999997615814209 -2.0682260971124217e-13 0.002184694167226553 
vn -0.999997615814209 -2.0682260971124217e-13 0.002184694167226553 
vn -0.999997615814209 -2.0682260971124217e-13 0.002184694167226553 
vn -0.999997615814209 -2.0682260971124217e-13 0.002184694167226553 
vn -0.999997615814209 -2.0682260971124217e-13 0.002184694167226553 
vn 3.097898456858039e-13 -0.999997615814209 0.002184694167226553 
vn 3.097898456858039e-13 -0.999997615814209 0.002184694167226553 
vn 3.097898456858039e-13 -0.999997615814209 0.002184694167226553 
vn -0.999997615814209 -2.0682260971124217e-13 0.002184694167226553 
vn -0.999997615814209 -2.0682260971124217e-13 0.002184694167226553 
vn -0.999997615814209 -2.0682260971124217e-13 0.002184694167226553 
vn -0.999997615814209 -2.0682260971124217e-13 0.002184694167226553 
vn -0.999997615814209 -2.0682260971124217e-13 0.002184694167226553 
vn -0.999997615814209 -2.0682260971124217e-13 0.002184694167226553 
vn -0.999997615814209 -2.0682260971124217e-13 0.002184694167226553 
vn -0.999997615814209 -2.0682260971124217e-13 0.002184694167226553 
vn -1.0341130485562108e-13 0.999997615814209 0.002184694167226553 
vn -1.0341130485562108e-13 0.999997615814209 0.002184694167226553 
vn -1.0341130485562108e-13 0.999997615814209 0.002184694167226553 
vn -0.999997615814209 -2.0682260971124217e-13 0.002184694167226553 
vn -0.999997615814209 -2.0682260971124217e-13 0.002184694167226553 
vn -0.999997615814209 -2.0682260971124217e-13 0.002184694167226553 
vn -0.999997615814209 -2.0682260971124217e-13 0.002184694167226553 
vn 0.999997615814209 0 0.002184694167226553 
vn 0.999997615814209 0 0.002184694167226553 
vn 0.999997615814209 0 0.002184694167226553 
vn 0.999997615814209 0 0.002184694167226553 
vn -0.999997615814209 -2.0682260971124217e-13 0.002184694167226553 
vn -0.999997615814209 -2.0682260971124217e-13 0.002184694167226553 
vn -0.999997615814209 -2.0682260971124217e-13 0.002184694167226553 
vn -0.999997615814209 -2.0682260971124217e-13 0.002184694167226553 
vn -0.999997615814209 -2.0682260971124217e-13 0.002184694167226553 
vn -0.999997615814209 -2.0682260971124217e-13 0.002184694167226553 
vn -0.999997615814209 -2.0682260971124217e-13 0.002184694167226553 
vn -0.999997615814209 -2.0682260971124217e-13 0.002184694167226553 
vn -1.0341130485562108e-13 0.999997615814209 0.002184694167226553 
vn -1.0341130485562108e-13 0.999997615814209 0.002184694167226553 
vn -1.0341130485562108e-13 0.999997615814209 0.002184694167226553 
vn -1.0341130485562108e-13 0.999997615814209 0.002184694167226553 
vn -2.0682311115474694e-13 0 -1 
vn -2.0682311115474694e-13 0 -1 
vn -2.0682311115474694e-13 0 -1 
vn -2.0682311115474694e-13 0 -1 
vn 0 0 1 
vn 0 0 1 
vn 0 0 1 
vn 0 0 1 
vn -2.0682311115474694e-13 0 -1 
vn -2.0682311115474694e-13 0 -1 
vn -2.0682311115474694e-13 0 -1 
vn -2.0682311115474694e-13 0 -1 
vn -0.999997615814209 -2.0682260971124217e-13 0.002184694167226553 
vn -0.999997615814209 -2.0682260971124217e-13 0.002184694167226553 
vn -0.999997615814209 -2.0682260971124217e-13 0.002184694167226553 
vn -0.999997615814209 -2.0682260971124217e-13 0.002184694167226553 
vn 0.999997615814209 0 0.002184694167226553 
vn 0.999997615814209 0 0.002184694167226553 
vn 0.999997615814209 0 0.002184694167226553 
vn 0.999997615814209 0 0.002184694167226553 
vn 0.999997615814209 0 0.002184694167226553 
vn 0.999997615814209 0 0.002184694167226553 
vn 0.999997615814209 0 0.002184694167226553 
vn 0.999997615814209 0 0.002184694167226553 
vn -0.999997615814209 -2.0682260971124217e-13 0.002184694167226553 
vn -0.999997615814209 -2.0682260971124217e-13 0.002184694167226553 
vn -0.999997615814209 -2.0682260971124217e-13 0.002184694167226553 
vn -0.999997615814209 -2.0682260971124217e-13 0.002184694167226553 
vn -2.0682311115474694e-13 0 -1 
vn -2.0682311115474694e-13 0 -1 
vn -2.0682311115474694e-13 0 -1 
vn -2.0682311115474694e-13 0 -1 
vn 0 0 1 
vn 0 0 1 
vn 0 0 1 
vn 0 0 1 
vn -1.0341130485562108e-13 0.999997615814209 0.002184694167226553 
vn -1.0341130485562108e-13 0.999997615814209 0.002184694167226553 
vn -1.0341130485562108e-13 0.999997615814209 0.002184694167226553 
vn -0.999997615814209 -2.0682260971124217e-13 0.002184694167226553 
vn -0.999997615814209 -2.0682260971124217e-13 0.002184694167226553 
vn -0.999997615814209 -2.0682260971124217e-13 0.002184694167226553 
vn -0.999997615814209 -2.0682260971124217e-13 0.002184694167226553 
vn -0.999997615814209 -2.0682260971124217e-13 0.002184694167226553 
vn -0.999997615814209 -2.0682260971124217e-13 0.002184694167226553 
vn -0.999997615814209 -2.0682260971124217e-13 0.002184694167226553 
vn 0 0 1 
vn 0 0 1 
vn 0 0 1 
vn 0 0 1 
vn 0 0 1 
vn 0 0 1 
vn 0 0 1 
vn 0 0 1 
vn 0 0 1 
vn 0 0 1 
vn 0 0 1 
vn 0 0 1 
vn 0 0 1 
vn 0 0 1 
vn 0 0 1 
vn 0 0 1 
vn 0 0 1 
vn 0 0 1 
vn -2.0682311115474694e-13 0 -1 
vn -2.0682311115474694e-13 0 -1 
vn -2.0682311115474694e-13 0 -1 
vn -2.0682311115474694e-13 0 -1 
vn -2.0682311115474694e-13 0 -1 
vn -2.0682311115474694e-13 0 -1 
vn -2.0682311115474694e-13 0 -1 
vn -2.0682311115474694e-13 0 -1 
vn -2.0682311115474694e-13 0 -1 
vn -2.0682311115474694e-13 0 -1 
vn -2.0682311115474694e-13 0 -1 
vn -2.0682311115474694e-13 0 -1 
vn -0.999997615814209 -2.0682260971124217e-13 0.002184694167226553 
vn -0.999997615814209 -2.0682260971124217e-13 0.002184694167226553 
vn 0.999997615814209 0 0.002184694167226553 
vn 0.999997615814209 0 0.002184694167226553 
vn 0.999997615814209 0 0.002184694167226553 
vn 0.999997615814209 0 0.002184694167226553 
vn 0.999997615814209 0 0.002184694167226553 
vn 0 0 1 
vn 0 0 1 
vn 0 0 1 
vn 0 0 1 
vn -2.0682311115474694e-13 0 -1 
vn -2.0682311115474694e-13 0 -1 
vn -2.0682311115474694e-13 0 -1 
vn -2.0682311115474694e-13 0 -1 
vn 3.097898456858039e-13 -0.999997615814209 0.002184694167226553 
vn 3.097898456858039e-13 -0.999997615814209 0.002184694167226553 
vn 3.097898456858039e-13 -0.999997615814209 0.002184694167226553 
vn 3.097898456858039e-13 -0.999997615814209 0.002184694167226553 
vn 3.097898456858039e-13 -0.999997615814209 0.002184694167226553 
vn 3.097898456858039e-13 -0.999997615814209 0.002184694167226553 
vn 3.097898456858039e-13 -0.999997615814209 0.002184694167226553 
vn 3.097898456858039e-13 -0.999997615814209 0.002184694167226553 
vn 3.097898456858039e-13 -0.999997615814209 0.002184694167226553 
vn 3.097898456858039e-13 -0.999997615814209 0.002184694167226553 
vn 3.097898456858039e-13 -0.999997615814209 0.002184694167226553 
vn -1.0341130485562108e-13 0.999997615814209 0.002184694167226553 
vn -1.0341130485562108e-13 0.999997615814209 0.002184694167226553 
vn -1.0341130485562108e-13 0.999997615814209 0.002184694167226553 
vn -1.0341130485562108e-13 0.999997615814209 0.002184694167226553 
vn -1.0341130485562108e-13 0.999997615814209 0.002184694167226553 
vn -1.0341130485562108e-13 0.999997615814209 0.002184694167226553 
vn -1.0341130485562108e-13 0.999997615814209 0.002184694167226553 
vn -1.0341130485562108e-13 0.999997615814209 0.002184694167226553 
vn -1.0341130485562108e-13 0.999997615814209 0.002184694167226553 
vn -1.0341130485562108e-13 0.999997615814209 0.002184694167226553 
vn -1.0341130485562108e-13 0.999997615814209 0.002184694167226553 
vn -1.0341130485562108e-13 0.999997615814209 0.002184694167226553 
vn -1.0341130485562108e-13 0.999997615814209 0.002184694167226553 
vn -1.0341130485562108e-13 0.999997615814209 0.002184694167226553 
vt 0.990234911441803 0.5 
vt 0.990234911441803 0.5 
vt 0.990234911441803 0.5 
vt 0.990234911441803 0.5 
vt 0.990234911441803 0.5 
vt 0.990234911441803 0.5 
vt 0.990234911441803 0.5 
vt 0.990234911441803 0.5 
vt 0.966762125492096 0.5 
vt 0.966762125492096 0.5 
vt 0.966762125492096 0.5 
vt 0.966762125492096 0.5 
vt 0.990234911441803 0.5 
vt 0.990234911441803 0.5 
vt 0.990234911441803 0.5 
vt 0.990234911441803 0.5 
vt 0.990234911441803 0.5 
vt 0.990234911441803 0.5 
vt 0.990234911441803 0.5 
vt 0.990234911441803 0.5 
vt 0.990234911441803 0.5 
vt 0.990234911441803 0.5 
vt 0.990234911441803 0.5 
vt 0.966762125492096 0.5 
vt 0.966762125492096 0.5 
vt 0.966762125492096 0.5 
vt 0.966762125492096 0.5 
vt 0.990234911441803 0.5 
vt 0.990234911441803 0.5 
vt 0.990234911441803 0.5 
vt 0.990234911441803 0.5 
vt 0.990234911441803 0.5 
vt 0.990234911441803 0.5 
vt 0.990234911441803 0.5 
vt 0.990234911441803 0.5 
vt 0.990234911441803 0.5 
vt 0.990234911441803 0.5 
vt 0.990234911441803 0.5 
vt 0.990234911441803 0.5 
vt 0.990234911441803 0.5 
vt 0.990234911441803 0.5 
vt 0.990234911441803 0.5 
vt 0.990234911441803 0.5 
vt 0.990234911441803 0.5 
vt 0.990234911441803 0.5 
vt 0.990234911441803 0.5 
vt 0.990234911441803 0.5 
vt 0.990234911441803 0.5 
vt 0.966762125492096 0.5 
vt 0.966762125492096 0.5 
vt 0.966762125492096 0.5 
vt 0.966762125492096 0.5 
vt 0.966762125492096 0.5 
vt 0.966762125492096 0.5 
vt 0.966762125492096 0.5 
vt 0.966762125492096 0.5 
vt 0.966762125492096 0.5 
vt 0.966762125492096 0.5 
vt 0.09179689735174179 0.5 
vt 0.09179689735174179 0.5 
vt 0.09179689735174179 0.5 
vt 0.09179689735174179 0.5 
vt 0.966762125492096 0.5 
vt 0.966762125492096 0.5 
vt 0.966762125492096 0.5 
vt 0.966762125492096 0.5 
vt 0.966762125492096 0.5 
vt 0.966762125492096 0.5 
vt 0.990234911441803 0.5 
vt 0.990234911441803 0.5 
vt 0.990234911441803 0.5 
vt 0.990234911441803 0.5 
vt 0.990234911441803 0.5 
vt 0.990234911441803 0.5 
vt 0.990234911441803 0.5 
vt 0.990234911441803 0.5 
vt 0.990234911441803 0.5 
vt 0.990234911441803 0.5 
vt 0.990234911441803 0.5 
vt 0.990234911441803 0.5 
vt 0.990234911441803 0.5 
vt 0.990234911441803 0.5 
vt 0.990234911441803 0.5 
vt 0.990234911441803 0.5 
vt 0.990234911441803 0.5 
vt 0.990234911441803 0.5 
vt 0.990234911441803 0.5 
vt 0.990234911441803 0.5 
vt 0.9824472069740295 0.5 
vt 0.9824472069740295 0.5 
vt 0.9824472069740295 0.5 
vt 0.9824472069740295 0.5 
vt 0.966762125492096 0.5 
vt 0.966762125492096 0.5 
vt 0.966762125492096 0.5 
vt 0.990234911441803 0.5 
vt 0.990234911441803 0.5 
vt 0.990234911441803 0.5 
vt 0.990234911441803 0.5 
vt 0.841829776763916 0.5 
vt 0.841829776763916 0.5 
vt 0.841829776763916 0.5 
vt 0.841829776763916 0.5 
vt 0.966762125492096 0.5 
vt 0.966762125492096 0.5 
vt 0.966762125492096 0.5 
vt 0.966762125492096 0.5 
vt 0.09179689735174179 0.5 
vt 0.09179689735174179 0.5 
vt 0.09179689735174179 0.5 
vt 0.09179689735174179 0.5 
vt 0.966762125492096 0.5 
vt 0.966762125492096 0.5 
vt 0.966762125492096 0.5 
vt 0.9824472069740295 0.5 
vt 0.9824472069740295 0.5 
vt 0.9824472069740295 0.5 
vt 0.9824472069740295 0.5 
vt 0.966762125492096 0.5 
vt 0.966762125492096 0.5 
vt 0.966762125492096 0.5 
vt 0.966762125492096 0.5 
vt 0.966762125492096 0.5 
vt 0.966762125492096 0.5 
vt 0.966762125492096 0.5 
vt 0.966762125492096 0.5 
vt 0.966762125492096 0.5 
vt 0.09179689735174179 0.5 
vt 0.09179689735174179 0.5 
vt 0.09179689735174179 0.5 
vt 0.09179689735174179 0.5 
vt 0.9824472069740295 0.5 
vt 0.9824472069740295 0.5 
vt 0.9824472069740295 0.5 
vt 0.9824472069740295 0.5 
vt 0.9824472069740295 0.5 
vt 0.9824472069740295 0.5 
vt 0.9824472069740295 0.5 
vt 0.9824472069740295 0.5 
vt 0.9824472069740295 0.5 
vt 0.9824472069740295 0.5 
vt 0.9824472069740295 0.5 
vt 0.990234911441803 0.5 
vt 0.990234911441803 0.5 
vt 0.990234911441803 0.5 
vt 0.990234911441803 0.5 
vt 0.990234911441803 0.5 
vt 0.990234911441803 0.5 
vt 0.990234911441803 0.5 
vt 0.990234911441803 0.5 
vt 0.990234911441803 0.5 
vt 0.990234911441803 0.5 
vt 0.990234911441803 0.5 
vt 0.990234911441803 0.5 
vt 0.990234911441803 0.5 
vt 0.990234911441803 0.5 
vt 0.990234911441803 0.5 
vt 0.990234911441803 0.5 
vt 0.9824472069740295 0.5 
vt 0.9824472069740295 0.5 
vt 0.9824472069740295 0.5 
vt 0.9824472069740295 0.5 
vt 0.9824472069740295 0.5 
vt 0.9824472069740295 0.5 
vt 0.990234911441803 0.5 
vt 0.990234911441803 0.5 
vt 0.990234911441803 0.5 
vt 0.990234911441803 0.5 
vt 0.990234911441803 0.5 
vt 0.990234911441803 0.5 
vt 0.990234911441803 0.5 
vt 0.990234911441803 0.5 
vt 0.990234911441803 0.5 
vt 0.990234911441803 0.5 
vt 0.990234911441803 0.5 
vt 0.990234911441803 0.5 
vt 0.990234911441803 0.5 
vt 0.990234911441803 0.5 
vt 0.990234911441803 0.5 
vt 0.990234911441803 0.5 
vt 0.990234911441803 0.5 
vt 0.990234911441803 0.5 
vt 0.990234911441803 0.5 
vt 0.990234911441803 0.5 
vt 0.990234911441803 0.5 
vt 0.990234911441803 0.5 
vt 0.990234911441803 0.5 
vt 0.9824472069740295 0.5 
vt 0.9824472069740295 0.5 
vt 0.9824472069740295 0.5 
vt 0.9824472069740295 0.5 
vt 0.9824472069740295 0.5 
vt 0.9824472069740295 0.5 
vt 0.9824472069740295 0.5 
vt 0.9824472069740295 0.5 
vt 0.990234911441803 0.5 
vt 0.990234911441803 0.5 
vt 0.990234911441803 0.5 
vt 0.990234911441803 0.5 
vt 0.990234911441803 0.5 
vt 0.990234911441803 0.5 
vt 0.990234911441803 0.5 
vt 0.990234911441803 0.5 
vt 0.990234911441803 0.5 
vt 0.990234911441803 0.5 
vt 0.990234911441803 0.5 
vt 0.990234911441803 0.5 
vt 0.9824472069740295 0.5 
vt 0.9824472069740295 0.5 
vt 0.9824472069740295 0.5 
vt 0.9824472069740295 0.5 
vt 0.9824472069740295 0.5 
vt 0.9824472069740295 0.5 
vt 0.9824472069740295 0.5 
vt 0.9824472069740295 0.5 
vt 0.9824472069740295 0.5 
vt 0.9824472069740295 0.5 
vt 0.9824472069740295 0.5 
vt 0.9824472069740295 0.5 
vt 0.990234911441803 0.5 
vt 0.990234911441803 0.5 
vt 0.990234911441803 0.5 
vt 0.990234911441803 0.5 
vt 0.990234911441803 0.5 
vt 0.990234911441803 0.5 
vt 0.990234911441803 0.5 
vt 0.990234911441803 0.5 
vt 0.990234911441803 0.5 
vt 0.990234911441803 0.5 
vt 0.990234911441803 0.5 
vt 0.990234911441803 0.5 
vt 0.990234911441803 0.5 
vt 0.9824472069740295 0.5 
vt 0.9824472069740295 0.5 
vt 0.9824472069740295 0.5 
vt 0.9824472069740295 0.5 
vt 0.990234911441803 0.5 
vt 0.990234911441803 0.5 
vt 0.990234911441803 0.5 
vt 0.990234911441803 0.5 
vt 0.990234911441803 0.5 
vt 0.990234911441803 0.5 
vt 0.990234911441803 0.5 
vt 0.990234911441803 0.5 
vt 0.990234911441803 0.5 
vt 0.990234911441803 0.5 
vt 0.990234911441803 0.5 
vt 0.990234911441803 0.5 
vt 0.990234911441803 0.5 
vt 0.990234911441803 0.5 
vt 0.990234911441803 0.5 
vt 0.990234911441803 0.5 
vt 0.990234911441803 0.5 
vt 0.990234911441803 0.5 
vt 0.990234911441803 0.5 
vt 0.990234911441803 0.5 
vt 0.990234911441803 0.5 
vt 0.990234911441803 0.5 
vt 0.990234911441803 0.5 
vt 0.990234911441803 0.5 
vt 0.990234911441803 0.5 
vt 0.990234911441803 0.5 
vt 0.990234911441803 0.5 
vt 0.990234911441803 0.5 
vt 0.990234911441803 0.5 
vt 0.990234911441803 0.5 
vt 0.990234911441803 0.5 
vt 0.9824472069740295 0.5 
vt 0.9824472069740295 0.5 
vt 0.9824472069740295 0.5 
vt 0.9824472069740295 0.5 
vt 0.966762125492096 0.5 
vt 0.966762125492096 0.5 
vt 0.966762125492096 0.5 
vt 0.990234911441803 0.5 
vt 0.990234911441803 0.5 
vt 0.990234911441803 0.5 
vt 0.990234911441803 0.5 
vt 0.990234911441803 0.5 
vt 0.990234911441803 0.5 
vt 0.990234911441803 0.5 
vt 0.990234911441803 0.5 
vt 0.990234911441803 0.5 
vt 0.990234911441803 0.5 
vt 0.990234911441803 0.5 
vt 0.990234911441803 0.5 
vt 0.990234911441803 0.5 
vt 0.990234911441803 0.5 
vt 0.990234911441803 0.5 
vt 0.990234911441803 0.5 
vt 0.990234911441803 0.5 
vt 0.966762125492096 0.5 
vt 0.966762125492096 0.5 
vt 0.966762125492096 0.5 
vt 0.990234911441803 0.5 
vt 0.990234911441803 0.5 
vt 0.990234911441803 0.5 
vt 0.990234911441803 0.5 
vt 0.990234911441803 0.5 
vt 0.990234911441803 0.5 
vt 0.990234911441803 0.5 
vt 0.09179689735174179 0.5 
vt 0.09179689735174179 0.5 
vt 0.09179689735174179 0.5 
vt 0.09179689735174179 0.5 
vt 0.9824472069740295 0.5 
vt 0.9824472069740295 0.5 
vt 0.9824472069740295 0.5 
vt 0.9824472069740295 0.5 
vt 0.9824472069740295 0.5 
vt 0.9824472069740295 0.5 
vt 0.990234911441803 0.5 
vt 0.990234911441803 0.5 
vt 0.990234911441803 0.5 
vt 0.990234911441803 0.5 
vt 0.990234911441803 0.5 
vt 0.990234911441803 0.5 
vt 0.990234911441803 0.5 
vt 0.990234911441803 0.5 
vt 0.966762125492096 0.5 
vt 0.966762125492096 0.5 
vt 0.966762125492096 0.5 
vt 0.966762125492096 0.5 
vt 0.9824472069740295 0.5 
vt 0.9824472069740295 0.5 
vt 0.9824472069740295 0.5 
vt 0.9824472069740295 0.5 
vt 0.966762125492096 0.5 
vt 0.966762125492096 0.5 
vt 0.966762125492096 0.5 
vt 0.966762125492096 0.5 
vt 0.9824472069740295 0.5 
vt 0.9824472069740295 0.5 
vt 0.9824472069740295 0.5 
vt 0.9824472069740295 0.5 
vt 0.9824472069740295 0.5 
vt 0.9824472069740295 0.5 
vt 0.9824472069740295 0.5 
vt 0.9824472069740295 0.5 
vt 0.9824472069740295 0.5 
vt 0.9824472069740295 0.5 
vt 0.9824472069740295 0.5 
vt 0.9824472069740295 0.5 
vt 0.9824472069740295 0.5 
vt 0.9824472069740295 0.5 
vt 0.9824472069740295 0.5 
vt 0.9824472069740295 0.5 
vt 0.9824472069740295 0.5 
vt 0.9824472069740295 0.5 
vt 0.9824472069740295 0.5 
vt 0.9824472069740295 0.5 
vt 0.9824472069740295 0.5 
vt 0.9824472069740295 0.5 
vt 0.9824472069740295 0.5 
vt 0.9824472069740295 0.5 
vt 0.9824472069740295 0.5 
vt 0.9824472069740295 0.5 
vt 0.9824472069740295 0.5 
vt 0.966762125492096 0.5 
vt 0.966762125492096 0.5 
vt 0.966762125492096 0.5 
vt 0.966762125492096 0.5 
vt 0.9824472069740295 0.5 
vt 0.9824472069740295 0.5 
vt 0.9824472069740295 0.5 
vt 0.9824472069740295 0.5 
vt 0.9824472069740295 0.5 
vt 0.9824472069740295 0.5 
vt 0.9824472069740295 0.5 
vt 0.9824472069740295 0.5 
vt 0.9824472069740295 0.5 
vt 0.9824472069740295 0.5 
vt 0.9824472069740295 0.5 
vt 0.9824472069740295 0.5 
vt 0.9824472069740295 0.5 
vt 0.9824472069740295 0.5 
vt 0.9824472069740295 0.5 
vt 0.9824472069740295 0.5 
vt 0.9824472069740295 0.5 
vt 0.9824472069740295 0.5 
vt 0.9824472069740295 0.5 
vt 0.9824472069740295 0.5 
vt 0.9824472069740295 0.5 
vt 0.9824472069740295 0.5 
vt 0.9824472069740295 0.5 
vt 0.9824472069740295 0.5 
vt 0.990234911441803 0.5 
vt 0.990234911441803 0.5 
vt 0.990234911441803 0.5 
vt 0.990234911441803 0.5 
vt 0.990234911441803 0.5 
vt 0.990234911441803 0.5 
vt 0.990234911441803 0.5 
vt 0.990234911441803 0.5 
vt 0.990234911441803 0.5 
vt 0.990234911441803 0.5 
vt 0.990234911441803 0.5 
vt 0.990234911441803 0.5 
vt 0.990234911441803 0.5 
vt 0.990234911441803 0.5 
vt 0.990234911441803 0.5 
vt 0.990234911441803 0.5 
vt 0.09179689735174179 0.5 
vt 0.09179689735174179 0.5 
vt 0.09179689735174179 0.5 
vt 0.09179689735174179 0.5 
vt 0.990234911441803 0.5 
vt 0.990234911441803 0.5 
vt 0.990234911441803 0.5 
vt 0.990234911441803 0.5 
vt 0.990234911441803 0.5 
vt 0.990234911441803 0.5 
vt 0.990234911441803 0.5 
vt 0.990234911441803 0.5 
vt 0.990234911441803 0.5 
vt 0.990234911441803 0.5 
vt 0.990234911441803 0.5 
vt 0.990234911441803 0.5 
vt 0.990234911441803 0.5 
vt 0.990234911441803 0.5 
vt 0.990234911441803 0.5 
vt 0.990234911441803 0.5 
vt 0.990234911441803 0.5 
vt 0.990234911441803 0.5 
vt 0.990234911441803 0.5 
vt 0.990234911441803 0.5 
vt 0.990234911441803 0.5 
vt 0.990234911441803 0.5 
vt 0.990234911441803 0.5 
vt 0.990234911441803 0.5 
vt 0.990234911441803 0.5 
vt 0.990234911441803 0.5 
vt 0.990234911441803 0.5 
vt 0.990234911441803 0.5 
vt 0.990234911441803 0.5 
vt 0.9824472069740295 0.5 
vt 0.9824472069740295 0.5 
vt 0.9824472069740295 0.5 
vt 0.9824472069740295 0.5 
vt 0.990234911441803 0.5 
vt 0.990234911441803 0.5 
vt 0.990234911441803 0.5 
vt 0.990234911441803 0.5 
vt 0.966762125492096 0.5 
vt 0.966762125492096 0.5 
vt 0.966762125492096 0.5 
vt 0.966762125492096 0.5 
vt 0.9824472069740295 0.5 
vt 0.9824472069740295 0.5 
vt 0.9824472069740295 0.5 
vt 0.9824472069740295 0.5 
vt 0.990234911441803 0.5 
vt 0.990234911441803 0.5 
vt 0.990234911441803 0.5 
vt 0.990234911441803 0.5 
vt 0.990234911441803 0.5 
vt 0.990234911441803 0.5 
vt 0.990234911441803 0.5 
vt 0.990234911441803 0.5 
vt 0.990234911441803 0.5 
vt 0.990234911441803 0.5 
vt 0.966762125492096 0.5 
vt 0.966762125492096 0.5 
vt 0.966762125492096 0.5 
vt 0.966762125492096 0.5 
vt 0.966762125492096 0.5 
vt 0.966762125492096 0.5 
vt 0.966762125492096 0.5 
vt 0.966762125492096 0.5 
vt 0.966762125492096 0.5 
vt 0.966762125492096 0.5 
vt 0.966762125492096 0.5 
vt 0.966762125492096 0.5 
vt 0.966762125492096 0.5 
vt 0.966762125492096 0.5 
vt 0.966762125492096 0.5 
vt 0.966762125492096 0.5 
vt 0.966762125492096 0.5 
vt 0.966762125492096 0.5 
vt 0.966762125492096 0.5 
vt 0.966762125492096 0.5 
vt 0.966762125492096 0.5 
vt 0.966762125492096 0.5 
vt 0.966762125492096 0.5 
vt 0.966762125492096 0.5 
vt 0.966762125492096 0.5 
vt 0.966762125492096 0.5 
vt 0.966762125492096 0.5 
vt 0.966762125492096 0.5 
vt 0.966762125492096 0.5 
vt 0.966762125492096 0.5 
vt 0.966762125492096 0.5 
vt 0.966762125492096 0.5 
vt 0.966762125492096 0.5 
vt 0.966762125492096 0.5 
vt 0.966762125492096 0.5 
vt 0.966762125492096 0.5 
vt 0.966762125492096 0.5 
vt 0.966762125492096 0.5 
vt 0.9824472069740295 0.5 
vt 0.9824472069740295 0.5 
vt 0.9824472069740295 0.5 
vt 0.9824472069740295 0.5 
vt 0.9824472069740295 0.5 
vt 0.9824472069740295 0.5 
vt 0.9824472069740295 0.5 
vt 0.9824472069740295 0.5 
vt 0.966762125492096 0.5 
vt 0.966762125492096 0.5 
vt 0.966762125492096 0.5 
vt 0.966762125492096 0.5 
vt 0.990234911441803 0.5 
vt 0.990234911441803 0.5 
vt 0.990234911441803 0.5 
vt 0.990234911441803 0.5 
vt 0.990234911441803 0.5 
vt 0.990234911441803 0.5 
vt 0.990234911441803 0.5 
vt 0.990234911441803 0.5 
vt 0.990234911441803 0.5 
vt 0.990234911441803 0.5 
vt 0.990234911441803 0.5 
vt 0.9824472069740295 0.5 
vt 0.9824472069740295 0.5 
vt 0.9824472069740295 0.5 
vt 0.9824472069740295 0.5 
vt 0.990234911441803 0.5 
vt 0.990234911441803 0.5 
vt 0.990234911441803 0.5 
vt 0.990234911441803 0.5 
vt 0.841829776763916 0.5 
vt 0.841829776763916 0.5 
vt 0.841829776763916 0.5 
vt 0.841829776763916 0.5 
vt 0.990234911441803 0.5 
vt 0.990234911441803 0.5 
vt 0.990234911441803 0.5 
vt 0.990234911441803 0.5 
vt 0.990234911441803 0.5 
vt 0.990234911441803 0.5 
vt 0.990234911441803 0.5 
vt 0.990234911441803 0.5 
vt 0.990234911441803 0.5 
vt 0.990234911441803 0.5 
vt 0.990234911441803 0.5 
vt 0.990234911441803 0.5 
vt 0.990234911441803 0.5 
vt 0.990234911441803 0.5 
vt 0.9824472069740295 0.5 
vt 0.9824472069740295 0.5 
vt 0.9824472069740295 0.5 
vt 0.9824472069740295 0.5 
vt 0.9824472069740295 0.5 
vt 0.9824472069740295 0.5 
vt 0.9824472069740295 0.5 
vt 0.9824472069740295 0.5 
vt 0.9824472069740295 0.5 
vt 0.966762125492096 0.5 
vt 0.966762125492096 0.5 
vt 0.966762125492096 0.5 
vt 0.966762125492096 0.5 
vt 0.966762125492096 0.5 
vt 0.966762125492096 0.5 
vt 0.966762125492096 0.5 
vt 0.966762125492096 0.5 
vt 0.966762125492096 0.5 
vt 0.966762125492096 0.5 
vt 0.966762125492096 0.5 
vt 0.990234911441803 0.5 
vt 0.990234911441803 0.5 
vt 0.990234911441803 0.5 
vt 0.990234911441803 0.5 
vt 0.990234911441803 0.5 
vt 0.990234911441803 0.5 
vt 0.990234911441803 0.5 
vt 0.990234911441803 0.5 
vt 0.9824472069740295 0.5 
vt 0.9824472069740295 0.5 
vt 0.9824472069740295 0.5 
vt 0.9824472069740295 0.5 
vt 0.9824472069740295 0.5 
vt 0.9824472069740295 0.5 
vt 0.9824472069740295 0.5 
vt 0.9824472069740295 0.5 
vt 0.9824472069740295 0.5 
vt 0.9824472069740295 0.5 
vt 0.990234911441803 0.5 
vt 0.990234911441803 0.5 
vt 0.990234911441803 0.5 
vt 0.990234911441803 0.5 
vt 0.990234911441803 0.5 
vt 0.990234911441803 0.5 
vt 0.966762125492096 0.5 
vt 0.966762125492096 0.5 
vt 0.9824472069740295 0.5 
vt 0.9824472069740295 0.5 
vt 0.9824472069740295 0.5 
vt 0.9824472069740295 0.5 
vt 0.9824472069740295 0.5 
vt 0.9824472069740295 0.5 
vt 0.9824472069740295 0.5 
vt 0.9824472069740295 0.5 
vt 0.09179689735174179 0.5 
vt 0.09179689735174179 0.5 
vt 0.09179689735174179 0.5 
vt 0.09179689735174179 0.5 
vt 0.9824472069740295 0.5 
vt 0.9824472069740295 0.5 
vt 0.9824472069740295 0.5 
vt 0.9824472069740295 0.5 
vt 0.990234911441803 0.5 
vt 0.990234911441803 0.5 
vt 0.990234911441803 0.5 
vt 0.990234911441803 0.5 
vt 0.966762125492096 0.5 
vt 0.966762125492096 0.5 
vt 0.966762125492096 0.5 
vt 0.966762125492096 0.5 
vt 0.966762125492096 0.5 
vt 0.966762125492096 0.5 
vt 0.966762125492096 0.5 
vt 0.966762125492096 0.5 
vt 0.9824472069740295 0.5 
vt 0.9824472069740295 0.5 
vt 0.9824472069740295 0.5 
vt 0.9824472069740295 0.5 
vt 0.966762125492096 0.5 
vt 0.966762125492096 0.5 
vt 0.966762125492096 0.5 
vt 0.966762125492096 0.5 
vt 0.966762125492096 0.5 
vt 0.966762125492096 0.5 
vt 0.966762125492096 0.5 
vt 0.966762125492096 0.5 
vt 0.966762125492096 0.5 
vt 0.966762125492096 0.5 
vt 0.966762125492096 0.5 
vt 0.990234911441803 0.5 
vt 0.990234911441803 0.5 
vt 0.990234911441803 0.5 
vt 0.990234911441803 0.5 
vt 0.966762125492096 0.5 
vt 0.966762125492096 0.5 
vt 0.9824472069740295 0.5 
vt 0.9824472069740295 0.5 
vt 0.9824472069740295 0.5 
vt 0.9824472069740295 0.5 
vt 0.9824472069740295 0.5 
vt 0.9824472069740295 0.5 
vt 0.9824472069740295 0.5 
vt 0.9824472069740295 0.5 
vt 0.966762125492096 0.5 
vt 0.966762125492096 0.5 
vt 0.966762125492096 0.5 
vt 0.990234911441803 0.5 
vt 0.990234911441803 0.5 
vt 0.990234911441803 0.5 
vt 0.990234911441803 0.5 
vt 0.990234911441803 0.5 
vt 0.990234911441803 0.5 
vt 0.990234911441803 0.5 
vt 0.966762125492096 0.5 
vt 0.966762125492096 0.5 
vt 0.966762125492096 0.5 
vt 0.966762125492096 0.5 
vt 0.966762125492096 0.5 
vt 0.966762125492096 0.5 
vt 0.966762125492096 0.5 
vt 0.966762125492096 0.5 
vt 0.990234911441803 0.5 
vt 0.990234911441803 0.5 
vt 0.990234911441803 0.5 
vt 0.990234911441803 0.5 
vt 0.966762125492096 0.5 
vt 0.966762125492096 0.5 
vt 0.966762125492096 0.5 
vt 0.966762125492096 0.5 
vt 0.966762125492096 0.5 
vt 0.966762125492096 0.5 
vt 0.966762125492096 0.5 
vt 0.966762125492096 0.5 
vt 0.966762125492096 0.5 
vt 0.966762125492096 0.5 
vt 0.966762125492096 0.5 
vt 0.966762125492096 0.5 
vt 0.990234911441803 0.5 
vt 0.990234911441803 0.5 
vt 0.990234911441803 0.5 
vt 0.990234911441803 0.5 
vt 0.966762125492096 0.5 
vt 0.966762125492096 0.5 
vt 0.966762125492096 0.5 
vt 0.966762125492096 0.5 
vt 0.966762125492096 0.5 
vt 0.966762125492096 0.5 
vt 0.966762125492096 0.5 
vt 0.966762125492096 0.5 
vt 0.966762125492096 0.5 
vt 0.966762125492096 0.5 
vt 0.966762125492096 0.5 
vt 0.966762125492096 0.5 
vt 0.966762125492096 0.5 
vt 0.9824472069740295 0.5 
vt 0.9824472069740295 0.5 
vt 0.9824472069740295 0.5 
vt 0.9824472069740295 0.5 
vt 0.9824472069740295 0.5 
vt 0.9824472069740295 0.5 
vt 0.9824472069740295 0.5 
vt 0.9824472069740295 0.5 
vt 0.9824472069740295 0.5 
vt 0.9824472069740295 0.5 
vt 0.9824472069740295 0.5 
vt 0.9824472069740295 0.5 
vt 0.9824472069740295 0.5 
vt 0.9824472069740295 0.5 
vt 0.9824472069740295 0.5 
vt 0.9824472069740295 0.5 
vt 0.9824472069740295 0.5 
vt 0.9824472069740295 0.5 
vt 0.990234911441803 0.5 
vt 0.990234911441803 0.5 
vt 0.990234911441803 0.5 
vt 0.990234911441803 0.5 
vt 0.990234911441803 0.5 
vt 0.990234911441803 0.5 
vt 0.990234911441803 0.5 
vt 0.990234911441803 0.5 
vt 0.990234911441803 0.5 
vt 0.990234911441803 0.5 
vt 0.990234911441803 0.5 
vt 0.990234911441803 0.5 
vt 0.990234911441803 0.5 
vt 0.990234911441803 0.5 
vt 0.990234911441803 0.5 
vt 0.990234911441803 0.5 
vt 0.990234911441803 0.5 
vt 0.990234911441803 0.5 
vt 0.990234911441803 0.5 
vt 0.990234911441803 0.5 
vt 0.990234911441803 0.5 
vt 0.990234911441803 0.5 
vt 0.9824472069740295 0.5 
vt 0.9824472069740295 0.5 
vt 0.9824472069740295 0.5 
vt 0.9824472069740295 0.5 
vt 0.990234911441803 0.5 
vt 0.990234911441803 0.5 
vt 0.990234911441803 0.5 
vt 0.990234911441803 0.5 
vt 0.990234911441803 0.5 
vt 0.990234911441803 0.5 
vt 0.990234911441803 0.5 
vt 0.990234911441803 0.5 
vt 0.990234911441803 0.5 
vt 0.990234911441803 0.5 
vt 0.990234911441803 0.5 
vt 0.990234911441803 0.5 
vt 0.966762125492096 0.5 
vt 0.966762125492096 0.5 
vt 0.966762125492096 0.5 
vt 0.966762125492096 0.5 
vt 0.990234911441803 0.5 
vt 0.990234911441803 0.5 
vt 0.990234911441803 0.5 
vt 0.990234911441803 0.5 
vt 0.990234911441803 0.5 
vt 0.990234911441803 0.5 
vt 0.990234911441803 0.5 
vt 0.990234911441803 0.5 
vt 0.966762125492096 0.5 
vt 0.966762125492096 0.5 
vt 0.966762125492096 0.5 
vt 0.966762125492096 0.5 
vt 0.990234911441803 0.5 
vt 0.990234911441803 0.5 
vt 0.990234911441803 0.5 
vt 0.990234911441803 0.5 
vt 0.966762125492096 0.5 
vt 0.966762125492096 0.5 
vt 0.966762125492096 0.5 
vt 0.966762125492096 0.5 
vt 0.990234911441803 0.5 
vt 0.990234911441803 0.5 
vt 0.990234911441803 0.5 
vt 0.990234911441803 0.5 
vt 0.990234911441803 0.5 
vt 0.990234911441803 0.5 
vt 0.990234911441803 0.5 
vt 0.990234911441803 0.5 
vt 0.966762125492096 0.5 
vt 0.966762125492096 0.5 
vt 0.966762125492096 0.5 
vt 0.966762125492096 0.5 
vt 0.990234911441803 0.5 
vt 0.990234911441803 0.5 
vt 0.990234911441803 0.5 
vt 0.990234911441803 0.5 
vt 0.990234911441803 0.5 
vt 0.990234911441803 0.5 
vt 0.990234911441803 0.5 
vt 0.990234911441803 0.5 
vt 0.966762125492096 0.5 
vt 0.966762125492096 0.5 
vt 0.966762125492096 0.5 
vt 0.966762125492096 0.5 
vt 0.966762125492096 0.5 
vt 0.966762125492096 0.5 
vt 0.990234911441803 0.5 
vt 0.990234911441803 0.5 
vt 0.990234911441803 0.5 
vt 0.966762125492096 0.5 
vt 0.966762125492096 0.5 
vt 0.966762125492096 0.5 
vt 0.966762125492096 0.5 
vt 0.841829776763916 0.5 
vt 0.841829776763916 0.5 
vt 0.841829776763916 0.5 
vt 0.841829776763916 0.5 
vt 0.966762125492096 0.5 
vt 0.966762125492096 0.5 
vt 0.966762125492096 0.5 
vt 0.966762125492096 0.5 
vt 0.9824472069740295 0.5 
vt 0.9824472069740295 0.5 
vt 0.9824472069740295 0.5 
vt 0.9824472069740295 0.5 
vt 0.9824472069740295 0.5 
vt 0.990234911441803 0.5 
vt 0.990234911441803 0.5 
vt 0.990234911441803 0.5 
vt 0.990234911441803 0.5 
vt 0.990234911441803 0.5 
vt 0.990234911441803 0.5 
vt 0.990234911441803 0.5 
vt 0.990234911441803 0.5 
vt 0.966762125492096 0.5 
vt 0.966762125492096 0.5 
vt 0.966762125492096 0.5 
vt 0.966762125492096 0.5 
vt 0.966762125492096 0.5 
vt 0.966762125492096 0.5 
vt 0.966762125492096 0.5 
vt 0.966762125492096 0.5 
vt 0.990234911441803 0.5 
vt 0.990234911441803 0.5 
vt 0.990234911441803 0.5 
vt 0.990234911441803 0.5 
vt 0.990234911441803 0.5 
vt 0.990234911441803 0.5 
vt 0.990234911441803 0.5 
vt 0.990234911441803 0.5 
vt 0.990234911441803 0.5 
vt 0.990234911441803 0.5 
vt 0.990234911441803 0.5 
vt 0.990234911441803 0.5 
vt 0.990234911441803 0.5 
vt 0.990234911441803 0.5 
vt 0.990234911441803 0.5 
vt 0.990234911441803 0.5 
vt 0.990234911441803 0.5 
vt 0.990234911441803 0.5 
vt 0.990234911441803 0.5 
vt 0.990234911441803 0.5 
vt 0.990234911441803 0.5 
vt 0.990234911441803 0.5 
vt 0.990234911441803 0.5 
vt 0.990234911441803 0.5 
vt 0.966762125492096 0.5 
vt 0.966762125492096 0.5 
vt 0.966762125492096 0.5 
vt 0.966762125492096 0.5 
vt 0.966762125492096 0.5 
vt 0.966762125492096 0.5 
vt 0.966762125492096 0.5 
vt 0.966762125492096 0.5 
vt 0.990234911441803 0.5 
vt 0.990234911441803 0.5 
vt 0.990234911441803 0.5 
vt 0.990234911441803 0.5 
vt 0.966762125492096 0.5 
vt 0.966762125492096 0.5 
vt 0.966762125492096 0.5 
vt 0.966762125492096 0.5 
vt 0.990234911441803 0.5 
vt 0.990234911441803 0.5 
vt 0.990234911441803 0.5 
vt 0.990234911441803 0.5 
vt 0.9824472069740295 0.5 
vt 0.9824472069740295 0.5 
vt 0.9824472069740295 0.5 
vt 0.9824472069740295 0.5 
vt 0.990234911441803 0.5 
vt 0.990234911441803 0.5 
vt 0.990234911441803 0.5 
vt 0.990234911441803 0.5 
vt 0.990234911441803 0.5 
vt 0.990234911441803 0.5 
vt 0.990234911441803 0.5 
vt 0.990234911441803 0.5 
vt 0.9824472069740295 0.5 
vt 0.9824472069740295 0.5 
vt 0.9824472069740295 0.5 
vt 0.9824472069740295 0.5 
vt 0.966762125492096 0.5 
vt 0.966762125492096 0.5 
vt 0.966762125492096 0.5 
vt 0.966762125492096 0.5 
vt 0.990234911441803 0.5 
vt 0.990234911441803 0.5 
vt 0.990234911441803 0.5 
vt 0.990234911441803 0.5 
vt 0.990234911441803 0.5 
vt 0.990234911441803 0.5 
vt 0.990234911441803 0.5 
vt 0.990234911441803 0.5 
vt 0.990234911441803 0.5 
vt 0.990234911441803 0.5 
vt 0.990234911441803 0.5 
vt 0.990234911441803 0.5 
vt 0.990234911441803 0.5 
vt 0.990234911441803 0.5 
vt 0.990234911441803 0.5 
vt 0.990234911441803 0.5 
vt 0.990234911441803 0.5 
vt 0.990234911441803 0.5 
vt 0.990234911441803 0.5 
vt 0.990234911441803 0.5 
vt 0.990234911441803 0.5 
vt 0.990234911441803 0.5 
vt 0.990234911441803 0.5 
vt 0.966762125492096 0.5 
vt 0.966762125492096 0.5 
vt 0.966762125492096 0.5 
vt 0.966762125492096 0.5 
vt 0.966762125492096 0.5 
vt 0.966762125492096 0.5 
vt 0.966762125492096 0.5 
vt 0.966762125492096 0.5 
vt 0.966762125492096 0.5 
vt 0.966762125492096 0.5 
vt 0.966762125492096 0.5 
vt 0.966762125492096 0.5 
vt 0.9824472069740295 0.5 
vt 0.9824472069740295 0.5 
vt 0.9824472069740295 0.5 
vt 0.966762125492096 0.5 
vt 0.966762125492096 0.5 
vt 0.966762125492096 0.5 
vt 0.990234911441803 0.5 
vt 0.990234911441803 0.5 
vt 0.990234911441803 0.5 
vt 0.990234911441803 0.5 
vt 0.9824472069740295 0.5 
vt 0.9824472069740295 0.5 
vt 0.9824472069740295 0.5 
vt 0.9824472069740295 0.5 
vt 0.966762125492096 0.5 
vt 0.966762125492096 0.5 
vt 0.966762125492096 0.5 
vt 0.990234911441803 0.5 
vt 0.990234911441803 0.5 
vt 0.990234911441803 0.5 
vt 0.990234911441803 0.5 
vt 0.09179689735174179 0.5 
vt 0.09179689735174179 0.5 
vt 0.09179689735174179 0.5 
vt 0.09179689735174179 0.5 
vt 0.990234911441803 0.5 
vt 0.990234911441803 0.5 
vt 0.990234911441803 0.5 
vt 0.990234911441803 0.5 
vt 0.09179689735174179 0.5 
vt 0.09179689735174179 0.5 
vt 0.09179689735174179 0.5 
vt 0.09179689735174179 0.5 
vt 0.990234911441803 0.5 
vt 0.990234911441803 0.5 
vt 0.990234911441803 0.5 
vt 0.990234911441803 0.5 
vt 0.990234911441803 0.5 
vt 0.990234911441803 0.5 
vt 0.990234911441803 0.5 
vt 0.990234911441803 0.5 
vt 0.990234911441803 0.5 
vt 0.990234911441803 0.5 
vt 0.990234911441803 0.5 
vt 0.990234911441803 0.5 
vt 0.990234911441803 0.5 
vt 0.990234911441803 0.5 
vt 0.990234911441803 0.5 
vt 0.990234911441803 0.5 
vt 0.990234911441803 0.5 
vt 0.990234911441803 0.5 
vt 0.990234911441803 0.5 
vt 0.990234911441803 0.5 
vt 0.990234911441803 0.5 
vt 0.990234911441803 0.5 
vt 0.990234911441803 0.5 
vt 0.990234911441803 0.5 
vt 0.990234911441803 0.5 
vt 0.990234911441803 0.5 
vt 0.990234911441803 0.5 
vt 0.990234911441803 0.5 
vt 0.990234911441803 0.5 
vt 0.990234911441803 0.5 
vt 0.990234911441803 0.5 
vt 0.990234911441803 0.5 
vt 0.990234911441803 0.5 
vt 0.990234911441803 0.5 
vt 0.990234911441803 0.5 
vt 0.990234911441803 0.5 
vt 0.990234911441803 0.5 
vt 0.990234911441803 0.5 
vt 0.990234911441803 0.5 
vt 0.990234911441803 0.5 
vt 0.966762125492096 0.5 
vt 0.966762125492096 0.5 
vt 0.966762125492096 0.5 
vt 0.9824472069740295 0.5 
vt 0.9824472069740295 0.5 
vt 0.9824472069740295 0.5 
vt 0.990234911441803 0.5 
vt 0.990234911441803 0.5 
vt 0.990234911441803 0.5 
vt 0.990234911441803 0.5 
vt 0.990234911441803 0.5 
vt 0.990234911441803 0.5 
vt 0.990234911441803 0.5 
vt 0.990234911441803 0.5 
vt 0.990234911441803 0.5 
vt 0.990234911441803 0.5 
vt 0.9824472069740295 0.5 
vt 0.9824472069740295 0.5 
vt 0.9824472069740295 0.5 
vt 0.9824472069740295 0.5 
vt 0.9824472069740295 0.5 
vt 0.9824472069740295 0.5 
vt 0.9824472069740295 0.5 
vt 0.9824472069740295 0.5 
vt 0.9824472069740295 0.5 
vt 0.9824472069740295 0.5 
vt 0.9824472069740295 0.5 
vt 0.9824472069740295 0.5 
vt 0.9824472069740295 0.5 
vt 0.9824472069740295 0.5 
vt 0.9824472069740295 0.5 
vt 0.9824472069740295 0.5 
vt 0.9824472069740295 0.5 
vt 0.9824472069740295 0.5 
vt 0.9824472069740295 0.5 
vt 0.9824472069740295 0.5 
vt 0.9824472069740295 0.5 
vt 0.9824472069740295 0.5 
vt 0.9824472069740295 0.5 
vt 0.9824472069740295 0.5 
vt 0.9824472069740295 0.5 
vt 0.990234911441803 0.5 
vt 0.990234911441803 0.5 
vt 0.9824472069740295 0.5 
vt 0.9824472069740295 0.5 
vt 0.9824472069740295 0.5 
vt 0.990234911441803 0.5 
vt 0.966762125492096 0.5 
vt 0.990234911441803 0.5 
vt 0.990234911441803 0.5 
vt 0.990234911441803 0.5 
vt 0.9824472069740295 0.5 
vt 0.990234911441803 0.5 
vt 0.990234911441803 0.5 
vt 0.990234911441803 0.5 
vt 0.9824472069740295 0.5 
vt 0.9824472069740295 0.5 
vt 0.990234911441803 0.5 
vt 0.990234911441803 0.5 
vt 0.990234911441803 0.5 
vt 0.990234911441803 0.5 
vt 0.990234911441803 0.5 
vt 0.990234911441803 0.5 
vt 0.990234911441803 0.5 
vt 0.990234911441803 0.5 
vt 0.990234911441803 0.5 
vt 0.990234911441803 0.5 
vt 0.990234911441803 0.5 
vt 0.990234911441803 0.5 
vt 0.990234911441803 0.5 
vt 0.990234911441803 0.5 
vt 0.9824472069740295 0.5 
vt 0.966762125492096 0.5 
vt 0.990234911441803 0.5 
vt 0.990234911441803 0.5 
vt 0.990234911441803 0.5 
vt 0.990234911441803 0.5 
vt 0.990234911441803 0.5 
vt 0.990234911441803 0.5 
vt 0.990234911441803 0.5 
s on 
f 1/1/1 2/2/2 3/3/3 
f 2/2/2 4/4/4 3/3/3 
f 3/3/3 4/4/4 4/4/4 
f 4/4/4 5/5/5 4/4/4 
f 4/4/4 5/5/5 5/5/5 
f 5/5/5 6/6/6 5/5/5 
f 5/5/5 6/6/6 7/7/7 
f 6/6/6 8/8/8 7/7/7 
f 7/7/7 8/8/8 8/8/8 
f 8/8/8 9/9/9 8/8/8 
f 8/8/8 9/9/9 9/9/9 
f 9/9/9 10/10/10 9/9/9 
f 9/9/9 10/10/10 11/11/11 
f 10/10/10 12/12/12 11/11/11 
f 11/11/11 12/12/12 12/12/12 
f 12/12/12 13/13/13 12/12/12 
f 12/12/12 13/13/13 13/13/13 
f 13/13/13 14/14/14 13/13/13 
f 13/13/13 14/14/14 15/15/15 
f 14/14/14 16/16/16 15/15/15 
f 15/15/15 16/16/16 16/16/16 
f 16/16/16 17/17/17 16/16/16 
f 16/16/16 17/17/17 17/17/17 
f 17/17/17 18/18/18 17/17/17 
f 17/17/17 18/18/18 19/19/19 
f 18/18/18 20/20/20 19/19/19 
f 19/19/19 20/20/20 20/20/20 
f 20/20/20 18/18/18 20/20/20 
f 20/20/20 18/18/18 21/21/21 
f 18/18/18 22/22/22 21/21/21 
f 21/21/21 22/22/22 23/23/23 
f 22/22/22 23/23/23 23/23/23 
f 23/23/23 23/23/23 24/24/24 
f 23/23/23 24/24/24 24/24/24 
f 24/24/24 24/24/24 24/24/24 
f 24/24/24 25/25/25 24/24/24 
f 24/24/24 25/25/25 26/26/26 
f 25/25/25 27/27/27 26/26/26 
f 26/26/26 27/27/27 27/27/27 
f 27/27/27 28/28/28 27/27/27 
f 27/27/27 28/28/28 28/28/28 
f 28/28/28 29/29/29 28/28/28 
f 28/28/28 29/29/29 30/30/30 
f 29/29/29 31/31/31 30/30/30 
f 30/30/30 31/31/31 31/31/31 
f 31/31/31 32/32/32 31/31/31 
f 31/31/31 32/32/32 32/32/32 
f 32/32/32 33/33/33 32/32/32 
f 32/32/32 33/33/33 34/34/34 
f 33/33/33 35/35/35 34/34/34 
f 34/34/34 35/35/35 35/35/35 
f 35/35/35 36/36/36 35/35/35 
f 35/35/35 36/36/36 36/36/36 
f 36/36/36 37/37/37 36/36/36 
f 36/36/36 37/37/37 38/38/38 
f 37/37/37 39/39/39 38/38/38 
f 38/38/38 39/39/39 40/40/40 
f 39/39/39 40/40/40 40/40/40 
f 40/40/40 40/40/40 39/39/39 
f 40/40/40 39/39/39 39/39/39 
f 39/39/39 39/39/39 39/39/39 
f 39/39/39 37/37/37 39/39/39 
f 39/39/39 37/37/37 41/41/41 
f 37/37/37 42/42/42 41/41/41 
f 41/41/41 42/42/42 43/43/43 
f 42/42/42 44/44/44 43/43/43 
f 43/43/43 44/44/44 45/45/45 
f 44/44/44 46/46/46 45/45/45 
f 45/45/45 46/46/46 47/47/47 
f 46/46/46 48/48/48 47/47/47 
f 47/47/47 48/48/48 48/48/48 
f 48/48/48 49/49/49 48/48/48 
f 48/48/48 49/49/49 49/49/49 
f 49/49/49 50/50/50 49/49/49 
f 49/49/49 50/50/50 51/51/51 
f 50/50/50 52/52/52 51/51/51 
f 51/51/51 52/52/52 52/52/52 
f 52/52/52 27/27/27 52/52/52 
f 52/52/52 27/27/27 27/27/27 
f 27/27/27 53/53/53 27/27/27 
f 27/27/27 53/53/53 54/54/54 
f 53/53/53 55/55/55 54/54/54 
f 54/54/54 55/55/55 55/55/55 
f 55/55/55 56/56/56 55/55/55 
f 55/55/55 56/56/56 56/56/56 
f 56/56/56 57/57/57 56/56/56 
f 56/56/56 57/57/57 51/51/51 
f 57/57/57 58/58/58 51/51/51 
f 51/51/51 58/58/58 58/58/58 
f 58/58/58 59/59/59 58/58/58 
f 58/58/58 59/59/59 59/59/59 
f 59/59/59 60/60/60 59/59/59 
f 59/59/59 60/60/60 61/61/61 
f 60/60/60 62/62/62 61/61/61 
f 61/61/61 62/62/62 62/62/62 
f 62/62/62 55/55/55 62/62/62 
f 62/62/62 55/55/55 55/55/55 
f 55/55/55 63/63/63 55/55/55 
f 55/55/55 63/63/63 64/64/64 
f 63/63/63 65/65/65 64/64/64 
f 64/64/64 65/65/65 65/65/65 
f 65/65/65 66/66/66 65/65/65 
f 65/65/65 66/66/66 66/66/66 
f 66/66/66 67/67/67 66/66/66 
f 66/66/66 67/67/67 57/57/57 
f 67/67/67 68/68/68 57/57/57 
f 57/57/57 68/68/68 68/68/68 
f 68/68/68 69/69/69 68/68/68 
f 68/68/68 69/69/69 69/69/69 
f 69/69/69 70/70/70 69/69/69 
f 69/69/69 70/70/70 71/71/71 
f 70/70/70 72/72/72 71/71/71 
f 71/71/71 72/72/72 72/72/72 
f 72/72/72 70/70/70 72/72/72 
f 72/72/72 70/70/70 70/70/70 
f 70/70/70 73/73/73 70/70/70 
f 70/70/70 73/73/73 72/72/72 
f 73/73/73 74/74/74 72/72/72 
f 72/72/72 74/74/74 74/74/74 
f 74/74/74 73/73/73 74/74/74 
f 74/74/74 73/73/73 73/73/73 
f 73/73/73 75/75/75 73/73/73 
f 73/73/73 75/75/75 74/74/74 
f 75/75/75 76/76/76 74/74/74 
f 74/74/74 76/76/76 76/76/76 
f 76/76/76 75/75/75 76/76/76 
f 76/76/76 75/75/75 75/75/75 
f 75/75/75 77/77/77 75/75/75 
f 75/75/75 77/77/77 76/76/76 
f 77/77/77 78/78/78 76/76/76 
f 76/76/76 78/78/78 78/78/78 
f 78/78/78 77/77/77 78/78/78 
f 78/78/78 77/77/77 77/77/77 
f 77/77/77 79/79/79 77/77/77 
f 77/77/77 79/79/79 78/78/78 
f 79/79/79 80/80/80 78/78/78 
f 78/78/78 80/80/80 80/80/80 
f 80/80/80 79/79/79 80/80/80 
f 80/80/80 79/79/79 79/79/79 
f 79/79/79 81/81/81 79/79/79 
f 79/79/79 81/81/81 80/80/80 
f 81/81/81 82/82/82 80/80/80 
f 80/80/80 82/82/82 82/82/82 
f 82/82/82 81/81/81 82/82/82 
f 82/82/82 81/81/81 81/81/81 
f 81/81/81 83/83/83 81/81/81 
f 81/81/81 83/83/83 82/82/82 
f 83/83/83 84/84/84 82/82/82 
f 82/82/82 84/84/84 84/84/84 
f 84/84/84 83/83/83 84/84/84 
f 84/84/84 83/83/83 83/83/83 
f 83/83/83 85/85/85 83/83/83 
f 83/83/83 85/85/85 84/84/84 
f 85/85/85 86/86/86 84/84/84 
f 84/84/84 86/86/86 86/86/86 
f 86/86/86 85/85/85 86/86/86 
f 86/86/86 85/85/85 85/85/85 
f 85/85/85 87/87/87 85/85/85 
f 85/85/85 87/87/87 86/86/86 
f 87/87/87 88/88/88 86/86/86 
f 86/86/86 88/88/88 88/88/88 
f 88/88/88 89/89/89 88/88/88 
f 88/88/88 89/89/89 89/89/89 
f 89/89/89 90/90/90 89/89/89 
f 89/89/89 90/90/90 91/91/91 
f 90/90/90 92/92/92 91/91/91 
f 91/91/91 92/92/92 92/92/92 
f 92/92/92 65/65/65 92/92/92 
f 92/92/92 65/65/65 65/65/65 
f 65/65/65 93/93/93 65/65/65 
f 65/65/65 93/93/93 94/94/94 
f 93/93/93 95/95/95 94/94/94 
f 94/94/94 95/95/95 95/95/95 
f 95/95/95 96/96/96 95/95/95 
f 95/95/95 96/96/96 96/96/96 
f 96/96/96 97/97/97 96/96/96 
f 96/96/96 97/97/97 98/98/98 
f 97/97/97 99/99/99 98/98/98 
f 98/98/98 99/99/99 99/99/99 
f 99/99/99 100/100/100 99/99/99 
f 99/99/99 100/100/100 100/100/100 
f 100/100/100 101/101/101 100/100/100 
f 100/100/100 101/101/101 102/102/102 
f 101/101/101 103/103/103 102/102/102 
f 102/102/102 103/103/103 103/103/103 
f 103/103/103 104/104/104 103/103/103 
f 103/103/103 104/104/104 104/104/104 
f 104/104/104 105/105/105 104/104/104 
f 104/104/104 105/105/105 106/106/106 
f 105/105/105 107/107/107 106/106/106 
f 106/106/106 107/107/107 107/107/107 
f 107/107/107 108/108/108 107/107/107 
f 107/107/107 108/108/108 108/108/108 
f 108/108/108 109/109/109 108/108/108 
f 108/108/108 109/109/109 110/110/110 
f 109/109/109 111/111/111 110/110/110 
f 110/110/110 111/111/111 111/111/111 
f 111/111/111 112/112/112 111/111/111 
f 111/111/111 112/112/112 112/112/112 
f 112/112/112 113/113/113 112/112/112 
f 112/112/112 113/113/113 67/67/67 
f 113/113/113 114/114/114 67/67/67 
f 67/67/67 114/114/114 114/114/114 
f 114/114/114 115/115/115 114/114/114 
f 114/114/114 115/115/115 115/115/115 
f 115/115/115 116/116/116 115/115/115 
f 115/115/115 116/116/116 117/117/117 
f 116/116/116 118/118/118 117/117/117 
f 117/117/117 118/118/118 118/118/118 
f 118/118/118 119/119/119 118/118/118 
f 118/118/118 119/119/119 119/119/119 
f 119/119/119 120/120/120 119/119/119 
f 119/119/119 120/120/120 121/121/121 
f 120/120/120 122/122/122 121/121/121 
f 121/121/121 122/122/122 122/122/122 
f 122/122/122 120/120/120 122/122/122 
f 122/122/122 120/120/120 120/120/120 
f 120/120/120 123/123/123 120/120/120 
f 120/120/120 123/123/123 122/122/122 
f 123/123/123 124/124/124 122/122/122 
f 122/122/122 124/124/124 124/124/124 
f 124/124/124 95/95/95 124/124/124 
f 124/124/124 95/95/95 95/95/95 
f 95/95/95 125/125/125 95/95/95 
f 95/95/95 125/125/125 126/126/126 
f 125/125/125 127/127/127 126/126/126 
f 126/126/126 127/127/127 127/127/127 
f 127/127/127 128/128/128 127/127/127 
f 127/127/127 128/128/128 128/128/128 
f 128/128/128 129/129/129 128/128/128 
f 128/128/128 129/129/129 130/130/130 
f 129/129/129 131/131/131 130/130/130 
f 130/130/130 131/131/131 131/131/131 
f 131/131/131 132/132/132 131/131/131 
f 131/131/131 132/132/132 132/132/132 
f 132/132/132 133/133/133 132/132/132 
f 132/132/132 133/133/133 134/134/134 
f 133/133/133 135/135/135 134/134/134 
f 134/134/134 135/135/135 136/136/136 
f 135/135/135 137/137/137 136/136/136 
f 136/136/136 137/137/137 138/138/138 
f 137/137/137 138/138/138 138/138/138 
f 138/138/138 138/138/138 139/139/139 
f 138/138/138 139/139/139 139/139/139 
f 139/139/139 139/139/139 139/139/139 
f 139/139/139 140/140/140 139/139/139 
f 139/139/139 140/140/140 141/141/141 
f 140/140/140 142/142/142 141/141/141 
f 141/141/141 142/142/142 142/142/142 
f 142/142/142 143/143/143 142/142/142 
f 142/142/142 143/143/143 143/143/143 
f 143/143/143 144/144/144 143/143/143 
f 143/143/143 144/144/144 145/145/145 
f 144/144/144 146/146/146 145/145/145 
f 145/145/145 146/146/146 146/146/146 
f 146/146/146 144/144/144 146/146/146 
f 146/146/146 144/144/144 144/144/144 
f 144/144/144 147/147/147 144/144/144 
f 144/144/144 147/147/147 146/146/146 
f 147/147/147 148/148/148 146/146/146 
f 146/146/146 148/148/148 148/148/148 
f 148/148/148 147/147/147 148/148/148 
f 148/148/148 147/147/147 147/147/147 
f 147/147/147 149/149/149 147/147/147 
f 147/147/147 149/149/149 148/148/148 
f 149/149/149 150/150/150 148/148/148 
f 148/148/148 150/150/150 150/150/150 
f 150/150/150 149/149/149 150/150/150 
f 150/150/150 149/149/149 149/149/149 
f 149/149/149 151/151/151 149/149/149 
f 149/149/149 151/151/151 150/150/150 
f 151/151/151 152/152/152 150/150/150 
f 150/150/150 152/152/152 152/152/152 
f 152/152/152 151/151/151 152/152/152 
f 152/152/152 151/151/151 151/151/151 
f 151/151/151 153/153/153 151/151/151 
f 151/151/151 153/153/153 152/152/152 
f 153/153/153 154/154/154 152/152/152 
f 152/152/152 154/154/154 154/154/154 
f 154/154/154 153/153/153 154/154/154 
f 154/154/154 153/153/153 153/153/153 
f 153/153/153 155/155/155 153/153/153 
f 153/153/153 155/155/155 154/154/154 
f 155/155/155 156/156/156 154/154/154 
f 154/154/154 156/156/156 156/156/156 
f 156/156/156 155/155/155 156/156/156 
f 156/156/156 155/155/155 155/155/155 
f 155/155/155 157/157/157 155/155/155 
f 155/155/155 157/157/157 156/156/156 
f 157/157/157 158/158/158 156/156/156 
f 156/156/156 158/158/158 158/158/158 
f 158/158/158 159/159/159 158/158/158 
f 158/158/158 159/159/159 159/159/159 
f 159/159/159 160/160/160 159/159/159 
f 159/159/159 160/160/160 161/161/161 
f 160/160/160 162/162/162 161/161/161 
f 161/161/161 162/162/162 162/162/162 
f 162/162/162 160/160/160 162/162/162 
f 162/162/162 160/160/160 163/163/163 
f 160/160/160 164/164/164 163/163/163 
f 163/163/163 164/164/164 164/164/164 
f 164/164/164 165/165/165 164/164/164 
f 164/164/164 165/165/165 165/165/165 
f 165/165/165 166/166/166 165/165/165 
f 165/165/165 166/166/166 167/167/167 
f 166/166/166 168/168/168 167/167/167 
f 167/167/167 168/168/168 169/169/169 
f 168/168/168 170/170/170 169/169/169 
f 169/169/169 170/170/170 170/170/170 
f 170/170/170 167/167/167 170/170/170 
f 170/170/170 167/167/167 167/167/167 
f 167/167/167 169/169/169 167/167/167 
f 167/167/167 169/169/169 171/171/171 
f 169/169/169 172/172/172 171/171/171 
f 171/171/171 172/172/172 173/173/173 
f 172/172/172 174/174/174 173/173/173 
f 173/173/173 174/174/174 174/174/174 
f 174/174/174 175/175/175 174/174/174 
f 174/174/174 175/175/175 175/175/175 
f 175/175/175 176/176/176 175/175/175 
f 175/175/175 176/176/176 177/177/177 
f 176/176/176 178/178/178 177/177/177 
f 177/177/177 178/178/178 179/179/179 
f 178/178/178 179/179/179 179/179/179 
f 179/179/179 179/179/179 180/180/180 
f 179/179/179 180/180/180 180/180/180 
f 180/180/180 180/180/180 180/180/180 
f 180/180/180 181/181/181 180/180/180 
f 180/180/180 181/181/181 182/182/182 
f 181/181/181 183/183/183 182/182/182 
f 182/182/182 183/183/183 184/184/184 
f 183/183/183 185/185/185 184/184/184 
f 184/184/184 185/185/185 185/185/185 
f 185/185/185 181/181/181 185/185/185 
f 185/185/185 181/181/181 181/181/181 
f 181/181/181 186/186/186 181/181/181 
f 181/181/181 186/186/186 183/183/183 
f 186/186/186 187/187/187 183/183/183 
f 183/183/183 187/187/187 187/187/187 
f 187/187/187 188/188/188 187/187/187 
f 187/187/187 188/188/188 188/188/188 
f 188/188/188 189/189/189 188/188/188 
f 188/188/188 189/189/189 190/190/190 
f 189/189/189 191/191/191 190/190/190 
f 190/190/190 191/191/191 191/191/191 
f 191/191/191 192/192/192 191/191/191 
f 191/191/191 192/192/192 192/192/192 
f 192/192/192 193/193/193 192/192/192 
f 192/192/192 193/193/193 194/194/194 
f 193/193/193 195/195/195 194/194/194 
f 194/194/194 195/195/195 195/195/195 
f 195/195/195 196/196/196 195/195/195 
f 195/195/195 196/196/196 196/196/196 
f 196/196/196 197/197/197 196/196/196 
f 196/196/196 197/197/197 198/198/198 
f 197/197/197 199/199/199 198/198/198 
f 198/198/198 199/199/199 199/199/199 
f 199/199/199 200/200/200 199/199/199 
f 199/199/199 200/200/200 200/200/200 
f 200/200/200 201/201/201 200/200/200 
f 200/200/200 201/201/201 202/202/202 
f 201/201/201 203/203/203 202/202/202 
f 202/202/202 203/203/203 204/204/204 
f 203/203/203 204/204/204 204/204/204 
f 204/204/204 204/204/204 201/201/201 
f 204/204/204 201/201/201 201/201/201 
f 201/201/201 201/201/201 201/201/201 
f 201/201/201 205/205/205 201/201/201 
f 201/201/201 205/205/205 203/203/203 
f 205/205/205 184/184/184 203/203/203 
f 203/203/203 184/184/184 206/206/206 
f 184/184/184 206/206/206 206/206/206 
f 206/206/206 206/206/206 184/184/184 
f 206/206/206 184/184/184 184/184/184 
f 184/184/184 184/184/184 184/184/184 
f 184/184/184 205/205/205 184/184/184 
f 184/184/184 205/205/205 182/182/182 
f 205/205/205 207/207/207 182/182/182 
f 182/182/182 207/207/207 207/207/207 
f 207/207/207 208/208/208 207/207/207 
f 207/207/207 208/208/208 208/208/208 
f 208/208/208 209/209/209 208/208/208 
f 208/208/208 209/209/209 210/210/210 
f 209/209/209 211/211/211 210/210/210 
f 210/210/210 211/211/211 211/211/211 
f 211/211/211 212/212/212 211/211/211 
f 211/211/211 212/212/212 212/212/212 
f 212/212/212 213/213/213 212/212/212 
f 212/212/212 213/213/213 214/214/214 
f 213/213/213 215/215/215 214/214/214 
f 214/214/214 215/215/215 215/215/215 
f 215/215/215 216/216/216 215/215/215 
f 215/215/215 216/216/216 216/216/216 
f 216/216/216 217/217/217 216/216/216 
f 216/216/216 217/217/217 218/218/218 
f 217/217/217 219/219/219 218/218/218 
f 218/218/218 219/219/219 219/219/219 
f 219/219/219 220/220/220 219/219/219 
f 219/219/219 220/220/220 220/220/220 
f 220/220/220 221/221/221 220/220/220 
f 220/220/220 221/221/221 222/222/222 
f 221/221/221 223/223/223 222/222/222 
f 222/222/222 223/223/223 224/224/224 
f 223/223/223 224/224/224 224/224/224 
f 224/224/224 224/224/224 225/225/225 
f 224/224/224 225/225/225 225/225/225 
f 225/225/225 225/225/225 225/225/225 
f 225/225/225 226/226/226 225/225/225 
f 225/225/225 226/226/226 227/227/227 
f 226/226/226 228/228/228 227/227/227 
f 227/227/227 228/228/228 228/228/228 
f 228/228/228 229/229/229 228/228/228 
f 228/228/228 229/229/229 229/229/229 
f 229/229/229 230/230/230 229/229/229 
f 229/229/229 230/230/230 231/231/231 
f 230/230/230 232/232/232 231/231/231 
f 231/231/231 232/232/232 232/232/232 
f 232/232/232 233/233/233 232/232/232 
f 232/232/232 233/233/233 233/233/233 
f 233/233/233 234/234/234 233/233/233 
f 233/233/233 234/234/234 235/235/235 
f 234/234/234 236/236/236 235/235/235 
f 235/235/235 236/236/236 236/236/236 
f 236/236/236 237/237/237 236/236/236 
f 236/236/236 237/237/237 237/237/237 
f 237/237/237 238/238/238 237/237/237 
f 237/237/237 238/238/238 239/239/239 
f 238/238/238 240/240/240 239/239/239 
f 239/239/239 240/240/240 241/241/241 
f 240/240/240 242/242/242 241/241/241 
f 241/241/241 242/242/242 243/243/243 
f 242/242/242 244/244/244 243/243/243 
f 243/243/243 244/244/244 245/245/245 
f 244/244/244 246/246/246 245/245/245 
f 245/245/245 246/246/246 247/247/247 
f 246/246/246 248/248/248 247/247/247 
f 247/247/247 248/248/248 249/249/249 
f 248/248/248 250/250/250 249/249/249 
f 249/249/249 250/250/250 251/251/251 
f 250/250/250 252/252/252 251/251/251 
f 251/251/251 252/252/252 253/253/253 
f 252/252/252 253/253/253 253/253/253 
f 253/253/253 253/253/253 254/254/254 
f 253/253/253 254/254/254 254/254/254 
f 254/254/254 254/254/254 254/254/254 
f 254/254/254 255/255/255 254/254/254 
f 254/254/254 255/255/255 256/256/256 
f 255/255/255 257/257/257 256/256/256 
f 256/256/256 257/257/257 258/258/258 
f 257/257/257 258/258/258 258/258/258 
f 258/258/258 258/258/258 259/259/259 
f 258/258/258 259/259/259 259/259/259 
f 259/259/259 259/259/259 259/259/259 
f 259/259/259 260/260/260 259/259/259 
f 259/259/259 260/260/260 261/261/261 
f 260/260/260 262/262/262 261/261/261 
f 261/261/261 262/262/262 263/263/263 
f 262/262/262 263/263/263 263/263/263 
f 263/263/263 263/263/263 264/264/264 
f 263/263/263 264/264/264 264/264/264 
f 264/264/264 264/264/264 264/264/264 
f 264/264/264 265/265/265 264/264/264 
f 264/264/264 265/265/265 266/266/266 
f 265/265/265 267/267/267 266/266/266 
f 266/266/266 267/267/267 267/267/267 
f 267/267/267 268/268/268 267/267/267 
f 267/267/267 268/268/268 268/268/268 
f 268/268/268 269/269/269 268/268/268 
f 268/268/268 269/269/269 270/270/270 
f 269/269/269 271/271/271 270/270/270 
f 270/270/270 271/271/271 271/271/271 
f 271/271/271 272/272/272 271/271/271 
f 271/271/271 272/272/272 272/272/272 
f 272/272/272 273/273/273 272/272/272 
f 272/272/272 273/273/273 274/274/274 
f 273/273/273 24/24/24 274/274/274 
f 274/274/274 24/24/24 24/24/24 
f 24/24/24 275/275/275 24/24/24 
f 24/24/24 275/275/275 275/275/275 
f 275/275/275 276/276/276 275/275/275 
f 275/275/275 276/276/276 277/277/277 
f 276/276/276 278/278/278 277/277/277 
f 277/277/277 278/278/278 279/279/279 
f 278/278/278 280/280/280 279/279/279 
f 279/279/279 280/280/280 280/280/280 
f 280/280/280 277/277/277 280/280/280 
f 280/280/280 277/277/277 277/277/277 
f 277/277/277 279/279/279 277/277/277 
f 277/277/277 279/279/279 281/281/281 
f 279/279/279 282/282/282 281/281/281 
f 281/281/281 282/282/282 283/283/283 
f 282/282/282 284/284/284 283/283/283 
f 283/283/283 284/284/284 285/285/285 
f 284/284/284 286/286/286 285/285/285 
f 285/285/285 286/286/286 287/287/287 
f 286/286/286 287/287/287 287/287/287 
f 287/287/287 287/287/287 288/288/288 
f 287/287/287 288/288/288 288/288/288 
f 288/288/288 288/288/288 288/288/288 
f 288/288/288 289/289/289 288/288/288 
f 288/288/288 289/289/289 290/290/290 
f 289/289/289 291/291/291 290/290/290 
f 290/290/290 291/291/291 291/291/291 
f 291/291/291 292/292/292 291/291/291 
f 291/291/291 292/292/292 292/292/292 
f 292/292/292 50/50/50 292/292/292 
f 292/292/292 50/50/50 293/293/293 
f 50/50/50 294/294/294 293/293/293 
f 293/293/293 294/294/294 294/294/294 
f 294/294/294 295/295/295 294/294/294 
f 294/294/294 295/295/295 295/295/295 
f 295/295/295 296/296/296 295/295/295 
f 295/295/295 296/296/296 297/297/297 
f 296/296/296 298/298/298 297/297/297 
f 297/297/297 298/298/298 298/298/298 
f 298/298/298 299/299/299 298/298/298 
f 298/298/298 299/299/299 299/299/299 
f 299/299/299 300/300/300 299/299/299 
f 299/299/299 300/300/300 260/260/260 
f 300/300/300 301/301/301 260/260/260 
f 260/260/260 301/301/301 301/301/301 
f 301/301/301 302/302/302 301/301/301 
f 301/301/301 302/302/302 302/302/302 
f 302/302/302 303/303/303 302/302/302 
f 302/302/302 303/303/303 304/304/304 
f 303/303/303 305/305/305 304/304/304 
f 304/304/304 305/305/305 305/305/305 
f 305/305/305 306/306/306 305/305/305 
f 305/305/305 306/306/306 306/306/306 
f 306/306/306 307/307/307 306/306/306 
f 306/306/306 307/307/307 308/308/308 
f 307/307/307 309/309/309 308/308/308 
f 308/308/308 309/309/309 309/309/309 
f 309/309/309 307/307/307 309/309/309 
f 309/309/309 307/307/307 307/307/307 
f 307/307/307 310/310/310 307/307/307 
f 307/307/307 310/310/310 309/309/309 
f 310/310/310 311/311/311 309/309/309 
f 309/309/309 311/311/311 311/311/311 
f 311/311/311 312/312/312 311/311/311 
f 311/311/311 312/312/312 312/312/312 
f 312/312/312 313/313/313 312/312/312 
f 312/312/312 313/313/313 314/314/314 
f 313/313/313 315/315/315 314/314/314 
f 314/314/314 315/315/315 315/315/315 
f 315/315/315 316/316/316 315/315/315 
f 315/315/315 316/316/316 316/316/316 
f 316/316/316 317/317/317 316/316/316 
f 316/316/316 317/317/317 318/318/318 
f 317/317/317 319/319/319 318/318/318 
f 318/318/318 319/319/319 319/319/319 
f 319/319/319 320/320/320 319/319/319 
f 319/319/319 320/320/320 320/320/320 
f 320/320/320 321/321/321 320/320/320 
f 320/320/320 321/321/321 322/322/322 
f 321/321/321 323/323/323 322/322/322 
f 322/322/322 323/323/323 323/323/323 
f 323/323/323 324/324/324 323/323/323 
f 323/323/323 324/324/324 324/324/324 
f 324/324/324 325/325/325 324/324/324 
f 324/324/324 325/325/325 326/326/326 
f 325/325/325 327/327/327 326/326/326 
f 326/326/326 327/327/327 327/327/327 
f 327/327/327 328/328/328 327/327/327 
f 327/327/327 328/328/328 328/328/328 
f 328/328/328 329/329/329 328/328/328 
f 328/328/328 329/329/329 330/330/330 
f 329/329/329 331/331/331 330/330/330 
f 330/330/330 331/331/331 331/331/331 
f 331/331/331 332/332/332 331/331/331 
f 331/331/331 332/332/332 332/332/332 
f 332/332/332 333/333/333 332/332/332 
f 332/332/332 333/333/333 334/334/334 
f 333/333/333 335/335/335 334/334/334 
f 334/334/334 335/335/335 335/335/335 
f 335/335/335 336/336/336 335/335/335 
f 335/335/335 336/336/336 336/336/336 
f 336/336/336 337/337/337 336/336/336 
f 336/336/336 337/337/337 338/338/338 
f 337/337/337 339/339/339 338/338/338 
f 338/338/338 339/339/339 339/339/339 
f 339/339/339 337/337/337 339/339/339 
f 339/339/339 337/337/337 340/340/340 
f 337/337/337 341/341/341 340/340/340 
f 340/340/340 341/341/341 342/342/342 
f 341/341/341 343/343/343 342/342/342 
f 342/342/342 343/343/343 343/343/343 
f 343/343/343 340/340/340 343/343/343 
f 343/343/343 340/340/340 340/340/340 
f 340/340/340 342/342/342 340/340/340 
f 340/340/340 342/342/342 344/344/344 
f 342/342/342 345/345/345 344/344/344 
f 344/344/344 345/345/345 346/346/346 
f 345/345/345 347/347/347 346/346/346 
f 346/346/346 347/347/347 347/347/347 
f 347/347/347 344/344/344 347/347/347 
f 347/347/347 344/344/344 344/344/344 
f 344/344/344 348/348/348 344/344/344 
f 344/344/344 348/348/348 340/340/340 
f 348/348/348 349/349/349 340/340/340 
f 340/340/340 349/349/349 350/350/350 
f 349/349/349 350/350/350 350/350/350 
f 350/350/350 350/350/350 351/351/351 
f 350/350/350 351/351/351 351/351/351 
f 351/351/351 351/351/351 351/351/351 
f 351/351/351 352/352/352 351/351/351 
f 351/351/351 352/352/352 353/353/353 
f 352/352/352 354/354/354 353/353/353 
f 353/353/353 354/354/354 354/354/354 
f 354/354/354 355/355/355 354/354/354 
f 354/354/354 355/355/355 355/355/355 
f 355/355/355 356/356/356 355/355/355 
f 355/355/355 356/356/356 357/357/357 
f 356/356/356 358/358/358 357/357/357 
f 357/357/357 358/358/358 358/358/358 
f 358/358/358 359/359/359 358/358/358 
f 358/358/358 359/359/359 359/359/359 
f 359/359/359 360/360/360 359/359/359 
f 359/359/359 360/360/360 361/361/361 
f 360/360/360 362/362/362 361/361/361 
f 361/361/361 362/362/362 362/362/362 
f 362/362/362 363/363/363 362/362/362 
f 362/362/362 363/363/363 363/363/363 
f 363/363/363 364/364/364 363/363/363 
f 363/363/363 364/364/364 365/365/365 
f 364/364/364 366/366/366 365/365/365 
f 365/365/365 366/366/366 367/367/367 
f 366/366/366 367/367/367 367/367/367 
f 367/367/367 367/367/367 366/366/366 
f 367/367/367 366/366/366 366/366/366 
f 366/366/366 366/366/366 366/366/366 
f 366/366/366 364/364/364 366/366/366 
f 366/366/366 364/364/364 368/368/368 
f 364/364/364 369/369/369 368/368/368 
f 368/368/368 369/369/369 370/370/370 
f 369/369/369 370/370/370 370/370/370 
f 370/370/370 370/370/370 368/368/368 
f 370/370/370 368/368/368 368/368/368 
f 368/368/368 368/368/368 368/368/368 
f 368/368/368 370/370/370 368/368/368 
f 368/368/368 370/370/370 371/371/371 
f 370/370/370 372/372/372 371/371/371 
f 371/371/371 372/372/372 372/372/372 
f 372/372/372 373/373/373 372/372/372 
f 372/372/372 373/373/373 373/373/373 
f 373/373/373 374/374/374 373/373/373 
f 373/373/373 374/374/374 375/375/375 
f 374/374/374 376/376/376 375/375/375 
f 375/375/375 376/376/376 377/377/377 
f 376/376/376 377/377/377 377/377/377 
f 377/377/377 377/377/377 374/374/374 
f 377/377/377 374/374/374 374/374/374 
f 374/374/374 374/374/374 374/374/374 
f 374/374/374 378/378/378 374/374/374 
f 374/374/374 378/378/378 376/376/376 
f 378/378/378 379/379/379 376/376/376 
f 376/376/376 379/379/379 380/380/380 
f 379/379/379 381/381/381 380/380/380 
f 380/380/380 381/381/381 382/382/382 
f 381/381/381 383/383/383 382/382/382 
f 382/382/382 383/383/383 384/384/384 
f 383/383/383 384/384/384 384/384/384 
f 384/384/384 384/384/384 384/384/384 
f 384/384/384 375/375/375 384/384/384 
f 384/384/384 375/375/375 382/382/382 
f 375/375/375 377/377/377 382/382/382 
f 382/382/382 377/377/377 377/377/377 
f 377/377/377 366/366/366 377/377/377 
f 377/377/377 366/366/366 366/366/366 
f 366/366/366 368/368/368 366/366/366 
f 366/366/366 368/368/368 385/385/385 
f 368/368/368 386/386/386 385/385/385 
f 385/385/385 386/386/386 386/386/386 
f 386/386/386 387/387/387 386/386/386 
f 386/386/386 387/387/387 387/387/387 
f 387/387/387 388/388/388 387/387/387 
f 387/387/387 388/388/388 389/389/389 
f 388/388/388 390/390/390 389/389/389 
f 389/389/389 390/390/390 390/390/390 
f 390/390/390 391/391/391 390/390/390 
f 390/390/390 391/391/391 391/391/391 
f 391/391/391 392/392/392 391/391/391 
f 391/391/391 392/392/392 393/393/393 
f 392/392/392 394/394/394 393/393/393 
f 393/393/393 394/394/394 394/394/394 
f 394/394/394 395/395/395 394/394/394 
f 394/394/394 395/395/395 395/395/395 
f 395/395/395 396/396/396 395/395/395 
f 395/395/395 396/396/396 397/397/397 
f 396/396/396 398/398/398 397/397/397 
f 397/397/397 398/398/398 398/398/398 
f 398/398/398 399/399/399 398/398/398 
f 398/398/398 399/399/399 399/399/399 
f 399/399/399 400/400/400 399/399/399 
f 399/399/399 400/400/400 401/401/401 
f 400/400/400 402/402/402 401/401/401 
f 401/401/401 402/402/402 402/402/402 
f 402/402/402 403/403/403 402/402/402 
f 402/402/402 403/403/403 403/403/403 
f 403/403/403 404/404/404 403/403/403 
f 403/403/403 404/404/404 405/405/405 
f 404/404/404 406/406/406 405/405/405 
f 405/405/405 406/406/406 406/406/406 
f 406/406/406 407/407/407 406/406/406 
f 406/406/406 407/407/407 407/407/407 
f 407/407/407 408/408/408 407/407/407 
f 407/407/407 408/408/408 409/409/409 
f 408/408/408 410/410/410 409/409/409 
f 409/409/409 410/410/410 410/410/410 
f 410/410/410 411/411/411 410/410/410 
f 410/410/410 411/411/411 411/411/411 
f 411/411/411 412/412/412 411/411/411 
f 411/411/411 412/412/412 413/413/413 
f 412/412/412 414/414/414 413/413/413 
f 413/413/413 414/414/414 414/414/414 
f 414/414/414 415/415/415 414/414/414 
f 414/414/414 415/415/415 415/415/415 
f 415/415/415 416/416/416 415/415/415 
f 415/415/415 416/416/416 417/417/417 
f 416/416/416 418/418/418 417/417/417 
f 417/417/417 418/418/418 418/418/418 
f 418/418/418 419/419/419 418/418/418 
f 418/418/418 419/419/419 419/419/419 
f 419/419/419 420/420/420 419/419/419 
f 419/419/419 420/420/420 421/421/421 
f 420/420/420 422/422/422 421/421/421 
f 421/421/421 422/422/422 422/422/422 
f 422/422/422 423/423/423 422/422/422 
f 422/422/422 423/423/423 423/423/423 
f 423/423/423 424/424/424 423/423/423 
f 423/423/423 424/424/424 425/425/425 
f 424/424/424 426/426/426 425/425/425 
f 425/425/425 426/426/426 426/426/426 
f 426/426/426 427/427/427 426/426/426 
f 426/426/426 427/427/427 427/427/427 
f 427/427/427 428/428/428 427/427/427 
f 427/427/427 428/428/428 429/429/429 
f 428/428/428 430/430/430 429/429/429 
f 429/429/429 430/430/430 430/430/430 
f 430/430/430 431/431/431 430/430/430 
f 430/430/430 431/431/431 431/431/431 
f 431/431/431 432/432/432 431/431/431 
f 431/431/431 432/432/432 433/433/433 
f 432/432/432 434/434/434 433/433/433 
f 433/433/433 434/434/434 435/435/435 
f 434/434/434 435/435/435 435/435/435 
f 435/435/435 435/435/435 436/436/436 
f 435/435/435 436/436/436 436/436/436 
f 436/436/436 436/436/436 436/436/436 
f 436/436/436 437/437/437 436/436/436 
f 436/436/436 437/437/437 438/438/438 
f 437/437/437 439/439/439 438/438/438 
f 438/438/438 439/439/439 439/439/439 
f 439/439/439 440/440/440 439/439/439 
f 439/439/439 440/440/440 440/440/440 
f 440/440/440 441/441/441 440/440/440 
f 440/440/440 441/441/441 442/442/442 
f 441/441/441 443/443/443 442/442/442 
f 442/442/442 443/443/443 443/443/443 
f 443/443/443 444/444/444 443/443/443 
f 443/443/443 444/444/444 444/444/444 
f 444/444/444 445/445/445 444/444/444 
f 444/444/444 445/445/445 446/446/446 
f 445/445/445 447/447/447 446/446/446 
f 446/446/446 447/447/447 447/447/447 
f 447/447/447 448/448/448 447/447/447 
f 447/447/447 448/448/448 448/448/448 
f 448/448/448 449/449/449 448/448/448 
f 448/448/448 449/449/449 450/450/450 
f 449/449/449 451/451/451 450/450/450 
f 450/450/450 451/451/451 451/451/451 
f 451/451/451 452/452/452 451/451/451 
f 451/451/451 452/452/452 452/452/452 
f 452/452/452 453/453/453 452/452/452 
f 452/452/452 453/453/453 454/454/454 
f 453/453/453 455/455/455 454/454/454 
f 454/454/454 455/455/455 455/455/455 
f 455/455/455 456/456/456 455/455/455 
f 455/455/455 456/456/456 456/456/456 
f 456/456/456 457/457/457 456/456/456 
f 456/456/456 457/457/457 458/458/458 
f 457/457/457 459/459/459 458/458/458 
f 458/458/458 459/459/459 459/459/459 
f 459/459/459 457/457/457 459/459/459 
f 459/459/459 457/457/457 460/460/460 
f 457/457/457 461/461/461 460/460/460 
f 460/460/460 461/461/461 461/461/461 
f 461/461/461 462/462/462 461/461/461 
f 461/461/461 462/462/462 462/462/462 
f 462/462/462 463/463/463 462/462/462 
f 462/462/462 463/463/463 464/464/464 
f 463/463/463 465/465/465 464/464/464 
f 464/464/464 465/465/465 465/465/465 
f 465/465/465 466/466/466 465/465/465 
f 465/465/465 466/466/466 466/466/466 
f 466/466/466 467/467/467 466/466/466 
f 466/466/466 467/467/467 468/468/468 
f 467/467/467 469/469/469 468/468/468 
f 468/468/468 469/469/469 469/469/469 
f 469/469/469 470/470/470 469/469/469 
f 469/469/469 470/470/470 470/470/470 
f 470/470/470 471/471/471 470/470/470 
f 470/470/470 471/471/471 472/472/472 
f 471/471/471 473/473/473 472/472/472 
f 472/472/472 473/473/473 473/473/473 
f 473/473/473 474/474/474 473/473/473 
f 473/473/473 474/474/474 474/474/474 
f 474/474/474 475/475/475 474/474/474 
f 474/474/474 475/475/475 476/476/476 
f 475/475/475 477/477/477 476/476/476 
f 476/476/476 477/477/477 477/477/477 
f 477/477/477 478/478/478 477/477/477 
f 477/477/477 478/478/478 478/478/478 
f 478/478/478 479/479/479 478/478/478 
f 478/478/478 479/479/479 480/480/480 
f 479/479/479 481/481/481 480/480/480 
f 480/480/480 481/481/481 481/481/481 
f 481/481/481 482/482/482 481/481/481 
f 481/481/481 482/482/482 482/482/482 
f 482/482/482 483/483/483 482/482/482 
f 482/482/482 483/483/483 484/484/484 
f 483/483/483 485/485/485 484/484/484 
f 484/484/484 485/485/485 486/486/486 
f 485/485/485 486/486/486 486/486/486 
f 486/486/486 486/486/486 487/487/487 
f 486/486/486 487/487/487 487/487/487 
f 487/487/487 487/487/487 487/487/487 
f 487/487/487 488/488/488 487/487/487 
f 487/487/487 488/488/488 489/489/489 
f 488/488/488 490/490/490 489/489/489 
f 489/489/489 490/490/490 490/490/490 
f 490/490/490 491/491/491 490/490/490 
f 490/490/490 491/491/491 491/491/491 
f 491/491/491 492/492/492 491/491/491 
f 491/491/491 492/492/492 493/493/493 
f 492/492/492 494/494/494 493/493/493 
f 493/493/493 494/494/494 494/494/494 
f 494/494/494 495/495/495 494/494/494 
f 494/494/494 495/495/495 495/495/495 
f 495/495/495 496/496/496 495/495/495 
f 495/495/495 496/496/496 497/497/497 
f 496/496/496 498/498/498 497/497/497 
f 497/497/497 498/498/498 499/499/499 
f 498/498/498 499/499/499 499/499/499 
f 499/499/499 499/499/499 500/500/500 
f 499/499/499 500/500/500 500/500/500 
f 500/500/500 500/500/500 500/500/500 
f 500/500/500 501/501/501 500/500/500 
f 500/500/500 501/501/501 502/502/502 
f 501/501/501 503/503/503 502/502/502 
f 502/502/502 503/503/503 503/503/503 
f 503/503/503 504/504/504 503/503/503 
f 503/503/503 504/504/504 504/504/504 
f 504/504/504 505/505/505 504/504/504 
f 504/504/504 505/505/505 506/506/506 
f 505/505/505 507/507/507 506/506/506 
f 506/506/506 507/507/507 507/507/507 
f 507/507/507 508/508/508 507/507/507 
f 507/507/507 508/508/508 508/508/508 
f 508/508/508 509/509/509 508/508/508 
f 508/508/508 509/509/509 510/510/510 
f 509/509/509 511/511/511 510/510/510 
f 510/510/510 511/511/511 511/511/511 
f 511/511/511 512/512/512 511/511/511 
f 511/511/511 512/512/512 512/512/512 
f 512/512/512 513/513/513 512/512/512 
f 512/512/512 513/513/513 514/514/514 
f 513/513/513 515/515/515 514/514/514 
f 514/514/514 515/515/515 515/515/515 
f 515/515/515 516/516/516 515/515/515 
f 515/515/515 516/516/516 516/516/516 
f 516/516/516 517/517/517 516/516/516 
f 516/516/516 517/517/517 518/518/518 
f 517/517/517 519/519/519 518/518/518 
f 518/518/518 519/519/519 519/519/519 
f 519/519/519 517/517/517 519/519/519 
f 519/519/519 517/517/517 520/520/520 
f 517/517/517 521/521/521 520/520/520 
f 520/520/520 521/521/521 522/522/522 
f 521/521/521 522/522/522 522/522/522 
f 522/522/522 522/522/522 523/523/523 
f 522/522/522 523/523/523 523/523/523 
f 523/523/523 523/523/523 523/523/523 
f 523/523/523 524/524/524 523/523/523 
f 523/523/523 524/524/524 525/525/525 
f 524/524/524 526/526/526 525/525/525 
f 525/525/525 526/526/526 526/526/526 
f 526/526/526 527/527/527 526/526/526 
f 526/526/526 527/527/527 527/527/527 
f 527/527/527 528/528/528 527/527/527 
f 527/527/527 528/528/528 529/529/529 
f 528/528/528 530/530/530 529/529/529 
f 529/529/529 530/530/530 530/530/530 
f 530/530/530 531/531/531 530/530/530 
f 530/530/530 531/531/531 531/531/531 
f 531/531/531 532/532/532 531/531/531 
f 531/531/531 532/532/532 533/533/533 
f 532/532/532 534/534/534 533/533/533 
f 533/533/533 534/534/534 534/534/534 
f 534/534/534 535/535/535 534/534/534 
f 534/534/534 535/535/535 535/535/535 
f 535/535/535 536/536/536 535/535/535 
f 535/535/535 536/536/536 537/537/537 
f 536/536/536 538/538/538 537/537/537 
f 537/537/537 538/538/538 539/539/539 
f 538/538/538 539/539/539 539/539/539 
f 539/539/539 539/539/539 537/537/537 
f 539/539/539 537/537/537 537/537/537 
f 537/537/537 537/537/537 537/537/537 
f 537/537/537 539/539/539 537/537/537 
f 537/537/537 539/539/539 540/540/540 
f 539/539/539 541/541/541 540/540/540 
f 540/540/540 541/541/541 541/541/541 
f 541/541/541 542/542/542 541/541/541 
f 541/541/541 542/542/542 542/542/542 
f 542/542/542 543/543/543 542/542/542 
f 542/542/542 543/543/543 544/544/544 
f 543/543/543 545/545/545 544/544/544 
f 544/544/544 545/545/545 545/545/545 
f 545/545/545 543/543/543 545/545/545 
f 545/545/545 543/543/543 546/546/546 
f 543/543/543 547/547/547 546/546/546 
f 546/546/546 547/547/547 548/548/548 
f 547/547/547 548/548/548 548/548/548 
f 548/548/548 548/548/548 549/549/549 
f 548/548/548 549/549/549 549/549/549 
f 549/549/549 549/549/549 549/549/549 
f 549/549/549 550/550/550 549/549/549 
f 549/549/549 550/550/550 551/551/551 
f 550/550/550 552/552/552 551/551/551 
f 551/551/551 552/552/552 553/553/553 
f 552/552/552 553/553/553 553/553/553 
f 553/553/553 553/553/553 554/554/554 
f 553/553/553 554/554/554 554/554/554 
f 554/554/554 554/554/554 554/554/554 
f 554/554/554 555/555/555 554/554/554 
f 554/554/554 555/555/555 556/556/556 
f 555/555/555 557/557/557 556/556/556 
f 556/556/556 557/557/557 557/557/557 
f 557/557/557 558/558/558 557/557/557 
f 557/557/557 558/558/558 558/558/558 
f 558/558/558 559/559/559 558/558/558 
f 558/558/558 559/559/559 560/560/560 
f 559/559/559 561/561/561 560/560/560 
f 560/560/560 561/561/561 561/561/561 
f 561/561/561 562/562/562 561/561/561 
f 561/561/561 562/562/562 562/562/562 
f 562/562/562 563/563/563 562/562/562 
f 562/562/562 563/563/563 564/564/564 
f 563/563/563 565/565/565 564/564/564 
f 564/564/564 565/565/565 565/565/565 
f 565/565/565 566/566/566 565/565/565 
f 565/565/565 566/566/566 566/566/566 
f 566/566/566 567/567/567 566/566/566 
f 566/566/566 567/567/567 564/564/564 
f 567/567/567 568/568/568 564/564/564 
f 564/564/564 568/568/568 568/568/568 
f 568/568/568 569/569/569 568/568/568 
f 568/568/568 569/569/569 569/569/569 
f 569/569/569 570/570/570 569/569/569 
f 569/569/569 570/570/570 571/571/571 
f 570/570/570 572/572/572 571/571/571 
f 571/571/571 572/572/572 572/572/572 
f 572/572/572 573/573/573 572/572/572 
f 572/572/572 573/573/573 573/573/573 
f 573/573/573 574/574/574 573/573/573 
f 573/573/573 574/574/574 575/575/575 
f 574/574/574 576/576/576 575/575/575 
f 575/575/575 576/576/576 576/576/576 
f 576/576/576 577/577/577 576/576/576 
f 576/576/576 577/577/577 577/577/577 
f 577/577/577 578/578/578 577/577/577 
f 577/577/577 578/578/578 579/579/579 
f 578/578/578 580/580/580 579/579/579 
f 579/579/579 580/580/580 581/581/581 
f 580/580/580 582/582/582 581/581/581 
f 581/581/581 582/582/582 582/582/582 
f 582/582/582 580/580/580 582/582/582 
f 582/582/582 580/580/580 580/580/580 
f 580/580/580 578/578/578 580/580/580 
f 580/580/580 578/578/578 583/583/583 
f 578/578/578 584/584/584 583/583/583 
f 583/583/583 584/584/584 584/584/584 
f 584/584/584 578/578/578 584/584/584 
f 584/584/584 578/578/578 578/578/578 
f 578/578/578 585/585/585 578/578/578 
f 578/578/578 585/585/585 584/584/584 
f 585/585/585 586/586/586 584/584/584 
f 584/584/584 586/586/586 586/586/586 
f 586/586/586 587/587/587 586/586/586 
f 586/586/586 587/587/587 587/587/587 
f 587/587/587 588/588/588 587/587/587 
f 587/587/587 588/588/588 589/589/589 
f 588/588/588 590/590/590 589/589/589 
f 589/589/589 590/590/590 590/590/590 
f 590/590/590 591/591/591 590/590/590 
f 590/590/590 591/591/591 591/591/591 
f 591/591/591 592/592/592 591/591/591 
f 591/591/591 592/592/592 166/166/166 
f 592/592/592 168/168/168 166/166/166 
f 166/166/166 168/168/168 168/168/168 
f 168/168/168 593/593/593 168/168/168 
f 168/168/168 593/593/593 593/593/593 
f 593/593/593 559/559/559 593/593/593 
f 593/593/593 559/559/559 563/563/563 
f 559/559/559 594/594/594 563/563/563 
f 563/563/563 594/594/594 594/594/594 
f 594/594/594 595/595/595 594/594/594 
f 594/594/594 595/595/595 595/595/595 
f 595/595/595 596/596/596 595/595/595 
f 595/595/595 596/596/596 597/597/597 
f 596/596/596 598/598/598 597/597/597 
f 597/597/597 598/598/598 598/598/598 
f 598/598/598 599/599/599 598/598/598 
f 598/598/598 599/599/599 599/599/599 
f 599/599/599 600/600/600 599/599/599 
f 599/599/599 600/600/600 601/601/601 
f 600/600/600 602/602/602 601/601/601 
f 601/601/601 602/602/602 602/602/602 
f 602/602/602 603/603/603 602/602/602 
f 602/602/602 603/603/603 603/603/603 
f 603/603/603 604/604/604 603/603/603 
f 603/603/603 604/604/604 605/605/605 
f 604/604/604 606/606/606 605/605/605 
f 605/605/605 606/606/606 606/606/606 
f 606/606/606 607/607/607 606/606/606 
f 606/606/606 607/607/607 607/607/607 
f 607/607/607 608/608/608 607/607/607 
f 607/607/607 608/608/608 609/609/609 
f 608/608/608 610/610/610 609/609/609 
f 609/609/609 610/610/610 610/610/610 
f 610/610/610 611/611/611 610/610/610 
f 610/610/610 611/611/611 611/611/611 
f 611/611/611 612/612/612 611/611/611 
f 611/611/611 612/612/612 613/613/613 
f 612/612/612 614/614/614 613/613/613 
f 613/613/613 614/614/614 614/614/614 
f 614/614/614 615/615/615 614/614/614 
f 614/614/614 615/615/615 615/615/615 
f 615/615/615 616/616/616 615/615/615 
f 615/615/615 616/616/616 617/617/617 
f 616/616/616 618/618/618 617/617/617 
f 617/617/617 618/618/618 618/618/618 
f 618/618/618 619/619/619 618/618/618 
f 618/618/618 619/619/619 619/619/619 
f 619/619/619 620/620/620 619/619/619 
f 619/619/619 620/620/620 621/621/621 
f 620/620/620 622/622/622 621/621/621 
f 621/621/621 622/622/622 622/622/622 
f 622/622/622 623/623/623 622/622/622 
f 622/622/622 623/623/623 623/623/623 
f 623/623/623 624/624/624 623/623/623 
f 623/623/623 624/624/624 625/625/625 
f 624/624/624 626/626/626 625/625/625 
f 625/625/625 626/626/626 626/626/626 
f 626/626/626 627/627/627 626/626/626 
f 626/626/626 627/627/627 627/627/627 
f 627/627/627 628/628/628 627/627/627 
f 627/627/627 628/628/628 629/629/629 
f 628/628/628 630/630/630 629/629/629 
f 629/629/629 630/630/630 630/630/630 
f 630/630/630 631/631/631 630/630/630 
f 630/630/630 631/631/631 631/631/631 
f 631/631/631 632/632/632 631/631/631 
f 631/631/631 632/632/632 633/633/633 
f 632/632/632 634/634/634 633/633/633 
f 633/633/633 634/634/634 634/634/634 
f 634/634/634 615/615/615 634/634/634 
f 634/634/634 615/615/615 615/615/615 
f 615/615/615 635/635/635 615/615/615 
f 615/615/615 635/635/635 636/636/636 
f 635/635/635 637/637/637 636/636/636 
f 636/636/636 637/637/637 567/567/567 
f 637/637/637 567/567/567 567/567/567 
f 567/567/567 567/567/567 638/638/638 
f 567/567/567 638/638/638 638/638/638 
f 638/638/638 638/638/638 638/638/638 
f 638/638/638 639/639/639 638/638/638 
f 638/638/638 639/639/639 640/640/640 
f 639/639/639 641/641/641 640/640/640 
f 640/640/640 641/641/641 641/641/641 
f 641/641/641 104/104/104 641/641/641 
f 641/641/641 104/104/104 104/104/104 
f 104/104/104 642/642/642 104/104/104 
f 104/104/104 642/642/642 643/643/643 
f 642/642/642 618/618/618 643/643/643 
f 643/643/643 618/618/618 618/618/618 
f 618/618/618 644/644/644 618/618/618 
f 618/618/618 644/644/644 644/644/644 
f 644/644/644 645/645/645 644/644/644 
f 644/644/644 645/645/645 646/646/646 
f 645/645/645 647/647/647 646/646/646 
f 646/646/646 647/647/647 647/647/647 
f 647/647/647 648/648/648 647/647/647 
f 647/647/647 648/648/648 648/648/648 
f 648/648/648 649/649/649 648/648/648 
f 648/648/648 649/649/649 650/650/650 
f 649/649/649 651/651/651 650/650/650 
f 650/650/650 651/651/651 651/651/651 
f 651/651/651 107/107/107 651/651/651 
f 651/651/651 107/107/107 107/107/107 
f 107/107/107 652/652/652 107/107/107 
f 107/107/107 652/652/652 653/653/653 
f 652/652/652 654/654/654 653/653/653 
f 653/653/653 654/654/654 654/654/654 
f 654/654/654 655/655/655 654/654/654 
f 654/654/654 655/655/655 655/655/655 
f 655/655/655 656/656/656 655/655/655 
f 655/655/655 656/656/656 657/657/657 
f 656/656/656 658/658/658 657/657/657 
f 657/657/657 658/658/658 659/659/659 
f 658/658/658 660/660/660 659/659/659 
f 659/659/659 660/660/660 661/661/661 
f 660/660/660 661/661/661 661/661/661 
f 661/661/661 661/661/661 662/662/662 
f 661/661/661 662/662/662 662/662/662 
f 662/662/662 662/662/662 662/662/662 
f 662/662/662 663/663/663 662/662/662 
f 662/662/662 663/663/663 664/664/664 
f 663/663/663 665/665/665 664/664/664 
f 664/664/664 665/665/665 665/665/665 
f 665/665/665 666/666/666 665/665/665 
f 665/665/665 666/666/666 666/666/666 
f 666/666/666 667/667/667 666/666/666 
f 666/666/666 667/667/667 668/668/668 
f 667/667/667 669/669/669 668/668/668 
f 668/668/668 669/669/669 669/669/669 
f 669/669/669 670/670/670 669/669/669 
f 669/669/669 670/670/670 670/670/670 
f 670/670/670 671/671/671 670/670/670 
f 670/670/670 671/671/671 672/672/672 
f 671/671/671 673/673/673 672/672/672 
f 672/672/672 673/673/673 673/673/673 
f 673/673/673 674/674/674 673/673/673 
f 673/673/673 674/674/674 674/674/674 
f 674/674/674 675/675/675 674/674/674 
f 674/674/674 675/675/675 676/676/676 
f 675/675/675 677/677/677 676/676/676 
f 676/676/676 677/677/677 677/677/677 
f 677/677/677 678/678/678 677/677/677 
f 677/677/677 678/678/678 678/678/678 
f 678/678/678 679/679/679 678/678/678 
f 678/678/678 679/679/679 680/680/680 
f 679/679/679 681/681/681 680/680/680 
f 680/680/680 681/681/681 681/681/681 
f 681/681/681 682/682/682 681/681/681 
f 681/681/681 682/682/682 682/682/682 
f 682/682/682 683/683/683 682/682/682 
f 682/682/682 683/683/683 684/684/684 
f 683/683/683 685/685/685 684/684/684 
f 684/684/684 685/685/685 685/685/685 
f 685/685/685 686/686/686 685/685/685 
f 685/685/685 686/686/686 686/686/686 
f 686/686/686 687/687/687 686/686/686 
f 686/686/686 687/687/687 688/688/688 
f 687/687/687 689/689/689 688/688/688 
f 688/688/688 689/689/689 689/689/689 
f 689/689/689 690/690/690 689/689/689 
f 689/689/689 690/690/690 690/690/690 
f 690/690/690 691/691/691 690/690/690 
f 690/690/690 691/691/691 692/692/692 
f 691/691/691 693/693/693 692/692/692 
f 692/692/692 693/693/693 693/693/693 
f 693/693/693 694/694/694 693/693/693 
f 693/693/693 694/694/694 694/694/694 
f 694/694/694 695/695/695 694/694/694 
f 694/694/694 695/695/695 696/696/696 
f 695/695/695 697/697/697 696/696/696 
f 696/696/696 697/697/697 697/697/697 
f 697/697/697 698/698/698 697/697/697 
f 697/697/697 698/698/698 698/698/698 
f 698/698/698 699/699/699 698/698/698 
f 698/698/698 699/699/699 700/700/700 
f 699/699/699 701/701/701 700/700/700 
f 700/700/700 701/701/701 702/702/702 
f 701/701/701 702/702/702 702/702/702 
f 702/702/702 702/702/702 703/703/703 
f 702/702/702 703/703/703 703/703/703 
f 703/703/703 703/703/703 703/703/703 
f 703/703/703 704/704/704 703/703/703 
f 703/703/703 704/704/704 705/705/705 
f 704/704/704 706/706/706 705/705/705 
f 705/705/705 706/706/706 707/707/707 
f 706/706/706 707/707/707 707/707/707 
f 707/707/707 707/707/707 706/706/706 
f 707/707/707 706/706/706 706/706/706 
f 706/706/706 706/706/706 706/706/706 
f 706/706/706 704/704/704 706/706/706 
f 706/706/706 704/704/704 708/708/708 
f 704/704/704 709/709/709 708/708/708 
f 708/708/708 709/709/709 710/710/710 
f 709/709/709 711/711/711 710/710/710 
f 710/710/710 711/711/711 711/711/711 
f 711/711/711 708/708/708 711/711/711 
f 711/711/711 708/708/708 708/708/708 
f 708/708/708 710/710/710 708/708/708 
f 708/708/708 710/710/710 712/712/712 
f 710/710/710 713/713/713 712/712/712 
f 712/712/712 713/713/713 707/707/707 
f 713/713/713 714/714/714 707/707/707 
f 707/707/707 714/714/714 705/705/705 
f 714/714/714 705/705/705 705/705/705 
f 705/705/705 705/705/705 715/715/715 
f 705/705/705 715/715/715 715/715/715 
f 715/715/715 715/715/715 715/715/715 
f 715/715/715 716/716/716 715/715/715 
f 715/715/715 716/716/716 717/717/717 
f 716/716/716 718/718/718 717/717/717 
f 717/717/717 718/718/718 718/718/718 
f 718/718/718 716/716/716 718/718/718 
f 718/718/718 716/716/716 716/716/716 
f 716/716/716 719/719/719 716/716/716 
f 716/716/716 719/719/719 718/718/718 
f 719/719/719 720/720/720 718/718/718 
f 718/718/718 720/720/720 720/720/720 
f 720/720/720 721/721/721 720/720/720 
f 720/720/720 721/721/721 721/721/721 
f 721/721/721 722/722/722 721/721/721 
f 721/721/721 722/722/722 723/723/723 
f 722/722/722 724/724/724 723/723/723 
f 723/723/723 724/724/724 725/725/725 
f 724/724/724 725/725/725 725/725/725 
f 725/725/725 725/725/725 725/725/725 
f 725/725/725 726/726/726 725/725/725 
f 725/725/725 726/726/726 723/723/723 
f 726/726/726 727/727/727 723/723/723 
f 723/723/723 727/727/727 727/727/727 
f 727/727/727 726/726/726 727/727/727 
f 727/727/727 726/726/726 728/728/728 
f 726/726/726 729/729/729 728/728/728 
f 728/728/728 729/729/729 730/730/730 
f 729/729/729 730/730/730 730/730/730 
f 730/730/730 730/730/730 731/731/731 
f 730/730/730 731/731/731 731/731/731 
f 731/731/731 731/731/731 731/731/731 
f 731/731/731 732/732/732 731/731/731 
f 731/731/731 732/732/732 733/733/733 
f 732/732/732 734/734/734 733/733/733 
f 733/733/733 734/734/734 734/734/734 
f 734/734/734 735/735/735 734/734/734 
f 734/734/734 735/735/735 735/735/735 
f 735/735/735 736/736/736 735/735/735 
f 735/735/735 736/736/736 737/737/737 
f 736/736/736 738/738/738 737/737/737 
f 737/737/737 738/738/738 738/738/738 
f 738/738/738 739/739/739 738/738/738 
f 738/738/738 739/739/739 739/739/739 
f 739/739/739 740/740/740 739/739/739 
f 739/739/739 740/740/740 741/741/741 
f 740/740/740 742/742/742 741/741/741 
f 741/741/741 742/742/742 742/742/742 
f 742/742/742 743/743/743 742/742/742 
f 742/742/742 743/743/743 743/743/743 
f 743/743/743 744/744/744 743/743/743 
f 743/743/743 744/744/744 745/745/745 
f 744/744/744 746/746/746 745/745/745 
f 745/745/745 746/746/746 746/746/746 
f 746/746/746 747/747/747 746/746/746 
f 746/746/746 747/747/747 747/747/747 
f 747/747/747 748/748/748 747/747/747 
f 747/747/747 748/748/748 749/749/749 
f 748/748/748 750/750/750 749/749/749 
f 749/749/749 750/750/750 750/750/750 
f 750/750/750 751/751/751 750/750/750 
f 750/750/750 751/751/751 751/751/751 
f 751/751/751 752/752/752 751/751/751 
f 751/751/751 752/752/752 753/753/753 
f 752/752/752 754/754/754 753/753/753 
f 753/753/753 754/754/754 754/754/754 
f 754/754/754 755/755/755 754/754/754 
f 754/754/754 755/755/755 755/755/755 
f 755/755/755 756/756/756 755/755/755 
f 755/755/755 756/756/756 757/757/757 
f 756/756/756 758/758/758 757/757/757 
f 757/757/757 758/758/758 758/758/758 
f 758/758/758 759/759/759 758/758/758 
f 758/758/758 759/759/759 759/759/759 
f 759/759/759 760/760/760 759/759/759 
f 759/759/759 760/760/760 761/761/761 
f 760/760/760 762/762/762 761/761/761 
f 761/761/761 762/762/762 762/762/762 
f 762/762/762 763/763/763 762/762/762 
f 762/762/762 763/763/763 763/763/763 
f 763/763/763 764/764/764 763/763/763 
f 763/763/763 764/764/764 765/765/765 
f 764/764/764 766/766/766 765/765/765 
f 765/765/765 766/766/766 766/766/766 
f 766/766/766 767/767/767 766/766/766 
f 766/766/766 767/767/767 767/767/767 
f 767/767/767 768/768/768 767/767/767 
f 767/767/767 768/768/768 769/769/769 
f 768/768/768 770/770/770 769/769/769 
f 769/769/769 770/770/770 770/770/770 
f 770/770/770 771/771/771 770/770/770 
f 770/770/770 771/771/771 771/771/771 
f 771/771/771 772/772/772 771/771/771 
f 771/771/771 772/772/772 773/773/773 
f 772/772/772 774/774/774 773/773/773 
f 773/773/773 774/774/774 774/774/774 
f 774/774/774 775/775/775 774/774/774 
f 774/774/774 775/775/775 775/775/775 
f 775/775/775 776/776/776 775/775/775 
f 775/775/775 776/776/776 777/777/777 
f 776/776/776 778/778/778 777/777/777 
f 777/777/777 778/778/778 778/778/778 
f 778/778/778 779/779/779 778/778/778 
f 778/778/778 779/779/779 779/779/779 
f 779/779/779 780/780/780 779/779/779 
f 779/779/779 780/780/780 781/781/781 
f 780/780/780 782/782/782 781/781/781 
f 781/781/781 782/782/782 782/782/782 
f 782/782/782 783/783/783 782/782/782 
f 782/782/782 783/783/783 783/783/783 
f 783/783/783 784/784/784 783/783/783 
f 783/783/783 784/784/784 785/785/785 
f 784/784/784 786/786/786 785/785/785 
f 785/785/785 786/786/786 786/786/786 
f 786/786/786 787/787/787 786/786/786 
f 786/786/786 787/787/787 787/787/787 
f 787/787/787 788/788/788 787/787/787 
f 787/787/787 788/788/788 789/789/789 
f 788/788/788 790/790/790 789/789/789 
f 789/789/789 790/790/790 790/790/790 
f 790/790/790 791/791/791 790/790/790 
f 790/790/790 791/791/791 791/791/791 
f 791/791/791 792/792/792 791/791/791 
f 791/791/791 792/792/792 793/793/793 
f 792/792/792 794/794/794 793/793/793 
f 793/793/793 794/794/794 794/794/794 
f 794/794/794 795/795/795 794/794/794 
f 794/794/794 795/795/795 795/795/795 
f 795/795/795 796/796/796 795/795/795 
f 795/795/795 796/796/796 797/797/797 
f 796/796/796 798/798/798 797/797/797 
f 797/797/797 798/798/798 798/798/798 
f 798/798/798 799/799/799 798/798/798 
f 798/798/798 799/799/799 799/799/799 
f 799/799/799 800/800/800 799/799/799 
f 799/799/799 800/800/800 801/801/801 
f 800/800/800 802/802/802 801/801/801 
f 801/801/801 802/802/802 802/802/802 
f 802/802/802 803/803/803 802/802/802 
f 802/802/802 803/803/803 803/803/803 
f 803/803/803 804/804/804 803/803/803 
f 803/803/803 804/804/804 805/805/805 
f 804/804/804 806/806/806 805/805/805 
f 805/805/805 806/806/806 806/806/806 
f 806/806/806 804/804/804 806/806/806 
f 806/806/806 804/804/804 804/804/804 
f 804/804/804 807/807/807 804/804/804 
f 804/804/804 807/807/807 806/806/806 
f 807/807/807 808/808/808 806/806/806 
f 806/806/806 808/808/808 808/808/808 
f 808/808/808 809/809/809 808/808/808 
f 808/808/808 809/809/809 809/809/809 
f 809/809/809 810/810/810 809/809/809 
f 809/809/809 810/810/810 14/14/14 
f 810/810/810 811/811/811 14/14/14 
f 14/14/14 811/811/811 811/811/811 
f 811/811/811 812/812/812 811/811/811 
f 811/811/811 812/812/812 812/812/812 
f 812/812/812 813/813/813 812/812/812 
f 812/812/812 813/813/813 814/814/814 
f 813/813/813 815/815/815 814/814/814 
f 814/814/814 815/815/815 815/815/815 
f 815/815/815 816/816/816 815/815/815 
f 815/815/815 816/816/816 816/816/816 
f 816/816/816 817/817/817 816/816/816 
f 816/816/816 817/817/817 818/818/818 
f 817/817/817 819/819/819 818/818/818 
f 818/818/818 819/819/819 819/819/819 
f 819/819/819 820/820/820 819/819/819 
f 819/819/819 820/820/820 820/820/820 
f 820/820/820 821/821/821 820/820/820 
f 820/820/820 821/821/821 822/822/822 
f 821/821/821 823/823/823 822/822/822 
f 822/822/822 823/823/823 823/823/823 
f 823/823/823 824/824/824 823/823/823 
f 823/823/823 824/824/824 824/824/824 
f 824/824/824 825/825/825 824/824/824 
f 824/824/824 825/825/825 826/826/826 
f 825/825/825 827/827/827 826/826/826 
f 826/826/826 827/827/827 828/828/828 
f 827/827/827 828/828/828 828/828/828 
f 828/828/828 828/828/828 829/829/829 
f 828/828/828 829/829/829 829/829/829 
f 829/829/829 829/829/829 829/829/829 
f 829/829/829 830/830/830 829/829/829 
f 829/829/829 830/830/830 831/831/831 
f 830/830/830 832/832/832 831/831/831 
f 831/831/831 832/832/832 832/832/832 
f 832/832/832 833/833/833 832/832/832 
f 832/832/832 833/833/833 833/833/833 
f 833/833/833 834/834/834 833/833/833 
f 833/833/833 834/834/834 835/835/835 
f 834/834/834 836/836/836 835/835/835 
f 835/835/835 836/836/836 836/836/836 
f 836/836/836 837/837/837 836/836/836 
f 836/836/836 837/837/837 837/837/837 
f 837/837/837 838/838/838 837/837/837 
f 837/837/837 838/838/838 839/839/839 
f 838/838/838 840/840/840 839/839/839 
f 839/839/839 840/840/840 840/840/840 
f 840/840/840 841/841/841 840/840/840 
f 840/840/840 841/841/841 841/841/841 
f 841/841/841 842/842/842 841/841/841 
f 841/841/841 842/842/842 843/843/843 
f 842/842/842 844/844/844 843/843/843 
f 843/843/843 844/844/844 844/844/844 
f 844/844/844 845/845/845 844/844/844 
f 844/844/844 845/845/845 845/845/845 
f 845/845/845 846/846/846 845/845/845 
f 845/845/845 846/846/846 847/847/847 
f 846/846/846 848/848/848 847/847/847 
f 847/847/847 848/848/848 849/849/849 
f 848/848/848 850/850/850 849/849/849 
f 849/849/849 850/850/850 851/851/851 
f 850/850/850 852/852/852 851/851/851 
f 851/851/851 852/852/852 853/853/853 
f 852/852/852 854/854/854 853/853/853 
f 853/853/853 854/854/854 855/855/855 
f 854/854/854 856/856/856 855/855/855 
f 855/855/855 856/856/856 857/857/857 
f 856/856/856 858/858/858 857/857/857 
f 857/857/857 858/858/858 859/859/859 
f 858/858/858 860/860/860 859/859/859 
f 859/859/859 860/860/860 861/861/861 
f 860/860/860 862/862/862 861/861/861 
f 861/861/861 862/862/862 863/863/863 
f 862/862/862 864/864/864 863/863/863 
f 863/863/863 864/864/864 864/864/864 
f 864/864/864 865/865/865 864/864/864 
f 864/864/864 865/865/865 865/865/865 
f 865/865/865 866/866/866 865/865/865 
f 865/865/865 866/866/866 867/867/867 
f 866/866/866 868/868/868 867/867/867 
f 867/867/867 868/868/868 868/868/868 
f 868/868/868 869/869/869 868/868/868 
f 868/868/868 869/869/869 869/869/869 
f 869/869/869 870/870/870 869/869/869 
f 869/869/869 870/870/870 871/871/871 
f 870/870/870 872/872/872 871/871/871 
f 871/871/871 872/872/872 872/872/872 
f 872/872/872 873/873/873 872/872/872 
f 872/872/872 873/873/873 873/873/873 
f 873/873/873 874/874/874 873/873/873 
f 873/873/873 874/874/874 875/875/875 
f 874/874/874 876/876/876 875/875/875 
f 875/875/875 876/876/876 876/876/876 
f 876/876/876 877/877/877 876/876/876 
f 876/876/876 877/877/877 877/877/877 
f 877/877/877 878/878/878 877/877/877 
f 877/877/877 878/878/878 879/879/879 
f 878/878/878 880/880/880 879/879/879 
f 879/879/879 880/880/880 880/880/880 
f 880/880/880 881/881/881 880/880/880 
f 880/880/880 881/881/881 881/881/881 
f 881/881/881 882/882/882 881/881/881 
f 881/881/881 882/882/882 883/883/883 
f 882/882/882 884/884/884 883/883/883 
f 883/883/883 884/884/884 884/884/884 
f 884/884/884 885/885/885 884/884/884 
f 884/884/884 885/885/885 885/885/885 
f 885/885/885 886/886/886 885/885/885 
f 885/885/885 886/886/886 887/887/887 
f 886/886/886 888/888/888 887/887/887 
f 887/887/887 888/888/888 888/888/888 
f 888/888/888 889/889/889 888/888/888 
f 888/888/888 889/889/889 889/889/889 
f 889/889/889 890/890/890 889/889/889 
f 889/889/889 890/890/890 891/891/891 
f 890/890/890 892/892/892 891/891/891 
f 891/891/891 892/892/892 892/892/892 
f 892/892/892 893/893/893 892/892/892 
f 892/892/892 893/893/893 893/893/893 
f 893/893/893 894/894/894 893/893/893 
f 893/893/893 894/894/894 895/895/895 
f 894/894/894 896/896/896 895/895/895 
f 895/895/895 896/896/896 896/896/896 
f 896/896/896 897/897/897 896/896/896 
f 896/896/896 897/897/897 897/897/897 
f 897/897/897 898/898/898 897/897/897 
f 897/897/897 898/898/898 899/899/899 
f 898/898/898 900/900/900 899/899/899 
f 899/899/899 900/900/900 900/900/900 
f 900/900/900 901/901/901 900/900/900 
f 900/900/900 901/901/901 901/901/901 
f 901/901/901 902/902/902 901/901/901 
f 901/901/901 902/902/902 903/903/903 
f 902/902/902 904/904/904 903/903/903 
f 903/903/903 904/904/904 904/904/904 
f 904/904/904 905/905/905 904/904/904 
f 904/904/904 905/905/905 905/905/905 
f 905/905/905 906/906/906 905/905/905 
f 905/905/905 906/906/906 907/907/907 
f 906/906/906 908/908/908 907/907/907 
f 907/907/907 908/908/908 908/908/908 
f 908/908/908 909/909/909 908/908/908 
f 908/908/908 909/909/909 909/909/909 
f 909/909/909 910/910/910 909/909/909 
f 909/909/909 910/910/910 911/911/911 
f 910/910/910 912/912/912 911/911/911 
f 911/911/911 912/912/912 912/912/912 
f 912/912/912 913/913/913 912/912/912 
f 912/912/912 913/913/913 913/913/913 
f 913/913/913 914/914/914 913/913/913 
f 913/913/913 914/914/914 915/915/915 
f 914/914/914 916/916/916 915/915/915 
f 915/915/915 916/916/916 916/916/916 
f 916/916/916 914/914/914 916/916/916 
f 916/916/916 914/914/914 917/917/917 
f 914/914/914 918/918/918 917/917/917 
f 917/917/917 918/918/918 919/919/919 
f 918/918/918 919/919/919 919/919/919 
f 919/919/919 919/919/919 920/920/920 
f 919/919/919 920/920/920 920/920/920 
f 920/920/920 920/920/920 920/920/920 
f 920/920/920 921/921/921 920/920/920 
f 920/920/920 921/921/921 922/922/922 
f 921/921/921 923/923/923 922/922/922 
f 922/922/922 923/923/923 923/923/923 
f 923/923/923 924/924/924 923/923/923 
f 923/923/923 924/924/924 924/924/924 
f 924/924/924 925/925/925 924/924/924 
f 924/924/924 925/925/925 926/926/926 
f 925/925/925 927/927/927 926/926/926 
f 926/926/926 927/927/927 927/927/927 
f 927/927/927 928/928/928 927/927/927 
f 927/927/927 928/928/928 928/928/928 
f 928/928/928 929/929/929 928/928/928 
f 928/928/928 929/929/929 930/930/930 
f 929/929/929 931/931/931 930/930/930 
f 930/930/930 931/931/931 931/931/931 
f 931/931/931 932/932/932 931/931/931 
f 931/931/931 932/932/932 932/932/932 
f 932/932/932 933/933/933 932/932/932 
f 932/932/932 933/933/933 934/934/934 
f 933/933/933 935/935/935 934/934/934 
f 934/934/934 935/935/935 935/935/935 
f 935/935/935 936/936/936 935/935/935 
f 935/935/935 936/936/936 936/936/936 
f 936/936/936 937/937/937 936/936/936 
f 936/936/936 937/937/937 938/938/938 
f 937/937/937 939/939/939 938/938/938 
f 938/938/938 939/939/939 939/939/939 
f 939/939/939 940/940/940 939/939/939 
f 939/939/939 940/940/940 940/940/940 
f 940/940/940 941/941/941 940/940/940 
f 940/940/940 941/941/941 942/942/942 
f 941/941/941 943/943/943 942/942/942 
f 942/942/942 943/943/943 943/943/943 
f 943/943/943 828/828/828 943/943/943 
f 943/943/943 828/828/828 828/828/828 
f 828/828/828 944/944/944 828/828/828 
f 828/828/828 944/944/944 945/945/945 
f 944/944/944 946/946/946 945/945/945 
f 945/945/945 946/946/946 946/946/946 
f 946/946/946 947/947/947 946/946/946 
f 946/946/946 947/947/947 947/947/947 
f 947/947/947 293/293/293 947/947/947 
f 947/947/947 293/293/293 948/948/948 
f 293/293/293 949/949/949 948/948/948 
f 948/948/948 949/949/949 949/949/949 
f 949/949/949 950/950/950 949/949/949 
f 949/949/949 950/950/950 950/950/950 
f 950/950/950 951/951/951 950/950/950 
f 950/950/950 951/951/951 952/952/952 
f 951/951/951 953/953/953 952/952/952 
f 952/952/952 953/953/953 953/953/953 
f 953/953/953 954/954/954 953/953/953 
f 953/953/953 954/954/954 954/954/954 
f 954/954/954 955/955/955 954/954/954 
f 954/954/954 955/955/955 956/956/956 
f 955/955/955 957/957/957 956/956/956 
f 956/956/956 957/957/957 957/957/957 
f 957/957/957 958/958/958 957/957/957 
f 957/957/957 958/958/958 958/958/958 
f 958/958/958 959/959/959 958/958/958 
f 958/958/958 959/959/959 560/560/560 
f 959/959/959 960/960/960 560/560/560 
f 560/560/560 960/960/960 960/960/960 
f 960/960/960 961/961/961 960/960/960 
f 960/960/960 961/961/961 961/961/961 
f 961/961/961 962/962/962 961/961/961 
f 961/961/961 962/962/962 963/963/963 
f 962/962/962 964/964/964 963/963/963 
f 963/963/963 964/964/964 964/964/964 
f 964/964/964 965/965/965 964/964/964 
f 964/964/964 965/965/965 965/965/965 
f 965/965/965 966/966/966 965/965/965 
f 965/965/965 966/966/966 967/967/967 
f 966/966/966 968/968/968 967/967/967 
f 967/967/967 968/968/968 968/968/968 
f 968/968/968 969/969/969 968/968/968 
f 968/968/968 969/969/969 969/969/969 
f 969/969/969 970/970/970 969/969/969 
f 969/969/969 970/970/970 971/971/971 
f 970/970/970 972/972/972 971/971/971 
f 971/971/971 972/972/972 972/972/972 
f 972/972/972 973/973/973 972/972/972 
f 972/972/972 973/973/973 973/973/973 
f 973/973/973 974/974/974 973/973/973 
f 973/973/973 974/974/974 975/975/975 
f 974/974/974 976/976/976 975/975/975 
f 975/975/975 976/976/976 976/976/976 
f 976/976/976 977/977/977 976/976/976 
f 976/976/976 977/977/977 977/977/977 
f 977/977/977 978/978/978 977/977/977 
f 977/977/977 978/978/978 979/979/979 
f 978/978/978 980/980/980 979/979/979 
f 979/979/979 980/980/980 980/980/980 
f 980/980/980 981/981/981 980/980/980 
f 980/980/980 981/981/981 981/981/981 
f 981/981/981 982/982/982 981/981/981 
f 981/981/981 982/982/982 983/983/983 
f 982/982/982 984/984/984 983/983/983 
f 983/983/983 984/984/984 984/984/984 
f 984/984/984 985/985/985 984/984/984 
f 984/984/984 985/985/985 985/985/985 
f 985/985/985 986/986/986 985/985/985 
f 985/985/985 986/986/986 987/987/987 
f 986/986/986 988/988/988 987/987/987 
f 987/987/987 988/988/988 988/988/988 
f 988/988/988 989/989/989 988/988/988 
f 988/988/988 989/989/989 989/989/989 
f 989/989/989 990/990/990 989/989/989 
f 989/989/989 990/990/990 991/991/991 
f 990/990/990 992/992/992 991/991/991 
f 991/991/991 992/992/992 992/992/992 
f 992/992/992 993/993/993 992/992/992 
f 992/992/992 993/993/993 993/993/993 
f 993/993/993 994/994/994 993/993/993 
f 993/993/993 994/994/994 995/995/995 
f 994/994/994 996/996/996 995/995/995 
f 995/995/995 996/996/996 996/996/996 
f 996/996/996 997/997/997 996/996/996 
f 996/996/996 997/997/997 997/997/997 
f 997/997/997 998/998/998 997/997/997 
f 997/997/997 998/998/998 999/999/999 
f 998/998/998 1000/1000/1000 999/999/999 
f 999/999/999 1000/1000/1000 1000/1000/1000 
f 1000/1000/1000 1001/1001/1001 1000/1000/1000 
f 1000/1000/1000 1001/1001/1001 1001/1001/1001 
f 1001/1001/1001 1002/1002/1002 1001/1001/1001 
f 1001/1001/1001 1002/1002/1002 1003/1003/1003 
f 1002/1002/1002 1004/1004/1004 1003/1003/1003 
f 1003/1003/1003 1004/1004/1004 1004/1004/1004 
f 1004/1004/1004 1005/1005/1005 1004/1004/1004 
f 1004/1004/1004 1005/1005/1005 1005/1005/1005 
f 1005/1005/1005 1006/1006/1006 1005/1005/1005 
f 1005/1005/1005 1006/1006/1006 1007/1007/1007 
f 1006/1006/1006 1008/1008/1008 1007/1007/1007 
f 1007/1007/1007 1008/1008/1008 1008/1008/1008 
f 1008/1008/1008 1009/1009/1009 1008/1008/1008 
f 1008/1008/1008 1009/1009/1009 1009/1009/1009 
f 1009/1009/1009 1010/1010/1010 1009/1009/1009 
f 1009/1009/1009 1010/1010/1010 1011/1011/1011 
f 1010/1010/1010 1012/1012/1012 1011/1011/1011 
f 1011/1011/1011 1012/1012/1012 1012/1012/1012 
f 1012/1012/1012 1013/1013/1013 1012/1012/1012 
f 1012/1012/1012 1013/1013/1013 1013/1013/1013 
f 1013/1013/1013 1014/1014/1014 1013/1013/1013 
f 1013/1013/1013 1014/1014/1014 1015/1015/1015 
f 1014/1014/1014 1016/1016/1016 1015/1015/1015 
f 1015/1015/1015 1016/1016/1016 1016/1016/1016 
f 1016/1016/1016 1017/1017/1017 1016/1016/1016 
f 1016/1016/1016 1017/1017/1017 1017/1017/1017 
f 1017/1017/1017 1018/1018/1018 1017/1017/1017 
f 1017/1017/1017 1018/1018/1018 1019/1019/1019 
f 1018/1018/1018 654/654/654 1019/1019/1019 
f 1019/1019/1019 654/654/654 654/654/654 
f 654/654/654 1020/1020/1020 654/654/654 
f 654/654/654 1020/1020/1020 1020/1020/1020 
f 1020/1020/1020 1021/1021/1021 1020/1020/1020 
f 1020/1020/1020 1021/1021/1021 1022/1022/1022 
f 1021/1021/1021 336/336/336 1022/1022/1022 
f 1022/1022/1022 336/336/336 336/336/336 
f 336/336/336 1023/1023/1023 336/336/336 
f 336/336/336 1023/1023/1023 1023/1023/1023 
f 1023/1023/1023 1024/1024/1024 1023/1023/1023 
f 1023/1023/1023 1024/1024/1024 1025/1025/1025 
f 1024/1024/1024 1026/1026/1026 1025/1025/1025 
f 1025/1025/1025 1026/1026/1026 1026/1026/1026 
f 1026/1026/1026 1027/1027/1027 1026/1026/1026 
f 1026/1026/1026 1027/1027/1027 1027/1027/1027 
f 1027/1027/1027 1028/1028/1028 1027/1027/1027 
f 1027/1027/1027 1028/1028/1028 1029/1029/1029 
f 1028/1028/1028 1030/1030/1030 1029/1029/1029 
f 1029/1029/1029 1030/1030/1030 1030/1030/1030 
f 1030/1030/1030 1028/1028/1028 1030/1030/1030 
f 1030/1030/1030 1028/1028/1028 1031/1031/1031 
f 1028/1028/1028 1032/1032/1032 1031/1031/1031 
f 1031/1031/1031 1032/1032/1032 1032/1032/1032 
f 1032/1032/1032 1033/1033/1033 1032/1032/1032 
f 1032/1032/1032 1033/1033/1033 1033/1033/1033 
f 1033/1033/1033 1034/1034/1034 1033/1033/1033 
f 1033/1033/1033 1034/1034/1034 1035/1035/1035 
f 1034/1034/1034 1036/1036/1036 1035/1035/1035 
f 1035/1035/1035 1036/1036/1036 1037/1037/1037 
f 1036/1036/1036 1038/1038/1038 1037/1037/1037 
f 1037/1037/1037 1038/1038/1038 1039/1039/1039 
f 1038/1038/1038 1039/1039/1039 1039/1039/1039 
f 1039/1039/1039 1039/1039/1039 1034/1034/1034 
f 1039/1039/1039 1034/1034/1034 1034/1034/1034 
f 1034/1034/1034 1034/1034/1034 1034/1034/1034 
f 1034/1034/1034 1033/1033/1033 1034/1034/1034 
f 1034/1034/1034 1033/1033/1033 1040/1040/1040 
f 1033/1033/1033 1039/1039/1039 1040/1040/1040 
f 1040/1040/1040 1039/1039/1039 1041/1041/1041 
f 1039/1039/1039 1042/1042/1042 1041/1041/1041 
f 1041/1041/1041 1042/1042/1042 1043/1043/1043 
f 1042/1042/1042 1036/1036/1036 1043/1043/1043 
f 1043/1043/1043 1036/1036/1036 1034/1034/1034 
f 1036/1036/1036 1034/1034/1034 1034/1034/1034 
f 1034/1034/1034 1034/1034/1034 1033/1033/1033 
f 1034/1034/1034 1033/1033/1033 1033/1033/1033 
f 1033/1033/1033 1033/1033/1033 1033/1033/1033 
f 1033/1033/1033 1044/1044/1044 1033/1033/1033 
f 1033/1033/1033 1044/1044/1044 1039/1039/1039 
f 1044/1044/1044 1037/1037/1037 1039/1039/1039 
f 1039/1039/1039 1037/1037/1037 1037/1037/1037 
f 1037/1037/1037 1045/1045/1045 1037/1037/1037 
f 1037/1037/1037 1045/1045/1045 1045/1045/1045 
f 1045/1045/1045 1046/1046/1046 1045/1045/1045 
f 1045/1045/1045 1046/1046/1046 1047/1047/1047 
f 1046/1046/1046 1048/1048/1048 1047/1047/1047 
f 1047/1047/1047 1048/1048/1048 1049/1049/1049 
f 1048/1048/1048 1050/1050/1050 1049/1049/1049 
f 1049/1049/1049 1050/1050/1050 1051/1051/1051 
f 1050/1050/1050 1052/1052/1052 1051/1051/1051 
f 1051/1051/1051 1052/1052/1052 1045/1045/1045 
f 1052/1052/1052 1053/1053/1053 1045/1045/1045 
f 1045/1045/1045 1053/1053/1053 1046/1046/1046 
f 1053/1053/1053 1054/1054/1054 1046/1046/1046 
f 1046/1046/1046 1054/1054/1054 1055/1055/1055 
f 1054/1054/1054 1050/1050/1050 1055/1055/1055 
f 1055/1055/1055 1050/1050/1050 1050/1050/1050 
f 1050/1050/1050 1054/1054/1054 1050/1050/1050 
f 1050/1050/1050 1054/1054/1054 1054/1054/1054 
f 1054/1054/1054 1056/1056/1056 1054/1054/1054 
f 1054/1054/1054 1056/1056/1056 1050/1050/1050 
f 1056/1056/1056 1052/1052/1052 1050/1050/1050 
f 342/342/342 1057/1057/1057 345/345/345 
f 1058/1058/1058 917/917/917 919/919/919 
f 811/811/811 810/810/810 1059/1059/1059 
f 118/118/118 116/116/116 233/233/233 
f 367/367/367 1060/1060/1060 365/365/365 
f 364/364/364 1061/1061/1061 369/369/369 
f 372/372/372 370/370/370 648/648/648 
f 386/386/386 368/368/368 1062/1062/1062 
f 541/541/541 539/539/539 1063/1063/1063 
f 1064/1064/1064 700/700/700 702/702/702 
f 1065/1065/1065 21/21/21 23/23/23 
f 659/659/659 661/661/661 1066/1066/1066 
f 265/265/265 1067/1067/1067 267/267/267 
f 1068/1068/1068 602/602/602 600/600/600 
f 1069/1069/1069 546/546/546 548/548/548 
f 1070/1070/1070 520/520/520 522/522/522 
f 433/433/433 435/435/435 1071/1071/1071 
f 720/720/720 719/719/719 1072/1072/1072 
f 1073/1073/1073 719/719/719 716/716/716 
f 1074/1074/1074 286/286/286 284/284/284 
f 283/283/283 285/285/285 1075/1075/1075 
f 1076/1076/1076 284/284/284 282/282/282 
f 281/281/281 283/283/283 1077/1077/1077 
f 1078/1078/1078 282/282/282 279/279/279 
f 277/277/277 281/281/281 1079/1079/1079 
f 1080/1080/1080 278/278/278 276/276/276 
f 1081/1081/1081 205/205/205 201/201/201 
f 1082/1082/1082 158/158/158 157/157/157 
f 1083/1083/1083 174/174/174 172/172/172 
f 171/171/171 173/173/173 1084/1084/1084 
f 1085/1085/1085 172/172/172 169/169/169 
f 167/167/167 171/171/171 1086/1086/1086 
f 1087/1087/1087 168/168/168 592/592/592 
f 1088/1088/1088 134/134/134 136/136/136 
f 1089/1089/1089 636/636/636 567/567/567 
f 45/45/45 47/47/47 1090/1090/1090 
f 1091/1091/1091 46/46/46 44/44/44 
f 43/43/43 45/45/45 1092/1092/1092 
f 1093/1093/1093 44/44/44 42/42/42 
f 41/41/41 43/43/43 1094/1094/1094 
f 1095/1095/1095 42/42/42 37/37/37 
f 39/39/39 41/41/41 1096/1096/1096 

