# Blender 3.4.1
# www.blender.org
mtllib arcade-cabinet.mtl
o Cube
v 1.000000 1.643941 -1.014865
v 1.000000 -0.011557 -1.014865
v 1.000000 -0.011557 0.670363
v -1.000000 1.643941 -1.014865
v -1.000000 -0.011557 -1.014865
v -1.000000 -0.011557 0.670363
v 1.000000 2.126244 -0.694970
v -1.000000 2.126244 -0.694970
v 1.000000 3.040614 -0.158531
v -1.000000 3.040614 -0.158531
v 1.000000 3.183336 -0.237274
v -1.000000 3.183336 -0.237274
v 1.000000 4.118414 -0.501989
v -1.000000 4.118414 -0.501989
v 1.000000 1.670964 -1.122958
v 1.000000 1.807331 -1.255081
v 1.000000 1.689656 -1.166262
v 1.000000 1.722136 -1.206578
v 1.000000 1.763458 -1.237767
v -1.000000 1.807331 -1.255081
v -1.000000 1.670964 -1.122958
v -1.000000 1.763458 -1.237767
v -1.000000 1.722136 -1.206578
v -1.000000 1.689656 -1.166262
v 1.000000 1.884110 -1.271717
v 1.000000 2.017520 -1.186240
v 1.000000 1.927759 -1.272467
v 1.000000 1.968440 -1.256486
v 1.000000 1.999960 -1.226208
v -1.000000 2.017520 -1.186240
v -1.000000 1.884110 -1.271717
v -1.000000 1.999960 -1.226208
v -1.000000 1.968440 -1.256486
v -1.000000 1.927759 -1.272467
v 1.000000 3.349520 -0.664604
v 1.000000 3.495909 -0.804681
v 1.000000 3.373085 -0.707207
v 1.000000 3.409179 -0.748788
v 1.000000 3.452310 -0.783016
v -1.000000 3.495909 -0.804681
v -1.000000 3.349520 -0.664604
v -1.000000 3.452310 -0.783016
v -1.000000 3.409179 -0.748788
v -1.000000 3.373085 -0.707207
v 1.000000 3.727971 0.565131
v 1.000000 3.578457 0.670363
v 1.000000 3.705025 0.605402
v 1.000000 3.668553 0.639541
v 1.000000 3.624109 0.662353
v -1.000000 3.578457 0.670363
v -1.000000 3.727971 0.565131
v -1.000000 3.624109 0.662353
v -1.000000 3.668553 0.639541
v -1.000000 3.705025 0.605402
v 1.000000 3.760819 -0.892616
v 1.000000 3.924336 -0.830064
v 1.000000 3.805946 -0.898174
v 1.000000 3.852868 -0.888239
v 1.000000 3.894441 -0.864321
v -1.000000 3.924336 -0.830064
v -1.000000 3.760819 -0.892616
v -1.000000 3.894441 -0.864321
v -1.000000 3.852868 -0.888239
v -1.000000 3.805946 -0.898174
v 1.000000 2.239053 -0.584772
v 1.000000 2.484535 -0.409622
v -1.000000 2.484535 -0.409622
v -1.000000 2.239053 -0.584772
vn -0.0000 -0.0000 -1.0000
vn -0.0000 -0.9701 -0.2425
vn -0.0000 -0.9473 -0.3205
vn -0.0000 0.9071 0.4208
vn -0.0000 0.9391 0.3436
vn -0.0000 -1.0000 -0.0000
vn -0.0000 0.4986 -0.8669
vn -0.0000 0.6417 -0.7670
vn -0.0000 -0.4831 -0.8756
vn -0.0000 0.8105 -0.5858
vn -0.0000 0.8607 -0.5091
vn 1.0000 -0.0000 -0.0000
vn -0.0000 -0.9320 -0.3624
vn -0.0000 -0.9056 -0.4242
vn -0.0000 -0.3810 -0.9246
vn -0.0000 -0.2197 -0.9756
vn -0.0000 0.6988 -0.7153
vn -0.0000 0.9505 -0.3107
vn -0.0000 0.9764 -0.2161
vn -0.0000 -0.0000 1.0000
vn -0.0000 0.0867 0.9962
vn -1.0000 -0.0000 -0.0000
vn -0.0000 -0.2904 -0.9569
vn -0.0000 -0.4892 -0.8722
vn -0.0000 -0.6958 -0.7182
vn -0.0000 -0.8563 -0.5166
vn -0.0000 0.8198 -0.5726
vn -0.0000 0.5395 -0.8420
vn -0.0000 0.1776 -0.9841
vn -0.0000 -0.1150 -0.9934
vn -0.0000 -0.5363 -0.8441
vn -0.0000 -0.6914 -0.7225
vn -0.0000 -0.8196 -0.5729
vn -0.0000 0.7850 0.6195
vn -0.0000 0.5756 0.8178
vn -0.0000 0.3183 0.9480
vn -0.0000 0.6347 -0.7727
vn -0.0000 0.3573 -0.9340
vn -0.0000 0.0430 -0.9991
vn -0.0000 0.4115 -0.9114
vt 0.625000 0.500000
vt 0.375000 0.500000
vt 0.375000 0.750000
vt 0.625000 0.250000
vt 0.125000 0.500000
vt 0.375000 0.250000
vt 0.125000 0.750000
vt 0.375000 1.000000
vt 0.375000 0.000000
vt 0.625000 0.500000
vt 0.625000 0.250000
vt 0.625000 0.500000
vt 0.625000 0.250000
vt 0.625000 0.500000
vt 0.625000 0.250000
vt 0.625000 0.625000
vt 0.875000 0.625000
vt 0.625000 0.125000
vt 0.625000 0.500000
vt 0.625000 0.500000
vt 0.625000 0.500000
vt 0.625000 0.500000
vt 0.625000 0.500000
vt 0.625000 0.250000
vt 0.625000 0.250000
vt 0.625000 0.250000
vt 0.625000 0.250000
vt 0.625000 0.250000
vt 0.625000 0.500000
vt 0.625000 0.500000
vt 0.625000 0.500000
vt 0.625000 0.500000
vt 0.625000 0.500000
vt 0.625000 0.250000
vt 0.625000 0.250000
vt 0.625000 0.250000
vt 0.625000 0.250000
vt 0.625000 0.250000
vt 0.625000 0.500000
vt 0.625000 0.500000
vt 0.625000 0.500000
vt 0.625000 0.500000
vt 0.625000 0.500000
vt 0.625000 0.250000
vt 0.625000 0.250000
vt 0.625000 0.250000
vt 0.625000 0.250000
vt 0.625000 0.250000
vt 0.625000 0.750000
vt 0.625000 0.750000
vt 0.625000 0.750000
vt 0.625000 0.750000
vt 0.625000 0.750000
vt 0.625000 0.000000
vt 0.625000 1.000000
vt 0.625000 0.000000
vt 0.625000 1.000000
vt 0.625000 0.001340
vt 0.625000 1.000000
vt 0.625000 0.005034
vt 0.625000 1.000000
vt 0.625000 0.010546
vt 0.625000 1.000000
vt 0.625000 0.500000
vt 0.625000 0.528346
vt 0.625000 0.501811
vt 0.625000 0.500000
vt 0.625000 0.507430
vt 0.625000 0.500000
vt 0.625000 0.517010
vt 0.625000 0.221654
vt 0.875000 0.528346
vt 0.625000 0.250000
vt 0.625000 0.232891
vt 0.875000 0.517010
vt 0.625000 0.242570
vt 0.875000 0.500000
vt 0.625000 0.250000
vt 0.625000 0.248188
vt 0.625000 0.250000
vt 0.625000 0.500000
vt 0.625000 0.500000
vt 0.625000 0.250000
vt 0.625000 0.250000
s 1
usemtl black
f 5/6/1 4/4/1 1/1/1 2/2/1
f 1/1/2 4/4/2 21/25/3 15/19/3
f 51/57/4 45/49/4 13/16/5 14/17/5
f 5/5/6 2/2/6 3/3/6 6/7/6
f 66/82/7 65/81/8 68/84/8 67/83/7
f 9/12/9 10/13/9 12/15/9 11/14/9
f 56/65/10 60/72/10 14/17/11 13/16/11
f 11/14/12 35/39/12 37/41/12 38/42/12 39/43/12 36/40/12 55/64/12 57/66/12 58/68/12 59/70/12 56/65/12 13/16/12 45/49/12 47/51/12 48/52/12 49/53/12 46/50/12 3/3/12 2/2/12 1/1/12 15/19/12 17/21/12 18/22/12 19/23/12 16/20/12 25/29/12 27/31/12 28/32/12 29/33/12 26/30/12 7/10/12 65/81/12 66/82/12 9/12/12
f 11/14/13 12/15/13 41/45/14 35/39/14
f 36/40/15 40/44/15 61/73/16 55/64/16
f 7/10/17 8/11/17 68/84/8 65/81/8
f 26/30/18 30/34/18 8/11/19 7/10/19
f 3/3/20 46/50/21 50/55/21 6/8/20
f 50/54/22 52/58/22 53/60/22 54/62/22 51/56/22 14/18/22 60/71/22 62/74/22 63/76/22 64/79/22 61/73/22 40/44/22 42/46/22 43/47/22 44/48/22 41/45/22 12/15/22 10/13/22 67/83/22 68/84/22 8/11/22 30/34/22 32/36/22 33/37/22 34/38/22 31/35/22 20/24/22 22/26/22 23/27/22 24/28/22 21/25/22 4/4/22 5/6/22 6/9/22
f 20/24/23 16/20/23 19/23/24 22/26/24
f 22/26/24 19/23/24 18/22/25 23/27/25
f 23/27/25 18/22/25 17/21/26 24/28/26
f 24/28/26 17/21/26 15/19/3 21/25/3
f 30/34/18 26/30/18 29/33/27 32/36/27
f 32/36/27 29/33/27 28/32/28 33/37/28
f 33/37/28 28/32/28 27/31/29 34/38/29
f 34/38/29 27/31/29 25/29/30 31/35/30
f 40/44/15 36/40/15 39/43/31 42/46/31
f 42/46/31 39/43/31 38/42/32 43/47/32
f 43/47/32 38/42/32 37/41/33 44/48/33
f 44/48/33 37/41/33 35/39/14 41/45/14
f 45/49/4 51/57/4 54/63/34 47/51/34
f 47/51/34 54/63/34 53/61/35 48/52/35
f 48/52/35 53/61/35 52/59/36 49/53/36
f 49/53/36 52/59/36 50/55/21 46/50/21
f 60/72/10 56/65/10 59/70/37 62/75/37
f 62/75/37 59/70/37 58/69/38 63/77/38
f 63/78/38 58/69/38 57/67/39 64/80/39
f 64/80/39 57/67/39 55/64/16 61/73/16
f 16/20/23 20/24/23 31/35/30 25/29/30
f 9/12/40 66/82/7 67/83/7 10/13/40
o Cube.002
v -1.036071 1.614404 -1.053045
v -1.033926 -0.069318 -1.072562
v -1.033475 -0.069295 0.728103
v -0.819211 1.614404 -1.053045
v -0.821356 -0.069318 -1.072562
v -0.821807 -0.069295 0.728103
v -1.035334 2.182542 -0.724331
v -0.819948 2.182542 -0.724331
v -1.035412 2.375794 -0.516819
v -0.819870 2.375794 -0.516819
v -1.035878 3.037915 -0.215547
v -0.819404 3.037915 -0.215547
v -1.035534 3.137657 -0.277352
v -0.819748 3.137657 -0.277352
v -1.036751 1.643424 -0.172430
v -0.818531 1.643424 -0.172430
v -1.036752 2.131796 -0.012486
v -0.818531 2.131796 -0.012486
v -1.036956 3.187846 0.216323
v -0.818326 3.187846 0.216323
v -1.034825 4.196358 -0.508926
v -0.820457 4.196358 -0.508926
v -1.034732 1.601984 -1.146258
v -1.034945 1.786253 -1.324412
v -1.036994 1.699051 -1.119539
v -1.034388 1.626796 -1.204182
v -1.034487 1.671066 -1.259276
v -1.034398 1.727520 -1.301835
v -0.820338 1.786253 -1.324412
v -0.820551 1.601984 -1.146258
v -0.818288 1.699051 -1.119539
v -0.820884 1.727520 -1.301835
v -0.820795 1.671066 -1.259276
v -0.820894 1.626796 -1.204182
v -1.034942 1.875730 -1.344046
v -1.034685 2.087086 -1.208915
v -1.036911 1.993552 -1.183500
v -1.034266 1.940992 -1.345815
v -1.034334 2.008707 -1.319380
v -1.034299 2.061125 -1.268933
v -0.820598 2.087086 -1.208915
v -0.820341 1.875730 -1.344046
v -0.818371 1.993552 -1.183500
v -0.820983 2.061125 -1.268933
v -0.820949 2.008707 -1.319380
v -0.821016 1.940991 -1.345815
v -1.034727 3.283907 -0.695313
v -1.035097 3.468166 -0.871296
v -1.037167 3.391099 -0.656906
v -1.034463 3.313365 -0.748950
v -1.034538 3.358884 -0.801345
v -1.034468 3.413225 -0.844535
v -0.820185 3.468166 -0.871296
v -0.820555 3.283907 -0.695313
v -0.818115 3.391099 -0.656906
v -0.820814 3.413225 -0.844535
v -0.820744 3.358884 -0.801345
v -0.820820 3.313365 -0.748950
v -1.034555 3.793966 0.595510
v -1.034783 3.584753 0.742707
v -1.036934 3.689476 0.558418
v -1.034357 3.762876 0.651058
v -1.034456 3.710971 0.699794
v -1.034366 3.647578 0.732255
v -0.820499 3.584753 0.742707
v -0.820727 3.793966 0.595510
v -0.818349 3.689476 0.558418
v -0.820916 3.647578 0.732255
v -0.820827 3.710970 0.699794
v -0.820925 3.762876 0.651058
v -1.035295 3.745332 -0.963555
v -1.035314 3.983182 -0.872566
v -1.035207 3.809090 -0.972114
v -1.035227 3.879230 -0.957205
v -1.035217 3.941412 -0.921494
v -0.819968 3.983182 -0.872566
v -0.819987 3.745332 -0.963555
v -0.820065 3.941412 -0.921494
v -0.820055 3.879230 -0.957205
v -0.820076 3.809090 -0.972114
v -1.019335 1.679471 -0.975959
v -1.021466 0.046146 -0.957093
v -1.021953 0.046185 0.612620
v -0.835947 1.679471 -0.975959
v -0.833817 0.046146 -0.957093
v -0.833329 0.046185 0.612620
v -1.019857 2.069330 -0.665490
v -0.835425 2.069330 -0.665490
v -1.019830 2.299910 -0.410468
v -0.835452 2.299910 -0.410468
v -1.019300 3.043300 -0.101501
v -0.835982 3.043300 -0.101501
v -1.019865 3.232841 -0.195992
v -0.835417 3.232841 -0.195992
v -1.018209 1.632703 -0.173757
v -0.837073 1.632703 -0.173757
v -1.017648 2.002431 -0.313234
v -0.837635 2.002431 -0.313234
v -1.019222 2.129368 -0.012116
v -0.836060 2.129368 -0.012116
v -1.017674 3.181083 0.214269
v -0.837608 3.181083 0.214269
v -1.017150 3.688040 -0.097913
v -0.838132 3.688040 -0.097913
v -1.021000 4.039008 -0.495175
v -0.834282 4.039008 -0.495175
v -1.020085 1.727561 -1.101492
v -1.020169 1.828322 -1.185700
v -1.019072 1.710055 -1.118302
v -1.020862 1.752626 -1.128276
v -1.020836 1.773123 -1.153952
v -1.020862 1.799421 -1.173655
v -0.835113 1.828322 -1.185700
v -0.835197 1.727561 -1.101492
v -0.836210 1.710055 -1.118302
v -0.834421 1.799421 -1.173655
v -0.834446 1.773123 -1.153952
v -0.834421 1.752626 -1.128276
v -1.020172 1.892433 -1.199356
v -1.020135 1.950929 -1.164027
v -1.019473 1.989126 -1.182912
v -1.020983 1.914507 -1.199044
v -1.020982 1.928192 -1.193669
v -1.020983 1.938795 -1.183483
v -0.835147 1.950929 -1.164027
v -0.835111 1.892433 -1.199356
v -0.835809 1.989126 -1.182912
v -0.834299 1.938795 -1.183483
v -0.834300 1.928192 -1.193669
v -0.834299 1.914507 -1.199044
v -1.020214 3.410041 -0.635463
v -1.019832 3.523539 -0.737967
v -1.018697 3.398065 -0.654832
v -1.020798 3.432851 -0.665429
v -1.020772 3.459425 -0.696278
v -1.020798 3.491414 -0.721467
v -0.835450 3.523539 -0.737967
v -0.835068 3.410041 -0.635463
v -0.836585 3.398065 -0.654832
v -0.834484 3.491414 -0.721467
v -0.834510 3.459425 -0.696278
v -0.834484 3.432851 -0.665429
v -1.020139 3.663833 0.535184
v -1.020262 3.572123 0.598121
v -1.019319 3.686912 0.557949
v -1.020892 3.647103 0.559686
v -1.020869 3.626203 0.579370
v -1.020892 3.600621 0.592401
v -0.835021 3.572123 0.598121
v -0.835144 3.663833 0.535184
v -0.835963 3.686912 0.557949
v -0.834390 3.600621 0.592401
v -0.834413 3.626203 0.579370
v -0.834390 3.647103 0.559686
v -1.019773 3.776184 -0.821525
v -1.019760 3.865367 -0.787407
v -1.019867 3.802672 -0.824073
v -1.019850 3.826376 -0.819110
v -1.019860 3.847339 -0.806985
v -0.835523 3.865367 -0.787407
v -0.835509 3.776184 -0.821525
v -0.835422 3.847339 -0.806985
v -0.835432 3.826376 -0.819110
v -0.835415 3.802672 -0.824073
v 0.830632 1.614404 -1.053045
v 0.832777 -0.069318 -1.072562
v 0.833228 -0.069295 0.728103
v 1.047492 1.614404 -1.053045
v 1.045347 -0.069318 -1.072562
v 1.044896 -0.069295 0.728103
v 0.831369 2.182542 -0.724331
v 1.046755 2.182542 -0.724331
v 0.831291 2.375794 -0.516819
v 1.046833 2.375794 -0.516819
v 0.830825 3.037915 -0.215547
v 1.047299 3.037915 -0.215547
v 0.831169 3.137657 -0.277352
v 1.046955 3.137657 -0.277352
v 0.829952 1.643424 -0.172430
v 1.048172 1.643424 -0.172430
v 0.829951 2.131796 -0.012486
v 1.048172 2.131796 -0.012486
v 0.829746 3.187846 0.216323
v 1.048377 3.187846 0.216323
v 0.831878 4.196358 -0.508926
v 1.046246 4.196358 -0.508926
v 0.831971 1.601984 -1.146258
v 0.831758 1.786253 -1.324412
v 0.829709 1.699051 -1.119539
v 0.832315 1.626796 -1.204182
v 0.832216 1.671066 -1.259276
v 0.832305 1.727520 -1.301835
v 1.046365 1.786253 -1.324412
v 1.046152 1.601984 -1.146258
v 1.048414 1.699051 -1.119539
v 1.045819 1.727520 -1.301835
v 1.045908 1.671066 -1.259276
v 1.045809 1.626796 -1.204182
v 0.831761 1.875730 -1.344046
v 0.832018 2.087086 -1.208915
v 0.829791 1.993552 -1.183500
v 0.832437 1.940991 -1.345815
v 0.832369 2.008707 -1.319380
v 0.832403 2.061125 -1.268933
v 1.046105 2.087086 -1.208915
v 1.046362 1.875730 -1.344046
v 1.048332 1.993552 -1.183500
v 1.045720 2.061125 -1.268933
v 1.045754 2.008707 -1.319380
v 1.045687 1.940991 -1.345815
v 0.831976 3.283907 -0.695313
v 0.831606 3.468166 -0.871296
v 0.829536 3.391099 -0.656906
v 0.832240 3.313365 -0.748950
v 0.832165 3.358884 -0.801345
v 0.832235 3.413225 -0.844535
v 1.046518 3.468166 -0.871296
v 1.046148 3.283907 -0.695313
v 1.048588 3.391099 -0.656906
v 1.045888 3.413225 -0.844535
v 1.045959 3.358884 -0.801345
v 1.045883 3.313365 -0.748950
v 0.832148 3.793966 0.595510
v 0.831920 3.584753 0.742707
v 0.829769 3.689476 0.558418
v 0.832345 3.762876 0.651058
v 0.832247 3.710971 0.699794
v 0.832336 3.647578 0.732255
v 1.046204 3.584753 0.742707
v 1.045976 3.793966 0.595510
v 1.048354 3.689476 0.558418
v 1.045787 3.647578 0.732255
v 1.045876 3.710970 0.699794
v 1.045778 3.762876 0.651058
v 0.831408 3.745332 -0.963555
v 0.831389 3.983182 -0.872566
v 0.831496 3.809090 -0.972114
v 0.831476 3.879230 -0.957205
v 0.831486 3.941412 -0.921494
v 1.046734 3.983182 -0.872566
v 1.046716 3.745332 -0.963555
v 1.046638 3.941412 -0.921494
v 1.046648 3.879230 -0.957205
v 1.046627 3.809090 -0.972114
v 0.847368 1.679471 -0.975959
v 0.845237 0.046146 -0.957093
v 0.844750 0.046185 0.612620
v 1.030756 1.679471 -0.975959
v 1.032886 0.046146 -0.957093
v 1.033373 0.046185 0.612620
v 0.846845 2.069330 -0.665490
v 1.031278 2.069330 -0.665490
v 0.846873 2.299910 -0.410468
v 1.031251 2.299910 -0.410468
v 0.847403 3.043300 -0.101501
v 1.030721 3.043300 -0.101501
v 0.846837 3.232841 -0.195992
v 1.031286 3.232841 -0.195992
v 0.848494 1.632703 -0.173757
v 1.029629 1.632703 -0.173757
v 0.849055 2.002431 -0.313234
v 1.029068 2.002431 -0.313234
v 0.847481 2.129368 -0.012116
v 1.030643 2.129368 -0.012116
v 0.849029 3.181083 0.214269
v 1.029095 3.181083 0.214269
v 0.849552 3.688040 -0.097913
v 1.028571 3.688040 -0.097913
v 0.845703 4.039008 -0.495175
v 1.032421 4.039008 -0.495175
v 0.846618 1.727561 -1.101492
v 0.846534 1.828322 -1.185700
v 0.847631 1.710055 -1.118302
v 0.845841 1.752626 -1.128276
v 0.845867 1.773123 -1.153952
v 0.845841 1.799421 -1.173655
v 1.031590 1.828322 -1.185700
v 1.031506 1.727561 -1.101492
v 1.030493 1.710055 -1.118302
v 1.032282 1.799421 -1.173655
v 1.032257 1.773123 -1.153952
v 1.032282 1.752626 -1.128276
v 0.846531 1.892433 -1.199356
v 0.846568 1.950929 -1.164027
v 0.847230 1.989126 -1.182912
v 0.845720 1.914507 -1.199044
v 0.845721 1.928192 -1.193669
v 0.845720 1.938795 -1.183483
v 1.031556 1.950929 -1.164027
v 1.031592 1.892433 -1.199356
v 1.030894 1.989126 -1.182912
v 1.032403 1.938795 -1.183483
v 1.032403 1.928192 -1.193669
v 1.032403 1.914507 -1.199044
v 0.846489 3.410041 -0.635463
v 0.846871 3.523539 -0.737967
v 0.848006 3.398065 -0.654832
v 0.845905 3.432851 -0.665429
v 0.845931 3.459425 -0.696278
v 0.845905 3.491414 -0.721467
v 1.031253 3.523539 -0.737967
v 1.031635 3.410041 -0.635463
v 1.030118 3.398065 -0.654832
v 1.032219 3.491414 -0.721467
v 1.032193 3.459425 -0.696278
v 1.032219 3.432851 -0.665429
v 0.846564 3.663833 0.535184
v 0.846441 3.572123 0.598121
v 0.847384 3.686912 0.557949
v 0.845811 3.647103 0.559686
v 0.845834 3.626203 0.579370
v 0.845811 3.600621 0.592401
v 1.031682 3.572123 0.598121
v 1.031559 3.663833 0.535184
v 1.030740 3.686912 0.557949
v 1.032313 3.600621 0.592401
v 1.032290 3.626203 0.579370
v 1.032313 3.647103 0.559686
v 0.846930 3.776184 -0.821525
v 0.846943 3.865367 -0.787407
v 0.846836 3.802672 -0.824073
v 0.846853 3.826376 -0.819110
v 0.846843 3.847339 -0.806985
v 1.031180 3.865367 -0.787407
v 1.031194 3.776184 -0.821525
v 1.031281 3.847339 -0.806985
v 1.031271 3.826376 -0.819110
v 1.031288 3.802672 -0.824073
vn -0.0000 -0.0040 1.0000
vn -0.0000 0.0786 0.9969
vn -0.0000 0.0116 -0.9999
vn -0.0000 -0.9912 0.1321
vn -0.0000 -0.3755 -0.9268
vn -0.0000 -0.2256 -0.9742
vn 1.0000 -0.0080 -0.0007
vn 1.0000 -0.0063 -0.0004
vn 1.0000 -0.0083 -0.0041
vn 0.9998 -0.0162 -0.0085
vn -1.0000 0.0066 -0.0007
vn -1.0000 0.0079 -0.0055
vn -0.9998 0.0167 -0.0084
vn -0.9999 0.0106 -0.0016
vn -1.0000 -0.0063 -0.0004
vn -1.0000 -0.0080 -0.0007
vn -0.9998 -0.0162 -0.0085
vn -1.0000 -0.0083 -0.0041
vn 0.9998 0.0167 -0.0084
vn 1.0000 0.0079 -0.0055
vn 1.0000 0.0066 -0.0007
vn 0.9999 0.0106 -0.0016
vn -0.0000 0.5838 -0.8119
vn -0.0000 0.4142 -0.9102
vn -0.0000 0.7318 -0.6815
vn 1.0000 -0.0005 0.0007
vn 1.0000 0.0021 0.0055
vn 0.9999 0.0082 0.0064
vn 1.0000 0.0004 0.0010
vn 1.0000 -0.0044 -0.0036
vn 1.0000 -0.0076 -0.0043
vn 1.0000 -0.0062 -0.0015
vn 1.0000 -0.0086 -0.0024
vn 1.0000 0.0023 -0.0057
vn 1.0000 -0.0039 -0.0038
vn -1.0000 -0.0039 -0.0038
vn -1.0000 0.0023 -0.0057
vn -1.0000 -0.0005 0.0007
vn -1.0000 -0.0086 -0.0024
vn -1.0000 -0.0062 -0.0015
vn -1.0000 -0.0076 -0.0043
vn -1.0000 -0.0044 -0.0036
vn -1.0000 0.0004 0.0010
vn -0.9999 0.0082 0.0064
vn -1.0000 0.0021 0.0055
vn -0.0000 -0.5267 -0.8500
vn -0.9999 -0.0147 -0.0087
vn 0.9999 -0.0147 -0.0087
vn -0.0000 0.8148 -0.5797
vn -0.0000 0.8627 -0.5057
vn 0.9998 0.0186 0.0108
vn -0.9998 0.0186 0.0108
vn -0.0000 -0.9439 -0.3303
vn -0.0000 -0.9140 -0.4057
vn -0.0000 -0.8856 -0.4645
vn -0.0000 -0.9396 -0.3421
vn 0.9997 -0.0178 -0.0144
vn 0.9997 -0.0162 -0.0156
vn -0.0000 0.8426 0.5386
vn -0.0000 0.9012 0.4334
vn -0.0000 0.9094 0.4159
vn -0.0000 0.9396 0.3423
vn -0.0000 0.9557 -0.2944
vn -0.0000 0.9811 -0.1933
vn -0.9997 -0.0155 -0.0162
vn -0.9997 -0.0162 -0.0156
vn 0.9997 -0.0195 -0.0141
vn 0.9998 -0.0151 -0.0156
vn 0.9998 -0.0132 -0.0163
vn 0.9998 0.0081 -0.0189
vn 0.9998 0.0111 -0.0183
vn -0.9998 0.0111 -0.0183
vn -0.9997 0.0181 -0.0162
vn 0.9997 0.0181 -0.0162
vn -0.9998 0.0081 -0.0189
vn -0.0000 0.3921 0.9199
vn -0.0000 0.2050 0.9788
vn 0.9997 -0.0155 -0.0162
vn -0.9997 -0.0178 -0.0144
vn 0.9998 0.0169 0.0144
vn 0.9998 0.0112 0.0160
vn 0.9998 0.0083 0.0168
vn -0.9998 -0.0132 -0.0163
vn -0.9998 -0.0151 -0.0156
vn -0.9997 -0.0195 -0.0141
vn -0.0000 -0.2853 -0.9584
vn -0.0000 -0.4823 -0.8760
vn -0.0000 -0.6960 -0.7180
vn -0.0000 -0.8582 -0.5133
vn -0.0000 -0.9192 -0.3938
vn -0.0000 0.8236 -0.5671
vn -0.0000 0.5392 -0.8422
vn -0.0000 0.1659 -0.9861
vn -0.0000 -0.1245 -0.9922
vn -0.0000 -0.5306 -0.8476
vn -0.0000 -0.6915 -0.7224
vn -0.0000 -0.8210 -0.5710
vn -0.0000 0.7883 0.6153
vn -0.0000 0.5758 0.8176
vn -0.0000 0.3112 0.9503
vn -0.0000 0.6392 -0.7690
vn -0.0000 0.3574 -0.9340
vn -0.0000 0.0374 -0.9993
vn -0.0000 -0.0041 -1.0000
vn -0.0000 -0.1069 -0.9943
vn 1.0000 -0.0009 0.0008
vn 1.0000 0.0058 0.0022
vn 0.9999 0.0101 0.0032
vn 1.0000 0.0028 0.0016
vn 0.9998 0.0216 -0.0029
vn 0.9999 0.0126 -0.0014
vn 1.0000 0.0097 -0.0009
vn 0.9999 -0.0107 -0.0010
vn 0.9999 -0.0171 -0.0023
vn 0.9997 -0.0223 -0.0032
vn -0.0000 0.0116 0.9999
vn -0.9998 0.0169 0.0144
vn -0.9998 0.0112 0.0160
vn -0.9997 -0.0223 -0.0032
vn -0.9994 -0.0344 -0.0055
vn -0.9999 -0.0107 -0.0010
vn -0.9999 -0.0171 -0.0023
vn 0.9996 0.0266 -0.0037
vn 0.9994 -0.0344 -0.0055
vn -0.9996 0.0266 -0.0037
vn -0.9998 0.0216 -0.0029
vn -0.9999 0.0126 -0.0014
vn -1.0000 0.0097 -0.0009
vn -0.0000 -0.5772 0.8166
vn -0.0000 -0.3838 0.9234
vn -0.0000 -0.8853 0.4650
vn -1.0000 -0.0009 0.0008
vn -1.0000 0.0028 0.0016
vn -0.9999 0.0101 0.0032
vn -1.0000 0.0058 0.0022
vn -0.0000 -1.0000 -0.0000
vn -0.0000 0.4462 0.8950
vn 0.9980 -0.0609 -0.0194
vn -0.9980 -0.0609 -0.0194
vn -0.0000 -0.8020 0.5974
vn -0.0000 -0.8597 0.5108
vn -0.9998 0.0213 0.0055
vn 0.9998 0.0213 0.0055
vn -0.0000 0.9274 0.3740
vn -0.0000 0.8661 0.4999
vn -0.9998 0.0083 0.0168
vn -0.0000 1.0000 -0.0000
vn -0.0000 -0.9162 0.4007
vn -0.9989 -0.0451 -0.0132
vn -0.9985 -0.0489 -0.0245
vn -0.9981 -0.0504 -0.0362
vn -0.9877 -0.0971 -0.1229
vn -0.9835 -0.1091 -0.1443
vn 0.9712 -0.1111 -0.2108
vn -0.9712 -0.1111 -0.2108
vn 0.9835 -0.1091 -0.1443
vn 0.9985 -0.0489 -0.0245
vn 0.9877 -0.0971 -0.1229
vn 0.9981 -0.0504 -0.0362
vn 0.9989 -0.0451 -0.0132
vn 0.9617 0.0392 -0.2712
vn -0.9925 0.0446 -0.1135
vn -0.9983 0.0331 -0.0475
vn -0.9948 0.0412 -0.0936
vn -0.9990 0.0303 -0.0316
vn -0.9992 0.0297 0.0250
vn 0.9992 0.0297 0.0250
vn 0.9990 0.0303 -0.0316
vn 0.9925 0.0446 -0.1136
vn -0.9617 0.0392 -0.2712
vn -0.9969 -0.0707 -0.0344
vn -0.9959 -0.0766 -0.0482
vn -0.9949 -0.0790 -0.0620
vn -0.9563 -0.1853 -0.2264
vn -0.9361 -0.2181 -0.2759
vn 0.9551 -0.1575 -0.2508
vn -0.9551 -0.1575 -0.2509
vn 0.9361 -0.2181 -0.2759
vn 0.9959 -0.0766 -0.0482
vn 0.9563 -0.1853 -0.2264
vn 0.9949 -0.0790 -0.0620
vn 0.9969 -0.0707 -0.0344
vn -0.9992 0.0393 -0.0039
vn -0.9992 0.0399 0.0092
vn -0.9987 0.0408 0.0308
vn -0.9981 0.0414 0.0451
vn -0.9847 0.0798 0.1550
vn 0.9781 0.0615 0.1988
vn -0.9781 0.0615 0.1988
vn 0.9847 0.0798 0.1550
vn 0.9981 0.0414 0.0451
vn 0.9992 0.0399 0.0092
vn 0.9987 0.0408 0.0308
vn 0.9992 0.0393 -0.0039
vn -0.0000 0.3035 0.9528
vn -0.0000 0.5037 0.8639
vn -0.0000 0.6962 0.7179
vn -0.0000 -0.7665 0.6422
vn -0.0000 -0.5395 0.8420
vn -0.0000 -0.2155 0.9765
vn -0.0000 0.0864 0.9963
vn -0.0000 0.5475 0.8368
vn -0.0000 0.6914 0.7225
vn -0.0000 0.7761 0.6306
vn -0.0000 -0.7543 -0.6566
vn -0.0000 -0.5756 -0.8178
vn -0.0000 -0.3375 -0.9413
vn -0.0000 -0.6240 0.7814
vn -0.0000 -0.3572 0.9340
vn -0.0000 -0.0566 0.9984
vn -0.9994 -0.0343 -0.0055
vn 0.9994 -0.0343 -0.0055
vn -0.9835 -0.1091 -0.1444
vn 0.9712 -0.1111 -0.2107
vn -0.9712 -0.1111 -0.2107
vn 0.9835 -0.1091 -0.1444
vn 0.9983 0.0331 -0.0475
vn 0.9948 0.0412 -0.0936
vn 0.9925 0.0446 -0.1135
vn -0.9361 -0.2180 -0.2759
vn -0.9551 -0.1575 -0.2508
vn 0.9361 -0.2180 -0.2759
vn 0.9781 0.0615 0.1987
vn -0.9781 0.0615 0.1987
vt 0.625000 0.500000
vt 0.375000 0.500000
vt 0.375000 0.750000
vt 0.625000 0.250000
vt 0.375000 0.250000
vt 0.125000 0.500000
vt 0.375000 1.000000
vt 0.375000 0.000000
vt 0.125000 0.750000
vt 0.625000 0.500000
vt 0.625000 0.250000
vt 0.625000 0.500000
vt 0.625000 0.250000
vt 0.625000 0.500000
vt 0.625000 0.250000
vt 0.625000 0.500000
vt 0.625000 0.250000
vt 0.625000 0.625000
vt 0.625000 0.125000
vt 0.625000 0.625000
vt 0.625000 0.125000
vt 0.625000 0.625000
vt 0.625000 0.125000
vt 0.625000 0.625000
vt 0.625000 0.125000
vt 0.875000 0.625000
vt 0.625000 0.500000
vt 0.625000 0.500000
vt 0.625000 0.514695
vt 0.625000 0.500000
vt 0.625000 0.500000
vt 0.625000 0.500000
vt 0.625000 0.250000
vt 0.625000 0.250000
vt 0.625000 0.235305
vt 0.625000 0.250000
vt 0.625000 0.250000
vt 0.625000 0.250000
vt 0.625000 0.500000
vt 0.625000 0.500000
vt 0.625000 0.514217
vt 0.625000 0.500000
vt 0.625000 0.500000
vt 0.625000 0.500000
vt 0.625000 0.250000
vt 0.625000 0.250000
vt 0.625000 0.235783
vt 0.625000 0.250000
vt 0.625000 0.250000
vt 0.625000 0.250000
vt 0.625000 0.500000
vt 0.625000 0.500000
vt 0.625000 0.519419
vt 0.625000 0.500000
vt 0.625000 0.500000
vt 0.625000 0.500000
vt 0.625000 0.250000
vt 0.625000 0.250000
vt 0.625000 0.230581
vt 0.625000 0.250000
vt 0.625000 0.250000
vt 0.625000 0.250000
vt 0.625000 0.750000
vt 0.625000 0.750000
vt 0.625000 0.731824
vt 0.625000 0.750000
vt 0.625000 0.750000
vt 0.625000 0.750000
vt 0.625000 0.000000
vt 0.625000 1.000000
vt 0.625000 0.000000
vt 0.625000 0.017070
vt 0.625000 1.000000
vt 0.625000 0.018176
vt 0.625000 0.001340
vt 0.625000 1.000000
vt 0.625000 0.005034
vt 0.625000 1.000000
vt 0.625000 0.010546
vt 0.625000 1.000000
vt 0.625000 0.500000
vt 0.625000 0.528346
vt 0.625000 0.501811
vt 0.625000 0.500000
vt 0.625000 0.507430
vt 0.625000 0.500000
vt 0.625000 0.517010
vt 0.625000 0.221654
vt 0.875000 0.528346
vt 0.625000 0.250000
vt 0.625000 0.232891
vt 0.875000 0.517010
vt 0.625000 0.242570
vt 0.875000 0.500000
vt 0.625000 0.250000
vt 0.625000 0.248188
vt 0.625000 0.250000
vt 0.625000 0.500000
vt 0.375000 0.500000
vt 0.375000 0.750000
vt 0.625000 0.250000
vt 0.375000 0.250000
vt 0.125000 0.500000
vt 0.375000 1.000000
vt 0.375000 0.000000
vt 0.125000 0.750000
vt 0.625000 0.500000
vt 0.625000 0.250000
vt 0.625000 0.500000
vt 0.625000 0.250000
vt 0.625000 0.500000
vt 0.625000 0.250000
vt 0.625000 0.500000
vt 0.625000 0.250000
vt 0.625000 0.625000
vt 0.625000 0.125000
vt 0.625000 0.625000
vt 0.625000 0.125000
vt 0.625000 0.625000
vt 0.625000 0.125000
vt 0.625000 0.625000
vt 0.625000 0.125000
vt 0.625000 0.625000
vt 0.625000 0.125000
vt 0.625000 0.625000
vt 0.875000 0.625000
vt 0.625000 0.125000
vt 0.625000 0.500000
vt 0.625000 0.500000
vt 0.625000 0.514695
vt 0.625000 0.500000
vt 0.625000 0.500000
vt 0.625000 0.500000
vt 0.625000 0.250000
vt 0.625000 0.250000
vt 0.625000 0.235305
vt 0.625000 0.250000
vt 0.625000 0.250000
vt 0.625000 0.250000
vt 0.625000 0.500000
vt 0.625000 0.500000
vt 0.625000 0.514217
vt 0.625000 0.500000
vt 0.625000 0.500000
vt 0.625000 0.500000
vt 0.625000 0.250000
vt 0.625000 0.250000
vt 0.625000 0.235783
vt 0.625000 0.250000
vt 0.625000 0.250000
vt 0.625000 0.250000
vt 0.625000 0.500000
vt 0.625000 0.500000
vt 0.625000 0.519419
vt 0.625000 0.500000
vt 0.625000 0.500000
vt 0.625000 0.500000
vt 0.625000 0.250000
vt 0.625000 0.250000
vt 0.625000 0.230581
vt 0.625000 0.250000
vt 0.625000 0.250000
vt 0.625000 0.250000
vt 0.625000 0.750000
vt 0.625000 0.750000
vt 0.625000 0.731824
vt 0.625000 0.750000
vt 0.625000 0.750000
vt 0.625000 0.750000
vt 0.625000 0.000000
vt 0.625000 1.000000
vt 0.625000 0.000000
vt 0.625000 0.017070
vt 0.625000 1.000000
vt 0.625000 0.018176
vt 0.625000 0.001340
vt 0.625000 1.000000
vt 0.625000 0.005034
vt 0.625000 1.000000
vt 0.625000 0.010546
vt 0.625000 1.000000
vt 0.625000 0.500000
vt 0.625000 0.528346
vt 0.625000 0.501811
vt 0.625000 0.500000
vt 0.625000 0.507430
vt 0.625000 0.500000
vt 0.625000 0.517010
vt 0.625000 0.221654
vt 0.875000 0.528346
vt 0.625000 0.250000
vt 0.625000 0.232891
vt 0.875000 0.517010
vt 0.625000 0.242570
vt 0.875000 0.500000
vt 0.625000 0.250000
vt 0.625000 0.248188
vt 0.625000 0.250000
vt 0.625000 0.500000
vt 0.375000 0.500000
vt 0.375000 0.750000
vt 0.625000 0.250000
vt 0.375000 0.250000
vt 0.125000 0.500000
vt 0.375000 1.000000
vt 0.375000 0.000000
vt 0.125000 0.750000
vt 0.625000 0.500000
vt 0.625000 0.250000
vt 0.625000 0.500000
vt 0.625000 0.250000
vt 0.625000 0.500000
vt 0.625000 0.250000
vt 0.625000 0.500000
vt 0.625000 0.250000
vt 0.625000 0.625000
vt 0.625000 0.125000
vt 0.625000 0.625000
vt 0.625000 0.125000
vt 0.625000 0.625000
vt 0.625000 0.125000
vt 0.625000 0.625000
vt 0.625000 0.125000
vt 0.875000 0.625000
vt 0.625000 0.500000
vt 0.625000 0.500000
vt 0.625000 0.514695
vt 0.625000 0.500000
vt 0.625000 0.500000
vt 0.625000 0.500000
vt 0.625000 0.250000
vt 0.625000 0.250000
vt 0.625000 0.235305
vt 0.625000 0.250000
vt 0.625000 0.250000
vt 0.625000 0.250000
vt 0.625000 0.500000
vt 0.625000 0.500000
vt 0.625000 0.514217
vt 0.625000 0.500000
vt 0.625000 0.500000
vt 0.625000 0.500000
vt 0.625000 0.250000
vt 0.625000 0.250000
vt 0.625000 0.235783
vt 0.625000 0.250000
vt 0.625000 0.250000
vt 0.625000 0.250000
vt 0.625000 0.500000
vt 0.625000 0.500000
vt 0.625000 0.519419
vt 0.625000 0.500000
vt 0.625000 0.500000
vt 0.625000 0.500000
vt 0.625000 0.250000
vt 0.625000 0.250000
vt 0.625000 0.230581
vt 0.625000 0.250000
vt 0.625000 0.250000
vt 0.625000 0.250000
vt 0.625000 0.750000
vt 0.625000 0.750000
vt 0.625000 0.731824
vt 0.625000 0.750000
vt 0.625000 0.750000
vt 0.625000 0.750000
vt 0.625000 0.000000
vt 0.625000 1.000000
vt 0.625000 0.000000
vt 0.625000 0.017070
vt 0.625000 1.000000
vt 0.625000 0.018176
vt 0.625000 0.001340
vt 0.625000 1.000000
vt 0.625000 0.005034
vt 0.625000 1.000000
vt 0.625000 0.010546
vt 0.625000 1.000000
vt 0.625000 0.500000
vt 0.625000 0.528346
vt 0.625000 0.501811
vt 0.625000 0.500000
vt 0.625000 0.507430
vt 0.625000 0.500000
vt 0.625000 0.517010
vt 0.625000 0.221654
vt 0.875000 0.528346
vt 0.625000 0.250000
vt 0.625000 0.232891
vt 0.875000 0.517010
vt 0.625000 0.242570
vt 0.875000 0.500000
vt 0.625000 0.250000
vt 0.625000 0.248188
vt 0.625000 0.250000
vt 0.625000 0.500000
vt 0.375000 0.500000
vt 0.375000 0.750000
vt 0.625000 0.250000
vt 0.375000 0.250000
vt 0.125000 0.500000
vt 0.375000 1.000000
vt 0.375000 0.000000
vt 0.125000 0.750000
vt 0.625000 0.500000
vt 0.625000 0.250000
vt 0.625000 0.500000
vt 0.625000 0.250000
vt 0.625000 0.500000
vt 0.625000 0.250000
vt 0.625000 0.500000
vt 0.625000 0.250000
vt 0.625000 0.625000
vt 0.625000 0.125000
vt 0.625000 0.625000
vt 0.625000 0.125000
vt 0.625000 0.625000
vt 0.625000 0.125000
vt 0.625000 0.625000
vt 0.625000 0.125000
vt 0.625000 0.625000
vt 0.625000 0.125000
vt 0.625000 0.625000
vt 0.875000 0.625000
vt 0.625000 0.125000
vt 0.625000 0.500000
vt 0.625000 0.500000
vt 0.625000 0.514695
vt 0.625000 0.500000
vt 0.625000 0.500000
vt 0.625000 0.500000
vt 0.625000 0.250000
vt 0.625000 0.250000
vt 0.625000 0.235305
vt 0.625000 0.250000
vt 0.625000 0.250000
vt 0.625000 0.250000
vt 0.625000 0.500000
vt 0.625000 0.500000
vt 0.625000 0.514217
vt 0.625000 0.500000
vt 0.625000 0.500000
vt 0.625000 0.500000
vt 0.625000 0.250000
vt 0.625000 0.250000
vt 0.625000 0.235783
vt 0.625000 0.250000
vt 0.625000 0.250000
vt 0.625000 0.250000
vt 0.625000 0.500000
vt 0.625000 0.500000
vt 0.625000 0.519419
vt 0.625000 0.500000
vt 0.625000 0.500000
vt 0.625000 0.500000
vt 0.625000 0.250000
vt 0.625000 0.250000
vt 0.625000 0.230581
vt 0.625000 0.250000
vt 0.625000 0.250000
vt 0.625000 0.250000
vt 0.625000 0.750000
vt 0.625000 0.750000
vt 0.625000 0.731824
vt 0.625000 0.750000
vt 0.625000 0.750000
vt 0.625000 0.750000
vt 0.625000 0.000000
vt 0.625000 1.000000
vt 0.625000 0.000000
vt 0.625000 0.017070
vt 0.625000 1.000000
vt 0.625000 0.018176
vt 0.625000 0.001340
vt 0.625000 1.000000
vt 0.625000 0.005034
vt 0.625000 1.000000
vt 0.625000 0.010546
vt 0.625000 1.000000
vt 0.625000 0.500000
vt 0.625000 0.528346
vt 0.625000 0.501811
vt 0.625000 0.500000
vt 0.625000 0.507430
vt 0.625000 0.500000
vt 0.625000 0.517010
vt 0.625000 0.221654
vt 0.875000 0.528346
vt 0.625000 0.250000
vt 0.625000 0.232891
vt 0.875000 0.517010
vt 0.625000 0.242570
vt 0.875000 0.500000
vt 0.625000 0.250000
vt 0.625000 0.248188
vt 0.625000 0.250000
s 1
usemtl wood
f 71/87/41 74/91/41 133/154/42 128/148/42
f 73/89/43 70/86/43 69/85/43 72/88/43
f 69/85/44 91/111/44 98/118/44 72/88/44
f 116/136/45 139/165/46 145/174/46 121/141/45
f 72/88/47 98/118/50 99/119/49 84/103/48
f 85/104/51 75/94/54 104/124/53 105/125/52
f 83/102/55 93/113/58 91/111/57 69/85/56
f 109/129/59 76/95/62 86/105/61 111/131/60
f 77/96/63 79/98/64 80/99/64 78/97/63
f 75/94/65 77/96/63 78/97/63 76/95/65
f 74/92/66 73/89/66 72/88/47 84/103/48 99/119/49 97/117/75 110/130/74 111/131/60 86/105/61 76/95/62 78/97/66 80/99/66 82/101/73 88/107/72 123/143/71 121/141/70 145/174/66 148/180/66 147/177/66 146/175/66 144/172/66 90/109/69 135/158/68 133/153/67
f 83/102/55 69/85/56 70/86/78 71/87/78 128/148/85 129/149/84 89/108/83 140/166/78 143/171/78 142/169/78 141/167/78 139/165/78 116/136/82 117/137/81 87/106/80 81/100/79 79/98/78 77/96/78 75/94/54 85/104/51 105/125/52 103/123/77 92/112/76 93/113/58
f 79/98/86 81/100/86 82/101/86 80/99/86
f 87/106/80 117/137/81 115/135/87 81/100/79
f 82/101/73 122/142/88 123/143/71 88/107/72
f 140/166/89 89/108/90 90/110/90 144/173/89
f 90/109/69 134/155/91 135/158/68
f 127/147/92 89/108/83 129/149/84
f 81/100/93 115/135/94 122/142/94 82/101/93
f 218/258/95 211/248/95 173/209/96 174/210/96
f 126/146/97 125/145/98 123/143/71 122/142/88
f 186/223/99 178/215/99 175/212/100 149/182/100 152/185/100 182/219/100
f 134/157/101 90/110/102 89/108/102 127/147/101
f 104/124/103 75/94/104 76/95/104 109/129/103
f 120/140/105 119/139/106 117/137/81 116/136/82
f 102/122/107 101/121/108 99/119/49 98/118/50
f 100/120/109 97/117/75 99/119/49 101/121/108
f 114/134/110 113/133/111 111/131/60 110/130/74
f 107/127/112 105/125/52 108/128/113
f 108/128/113 105/125/52 104/124/53
f 109/129/59 111/131/60 112/132/114
f 112/132/114 111/131/60 113/133/111
f 106/126/115 103/123/77 105/125/52 107/127/112
f 200/237/116 205/242/116 229/275/117 223/266/117
f 124/144/118 121/141/70 123/143/71 125/145/98
f 118/138/119 115/135/87 117/137/81 119/139/106
f 138/163/120 137/161/121 135/158/68 134/156/91
f 136/159/122 133/153/67 135/158/68 137/161/121
f 96/116/123 95/115/124 93/113/58 92/112/76
f 94/114/125 91/111/57 93/113/58 95/115/124
f 97/117/126 100/120/127 96/116/127 92/112/126
f 100/120/127 101/121/128 95/115/128 96/116/127
f 101/121/128 102/122/129 94/114/129 95/115/128
f 102/122/129 98/118/130 91/111/130 94/114/129
f 109/129/103 112/132/131 108/128/131 104/124/103
f 112/132/131 113/133/132 107/127/132 108/128/131
f 113/133/132 114/134/133 106/126/133 107/127/132
f 114/134/133 110/130/134 103/123/134 106/126/133
f 121/141/45 124/144/135 120/140/135 116/136/45
f 124/144/135 125/145/136 119/139/136 120/140/135
f 125/145/136 126/146/137 118/138/137 119/139/136
f 126/146/137 122/142/94 115/135/94 118/138/137
f 127/147/101 130/150/138 138/164/138 134/157/101
f 130/150/138 131/151/139 137/162/139 138/164/138
f 131/151/139 132/152/140 136/160/140 137/162/139
f 132/152/140 128/148/42 133/154/42 136/160/140
f 144/173/89 146/176/141 143/171/141 140/166/89
f 146/176/141 147/178/142 142/170/142 143/171/141
f 147/179/142 148/181/143 141/168/143 142/170/142
f 148/181/143 145/174/46 139/165/46 141/168/143
f 92/112/126 103/123/134 110/130/134 97/117/126
f 154/188/144 151/184/144 212/249/145 217/255/145
f 151/184/146 150/183/146 149/182/155 163/199/154 177/214/153 176/213/146 187/224/146 189/226/152 165/201/151 167/203/151 155/191/150 157/193/146 159/195/146 161/197/146 169/205/146 201/238/146 200/237/146 223/266/146 225/268/146 226/270/146 227/272/146 224/267/146 173/209/149 171/207/148 213/250/147 212/249/146
f 153/186/156 152/185/156 149/182/156 150/183/156
f 130/150/157 127/147/92 129/149/84 131/151/158
f 152/185/159 164/200/162 183/220/161 182/219/160
f 165/201/151 189/226/152 188/225/163 155/191/150 167/203/151
f 163/199/154 149/182/155 175/212/164 177/214/153
f 193/230/165 195/232/168 166/202/167 168/204/167 156/192/166
f 157/193/169 158/194/169 160/196/170 159/195/170
f 155/191/171 156/192/171 158/194/169 157/193/169
f 166/202/167 195/232/168 194/231/172 181/218/172 183/220/161 164/200/162 152/185/159 153/186/172 154/189/172 217/254/172 219/259/175 172/208/174 174/211/173 228/273/172 230/276/172 231/278/172 232/281/172 229/275/172 205/242/172 207/244/172 170/206/172 162/198/172 160/196/172 158/194/172 156/192/166 168/204/167
f 73/90/176 74/93/176 71/87/176 70/86/176
f 159/195/177 160/196/177 162/198/177 161/197/177
f 169/205/178 161/197/178 199/236/178 201/238/178
f 162/198/179 170/206/179 207/244/179 206/243/179
f 224/267/180 228/274/180 174/210/181 173/209/181
f 172/208/174 219/259/175 218/256/182 174/211/173
f 211/248/183 213/250/147 171/207/148 173/209/149
f 161/197/184 162/198/184 206/243/185 199/236/185
f 132/152/186 131/151/158 129/149/84 128/148/85
f 153/187/187 150/183/187 151/184/187 154/190/187
f 188/225/188 193/230/188 156/192/171 155/191/171
f 175/212/189 178/215/191 177/214/190
f 178/215/191 179/216/192 177/214/190
f 179/216/192 180/217/193 177/214/190
f 180/217/194 176/213/194 177/214/194
f 181/218/195 184/221/195 183/220/195
f 184/221/196 185/222/198 183/220/197
f 185/222/198 186/223/199 183/220/197
f 186/223/199 182/219/200 183/220/197
f 187/224/201 190/227/201 189/226/201
f 190/227/202 191/228/204 189/226/203
f 191/228/204 192/229/205 189/226/203
f 192/229/206 188/225/206 189/226/206
f 193/230/207 196/233/207 195/232/207
f 196/233/208 197/234/208 195/232/208
f 197/234/209 198/235/209 195/232/209
f 198/235/210 194/231/210 195/232/210
f 199/236/211 202/239/213 201/238/212
f 202/239/213 203/240/214 201/238/212
f 203/240/214 204/241/215 201/238/212
f 204/241/216 200/237/216 201/238/216
f 205/242/217 208/245/217 207/244/217
f 208/245/218 209/246/220 207/244/219
f 209/246/220 210/247/221 207/244/219
f 210/247/221 206/243/222 207/244/219
f 211/248/223 214/251/225 213/250/224
f 214/251/225 215/252/226 213/250/224
f 215/252/227 216/253/227 213/250/227
f 216/253/228 212/249/228 213/250/228
f 217/254/229 220/260/229 219/259/229
f 220/260/230 221/262/230 219/259/230
f 221/262/231 222/264/233 219/259/232
f 222/264/233 218/257/234 219/259/232
f 181/218/235 176/213/235 180/217/236 184/221/236
f 184/221/236 180/217/236 179/216/237 185/222/237
f 185/222/237 179/216/237 178/215/99 186/223/99
f 193/230/188 188/225/188 192/229/238 196/233/238
f 196/233/238 192/229/238 191/228/239 197/234/239
f 197/234/239 191/228/239 190/227/240 198/235/240
f 198/235/240 190/227/240 187/224/241 194/231/241
f 205/242/116 200/237/116 204/241/242 208/245/242
f 208/245/242 204/241/242 203/240/243 209/246/243
f 209/246/243 203/240/243 202/239/244 210/247/244
f 210/247/244 202/239/244 199/236/185 206/243/185
f 211/248/95 218/258/95 222/265/245 214/251/245
f 214/251/245 222/265/245 221/263/246 215/252/246
f 215/252/246 221/263/246 220/261/247 216/253/247
f 216/253/247 220/261/247 217/255/145 212/249/145
f 228/274/180 224/267/180 227/272/248 230/277/248
f 230/277/248 227/272/248 226/271/249 231/279/249
f 231/280/249 226/271/249 225/269/250 232/282/250
f 232/282/250 225/269/250 223/266/117 229/275/117
f 176/213/235 181/218/235 194/231/241 187/224/241
f 235/285/41 238/289/41 297/352/42 292/346/42
f 237/287/43 234/284/43 233/283/43 236/286/43
f 233/283/44 255/309/44 262/316/44 236/286/44
f 280/334/45 303/363/46 309/372/46 285/339/45
f 236/286/47 262/316/50 263/317/49 248/301/48
f 249/302/51 239/292/54 268/322/53 269/323/52
f 247/300/55 257/311/58 255/309/57 233/283/56
f 273/327/59 240/293/62 250/303/61 275/329/60
f 241/294/63 243/296/64 244/297/64 242/295/63
f 239/292/65 241/294/63 242/295/63 240/293/65
f 238/290/66 237/287/66 236/286/47 248/301/48 263/317/49 261/315/75 274/328/74 275/329/60 250/303/61 240/293/62 242/295/66 244/297/66 246/299/73 252/305/72 287/341/71 285/339/70 309/372/66 312/378/66 311/375/66 310/373/66 308/370/66 254/307/69 299/356/68 297/351/67
f 247/300/55 233/283/56 234/284/78 235/285/78 292/346/85 293/347/84 253/306/83 304/364/78 307/369/78 306/367/78 305/365/78 303/363/78 280/334/82 281/335/81 251/304/80 245/298/79 243/296/78 241/294/78 239/292/54 249/302/51 269/323/52 267/321/77 256/310/76 257/311/58
f 243/296/86 245/298/86 246/299/86 244/297/86
f 251/304/80 281/335/81 279/333/87 245/298/79
f 246/299/73 286/340/88 287/341/71 252/305/72
f 304/364/89 253/306/90 254/308/90 308/371/89
f 254/307/69 298/353/91 299/356/68
f 291/345/92 253/306/83 293/347/84
f 245/298/93 279/333/94 286/340/94 246/299/93
f 382/456/95 375/446/95 337/407/96 338/408/96
f 290/344/97 289/343/98 287/341/71 286/340/88
f 350/421/99 342/413/99 339/410/100 313/380/100 316/383/100 346/417/100
f 298/355/101 254/308/102 253/306/102 291/345/101
f 268/322/103 239/292/104 240/293/104 273/327/103
f 284/338/105 283/337/106 281/335/81 280/334/82
f 266/320/107 265/319/108 263/317/49 262/316/50
f 264/318/109 261/315/75 263/317/49 265/319/108
f 278/332/110 277/331/111 275/329/60 274/328/74
f 271/325/112 269/323/52 272/326/113
f 272/326/113 269/323/52 268/322/53
f 273/327/59 275/329/60 276/330/114
f 276/330/114 275/329/60 277/331/111
f 270/324/115 267/321/77 269/323/52 271/325/112
f 364/435/116 369/440/116 393/473/117 387/464/117
f 288/342/118 285/339/70 287/341/71 289/343/98
f 282/336/119 279/333/87 281/335/81 283/337/106
f 302/361/120 301/359/121 299/356/68 298/354/91
f 300/357/122 297/351/67 299/356/68 301/359/121
f 260/314/123 259/313/124 257/311/58 256/310/76
f 258/312/125 255/309/57 257/311/58 259/313/124
f 261/315/126 264/318/127 260/314/127 256/310/126
f 264/318/127 265/319/128 259/313/128 260/314/127
f 265/319/128 266/320/129 258/312/129 259/313/128
f 266/320/129 262/316/130 255/309/130 258/312/129
f 273/327/103 276/330/131 272/326/131 268/322/103
f 276/330/131 277/331/132 271/325/132 272/326/131
f 277/331/132 278/332/133 270/324/133 271/325/132
f 278/332/133 274/328/134 267/321/134 270/324/133
f 285/339/45 288/342/135 284/338/135 280/334/45
f 288/342/135 289/343/136 283/337/136 284/338/135
f 289/343/136 290/344/137 282/336/137 283/337/136
f 290/344/137 286/340/94 279/333/94 282/336/137
f 291/345/101 294/348/138 302/362/138 298/355/101
f 294/348/138 295/349/139 301/360/139 302/362/138
f 295/349/139 296/350/140 300/358/140 301/360/139
f 296/350/140 292/346/42 297/352/42 300/358/140
f 308/371/89 310/374/141 307/369/141 304/364/89
f 310/374/141 311/376/142 306/368/142 307/369/141
f 311/377/142 312/379/143 305/366/143 306/368/142
f 312/379/143 309/372/46 303/363/46 305/366/143
f 256/310/126 267/321/134 274/328/134 261/315/126
f 318/386/144 315/382/144 376/447/145 381/453/145
f 315/382/146 314/381/146 313/380/155 327/397/154 341/412/153 340/411/146 351/422/146 353/424/152 329/399/151 331/401/151 319/389/150 321/391/146 323/393/146 325/395/146 333/403/146 365/436/146 364/435/146 387/464/146 389/466/146 390/468/146 391/470/146 388/465/146 337/407/149 335/405/148 377/448/147 376/447/146
f 317/384/156 316/383/156 313/380/156 314/381/156
f 294/348/157 291/345/92 293/347/84 295/349/158
f 316/383/159 328/398/162 347/418/161 346/417/251
f 329/399/151 353/424/152 352/423/163 319/389/150 331/401/151
f 327/397/154 313/380/155 339/410/252 341/412/153
f 357/428/165 359/430/168 330/400/167 332/402/167 320/390/166
f 321/391/169 322/392/169 324/394/170 323/393/170
f 319/389/171 320/390/171 322/392/169 321/391/169
f 330/400/167 359/430/168 358/429/172 345/416/172 347/418/161 328/398/162 316/383/159 317/384/172 318/387/172 381/452/172 383/457/175 336/406/174 338/409/173 392/471/172 394/474/172 395/476/172 396/479/172 393/473/172 369/440/172 371/442/172 334/404/172 326/396/172 324/394/172 322/392/172 320/390/166 332/402/167
f 237/288/176 238/291/176 235/285/176 234/284/176
f 323/393/177 324/394/177 326/396/177 325/395/177
f 333/403/178 325/395/178 363/434/178 365/436/178
f 326/396/179 334/404/179 371/442/179 370/441/179
f 388/465/180 392/472/180 338/408/181 337/407/181
f 336/406/174 383/457/175 382/454/182 338/409/173
f 375/446/183 377/448/147 335/405/148 337/407/149
f 325/395/184 326/396/184 370/441/185 363/434/185
f 296/350/186 295/349/158 293/347/84 292/346/85
f 317/385/187 314/381/187 315/382/187 318/388/187
f 352/423/188 357/428/188 320/390/171 319/389/171
f 339/410/189 342/413/191 341/412/190
f 342/413/191 343/414/192 341/412/190
f 343/414/192 344/415/253 341/412/190
f 344/415/254 340/411/254 341/412/254
f 345/416/255 348/419/255 347/418/255
f 348/419/256 349/420/198 347/418/197
f 349/420/198 350/421/199 347/418/197
f 350/421/199 346/417/200 347/418/197
f 351/422/201 354/425/201 353/424/201
f 354/425/202 355/426/204 353/424/203
f 355/426/204 356/427/205 353/424/203
f 356/427/206 352/423/206 353/424/206
f 357/428/207 360/431/207 359/430/207
f 360/431/208 361/432/258 359/430/257
f 361/432/258 362/433/259 359/430/257
f 362/433/210 358/429/210 359/430/210
f 363/434/211 366/437/213 365/436/212
f 366/437/213 367/438/214 365/436/212
f 367/438/214 368/439/260 365/436/212
f 368/439/216 364/435/216 365/436/216
f 369/440/261 372/443/261 371/442/261
f 372/443/262 373/444/220 371/442/219
f 373/444/220 374/445/221 371/442/219
f 374/445/221 370/441/222 371/442/219
f 375/446/223 378/449/225 377/448/224
f 378/449/225 379/450/226 377/448/224
f 379/450/227 380/451/227 377/448/227
f 380/451/263 376/447/263 377/448/263
f 381/452/264 384/458/264 383/457/264
f 384/458/230 385/460/230 383/457/230
f 385/460/231 386/462/233 383/457/232
f 386/462/233 382/455/234 383/457/232
f 345/416/235 340/411/235 344/415/236 348/419/236
f 348/419/236 344/415/236 343/414/237 349/420/237
f 349/420/237 343/414/237 342/413/99 350/421/99
f 357/428/188 352/423/188 356/427/238 360/431/238
f 360/431/238 356/427/238 355/426/239 361/432/239
f 361/432/239 355/426/239 354/425/240 362/433/240
f 362/433/240 354/425/240 351/422/241 358/429/241
f 369/440/116 364/435/116 368/439/242 372/443/242
f 372/443/242 368/439/242 367/438/243 373/444/243
f 373/444/243 367/438/243 366/437/244 374/445/244
f 374/445/244 366/437/244 363/434/185 370/441/185
f 375/446/95 382/456/95 386/463/245 378/449/245
f 378/449/245 386/463/245 385/461/246 379/450/246
f 379/450/246 385/461/246 384/459/247 380/451/247
f 380/451/247 384/459/247 381/453/145 376/447/145
f 392/472/180 388/465/180 391/470/248 394/475/248
f 394/475/248 391/470/248 390/469/249 395/477/249
f 395/478/249 390/469/249 389/467/250 396/480/250
f 396/480/250 389/467/250 387/464/117 393/473/117
f 340/411/235 345/416/235 358/429/241 351/422/241
o Cube.003
v -0.713866 3.204225 0.218529
v -0.713866 1.968045 -0.529071
v 0.730794 3.204225 0.218529
v 0.730794 1.968045 -0.529071
v -0.713866 2.880126 -0.049997
v -0.713866 2.365477 -0.361176
v 0.730794 2.880126 -0.049997
v 0.730794 2.365477 -0.361176
v -0.519547 3.200706 -0.028708
v -0.717140 3.204485 0.207151
v -0.593892 3.200960 -0.010700
v -0.656939 3.201706 0.040553
v -0.701231 3.203072 0.116846
v -0.716996 1.968122 -0.552122
v -0.519553 1.964543 -0.776334
v -0.701170 1.966752 -0.637912
v -0.659360 1.966035 -0.711526
v -0.593928 1.964785 -0.759218
v 0.734068 3.204485 0.207151
v 0.536475 3.200706 -0.028708
v 0.718159 3.203072 0.116846
v 0.673867 3.201706 0.040553
v 0.610820 3.200960 -0.010700
v 0.536481 1.964543 -0.776334
v 0.733924 1.968122 -0.552122
v 0.610856 1.964785 -0.759218
v 0.676288 1.966035 -0.711526
v 0.718098 1.966752 -0.637912
v -0.711460 2.364891 -0.380672
v -0.519552 2.361977 -0.608436
v -0.654407 2.362297 -0.540710
v -0.593925 2.362223 -0.591138
v -0.711614 2.879638 -0.063926
v -0.519550 2.876618 -0.297247
v -0.696458 2.878314 -0.152945
v -0.658697 2.878006 -0.229838
v -0.593901 2.876867 -0.279514
v 0.536478 2.876618 -0.297247
v 0.728542 2.879638 -0.063926
v 0.610829 2.876867 -0.279514
v 0.675625 2.878006 -0.229838
v 0.713386 2.878314 -0.152945
v 0.536480 2.361977 -0.608436
v 0.728388 2.364891 -0.380672
v 0.610853 2.362223 -0.591138
v 0.671335 2.362297 -0.540710
vn 0.9903 0.0727 -0.1186
vn 0.9949 0.0526 -0.0855
vn 0.9987 0.0265 -0.0425
vn 0.9868 0.0847 -0.1382
vn -0.0000 -0.5793 0.8151
vn -0.0000 -0.6380 0.7700
vn -0.0000 -0.4545 0.8908
vn -0.0000 -0.3891 0.9212
vn 0.7191 0.3993 -0.5688
vn 0.7479 0.3116 -0.5861
vn 0.3924 0.4167 -0.8200
vn 0.3702 0.5352 -0.7593
vn 0.3801 0.5916 -0.7110
vn 0.0946 0.5743 -0.8132
vn 0.0945 0.6353 -0.7665
vn -0.0000 -0.9999 0.0139
vn -0.9267 0.1814 -0.3291
vn -0.9192 0.2254 -0.3230
vn -0.7191 0.3993 -0.5688
vn -0.7479 0.3116 -0.5861
vn -0.7256 0.2871 -0.6253
vn -0.1013 0.4501 -0.8872
vn -0.0946 0.5743 -0.8132
vn 0.1013 0.4501 -0.8872
vn -0.9987 0.0265 -0.0425
vn -0.9949 0.0526 -0.0855
vn -0.9903 0.0727 -0.1186
vn -0.9868 0.0847 -0.1382
vn 0.9192 0.2254 -0.3230
vn 0.9267 0.1814 -0.3291
vn 0.7256 0.2871 -0.6253
vn 0.9423 0.1949 -0.2721
vn 0.7274 0.4379 -0.5283
vn 0.1011 0.3872 -0.9164
vn -0.1011 0.3872 -0.9164
vn 0.3803 0.3627 -0.8508
vn -0.3702 0.5352 -0.7593
vn -0.3924 0.4167 -0.8200
vn -0.9423 0.1949 -0.2721
vn -0.7274 0.4379 -0.5283
vn -0.3801 0.5916 -0.7110
vn -0.0945 0.6353 -0.7665
vn -0.3803 0.3627 -0.8508
vn -0.0000 0.9999 -0.0142
vt 0.375000 0.250000
vt 0.125000 0.500000
vt 0.875000 0.500000
vt 0.625000 0.250000
vt 0.375000 0.500000
vt 0.625000 0.500000
vt 0.441173 0.281646
vt 0.559114 0.280596
vt 0.441173 0.468354
vt 0.559114 0.469404
vt 0.375000 0.966373
vt 0.158627 0.750000
vt 0.375000 0.239176
vt 0.125000 0.510824
vt 0.372893 0.979242
vt 0.145758 0.731794
vt 0.375000 0.000000
vt 0.375000 1.000000
vt 0.134849 0.679947
vt 0.375000 0.147647
vt 0.127560 0.602353
vt 0.875000 0.522657
vt 0.625000 0.227343
vt 0.841373 0.750000
vt 0.625000 0.966373
vt 0.872440 0.609657
vt 0.625000 0.140343
vt 0.865151 0.683413
vt 0.620918 0.000000
vt 0.620918 1.000000
vt 0.854242 0.732695
vt 0.623939 0.979242
vt 0.375000 0.510824
vt 0.375000 0.783627
vt 0.341373 0.750000
vt 0.375000 0.602353
vt 0.372440 0.602353
vt 0.375000 0.750000
vt 0.365151 0.679947
vt 0.372893 0.770758
vt 0.354242 0.731794
vt 0.658627 0.750000
vt 0.625000 0.783627
vt 0.625000 0.522657
vt 0.645758 0.732695
vt 0.623939 0.770758
vt 0.634849 0.683413
vt 0.620918 0.750000
vt 0.627560 0.609657
vt 0.625000 0.609657
vt 0.558563 0.262856
vt 0.565006 0.962258
vt 0.552305 0.061191
vt 0.558680 1.000000
vt 0.565922 1.000000
vt 0.563501 0.976353
vt 0.564477 0.976584
vt 0.441585 0.268936
vt 0.435057 0.962117
vt 0.444131 0.190240
vt 0.448240 0.063292
vt 0.434107 1.000000
vt 0.440735 0.052581
vt 0.428994 1.000000
vt 0.432546 0.977045
vt 0.433326 0.976787
vt 0.440223 0.756237
vt 0.441173 0.482906
vt 0.438795 0.743592
vt 0.438019 0.721032
vt 0.441173 0.573008
vt 0.560030 0.757146
vt 0.559114 0.489618
vt 0.558312 0.741233
vt 0.555867 0.714510
s 1
usemtl Material.001
f 440/553/265 435/548/265 415/513/266 399/485/267 403/489/267 404/490/267 400/486/267 421/524/268
f 401/487/269 403/489/269 399/485/270 397/481/270
f 404/490/271 402/488/271 398/484/272 400/486/272
f 437/550/273 442/555/274 441/554/275 436/549/276
f 419/520/277 436/549/276 434/547/278 416/514/279
f 400/486/280 398/483/280 410/502/280 412/506/280 413/508/280 414/511/280 411/504/280 420/522/280 422/525/280 423/527/280 424/529/280 421/524/280
f 412/507/281 431/540/282 432/541/283 427/533/284 413/509/285
f 426/532/286 430/539/287 434/547/278 439/552/288
f 401/487/289 397/481/289 406/493/290 429/538/291 425/531/291 410/503/292 398/484/289 402/488/289
f 438/551/293 424/530/294 423/528/295 442/555/274 437/550/273
f 417/516/296 438/551/293 437/550/273 418/518/297
f 418/518/297 437/550/273 436/549/276 419/520/277
f 426/532/286 439/552/288 420/523/298 411/505/299
f 435/548/265 440/553/265 421/524/268 424/530/294 438/551/293 417/516/296 415/513/266
f 442/555/274 423/528/295 422/526/300 441/554/275
f 441/554/275 422/526/300 420/523/298 439/552/288
f 427/534/284 432/542/283 433/545/301 428/536/302
f 428/536/302 433/545/301 430/539/287 426/532/286
f 425/531/291 429/538/291 406/493/290 409/500/303 431/540/282 412/507/281 410/503/292
f 436/549/276 441/554/275 439/552/288 434/547/278
f 404/490/271 403/489/269 401/487/269 402/488/271
f 408/497/304 432/543/283 431/540/282 409/500/303
f 407/495/305 433/546/301 432/544/283 408/498/304
f 405/491/306 430/539/287 433/546/301 407/495/305
f 413/510/285 427/535/284 428/537/302 414/512/307
f 414/512/307 428/537/302 426/532/286 411/505/299
f 434/547/278 430/539/287 405/491/306 416/514/279
f 397/482/308 399/485/308 415/513/308 417/517/308 418/519/308 419/521/308 416/515/308 405/492/308 407/496/308 408/499/308 409/501/308 406/494/308
o Sphere
v 0.376113 2.356843 -1.055557
v 0.376113 2.329253 -1.083147
v 0.376113 2.293205 -1.098078
v 0.376113 2.273696 -1.100000
v 0.376113 2.254187 -1.098078
v 0.376113 2.218139 -1.083147
v 0.379918 2.371710 -1.019122
v 0.383582 2.366126 -1.037545
v 0.386952 2.356843 -1.054489
v 0.389908 2.344407 -1.069352
v 0.392335 2.329253 -1.081549
v 0.394137 2.311965 -1.090613
v 0.395248 2.293205 -1.096194
v 0.395622 2.273696 -1.098078
v 0.395248 2.254187 -1.096194
v 0.394137 2.235428 -1.090613
v 0.392335 2.218139 -1.081549
v 0.389908 2.202986 -1.069352
v 0.386952 2.190549 -1.054489
v 0.383581 2.181268 -1.037545
v 0.379918 2.175647 -1.019126
v 0.390753 2.366045 -1.035344
v 0.397374 2.356843 -1.051328
v 0.403173 2.344407 -1.065328
v 0.407932 2.329253 -1.076818
v 0.411469 2.311965 -1.085355
v 0.413646 2.293205 -1.090613
v 0.414382 2.273696 -1.092388
v 0.413646 2.254187 -1.090613
v 0.411469 2.235428 -1.085355
v 0.407932 2.218139 -1.076818
v 0.403173 2.202986 -1.065328
v 0.397374 2.190549 -1.051328
v 0.390753 2.181351 -1.035343
v 0.383578 2.175560 -1.018019
v 0.386953 2.371874 -1.016222
v 0.397381 2.366126 -1.031829
v 0.406979 2.356843 -1.046194
v 0.415398 2.344407 -1.058794
v 0.422307 2.329253 -1.069134
v 0.427441 2.311965 -1.076818
v 0.430603 2.293205 -1.081549
v 0.431670 2.273696 -1.083147
v 0.430603 2.254187 -1.081549
v 0.427441 2.235428 -1.076818
v 0.422307 2.218139 -1.069134
v 0.415398 2.202986 -1.058794
v 0.406979 2.190549 -1.046194
v 0.397390 2.181231 -1.031835
v 0.386942 2.175666 -1.016211
v 0.403165 2.366045 -1.027051
v 0.415398 2.356843 -1.039285
v 0.426113 2.344407 -1.050000
v 0.434907 2.329253 -1.058794
v 0.441442 2.311965 -1.065328
v 0.445465 2.293205 -1.069352
v 0.446824 2.273696 -1.070711
v 0.445465 2.254187 -1.069352
v 0.441442 2.235428 -1.065328
v 0.434907 2.218139 -1.058794
v 0.426113 2.202986 -1.050000
v 0.415398 2.190549 -1.039285
v 0.403160 2.181364 -1.027049
v 0.392324 2.371716 -1.010832
v 0.407943 2.366126 -1.021268
v 0.422307 2.356843 -1.030866
v 0.434907 2.344407 -1.039285
v 0.445248 2.329253 -1.046194
v 0.452931 2.311965 -1.051328
v 0.457663 2.293205 -1.054489
v 0.459260 2.273696 -1.055557
v 0.457663 2.254187 -1.054489
v 0.452931 2.235428 -1.051328
v 0.445248 2.218139 -1.046194
v 0.434907 2.202986 -1.039285
v 0.422307 2.190549 -1.030866
v 0.407920 2.181364 -1.021250
v 0.376111 2.373475 -1.000001
v 0.411458 2.366045 -1.014640
v 0.427441 2.356843 -1.021261
v 0.441442 2.344407 -1.027060
v 0.452931 2.329253 -1.031819
v 0.461469 2.311965 -1.035355
v 0.466726 2.293205 -1.037533
v 0.468501 2.273696 -1.038268
v 0.466726 2.254187 -1.037533
v 0.461469 2.235428 -1.035355
v 0.452931 2.218139 -1.031819
v 0.441442 2.202986 -1.027060
v 0.427441 2.190549 -1.021261
v 0.411488 2.181230 -1.014657
v 0.394120 2.175710 -1.007455
v 0.395233 2.371692 -1.003803
v 0.413659 2.366126 -1.007468
v 0.430603 2.356843 -1.010839
v 0.445465 2.344407 -1.013795
v 0.457663 2.329253 -1.016221
v 0.466726 2.311965 -1.018024
v 0.472307 2.293205 -1.019134
v 0.474192 2.273696 -1.019509
v 0.472307 2.254187 -1.019134
v 0.466726 2.235428 -1.018024
v 0.457663 2.218139 -1.016221
v 0.445465 2.202986 -1.013795
v 0.430603 2.190549 -1.010839
v 0.413635 2.181348 -1.007463
v 0.414370 2.366045 -1.000000
v 0.431670 2.356843 -1.000000
v 0.446824 2.344407 -1.000000
v 0.459260 2.329253 -1.000000
v 0.468501 2.311965 -1.000000
v 0.474192 2.293205 -1.000000
v 0.476113 2.273696 -1.000000
v 0.474192 2.254187 -1.000000
v 0.468501 2.235428 -1.000000
v 0.459260 2.218139 -1.000000
v 0.446824 2.202986 -1.000000
v 0.431670 2.190549 -1.000000
v 0.414404 2.181230 -0.999996
v 0.395616 2.175590 -1.000003
v 0.395242 2.371769 -0.996195
v 0.413658 2.366124 -0.992532
v 0.430603 2.356843 -0.989161
v 0.445465 2.344407 -0.986205
v 0.457663 2.329253 -0.983779
v 0.466726 2.311965 -0.981976
v 0.472307 2.293205 -0.980866
v 0.474192 2.273696 -0.980491
v 0.472307 2.254187 -0.980866
v 0.466726 2.235428 -0.981976
v 0.457663 2.218139 -0.983779
v 0.445465 2.202986 -0.986205
v 0.430603 2.190549 -0.989161
v 0.413631 2.181364 -0.992539
v 0.394137 2.371926 -0.992532
v 0.411457 2.366041 -0.985360
v 0.427441 2.356843 -0.978739
v 0.441442 2.344407 -0.972940
v 0.452931 2.329253 -0.968181
v 0.461469 2.311965 -0.964645
v 0.466726 2.293205 -0.962467
v 0.468501 2.273696 -0.961732
v 0.466726 2.254187 -0.962467
v 0.461469 2.235428 -0.964645
v 0.452931 2.218139 -0.968181
v 0.441442 2.202986 -0.972940
v 0.427441 2.190549 -0.978739
v 0.411453 2.181364 -0.985360
v 0.392330 2.371786 -0.989163
v 0.407942 2.366124 -0.978733
v 0.422307 2.356843 -0.969134
v 0.434907 2.344407 -0.960715
v 0.445248 2.329253 -0.953806
v 0.452931 2.311965 -0.948672
v 0.457663 2.293205 -0.945511
v 0.459260 2.273696 -0.944443
v 0.457663 2.254187 -0.945511
v 0.452931 2.235428 -0.948672
v 0.445248 2.218139 -0.953806
v 0.434907 2.202986 -0.960715
v 0.422307 2.190549 -0.969134
v 0.407953 2.181230 -0.978730
v 0.392316 2.175711 -0.989170
v 0.403165 2.366045 -0.972949
v 0.415398 2.356843 -0.960715
v 0.426113 2.344407 -0.950000
v 0.434907 2.329253 -0.941206
v 0.441442 2.311965 -0.934672
v 0.445465 2.293205 -0.930648
v 0.446824 2.273696 -0.929289
v 0.445465 2.254187 -0.930648
v 0.441442 2.235428 -0.934672
v 0.434907 2.218139 -0.941206
v 0.426113 2.202986 -0.950000
v 0.415398 2.190549 -0.960715
v 0.403165 2.181348 -0.972949
v 0.386945 2.371691 -0.983791
v 0.397381 2.366126 -0.968171
v 0.406979 2.356843 -0.953806
v 0.415398 2.344407 -0.941206
v 0.422307 2.329253 -0.930866
v 0.427441 2.311965 -0.923182
v 0.430603 2.293205 -0.918451
v 0.431670 2.273696 -0.916853
v 0.430603 2.254187 -0.918451
v 0.427441 2.235428 -0.923182
v 0.422307 2.218139 -0.930866
v 0.415398 2.202986 -0.941206
v 0.406979 2.190549 -0.953806
v 0.397381 2.181266 -0.968171
v 0.386950 2.175552 -0.983778
v 0.390753 2.366045 -0.964656
v 0.397374 2.356843 -0.948672
v 0.403173 2.344407 -0.934672
v 0.407932 2.329253 -0.923182
v 0.411469 2.311965 -0.914645
v 0.413646 2.293205 -0.909387
v 0.414382 2.273696 -0.907612
v 0.413646 2.254187 -0.909387
v 0.411469 2.235428 -0.914645
v 0.407932 2.218139 -0.923182
v 0.403173 2.202986 -0.934672
v 0.397374 2.190549 -0.948672
v 0.390753 2.181348 -0.964656
v 0.379916 2.371691 -0.980880
v 0.383582 2.366126 -0.962455
v 0.386952 2.356843 -0.945511
v 0.389908 2.344407 -0.930648
v 0.392335 2.329253 -0.918451
v 0.394137 2.311965 -0.909387
v 0.395248 2.293205 -0.903806
v 0.395622 2.273696 -0.901922
v 0.395248 2.254187 -0.903806
v 0.394137 2.235428 -0.909387
v 0.392335 2.218139 -0.918451
v 0.389908 2.202986 -0.930648
v 0.386952 2.190549 -0.945511
v 0.383582 2.181266 -0.962455
v 0.379918 2.175677 -0.980878
v 0.376113 2.366045 -0.961744
v 0.376113 2.356843 -0.944443
v 0.376113 2.344407 -0.929289
v 0.376113 2.329253 -0.916853
v 0.376113 2.311965 -0.907612
v 0.376113 2.293205 -0.901922
v 0.376113 2.273696 -0.900000
v 0.376113 2.254187 -0.901922
v 0.376113 2.235428 -0.907612
v 0.376113 2.218139 -0.916853
v 0.376113 2.202986 -0.929289
v 0.376113 2.190549 -0.944443
v 0.376113 2.181348 -0.961744
v 0.372312 2.371772 -0.980874
v 0.368640 2.366160 -0.962446
v 0.365275 2.356843 -0.945511
v 0.362318 2.344407 -0.930648
v 0.359892 2.329253 -0.918451
v 0.358089 2.311965 -0.909387
v 0.356979 2.293205 -0.903806
v 0.356604 2.273696 -0.901922
v 0.356979 2.254187 -0.903806
v 0.358089 2.235428 -0.909387
v 0.359892 2.218139 -0.918451
v 0.362318 2.202986 -0.930648
v 0.365275 2.190549 -0.945511
v 0.368645 2.181266 -0.962455
v 0.372310 2.175700 -0.980880
v 0.368659 2.371855 -0.981988
v 0.361477 2.366024 -0.964661
v 0.354853 2.356843 -0.948672
v 0.349054 2.344407 -0.934672
v 0.344294 2.329253 -0.923182
v 0.340758 2.311965 -0.914645
v 0.338580 2.293205 -0.909387
v 0.337845 2.273696 -0.907612
v 0.338580 2.254187 -0.909387
v 0.340758 2.235428 -0.914645
v 0.344294 2.218139 -0.923182
v 0.349054 2.202986 -0.934672
v 0.354853 2.190549 -0.948672
v 0.361473 2.181348 -0.964656
v 0.354861 2.366024 -0.968197
v 0.345248 2.356843 -0.953806
v 0.336829 2.344407 -0.941206
v 0.329919 2.329253 -0.930866
v 0.324785 2.311965 -0.923182
v 0.321624 2.293205 -0.918451
v 0.320556 2.273696 -0.916853
v 0.321624 2.254187 -0.918451
v 0.324785 2.235428 -0.923182
v 0.329919 2.218139 -0.930866
v 0.336829 2.202986 -0.941206
v 0.345248 2.190549 -0.953806
v 0.354846 2.181268 -0.968171
v 0.365278 2.175623 -0.983783
v 0.362328 2.371706 -0.986215
v 0.349041 2.366160 -0.972922
v 0.336829 2.356843 -0.960715
v 0.326113 2.344407 -0.950000
v 0.317320 2.329253 -0.941206
v 0.310785 2.311965 -0.934672
v 0.306761 2.293205 -0.930648
v 0.305403 2.273696 -0.929289
v 0.306761 2.254187 -0.930648
v 0.310785 2.235428 -0.934672
v 0.317320 2.218139 -0.941206
v 0.326113 2.202986 -0.950000
v 0.336829 2.190549 -0.960715
v 0.349063 2.181351 -0.972949
v 0.362315 2.175445 -0.986208
v 0.376117 2.173912 -1.000001
v 0.344304 2.366045 -0.978746
v 0.329919 2.356843 -0.969134
v 0.317320 2.344407 -0.960715
v 0.306979 2.329253 -0.953806
v 0.299296 2.311965 -0.948672
v 0.294564 2.293205 -0.945511
v 0.292966 2.273696 -0.944443
v 0.294564 2.254187 -0.945511
v 0.299296 2.235428 -0.948672
v 0.306979 2.218139 -0.953806
v 0.317320 2.202986 -0.960715
v 0.329919 2.190549 -0.969134
v 0.344285 2.181268 -0.978733
v 0.359894 2.175593 -0.989166
v 0.358101 2.371711 -0.992540
v 0.340747 2.366126 -0.985351
v 0.324785 2.356843 -0.978739
v 0.310785 2.344407 -0.972940
v 0.299296 2.329253 -0.968181
v 0.290758 2.311965 -0.964645
v 0.285501 2.293205 -0.962467
v 0.283725 2.273696 -0.961732
v 0.285501 2.254187 -0.962467
v 0.290758 2.235428 -0.964645
v 0.299296 2.218139 -0.968181
v 0.310785 2.202986 -0.972940
v 0.324785 2.190549 -0.978739
v 0.340769 2.181348 -0.985360
v 0.338592 2.366044 -0.992537
v 0.321624 2.356843 -0.989161
v 0.306761 2.344407 -0.986205
v 0.294564 2.329253 -0.983779
v 0.285501 2.311965 -0.981976
v 0.279919 2.293205 -0.980866
v 0.278035 2.273696 -0.980491
v 0.279919 2.254187 -0.980866
v 0.285501 2.235428 -0.981976
v 0.294564 2.218139 -0.983779
v 0.306761 2.202986 -0.986205
v 0.321624 2.190549 -0.989161
v 0.338558 2.181230 -0.992534
v 0.357001 2.175732 -0.996194
v 0.356607 2.371814 -0.999998
v 0.337833 2.366126 -1.000000
v 0.320556 2.356843 -1.000000
v 0.305403 2.344407 -1.000000
v 0.292966 2.329253 -1.000000
v 0.283725 2.311965 -1.000000
v 0.278035 2.293205 -1.000000
v 0.276113 2.273696 -1.000000
v 0.278035 2.254187 -1.000000
v 0.283725 2.235428 -1.000000
v 0.292966 2.218139 -1.000000
v 0.305403 2.202986 -1.000000
v 0.320556 2.190549 -1.000000
v 0.337861 2.181364 -0.999998
v 0.338592 2.366044 -1.007463
v 0.321624 2.356843 -1.010839
v 0.306761 2.344407 -1.013795
v 0.294564 2.329253 -1.016221
v 0.285501 2.311965 -1.018024
v 0.279919 2.293205 -1.019134
v 0.278035 2.273696 -1.019509
v 0.279919 2.254187 -1.019134
v 0.285501 2.235428 -1.018024
v 0.294564 2.218139 -1.016221
v 0.306761 2.202986 -1.013795
v 0.321624 2.190549 -1.010839
v 0.338597 2.181364 -1.007464
v 0.358101 2.371717 -1.007461
v 0.340747 2.366126 -1.014649
v 0.324785 2.356843 -1.021261
v 0.310785 2.344407 -1.027060
v 0.299296 2.329253 -1.031819
v 0.290758 2.311965 -1.035355
v 0.285501 2.293205 -1.037533
v 0.283726 2.273696 -1.038268
v 0.285501 2.254187 -1.037533
v 0.290758 2.235428 -1.035355
v 0.299296 2.218139 -1.031819
v 0.310785 2.202986 -1.027060
v 0.324785 2.190549 -1.021261
v 0.340728 2.181193 -1.014657
v 0.358116 2.175756 -1.007457
v 0.344304 2.366045 -1.021254
v 0.329919 2.356843 -1.030866
v 0.317320 2.344407 -1.039285
v 0.306979 2.329253 -1.046194
v 0.299296 2.311965 -1.051328
v 0.294564 2.293205 -1.054489
v 0.292966 2.273696 -1.055557
v 0.294564 2.254187 -1.054489
v 0.299296 2.235428 -1.051328
v 0.306979 2.218139 -1.046194
v 0.317320 2.202986 -1.039285
v 0.329919 2.190549 -1.030866
v 0.344307 2.181364 -1.021250
v 0.362324 2.371811 -1.013791
v 0.349040 2.366163 -1.027078
v 0.336829 2.356843 -1.039285
v 0.326113 2.344407 -1.050000
v 0.317320 2.329253 -1.058794
v 0.310785 2.311965 -1.065328
v 0.306761 2.293205 -1.069352
v 0.305403 2.273696 -1.070711
v 0.306761 2.254187 -1.069352
v 0.310785 2.235428 -1.065328
v 0.317320 2.218139 -1.058794
v 0.326113 2.202986 -1.050000
v 0.336829 2.190549 -1.039285
v 0.349066 2.181364 -1.027049
v 0.354860 2.366029 -1.031804
v 0.345248 2.356843 -1.046194
v 0.336829 2.344407 -1.058794
v 0.329919 2.329253 -1.069134
v 0.324785 2.311965 -1.076818
v 0.321624 2.293205 -1.081549
v 0.320556 2.273696 -1.083147
v 0.321624 2.254187 -1.081549
v 0.324785 2.235428 -1.076818
v 0.329919 2.218139 -1.069134
v 0.336829 2.202986 -1.058794
v 0.345248 2.190549 -1.046194
v 0.354837 2.181230 -1.031836
v 0.365274 2.175531 -1.016216
v 0.361476 2.366029 -1.035341
v 0.354853 2.356843 -1.051328
v 0.349054 2.344407 -1.065328
v 0.344294 2.329253 -1.076818
v 0.340758 2.311965 -1.085355
v 0.338580 2.293205 -1.090613
v 0.337845 2.273696 -1.092388
v 0.338580 2.254187 -1.090613
v 0.340758 2.235428 -1.085355
v 0.344294 2.218139 -1.076818
v 0.349054 2.202986 -1.065328
v 0.354853 2.190549 -1.051328
v 0.361473 2.181348 -1.035344
v 0.372313 2.371663 -1.019113
v 0.368640 2.366163 -1.037554
v 0.365275 2.356843 -1.054489
v 0.362318 2.344407 -1.069352
v 0.359892 2.329253 -1.081549
v 0.358089 2.311965 -1.090613
v 0.356979 2.293205 -1.096194
v 0.356604 2.273696 -1.098078
v 0.356979 2.254187 -1.096194
v 0.358089 2.235428 -1.090613
v 0.359892 2.218139 -1.081549
v 0.362318 2.202986 -1.069352
v 0.365275 2.190549 -1.054489
v 0.368645 2.181266 -1.037545
v 0.372310 2.175679 -1.019122
v 0.376113 2.366045 -1.038256
v 0.376113 2.344407 -1.070711
v 0.376113 2.311965 -1.092388
v 0.376113 2.235428 -1.092388
v 0.376113 2.202986 -1.070711
v 0.376113 2.190549 -1.055557
v 0.376113 2.181348 -1.038256
v 0.376112 2.355186 -1.054437
v 0.376113 2.328148 -1.081480
v 0.376113 2.292817 -1.096117
v 0.376113 2.273696 -1.098000
v 0.376113 2.254575 -1.096117
v 0.376113 2.219245 -1.081480
v 0.379869 2.369750 -1.018729
v 0.383434 2.364280 -1.036791
v 0.386734 2.355186 -1.053392
v 0.389631 2.342999 -1.067959
v 0.392009 2.328148 -1.079915
v 0.393777 2.311203 -1.088799
v 0.394865 2.292817 -1.094270
v 0.395232 2.273696 -1.096117
v 0.394865 2.254575 -1.094270
v 0.393777 2.236189 -1.088799
v 0.392009 2.219245 -1.079915
v 0.389631 2.204394 -1.067959
v 0.386734 2.192207 -1.053392
v 0.383432 2.183115 -1.036790
v 0.379867 2.177608 -1.018739
v 0.390463 2.364201 -1.034625
v 0.396946 2.355186 -1.050293
v 0.402630 2.342999 -1.064016
v 0.407295 2.328148 -1.075278
v 0.410761 2.311203 -1.083647
v 0.412896 2.292817 -1.088800
v 0.413616 2.273696 -1.090540
v 0.412896 2.254575 -1.088800
v 0.410761 2.236189 -1.083647
v 0.407295 2.219245 -1.075278
v 0.402630 2.204394 -1.064016
v 0.396946 2.192206 -1.050293
v 0.390457 2.183194 -1.034625
v 0.383432 2.177525 -1.017679
v 0.386743 2.369911 -1.015904
v 0.396954 2.364280 -1.031190
v 0.406357 2.355186 -1.045263
v 0.414609 2.342999 -1.057613
v 0.421381 2.328148 -1.067748
v 0.426414 2.311203 -1.075280
v 0.429513 2.292817 -1.079918
v 0.430559 2.273696 -1.081484
v 0.429513 2.254575 -1.079918
v 0.426414 2.236189 -1.075280
v 0.421381 2.219245 -1.067748
v 0.414609 2.204394 -1.057613
v 0.406357 2.192206 -1.045263
v 0.396954 2.183080 -1.031206
v 0.386684 2.177627 -1.015917
v 0.402611 2.364201 -1.026507
v 0.414606 2.355186 -1.038493
v 0.425109 2.342999 -1.048996
v 0.433729 2.328148 -1.057615
v 0.440134 2.311203 -1.064020
v 0.444078 2.292817 -1.067965
v 0.445410 2.273696 -1.069296
v 0.444078 2.254575 -1.067965
v 0.440134 2.236189 -1.064020
v 0.433729 2.219245 -1.057615
v 0.425109 2.204394 -1.048996
v 0.414605 2.192207 -1.038496
v 0.402597 2.183211 -1.026529
v 0.391981 2.369755 -1.010633
v 0.407301 2.364280 -1.020843
v 0.421377 2.355186 -1.030244
v 0.433726 2.342999 -1.038496
v 0.443862 2.328148 -1.045268
v 0.451393 2.311203 -1.050300
v 0.456031 2.292817 -1.053399
v 0.457597 2.273696 -1.054446
v 0.456031 2.254575 -1.053399
v 0.451393 2.236189 -1.050300
v 0.443862 2.219245 -1.045268
v 0.433726 2.204394 -1.038496
v 0.421379 2.192207 -1.030241
v 0.407298 2.183211 -1.020800
v 0.376112 2.371475 -1.000000
v 0.410744 2.364199 -1.014345
v 0.426407 2.355186 -1.020832
v 0.440129 2.342999 -1.026516
v 0.451391 2.328148 -1.031181
v 0.459760 2.311203 -1.034648
v 0.464913 2.292817 -1.036782
v 0.466654 2.273696 -1.037503
v 0.464913 2.254575 -1.036782
v 0.459760 2.236189 -1.034648
v 0.451391 2.219245 -1.031181
v 0.440129 2.204394 -1.026516
v 0.426407 2.192206 -1.020832
v 0.410788 2.183078 -1.014351
v 0.393766 2.177670 -1.007272
v 0.394847 2.369732 -1.003715
v 0.412906 2.364279 -1.007318
v 0.429505 2.355186 -1.010620
v 0.444072 2.342999 -1.013518
v 0.456028 2.328148 -1.015896
v 0.464912 2.311203 -1.017663
v 0.470383 2.292817 -1.018751
v 0.472230 2.273696 -1.019119
v 0.470383 2.254575 -1.018751
v 0.464912 2.236189 -1.017663
v 0.456028 2.219245 -1.015896
v 0.444072 2.204394 -1.013518
v 0.429504 2.192206 -1.010620
v 0.412876 2.183192 -1.007308
v 0.413596 2.364200 -0.999997
v 0.430551 2.355186 -1.000000
v 0.445404 2.342999 -1.000000
v 0.457594 2.328148 -1.000000
v 0.466652 2.311203 -1.000000
v 0.472230 2.292817 -1.000000
v 0.474113 2.273696 -1.000000
v 0.472230 2.254575 -1.000000
v 0.466652 2.236189 -1.000000
v 0.457594 2.219245 -1.000000
v 0.445404 2.204394 -1.000000
v 0.430551 2.192206 -1.000000
v 0.413641 2.183078 -1.000008
v 0.395228 2.177552 -1.000014
v 0.394856 2.369807 -0.996228
v 0.412902 2.364278 -0.992681
v 0.429505 2.355186 -0.989380
v 0.444072 2.342999 -0.986482
v 0.456028 2.328148 -0.984104
v 0.464912 2.311203 -0.982337
v 0.470383 2.292817 -0.981249
v 0.472230 2.273696 -0.980881
v 0.470383 2.254575 -0.981249
v 0.464912 2.236189 -0.982337
v 0.456028 2.219245 -0.984104
v 0.444072 2.204394 -0.986482
v 0.429506 2.192207 -0.989383
v 0.412884 2.183210 -0.992721
v 0.393805 2.369959 -0.992672
v 0.410737 2.364199 -0.985658
v 0.426407 2.355186 -0.979168
v 0.440129 2.342999 -0.973484
v 0.451391 2.328148 -0.968819
v 0.459760 2.311203 -0.965352
v 0.464913 2.292817 -0.963218
v 0.466654 2.273696 -0.962497
v 0.464913 2.254575 -0.963218
v 0.459760 2.236189 -0.965352
v 0.451391 2.219245 -0.968819
v 0.440129 2.204394 -0.973484
v 0.426406 2.192207 -0.979164
v 0.410733 2.183210 -0.985629
v 0.392042 2.369823 -0.989414
v 0.407302 2.364278 -0.979161
v 0.421377 2.355186 -0.969756
v 0.433726 2.342999 -0.961504
v 0.443862 2.328148 -0.954732
v 0.451393 2.311203 -0.949700
v 0.456031 2.292817 -0.946601
v 0.457597 2.273696 -0.945554
v 0.456031 2.254575 -0.946601
v 0.451393 2.236189 -0.949700
v 0.443862 2.219245 -0.954732
v 0.433726 2.204394 -0.961504
v 0.421376 2.192206 -0.969756
v 0.407309 2.183077 -0.979144
v 0.391968 2.177670 -0.989370
v 0.402620 2.364200 -0.973498
v 0.414606 2.355186 -0.961507
v 0.425109 2.342999 -0.951004
v 0.433729 2.328148 -0.942385
v 0.440134 2.311203 -0.935980
v 0.444078 2.292817 -0.932035
v 0.445410 2.273696 -0.930704
v 0.444078 2.254575 -0.932035
v 0.440134 2.236189 -0.935980
v 0.433729 2.219245 -0.942385
v 0.425109 2.204394 -0.951004
v 0.414607 2.192206 -0.961508
v 0.402614 2.183192 -0.973494
v 0.386742 2.369730 -0.984129
v 0.396956 2.364279 -0.968810
v 0.406357 2.355186 -0.954737
v 0.414609 2.342999 -0.942387
v 0.421381 2.328148 -0.932252
v 0.426414 2.311203 -0.924720
v 0.429513 2.292817 -0.920082
v 0.430559 2.273696 -0.918516
v 0.429513 2.254575 -0.920082
v 0.426414 2.236189 -0.924720
v 0.421381 2.219245 -0.932252
v 0.414609 2.204394 -0.942387
v 0.406357 2.192207 -0.954737
v 0.396954 2.183113 -0.968810
v 0.386739 2.177515 -0.984101
v 0.390458 2.364199 -0.965369
v 0.396946 2.355186 -0.949707
v 0.402630 2.342999 -0.935984
v 0.407294 2.328148 -0.924722
v 0.410761 2.311203 -0.916353
v 0.412896 2.292817 -0.911200
v 0.413616 2.273696 -0.909460
v 0.412896 2.254575 -0.911200
v 0.410761 2.236189 -0.916353
v 0.407294 2.219245 -0.924722
v 0.402630 2.204394 -0.935984
v 0.396946 2.192206 -0.949707
v 0.390461 2.183192 -0.965374
v 0.379823 2.369730 -0.981263
v 0.383430 2.364279 -0.963207
v 0.386734 2.355186 -0.946608
v 0.389631 2.342999 -0.932041
v 0.392009 2.328148 -0.920085
v 0.393777 2.311203 -0.911201
v 0.394865 2.292817 -0.905730
v 0.395232 2.273696 -0.903883
v 0.394865 2.254575 -0.905730
v 0.393777 2.236189 -0.911201
v 0.392009 2.219245 -0.920085
v 0.389631 2.204394 -0.932041
v 0.386734 2.192207 -0.946608
v 0.383434 2.183113 -0.963209
v 0.379863 2.177637 -0.981271
v 0.376108 2.364200 -0.962517
v 0.376112 2.355186 -0.945563
v 0.376113 2.342999 -0.930710
v 0.376113 2.328148 -0.918520
v 0.376113 2.311203 -0.909462
v 0.376113 2.292817 -0.903884
v 0.376113 2.273696 -0.902000
v 0.376113 2.254575 -0.903884
v 0.376113 2.236189 -0.909462
v 0.376113 2.219245 -0.918520
v 0.376113 2.204394 -0.930710
v 0.376113 2.192206 -0.945563
v 0.376114 2.183193 -0.962516
v 0.372354 2.369808 -0.981247
v 0.368801 2.364313 -0.963194
v 0.365494 2.355186 -0.946608
v 0.362595 2.342999 -0.932041
v 0.360217 2.328148 -0.920085
v 0.358450 2.311203 -0.911201
v 0.357362 2.292817 -0.905730
v 0.356994 2.273696 -0.903883
v 0.357362 2.254575 -0.905730
v 0.358450 2.236189 -0.911201
v 0.360217 2.219245 -0.920085
v 0.362595 2.204394 -0.932041
v 0.365493 2.192207 -0.946608
v 0.368794 2.183113 -0.963208
v 0.372375 2.177660 -0.981271
v 0.368818 2.369888 -0.982310
v 0.361803 2.364179 -0.965362
v 0.355284 2.355185 -0.949704
v 0.349597 2.342999 -0.935984
v 0.344932 2.328148 -0.924722
v 0.341466 2.311203 -0.916353
v 0.339331 2.292817 -0.911200
v 0.338610 2.273696 -0.909460
v 0.339331 2.254575 -0.911200
v 0.341466 2.236189 -0.916353
v 0.344932 2.219245 -0.924722
v 0.349597 2.204394 -0.935984
v 0.355281 2.192206 -0.949707
v 0.361767 2.183192 -0.965371
v 0.355266 2.364179 -0.968856
v 0.345866 2.355185 -0.954738
v 0.337618 2.342999 -0.942387
v 0.330845 2.328148 -0.932252
v 0.325813 2.311203 -0.924720
v 0.322714 2.292817 -0.920082
v 0.321667 2.273696 -0.918516
v 0.322714 2.254575 -0.920082
v 0.325813 2.236189 -0.924720
v 0.330845 2.219245 -0.932252
v 0.337618 2.204394 -0.942387
v 0.345869 2.192207 -0.954737
v 0.355273 2.183114 -0.968813
v 0.365455 2.177586 -0.984128
v 0.362607 2.369744 -0.986491
v 0.349573 2.364313 -0.973472
v 0.337620 2.355186 -0.961507
v 0.327118 2.342999 -0.951004
v 0.318498 2.328148 -0.942385
v 0.312093 2.311203 -0.935980
v 0.308149 2.292817 -0.932035
v 0.306817 2.273696 -0.930704
v 0.308149 2.254575 -0.932035
v 0.312093 2.236189 -0.935980
v 0.318498 2.219245 -0.942385
v 0.327118 2.204394 -0.951004
v 0.337620 2.192206 -0.961507
v 0.349613 2.183193 -0.973502
v 0.362571 2.177413 -0.986457
v 0.376117 2.175912 -1.000000
v 0.344948 2.364200 -0.979173
v 0.330851 2.355186 -0.969756
v 0.318500 2.342999 -0.961504
v 0.308365 2.328148 -0.954732
v 0.300833 2.311203 -0.949700
v 0.296195 2.292817 -0.946601
v 0.294629 2.273696 -0.945554
v 0.296195 2.254575 -0.946601
v 0.300833 2.236189 -0.949700
v 0.308365 2.219245 -0.954732
v 0.318500 2.204394 -0.961504
v 0.330850 2.192207 -0.969756
v 0.344925 2.183114 -0.979160
v 0.360238 2.177556 -0.989327
v 0.358461 2.369750 -0.992705
v 0.341456 2.364280 -0.985646
v 0.325819 2.355186 -0.979168
v 0.312097 2.342999 -0.973484
v 0.300835 2.328148 -0.968819
v 0.292467 2.311203 -0.965352
v 0.287313 2.292817 -0.963218
v 0.285573 2.273696 -0.962497
v 0.287313 2.254575 -0.963218
v 0.292467 2.236189 -0.965352
v 0.300835 2.219245 -0.968819
v 0.312097 2.204394 -0.973484
v 0.325820 2.192206 -0.979169
v 0.341485 2.183192 -0.985653
v 0.339351 2.364201 -0.992692
v 0.322722 2.355186 -0.989380
v 0.308154 2.342999 -0.986482
v 0.296199 2.328148 -0.984104
v 0.287315 2.311203 -0.982337
v 0.281844 2.292817 -0.981249
v 0.279996 2.273696 -0.980881
v 0.281844 2.254575 -0.981249
v 0.287315 2.236189 -0.982337
v 0.296199 2.219245 -0.984104
v 0.308154 2.204394 -0.986482
v 0.322722 2.192206 -0.989379
v 0.339308 2.183079 -0.992668
v 0.357394 2.177693 -0.996228
v 0.356995 2.369852 -1.000004
v 0.338601 2.364280 -1.000000
v 0.321676 2.355186 -1.000000
v 0.306823 2.342999 -1.000000
v 0.294633 2.328148 -1.000000
v 0.285575 2.311203 -1.000000
v 0.279997 2.292817 -1.000000
v 0.278113 2.273696 -1.000000
v 0.279997 2.254575 -1.000000
v 0.285575 2.236189 -1.000000
v 0.294633 2.219245 -1.000000
v 0.306823 2.204394 -1.000000
v 0.321675 2.192207 -0.999997
v 0.338625 2.183212 -0.999969
v 0.339351 2.364201 -1.007308
v 0.322722 2.355186 -1.010620
v 0.308154 2.342999 -1.013518
v 0.296199 2.328148 -1.015896
v 0.287315 2.311203 -1.017663
v 0.281844 2.292817 -1.018751
v 0.279996 2.273696 -1.019119
v 0.281844 2.254575 -1.018751
v 0.287315 2.236189 -1.017663
v 0.296199 2.219245 -1.015896
v 0.308154 2.204394 -1.013518
v 0.322723 2.192207 -1.010625
v 0.339353 2.183212 -1.007345
v 0.358470 2.369757 -1.007309
v 0.341458 2.364280 -1.014356
v 0.325819 2.355186 -1.020832
v 0.312097 2.342999 -1.026516
v 0.300835 2.328148 -1.031181
v 0.292467 2.311203 -1.034648
v 0.287313 2.292817 -1.036782
v 0.285573 2.273696 -1.037503
v 0.287313 2.254575 -1.036782
v 0.292467 2.236189 -1.034648
v 0.300835 2.219245 -1.031181
v 0.312097 2.204394 -1.026516
v 0.325820 2.192206 -1.020832
v 0.341430 2.183043 -1.014368
v 0.358488 2.177716 -1.007326
v 0.344952 2.364201 -1.020829
v 0.330851 2.355186 -1.030244
v 0.318501 2.342999 -1.038496
v 0.308365 2.328148 -1.045268
v 0.300833 2.311203 -1.050300
v 0.296195 2.292817 -1.053399
v 0.294629 2.273696 -1.054446
v 0.296195 2.254575 -1.053399
v 0.300833 2.236189 -1.050300
v 0.308365 2.219245 -1.045268
v 0.318501 2.204394 -1.038496
v 0.330848 2.192207 -1.030240
v 0.344932 2.183210 -1.020801
v 0.362580 2.369848 -1.013501
v 0.349572 2.364314 -1.026530
v 0.337620 2.355186 -1.038493
v 0.327118 2.342999 -1.048996
v 0.318498 2.328148 -1.057615
v 0.312093 2.311203 -1.064020
v 0.308149 2.292817 -1.067965
v 0.306817 2.273696 -1.069296
v 0.308149 2.254575 -1.067965
v 0.312093 2.236189 -1.064020
v 0.318498 2.219245 -1.057615
v 0.327118 2.204394 -1.048996
v 0.337622 2.192207 -1.038496
v 0.349634 2.183210 -1.026531
v 0.355259 2.364182 -1.031147
v 0.345866 2.355186 -1.045262
v 0.337618 2.342999 -1.057613
v 0.330845 2.328148 -1.067748
v 0.325813 2.311203 -1.075280
v 0.322714 2.292817 -1.079918
v 0.321668 2.273696 -1.081484
v 0.322714 2.254575 -1.079918
v 0.325813 2.236189 -1.075280
v 0.330845 2.219245 -1.067748
v 0.337618 2.204394 -1.057613
v 0.345870 2.192206 -1.045263
v 0.355271 2.183078 -1.031207
v 0.365506 2.177494 -1.015913
v 0.361795 2.364182 -1.034641
v 0.355284 2.355186 -1.050296
v 0.349597 2.342999 -1.064016
v 0.344932 2.328148 -1.075278
v 0.341466 2.311203 -1.083647
v 0.339331 2.292817 -1.088800
v 0.338610 2.273696 -1.090540
v 0.339331 2.254575 -1.088800
v 0.341466 2.236189 -1.083647
v 0.344932 2.219245 -1.075278
v 0.349597 2.204394 -1.064016
v 0.355281 2.192206 -1.050293
v 0.361762 2.183191 -1.034624
v 0.372401 2.369703 -1.018726
v 0.368800 2.364314 -1.036808
v 0.365494 2.355186 -1.053391
v 0.362595 2.342999 -1.067959
v 0.360217 2.328148 -1.079915
v 0.358450 2.311203 -1.088799
v 0.357362 2.292817 -1.094270
v 0.356995 2.273696 -1.096117
v 0.357362 2.254575 -1.094270
v 0.358450 2.236189 -1.088799
v 0.360217 2.219245 -1.079915
v 0.362595 2.204394 -1.067959
v 0.365493 2.192207 -1.053392
v 0.368792 2.183112 -1.036790
v 0.372375 2.177639 -1.018728
v 0.376113 2.364199 -1.037485
v 0.376113 2.342999 -1.069290
v 0.376113 2.311203 -1.090538
v 0.376113 2.236189 -1.090538
v 0.376113 2.204394 -1.069290
v 0.376113 2.192206 -1.054437
v 0.376115 2.183192 -1.037483
vn -0.0000 -0.1939 -0.9810
vn -0.0000 -0.0000 -1.0000
vn 0.1951 -0.0000 -0.9808
vn 0.1914 -0.1939 -0.9622
vn -0.1801 0.9801 0.0829
vn -0.1943 0.9809 0.0031
vn -0.3842 0.9232 0.0001
vn -0.3795 0.9219 0.0776
vn -0.3547 0.9233 0.1475
vn -0.0000 -0.3805 -0.9248
vn 0.1804 -0.3805 -0.9070
vn 0.0005 0.8284 -0.5602
vn 0.0003 0.9226 -0.3859
vn 0.0735 0.9232 -0.3771
vn 0.1092 0.8287 -0.5489
vn -0.0000 -0.5528 -0.8333
vn 0.1626 -0.5528 -0.8173
vn -0.0000 0.7041 -0.7101
vn 0.1385 0.7041 -0.6965
vn -0.0000 -0.7041 -0.7101
vn 0.1385 -0.7041 -0.6965
vn -0.0000 0.5528 -0.8333
vn 0.1626 0.5528 -0.8173
vn -0.0000 -0.8285 -0.5599
vn 0.1092 -0.8288 -0.5489
vn -0.0000 0.3805 -0.9248
vn 0.1804 0.3805 -0.9070
vn -0.0006 -0.9222 -0.3866
vn 0.0747 -0.9231 -0.3772
vn -0.0000 0.1939 -0.9810
vn 0.1914 0.1939 -0.9622
vn -0.0801 0.9243 -0.3732
vn -0.0437 0.9801 -0.1936
vn 0.0244 0.9802 -0.1963
vn 0.1743 -0.9796 0.0998
vn 0.1055 -0.9812 0.1617
vn -0.0003 -1.0000 -0.0004
vn 0.1939 -0.9810 0.0057
vn 0.3754 0.1939 -0.9063
vn 0.3827 -0.0000 -0.9239
vn 0.3754 -0.1939 -0.9063
vn 0.0273 -0.9801 0.1964
vn -0.0328 -0.9801 0.1956
vn -0.0881 -0.9811 0.1723
vn -0.1281 -0.9839 0.1247
vn 0.3539 -0.3805 -0.8544
vn 0.1454 0.9216 -0.3597
vn 0.2143 0.8285 -0.5173
vn 0.3189 -0.5528 -0.7699
vn 0.2718 0.7041 -0.6561
vn 0.2718 -0.7041 -0.6561
vn 0.3189 0.5528 -0.7699
vn 0.2139 -0.8284 -0.5176
vn 0.3539 0.3805 -0.8544
vn 0.1478 -0.9215 -0.3592
vn 0.1052 0.9817 -0.1590
vn 0.2137 0.9231 -0.3199
vn 0.4630 -0.5528 -0.6929
vn 0.3945 -0.7041 -0.5905
vn 0.3945 0.7041 -0.5905
vn 0.4630 0.5528 -0.6929
vn 0.3112 -0.8286 -0.4654
vn 0.5138 0.3805 -0.7689
vn 0.2176 -0.9240 -0.3144
vn 0.5450 0.1939 -0.8157
vn 0.5556 -0.0000 -0.8315
vn 0.5450 -0.1939 -0.8157
vn 0.5138 -0.3805 -0.7689
vn 0.3109 0.8287 -0.4653
vn -0.0328 -0.9799 -0.1970
vn -0.0737 -0.9230 -0.3776
vn 0.0258 -0.9807 -0.1938
vn 0.7071 -0.0000 -0.7071
vn 0.6937 -0.1939 -0.6937
vn -0.2752 -0.9209 0.2761
vn -0.3204 -0.9229 0.2137
vn -0.1720 -0.9818 0.0807
vn -0.2135 -0.9228 0.3208
vn 0.6539 -0.3805 -0.6539
vn 0.2767 0.9216 -0.2722
vn 0.3959 0.8285 -0.3959
vn 0.5893 -0.5528 -0.5893
vn 0.5021 0.7041 -0.5021
vn 0.5021 -0.7041 -0.5021
vn 0.5893 0.5528 -0.5893
vn 0.3968 -0.8289 -0.3944
vn 0.6539 0.3805 -0.6539
vn 0.2819 -0.9235 -0.2600
vn 0.6937 0.1939 -0.6937
vn 0.5905 0.7041 -0.3945
vn 0.6929 0.5528 -0.4630
vn 0.5905 -0.7041 -0.3945
vn 0.4642 -0.8289 -0.3122
vn 0.7689 0.3805 -0.5138
vn 0.3107 -0.9235 -0.2249
vn 0.8157 0.1939 -0.5450
vn -0.1395 0.9806 0.1377
vn -0.3218 0.9224 0.2137
vn -0.2663 0.9238 0.2751
vn 0.8315 -0.0000 -0.5556
vn 0.8157 -0.1939 -0.5450
vn 0.7689 -0.3805 -0.5138
vn 0.3206 0.9231 -0.2123
vn 0.4653 0.8287 -0.3109
vn 0.6929 -0.5528 -0.4630
vn 0.9239 -0.0000 -0.3827
vn 0.9063 -0.1939 -0.3754
vn -0.3579 -0.9222 0.1467
vn -0.3752 -0.9245 0.0674
vn -0.1965 -0.9804 0.0171
vn 0.8544 -0.3805 -0.3539
vn 0.3569 0.9225 -0.1473
vn 0.5173 0.8285 -0.2143
vn 0.7699 -0.5528 -0.3189
vn 0.6561 0.7041 -0.2718
vn 0.6561 -0.7041 -0.2718
vn 0.7699 0.5528 -0.3189
vn 0.5172 -0.8286 -0.2144
vn 0.8544 0.3805 -0.3539
vn 0.3500 -0.9242 -0.1529
vn 0.9063 0.1939 -0.3754
vn 0.6965 -0.7041 -0.1385
vn 0.5496 -0.8282 -0.1093
vn 0.8173 0.5528 -0.1626
vn 0.9070 0.3805 -0.1804
vn 0.3793 -0.9220 -0.0779
vn 0.9622 0.1939 -0.1914
vn 0.9808 -0.0000 -0.1951
vn 0.9622 -0.1939 -0.1914
vn 0.9070 -0.3805 -0.1804
vn 0.3763 0.9234 -0.0753
vn 0.5489 0.8287 -0.1092
vn 0.8173 -0.5528 -0.1626
vn 0.6965 0.7041 -0.1385
vn 0.9810 -0.1939 -0.0000
vn 0.9248 -0.3805 -0.0000
vn 0.3867 0.9222 -0.0015
vn 0.5599 0.8285 -0.0000
vn 0.8333 -0.5528 -0.0000
vn 0.7101 0.7041 -0.0000
vn 0.7101 -0.7041 -0.0000
vn 0.8333 0.5528 -0.0000
vn 0.5599 -0.8286 0.0002
vn 0.9248 0.3805 -0.0000
vn 0.3816 -0.9243 0.0061
vn 0.9810 0.1939 -0.0000
vn 1.0000 -0.0000 -0.0000
vn -0.0005 -0.9225 0.3861
vn -0.0744 -0.9234 0.3765
vn 0.0737 -0.9232 0.3771
vn 0.5484 -0.8289 0.1108
vn 0.3733 -0.9232 0.0912
vn 0.9070 0.3805 0.1804
vn 0.9622 0.1939 0.1914
vn -0.0794 0.9838 0.1610
vn -0.2026 0.9222 0.3293
vn -0.1627 0.9223 0.3507
vn -0.0807 0.9238 0.3742
vn -0.0210 0.9822 0.1867
vn 0.9808 -0.0000 0.1951
vn 0.9622 -0.1939 0.1914
vn 0.9070 -0.3805 0.1804
vn 0.3779 0.9228 0.0746
vn 0.5488 0.8288 0.1092
vn 0.8173 -0.5528 0.1626
vn 0.6965 0.7041 0.1385
vn 0.6965 -0.7041 0.1385
vn 0.8173 0.5528 0.1626
vn 0.3601 0.9210 0.1488
vn 0.5173 0.8286 0.2143
vn 0.8544 -0.3805 0.3539
vn 0.7699 -0.5528 0.3189
vn 0.6561 0.7041 0.2718
vn 0.6561 -0.7041 0.2718
vn 0.7699 0.5528 0.3189
vn 0.5175 -0.8289 0.2125
vn 0.8544 0.3805 0.3539
vn 0.3601 -0.9231 0.1346
vn 0.9063 0.1939 0.3754
vn 0.1439 0.9816 0.1256
vn 0.1014 0.9804 0.1688
vn 0.2125 0.9235 0.3195
vn 0.2722 0.9221 0.2749
vn 0.3200 0.9228 0.2144
vn 0.9239 -0.0000 0.3827
vn 0.9063 -0.1939 0.3754
vn 0.1716 0.9801 -0.0994
vn 0.7689 0.3805 0.5138
vn 0.8157 0.1939 0.5450
vn 0.8315 -0.0000 0.5556
vn 0.8157 -0.1939 0.5450
vn 0.7689 -0.3805 0.5138
vn 0.4653 0.8288 0.3109
vn 0.6929 -0.5528 0.4630
vn 0.5905 0.7041 0.3945
vn 0.5905 -0.7041 0.3945
vn 0.6929 0.5528 0.4630
vn 0.4656 -0.8286 0.3109
vn 0.3220 -0.9239 0.2069
vn 0.6539 -0.3805 0.6539
vn 0.5893 -0.5528 0.5893
vn 0.3960 0.8285 0.3959
vn 0.5021 0.7041 0.5021
vn 0.5021 -0.7041 0.5021
vn 0.5893 0.5528 0.5893
vn 0.3958 -0.8284 0.3964
vn 0.6539 0.3805 0.6539
vn 0.2753 -0.9219 0.2726
vn 0.6937 0.1939 0.6937
vn 0.0462 0.9804 0.1916
vn 0.0759 0.9235 0.3760
vn 0.1476 0.9226 0.3564
vn 0.7071 -0.0000 0.7071
vn 0.6937 -0.1939 0.6937
vn 0.5450 0.1939 0.8157
vn 0.5556 -0.0000 0.8315
vn 0.5450 -0.1939 0.8157
vn 0.5138 -0.3805 0.7689
vn 0.3109 0.8287 0.4653
vn 0.4630 -0.5528 0.6929
vn 0.3945 0.7041 0.5905
vn 0.3945 -0.7041 0.5905
vn 0.4630 0.5528 0.6929
vn 0.3109 -0.8287 0.4653
vn 0.5138 0.3805 0.7689
vn 0.2134 -0.9232 0.3195
vn 0.2143 0.8285 0.5173
vn 0.2718 0.7041 0.6561
vn 0.3189 -0.5528 0.7699
vn 0.2718 -0.7041 0.6561
vn 0.3189 0.5528 0.7699
vn 0.2143 -0.8285 0.5173
vn 0.3539 0.3805 0.8544
vn 0.1460 -0.9218 0.3592
vn 0.3754 0.1939 0.9063
vn -0.1466 -0.9222 0.3578
vn 0.3827 -0.0000 0.9239
vn 0.3754 -0.1939 0.9063
vn 0.0029 0.9221 0.3868
vn 0.3539 -0.3805 0.8544
vn 0.1914 0.1939 0.9622
vn 0.1951 -0.0000 0.9808
vn 0.1914 -0.1939 0.9622
vn 0.1804 -0.3805 0.9070
vn 0.1092 0.8287 0.5489
vn 0.1626 -0.5528 0.8173
vn 0.1385 0.7041 0.6965
vn 0.1385 -0.7041 0.6965
vn 0.1626 0.5528 0.8173
vn 0.1092 -0.8287 0.5489
vn 0.1804 0.3805 0.9070
vn -0.0000 -0.5528 0.8333
vn -0.0000 -0.7041 0.7101
vn -0.0000 0.7041 0.7101
vn -0.0000 0.5528 0.8333
vn -0.0000 -0.8285 0.5599
vn -0.0000 0.3805 0.9248
vn -0.0000 0.1939 0.9810
vn 0.1287 -0.9807 -0.1470
vn 0.0731 -0.9827 -0.1702
vn -0.0000 -0.0000 1.0000
vn -0.1158 -0.9817 -0.1512
vn -0.0000 -0.1939 0.9810
vn -0.0000 -0.3805 0.9248
vn 0.0004 0.8284 0.5601
vn -0.1951 -0.0000 0.9808
vn -0.1914 -0.1939 0.9622
vn -0.1804 -0.3805 0.9070
vn -0.1095 0.8286 0.5490
vn -0.1626 -0.5528 0.8173
vn -0.1385 0.7041 0.6965
vn -0.1385 -0.7041 0.6965
vn -0.1626 0.5528 0.8173
vn -0.1092 -0.8287 0.5489
vn -0.1804 0.3805 0.9070
vn -0.1914 0.1939 0.9622
vn -0.2718 -0.7041 0.6561
vn -0.2143 -0.8285 0.5173
vn -0.3189 0.5528 0.7699
vn -0.3539 0.3805 0.8544
vn -0.3754 0.1939 0.9063
vn 0.1934 0.9801 -0.0437
vn 0.1928 0.9811 0.0164
vn -0.3827 -0.0000 0.9239
vn -0.0003 1.0000 -0.0004
vn -0.1280 0.9811 -0.1451
vn -0.1848 0.9798 -0.0762
vn -0.3754 -0.1939 0.9063
vn -0.1591 0.9232 -0.3499
vn -0.1991 0.9233 -0.3285
vn -0.2657 0.9242 -0.2742
vn -0.3539 -0.3805 0.8544
vn -0.2157 0.8289 0.5161
vn -0.3189 -0.5528 0.7699
vn -0.2718 0.7041 0.6561
vn 0.1660 0.9837 0.0698
vn -0.5450 -0.1939 0.8157
vn -0.5138 -0.3805 0.7689
vn -0.3093 0.8289 0.4660
vn -0.4630 -0.5528 0.6929
vn -0.3945 0.7041 0.5905
vn -0.3945 -0.7041 0.5905
vn -0.4630 0.5528 0.6929
vn -0.3109 -0.8288 0.4653
vn -0.5138 0.3805 0.7689
vn -0.5450 0.1939 0.8157
vn -0.5556 -0.0000 0.8315
vn 0.1772 -0.9799 -0.0916
vn -0.5893 0.5528 0.5893
vn -0.6539 0.3805 0.6539
vn -0.3959 -0.8286 0.3959
vn -0.6937 0.1939 0.6937
vn -0.7071 -0.0000 0.7071
vn -0.6937 -0.1939 0.6937
vn -0.6539 -0.3805 0.6539
vn -0.3957 0.8286 0.3960
vn -0.5893 -0.5528 0.5893
vn -0.5021 0.7041 0.5021
vn -0.5021 -0.7041 0.5021
vn -0.8157 -0.1939 0.5450
vn -0.7689 -0.3805 0.5138
vn -0.4660 0.8284 0.3108
vn -0.6929 -0.5528 0.4630
vn -0.5905 0.7041 0.3945
vn -0.5905 -0.7041 0.3945
vn -0.6929 0.5528 0.4630
vn -0.4653 -0.8288 0.3109
vn -0.7689 0.3805 0.5138
vn -0.8157 0.1939 0.5450
vn -0.8315 -0.0000 0.5556
vn -0.5173 -0.8284 0.2148
vn -0.8544 0.3805 0.3539
vn -0.9063 0.1939 0.3754
vn -0.9239 -0.0000 0.3827
vn -0.9063 -0.1939 0.3754
vn -0.8544 -0.3805 0.3539
vn -0.5170 0.8287 0.2142
vn -0.7699 -0.5528 0.3189
vn -0.6561 0.7041 0.2718
vn -0.6561 -0.7041 0.2718
vn -0.7699 0.5528 0.3189
vn -0.5492 0.8285 0.1092
vn -0.9070 -0.3805 0.1804
vn -0.8173 -0.5528 0.1626
vn -0.6965 0.7041 0.1385
vn -0.6965 -0.7041 0.1385
vn -0.8173 0.5528 0.1626
vn -0.5491 -0.8286 0.1090
vn -0.9070 0.3805 0.1804
vn -0.9622 0.1939 0.1914
vn -0.9808 -0.0000 0.1951
vn -0.9622 -0.1939 0.1914
vn -0.9248 0.3805 -0.0000
vn -0.9810 0.1939 -0.0000
vn -0.3240 0.9219 -0.2127
vn -0.3558 0.9230 -0.1470
vn -1.0000 -0.0000 -0.0000
vn -0.9810 -0.1939 -0.0000
vn -0.9248 -0.3805 -0.0000
vn -0.5596 0.8287 -0.0000
vn -0.8333 -0.5528 -0.0000
vn -0.7101 0.7041 -0.0000
vn -0.7101 -0.7041 -0.0000
vn -0.8333 0.5528 -0.0000
vn -0.5594 -0.8289 -0.0017
vn -0.3821 -0.9240 -0.0146
vn -0.9070 -0.3805 -0.1804
vn -0.8173 -0.5528 -0.1626
vn -0.5492 0.8285 -0.1092
vn -0.6965 0.7041 -0.1385
vn -0.6965 -0.7041 -0.1385
vn -0.8173 0.5528 -0.1626
vn -0.5493 -0.8287 -0.1071
vn -0.9070 0.3805 -0.1804
vn -0.3780 -0.9239 -0.0593
vn -0.9622 0.1939 -0.1914
vn -0.9808 -0.0000 -0.1951
vn -0.9622 -0.1939 -0.1914
vn -0.3796 0.9219 -0.0775
vn -0.9063 0.1939 -0.3754
vn -0.9239 -0.0000 -0.3827
vn -0.9063 -0.1939 -0.3754
vn -0.8544 -0.3805 -0.3539
vn -0.5170 0.8287 -0.2142
vn -0.7699 -0.5528 -0.3189
vn -0.6561 0.7041 -0.2718
vn -0.6561 -0.7041 -0.2718
vn -0.7699 0.5528 -0.3189
vn -0.5174 -0.8284 -0.2143
vn -0.8544 0.3805 -0.3539
vn -0.3510 -0.9252 -0.1444
vn -0.6929 -0.5528 -0.4630
vn -0.5905 -0.7041 -0.3945
vn -0.5905 0.7041 -0.3945
vn -0.6929 0.5528 -0.4630
vn -0.4641 -0.8287 -0.3127
vn -0.7689 0.3805 -0.5138
vn -0.3125 -0.9230 -0.2246
vn -0.8157 0.1939 -0.5450
vn -0.8315 -0.0000 -0.5556
vn -0.8157 -0.1939 -0.5450
vn -0.7689 -0.3805 -0.5138
vn -0.4660 0.8284 -0.3108
vn -0.7071 -0.0000 -0.7071
vn -0.6937 -0.1939 -0.6937
vn -0.6539 -0.3805 -0.6539
vn -0.3957 0.8286 -0.3960
vn -0.5893 -0.5528 -0.5893
vn -0.5021 0.7041 -0.5021
vn -0.5021 -0.7041 -0.5021
vn -0.5893 0.5528 -0.5893
vn -0.3968 -0.8289 -0.3944
vn -0.6539 0.3805 -0.6539
vn -0.2838 -0.9232 -0.2592
vn -0.6937 0.1939 -0.6937
vn -0.3945 0.7041 -0.5905
vn -0.4630 0.5528 -0.6929
vn -0.3945 -0.7041 -0.5905
vn -0.3112 -0.8286 -0.4654
vn -0.5138 0.3805 -0.7689
vn -0.2170 -0.9242 -0.3144
vn -0.5450 0.1939 -0.8157
vn -0.1863 -0.9803 -0.0653
vn -0.5556 -0.0000 -0.8315
vn -0.5450 -0.1939 -0.8157
vn -0.1446 -0.9216 -0.3601
vn -0.5138 -0.3805 -0.7689
vn -0.3094 0.8289 -0.4661
vn -0.4630 -0.5528 -0.6929
vn -0.3827 -0.0000 -0.9239
vn -0.3754 -0.1939 -0.9063
vn -0.3539 -0.3805 -0.8544
vn -0.2157 0.8289 -0.5162
vn -0.3189 -0.5528 -0.7699
vn -0.2718 0.7041 -0.6561
vn -0.2718 -0.7041 -0.6561
vn -0.3189 0.5528 -0.7699
vn -0.2139 -0.8284 -0.5177
vn -0.3539 0.3805 -0.8544
vn -0.3754 0.1939 -0.9063
vn -0.1385 -0.7041 -0.6965
vn -0.1092 -0.8287 -0.5489
vn -0.1626 0.5528 -0.8173
vn -0.1804 0.3805 -0.9070
vn -0.1914 0.1939 -0.9622
vn -0.1951 -0.0000 -0.9808
vn -0.1914 -0.1939 -0.9622
vn -0.1804 -0.3805 -0.9070
vn -0.1094 0.8286 -0.5491
vn -0.1626 -0.5528 -0.8173
vn -0.1385 0.7041 -0.6965
vn -0.0000 0.1940 0.9810
vn -0.1914 0.1940 0.9622
vn 0.1800 -0.9802 -0.0828
vn 0.3546 -0.9233 -0.1475
vn 0.3794 -0.9220 -0.0776
vn 0.3842 -0.9232 -0.0000
vn 0.1942 -0.9809 -0.0031
vn -0.0000 0.3806 0.9247
vn -0.1804 0.3806 0.9070
vn -0.0005 -0.8284 0.5601
vn -0.1092 -0.8288 0.5488
vn -0.0735 -0.9232 0.3771
vn -0.0004 -0.9226 0.3857
vn -0.1385 -0.7041 0.6964
vn -0.1385 0.7041 0.6964
vn -0.0000 0.8286 0.5599
vn -0.1092 0.8288 0.5488
vn -0.0000 -0.3806 0.9247
vn -0.1804 -0.3806 0.9070
vn 0.0006 0.9223 0.3865
vn -0.0747 0.9231 0.3772
vn -0.0000 -0.1940 0.9810
vn -0.1914 -0.1940 0.9622
vn 0.0800 -0.9243 0.3732
vn -0.0244 -0.9803 0.1962
vn 0.0436 -0.9801 0.1935
vn -0.1741 0.9797 -0.0997
vn -0.1938 0.9810 -0.0057
vn 0.0003 1.0000 0.0004
vn -0.1055 0.9812 -0.1617
vn -0.3754 -0.1940 0.9063
vn -0.3754 0.1940 0.9063
vn -0.0273 0.9802 -0.1963
vn 0.1282 0.9839 -0.1248
vn 0.0880 0.9811 -0.1721
vn 0.0328 0.9802 -0.1955
vn -0.3539 0.3806 0.8544
vn -0.2143 -0.8286 0.5172
vn -0.1454 -0.9217 0.3597
vn -0.2717 -0.7041 0.6560
vn -0.2717 0.7041 0.6560
vn -0.2139 0.8285 0.5176
vn -0.3539 -0.3806 0.8544
vn -0.1477 0.9215 0.3592
vn -0.2137 -0.9231 0.3199
vn -0.1052 -0.9817 0.1590
vn -0.3945 0.7041 0.5904
vn -0.3945 -0.7041 0.5904
vn -0.3111 0.8287 0.4654
vn -0.5138 -0.3806 0.7689
vn -0.2175 0.9240 0.3144
vn -0.5450 -0.1940 0.8157
vn -0.5450 0.1940 0.8157
vn -0.5138 0.3806 0.7689
vn 0.0326 0.9799 0.1968
vn -0.0258 0.9807 0.1936
vn 0.0736 0.9230 0.3776
vn -0.6937 0.1940 0.6937
vn 0.2752 0.9209 -0.2761
vn 0.2135 0.9228 -0.3208
vn 0.1719 0.9818 -0.0807
vn 0.3204 0.9229 -0.2137
vn -0.6539 0.3806 0.6539
vn -0.2766 -0.9217 0.2721
vn -0.5892 0.5528 0.5892
vn -0.5892 -0.5528 0.5892
vn -0.3967 0.8289 0.3943
vn -0.6539 -0.3806 0.6539
vn -0.2818 0.9236 0.2600
vn -0.6937 -0.1940 0.6937
vn -0.5904 -0.7041 0.3945
vn -0.4641 0.8289 0.3122
vn -0.5904 0.7041 0.3945
vn -0.7689 -0.3806 0.5138
vn -0.3107 0.9235 0.2249
vn -0.8157 -0.1940 0.5450
vn 0.1394 -0.9806 -0.1376
vn 0.2664 -0.9238 -0.2751
vn 0.3218 -0.9224 -0.2136
vn -0.8157 0.1940 0.5450
vn -0.7689 0.3806 0.5138
vn -0.3206 -0.9231 0.2123
vn -0.9063 0.1940 0.3754
vn 0.3578 0.9222 -0.1467
vn 0.1964 0.9804 -0.0172
vn 0.3752 0.9245 -0.0675
vn -0.8544 0.3806 0.3539
vn -0.5173 -0.8286 0.2143
vn -0.3568 -0.9225 0.1473
vn -0.6560 -0.7041 0.2717
vn -0.6560 0.7041 0.2717
vn -0.5171 0.8286 0.2144
vn -0.8544 -0.3806 0.3539
vn -0.3500 0.9242 0.1529
vn -0.9063 -0.1940 0.3754
vn -0.5496 0.8283 0.1093
vn -0.6964 0.7041 0.1385
vn -0.9070 -0.3806 0.1804
vn -0.3792 0.9220 0.0779
vn -0.9622 -0.1940 0.1914
vn -0.9622 0.1940 0.1914
vn -0.9070 0.3806 0.1804
vn -0.5488 -0.8288 0.1092
vn -0.3762 -0.9235 0.0753
vn -0.6964 -0.7041 0.1385
vn -0.9247 0.3806 -0.0000
vn -0.9810 0.1940 -0.0000
vn -0.5599 -0.8286 -0.0000
vn -0.3866 -0.9223 0.0015
vn -0.5598 0.8286 -0.0002
vn -0.9247 -0.3806 -0.0000
vn -0.3816 0.9243 -0.0060
vn -0.9810 -0.1940 -0.0000
vn 0.0005 0.9225 -0.3860
vn -0.0737 0.9232 -0.3771
vn 0.0744 0.9235 -0.3764
vn -0.3732 0.9232 -0.0912
vn -0.5483 0.8289 -0.1108
vn -0.9622 -0.1940 -0.1914
vn -0.9070 -0.3806 -0.1804
vn 0.0794 -0.9838 -0.1610
vn 0.0210 -0.9822 -0.1865
vn 0.0807 -0.9238 -0.3742
vn 0.1628 -0.9223 -0.3506
vn 0.2027 -0.9222 -0.3292
vn -0.9622 0.1940 -0.1914
vn -0.9070 0.3806 -0.1804
vn -0.5488 -0.8288 -0.1092
vn -0.3779 -0.9228 -0.0746
vn -0.6964 -0.7041 -0.1385
vn -0.6964 0.7041 -0.1385
vn -0.5172 -0.8286 -0.2142
vn -0.3600 -0.9210 -0.1487
vn -0.8544 0.3806 -0.3539
vn -0.6560 -0.7041 -0.2717
vn -0.6560 0.7041 -0.2717
vn -0.5174 0.8289 -0.2125
vn -0.8544 -0.3806 -0.3539
vn -0.3600 0.9232 -0.1346
vn -0.9063 -0.1940 -0.3754
vn -0.1438 -0.9816 -0.1255
vn -0.3200 -0.9228 -0.2144
vn -0.2722 -0.9222 -0.2748
vn -0.2125 -0.9235 -0.3194
vn -0.1014 -0.9804 -0.1687
vn -0.9063 0.1940 -0.3754
vn -0.1715 -0.9802 0.0993
vn -0.8157 -0.1940 -0.5450
vn -0.7689 -0.3806 -0.5138
vn -0.8157 0.1940 -0.5450
vn -0.7689 0.3806 -0.5138
vn -0.4653 -0.8288 -0.3108
vn -0.5904 -0.7041 -0.3945
vn -0.5904 0.7041 -0.3945
vn -0.4655 0.8286 -0.3109
vn -0.3220 0.9239 -0.2069
vn -0.5892 0.5528 -0.5892
vn -0.6539 0.3806 -0.6539
vn -0.3959 -0.8286 -0.3959
vn -0.5892 -0.5528 -0.5892
vn -0.3957 0.8284 -0.3964
vn -0.6539 -0.3806 -0.6539
vn -0.2753 0.9219 -0.2725
vn -0.6937 -0.1940 -0.6937
vn -0.1476 -0.9226 -0.3563
vn -0.0759 -0.9235 -0.3760
vn -0.0462 -0.9804 -0.1914
vn -0.6937 0.1940 -0.6937
vn -0.5450 -0.1940 -0.8157
vn -0.5450 0.1940 -0.8157
vn -0.5138 0.3806 -0.7689
vn -0.3109 -0.8288 -0.4653
vn -0.3945 -0.7041 -0.5904
vn -0.3945 0.7041 -0.5904
vn -0.3109 0.8288 -0.4653
vn -0.5138 -0.3806 -0.7689
vn -0.2134 0.9232 -0.3195
vn -0.2717 -0.7041 -0.6560
vn -0.2143 -0.8286 -0.5173
vn -0.2717 0.7041 -0.6560
vn -0.2143 0.8286 -0.5173
vn -0.3539 -0.3806 -0.8544
vn -0.1460 0.9218 -0.3591
vn -0.3754 -0.1940 -0.9063
vn 0.1466 0.9223 -0.3577
vn -0.3754 0.1940 -0.9063
vn -0.0029 -0.9222 -0.3867
vn -0.3539 0.3806 -0.8544
vn -0.1914 -0.1940 -0.9622
vn -0.1914 0.1940 -0.9622
vn -0.1804 0.3806 -0.9070
vn -0.1092 -0.8288 -0.5488
vn -0.1385 -0.7041 -0.6964
vn -0.1385 0.7041 -0.6964
vn -0.1092 0.8288 -0.5488
vn -0.1804 -0.3806 -0.9070
vn -0.0000 0.8286 -0.5599
vn -0.0000 -0.3806 -0.9247
vn -0.0000 -0.1940 -0.9810
vn -0.0730 0.9827 0.1702
vn -0.1285 0.9808 0.1470
vn 0.1157 0.9817 0.1513
vn -0.0000 0.1940 -0.9810
vn -0.0000 0.3806 -0.9247
vn -0.0004 -0.8284 -0.5601
vn 0.1914 0.1940 -0.9622
vn 0.1804 0.3806 -0.9070
vn 0.1094 -0.8287 -0.5489
vn 0.1385 -0.7041 -0.6964
vn 0.1385 0.7041 -0.6964
vn 0.1092 0.8288 -0.5488
vn 0.1804 -0.3806 -0.9070
vn 0.1914 -0.1940 -0.9622
vn 0.2143 0.8286 -0.5172
vn 0.2717 0.7041 -0.6560
vn 0.3539 -0.3806 -0.8544
vn 0.3754 -0.1940 -0.9063
vn -0.1933 -0.9802 0.0437
vn -0.1926 -0.9811 -0.0164
vn 0.0003 -1.0000 0.0004
vn 0.1846 -0.9799 0.0760
vn 0.1281 -0.9811 0.1450
vn 0.3754 0.1940 -0.9063
vn 0.2657 -0.9242 0.2742
vn 0.1991 -0.9233 0.3285
vn 0.1590 -0.9232 0.3498
vn 0.3539 0.3806 -0.8544
vn 0.2156 -0.8290 -0.5160
vn 0.2717 -0.7041 -0.6560
vn -0.1660 -0.9836 -0.0699
vn 0.5138 0.3806 -0.7689
vn 0.5450 0.1940 -0.8157
vn 0.3093 -0.8290 -0.4660
vn 0.3945 -0.7041 -0.5904
vn 0.3945 0.7041 -0.5904
vn 0.3109 0.8288 -0.4652
vn 0.5138 -0.3806 -0.7689
vn 0.5450 -0.1940 -0.8157
vn -0.1771 0.9799 0.0915
vn 0.6539 -0.3806 -0.6539
vn 0.5892 -0.5528 -0.5892
vn 0.3958 0.8286 -0.3958
vn 0.6937 -0.1940 -0.6937
vn 0.6937 0.1940 -0.6937
vn 0.6539 0.3806 -0.6539
vn 0.3956 -0.8287 -0.3960
vn 0.5892 0.5528 -0.5892
vn 0.7689 0.3806 -0.5138
vn 0.8157 0.1940 -0.5450
vn 0.4659 -0.8284 -0.3108
vn 0.5904 -0.7041 -0.3945
vn 0.5904 0.7041 -0.3945
vn 0.4652 0.8288 -0.3109
vn 0.7689 -0.3806 -0.5138
vn 0.8157 -0.1940 -0.5450
vn 0.5173 0.8284 -0.2148
vn 0.9063 -0.1940 -0.3754
vn 0.8544 -0.3806 -0.3539
vn 0.9063 0.1940 -0.3754
vn 0.8544 0.3806 -0.3539
vn 0.5170 -0.8288 -0.2141
vn 0.6560 -0.7041 -0.2717
vn 0.6560 0.7041 -0.2717
vn 0.5491 -0.8286 -0.1092
vn 0.9070 0.3806 -0.1804
vn 0.6964 -0.7041 -0.1385
vn 0.6964 0.7041 -0.1385
vn 0.5491 0.8286 -0.1091
vn 0.9070 -0.3806 -0.1804
vn 0.9622 -0.1940 -0.1914
vn 0.9622 0.1940 -0.1914
vn 0.9810 -0.1940 -0.0000
vn 0.9247 -0.3806 -0.0000
vn 0.3558 -0.9230 0.1469
vn 0.3240 -0.9219 0.2125
vn 0.9810 0.1940 -0.0000
vn 0.9247 0.3806 -0.0000
vn 0.5596 -0.8288 -0.0000
vn 0.5594 0.8289 0.0017
vn 0.3819 0.9241 0.0146
vn 0.9070 0.3806 0.1804
vn 0.6964 -0.7041 0.1385
vn 0.5491 -0.8286 0.1092
vn 0.6964 0.7041 0.1385
vn 0.5493 0.8288 0.1070
vn 0.9070 -0.3806 0.1804
vn 0.3779 0.9240 0.0593
vn 0.9622 -0.1940 0.1914
vn 0.9622 0.1940 0.1914
vn 0.3795 -0.9219 0.0775
vn 0.9063 -0.1940 0.3754
vn 0.9063 0.1940 0.3754
vn 0.8544 0.3806 0.3539
vn 0.5170 -0.8288 0.2141
vn 0.6560 -0.7041 0.2717
vn 0.6560 0.7041 0.2717
vn 0.5174 0.8285 0.2143
vn 0.8544 -0.3806 0.3539
vn 0.3510 0.9252 0.1444
vn 0.5904 0.7041 0.3945
vn 0.5904 -0.7041 0.3945
vn 0.4641 0.8288 0.3127
vn 0.7689 -0.3806 0.5138
vn 0.3124 0.9230 0.2246
vn 0.8157 -0.1940 0.5450
vn 0.8157 0.1940 0.5450
vn 0.7689 0.3806 0.5138
vn 0.4660 -0.8284 0.3108
vn 0.6937 0.1940 0.6937
vn 0.6539 0.3806 0.6539
vn 0.3957 -0.8286 0.3960
vn 0.5892 0.5528 0.5892
vn 0.5892 -0.5528 0.5892
vn 0.3967 0.8289 0.3943
vn 0.6539 -0.3806 0.6539
vn 0.2838 0.9232 0.2592
vn 0.6937 -0.1940 0.6937
vn 0.3945 -0.7041 0.5904
vn 0.3111 0.8286 0.4654
vn 0.3945 0.7041 0.5904
vn 0.5138 -0.3806 0.7689
vn 0.2169 0.9241 0.3145
vn 0.5450 -0.1940 0.8157
vn 0.1862 0.9803 0.0653
vn 0.5450 0.1940 0.8157
vn 0.1444 0.9217 0.3601
vn 0.5138 0.3806 0.7689
vn 0.3093 -0.8289 0.4661
vn 0.3754 0.1940 0.9063
vn 0.3539 0.3806 0.8544
vn 0.2157 -0.8289 0.5161
vn 0.2717 -0.7041 0.6560
vn 0.2717 0.7041 0.6560
vn 0.2139 0.8284 0.5176
vn 0.3539 -0.3806 0.8544
vn 0.3754 -0.1940 0.9063
vn 0.1092 0.8288 0.5488
vn 0.1385 0.7041 0.6964
vn 0.1804 -0.3806 0.9070
vn 0.1914 -0.1940 0.9622
vn 0.1914 0.1940 0.9622
vn 0.1804 0.3806 0.9070
vn 0.1094 -0.8286 0.5490
vn 0.1385 -0.7041 0.6964
vt 0.750000 0.812500
vt 0.750000 0.687500
vt 0.750000 0.562500
vt 0.750000 0.500000
vt 0.750000 0.437500
vt 0.750000 0.312500
vt 0.718750 0.937500
vt 0.718750 0.875000
vt 0.718750 0.812500
vt 0.718750 0.750000
vt 0.718750 0.687500
vt 0.718750 0.625000
vt 0.718750 0.562500
vt 0.718750 0.500000
vt 0.718750 0.437500
vt 0.718750 0.375000
vt 0.718750 0.312500
vt 0.718750 0.250000
vt 0.718750 0.187500
vt 0.718750 0.125000
vt 0.718750 0.062500
vt 0.687500 0.875000
vt 0.687500 0.812500
vt 0.687500 0.750000
vt 0.687500 0.687500
vt 0.687500 0.625000
vt 0.687500 0.562500
vt 0.687500 0.500000
vt 0.687500 0.437500
vt 0.687500 0.375000
vt 0.687500 0.312500
vt 0.687500 0.250000
vt 0.687500 0.187500
vt 0.687500 0.125000
vt 0.687500 0.062500
vt 0.656250 0.937500
vt 0.656250 0.875000
vt 0.656250 0.812500
vt 0.656250 0.750000
vt 0.656250 0.687500
vt 0.656250 0.625000
vt 0.656250 0.562500
vt 0.656250 0.500000
vt 0.656250 0.437500
vt 0.656250 0.375000
vt 0.656250 0.312500
vt 0.656250 0.250000
vt 0.656250 0.187500
vt 0.656250 0.125000
vt 0.656250 0.062500
vt 0.625000 0.875000
vt 0.625000 0.812500
vt 0.625000 0.750000
vt 0.625000 0.687500
vt 0.625000 0.625000
vt 0.625000 0.562500
vt 0.625000 0.500000
vt 0.625000 0.437500
vt 0.625000 0.375000
vt 0.625000 0.312500
vt 0.625000 0.250000
vt 0.625000 0.187500
vt 0.625000 0.125000
vt 0.593750 0.937500
vt 0.593750 0.875000
vt 0.593750 0.812500
vt 0.593750 0.750000
vt 0.593750 0.687500
vt 0.593750 0.625000
vt 0.593750 0.562500
vt 0.593750 0.500000
vt 0.593750 0.437500
vt 0.593750 0.375000
vt 0.593750 0.312500
vt 0.593750 0.250000
vt 0.593750 0.187500
vt 0.593750 0.125000
vt 0.890625 1.000000
vt 0.671875 1.000000
vt 0.203125 1.000000
vt 0.453125 1.000000
vt 0.015625 1.000000
vt 0.562500 0.875000
vt 0.562500 0.812500
vt 0.562500 0.750000
vt 0.562500 0.687500
vt 0.562500 0.625000
vt 0.562500 0.562500
vt 0.562500 0.500000
vt 0.562500 0.437500
vt 0.562500 0.375000
vt 0.562500 0.312500
vt 0.562500 0.250000
vt 0.562500 0.187500
vt 0.562500 0.125000
vt 0.562500 0.062500
vt 0.531250 0.937500
vt 0.531250 0.875000
vt 0.531250 0.812500
vt 0.531250 0.750000
vt 0.531250 0.687500
vt 0.531250 0.625000
vt 0.531250 0.562500
vt 0.531250 0.500000
vt 0.531250 0.437500
vt 0.531250 0.375000
vt 0.531250 0.312500
vt 0.531250 0.250000
vt 0.531250 0.187500
vt 0.531250 0.125000
vt 0.500000 0.875000
vt 0.500000 0.812500
vt 0.500000 0.750000
vt 0.500000 0.687500
vt 0.500000 0.625000
vt 0.500000 0.562500
vt 0.500000 0.500000
vt 0.500000 0.437500
vt 0.500000 0.375000
vt 0.500000 0.312500
vt 0.500000 0.250000
vt 0.500000 0.187500
vt 0.500000 0.125000
vt 0.500000 0.062500
vt 0.468750 0.937500
vt 0.468750 0.875000
vt 0.468750 0.812500
vt 0.468750 0.750000
vt 0.468750 0.687500
vt 0.468750 0.625000
vt 0.468750 0.562500
vt 0.468750 0.500000
vt 0.468750 0.437500
vt 0.468750 0.375000
vt 0.468750 0.312500
vt 0.468750 0.250000
vt 0.468750 0.187500
vt 0.468750 0.125000
vt 0.437500 0.937500
vt 0.437500 0.875000
vt 0.437500 0.812500
vt 0.437500 0.750000
vt 0.437500 0.687500
vt 0.437500 0.625000
vt 0.437500 0.562500
vt 0.437500 0.500000
vt 0.437500 0.437500
vt 0.437500 0.375000
vt 0.437500 0.312500
vt 0.437500 0.250000
vt 0.437500 0.187500
vt 0.437500 0.125000
vt 0.406250 0.937500
vt 0.406250 0.875000
vt 0.406250 0.812500
vt 0.406250 0.750000
vt 0.406250 0.687500
vt 0.406250 0.625000
vt 0.406250 0.562500
vt 0.406250 0.500000
vt 0.406250 0.437500
vt 0.406250 0.375000
vt 0.406250 0.312500
vt 0.406250 0.250000
vt 0.406250 0.187500
vt 0.406250 0.125000
vt 0.406250 0.062500
vt 0.375000 0.875000
vt 0.375000 0.812500
vt 0.375000 0.750000
vt 0.375000 0.687500
vt 0.375000 0.625000
vt 0.375000 0.562500
vt 0.375000 0.500000
vt 0.375000 0.437500
vt 0.375000 0.375000
vt 0.375000 0.312500
vt 0.375000 0.250000
vt 0.375000 0.187500
vt 0.375000 0.125000
vt 0.343750 0.937500
vt 0.343750 0.875000
vt 0.343750 0.812500
vt 0.343750 0.750000
vt 0.343750 0.687500
vt 0.343750 0.625000
vt 0.343750 0.562500
vt 0.343750 0.500000
vt 0.343750 0.437500
vt 0.343750 0.375000
vt 0.343750 0.312500
vt 0.343750 0.250000
vt 0.343750 0.187500
vt 0.343750 0.125000
vt 0.343750 0.062500
vt 0.312500 0.875000
vt 0.312500 0.812500
vt 0.312500 0.750000
vt 0.312500 0.687500
vt 0.312500 0.625000
vt 0.312500 0.562500
vt 0.312500 0.500000
vt 0.312500 0.437500
vt 0.312500 0.375000
vt 0.312500 0.312500
vt 0.312500 0.250000
vt 0.312500 0.187500
vt 0.312500 0.125000
vt 0.281250 0.937500
vt 0.281250 0.875000
vt 0.281250 0.812500
vt 0.281250 0.750000
vt 0.281250 0.687500
vt 0.281250 0.625000
vt 0.281250 0.562500
vt 0.281250 0.500000
vt 0.281250 0.437500
vt 0.281250 0.375000
vt 0.281250 0.312500
vt 0.281250 0.250000
vt 0.281250 0.187500
vt 0.281250 0.125000
vt 0.281250 0.062500
vt 0.250000 0.875000
vt 0.250000 0.812500
vt 0.250000 0.750000
vt 0.250000 0.687500
vt 0.250000 0.625000
vt 0.250000 0.562500
vt 0.250000 0.500000
vt 0.250000 0.437500
vt 0.250000 0.375000
vt 0.250000 0.312500
vt 0.250000 0.250000
vt 0.250000 0.187500
vt 0.250000 0.125000
vt 0.218750 0.937500
vt 0.218750 0.875000
vt 0.218750 0.812500
vt 0.218750 0.750000
vt 0.218750 0.687500
vt 0.218750 0.625000
vt 0.218750 0.562500
vt 0.218750 0.500000
vt 0.218750 0.437500
vt 0.218750 0.375000
vt 0.218750 0.312500
vt 0.218750 0.250000
vt 0.218750 0.187500
vt 0.218750 0.125000
vt 0.218750 0.062500
vt 0.187500 0.937500
vt 0.187500 0.875000
vt 0.187500 0.812500
vt 0.187500 0.750000
vt 0.187500 0.687500
vt 0.187500 0.625000
vt 0.187500 0.562500
vt 0.187500 0.500000
vt 0.187500 0.437500
vt 0.187500 0.375000
vt 0.187500 0.312500
vt 0.187500 0.250000
vt 0.187500 0.187500
vt 0.187500 0.125000
vt 0.156250 0.875000
vt 0.156250 0.812500
vt 0.156250 0.750000
vt 0.156250 0.687500
vt 0.156250 0.625000
vt 0.156250 0.562500
vt 0.156250 0.500000
vt 0.156250 0.437500
vt 0.156250 0.375000
vt 0.156250 0.312500
vt 0.156250 0.250000
vt 0.156250 0.187500
vt 0.156250 0.125000
vt 0.156250 0.062500
vt 0.125000 0.937500
vt 0.125000 0.875000
vt 0.125000 0.812500
vt 0.125000 0.750000
vt 0.125000 0.687500
vt 0.125000 0.625000
vt 0.125000 0.562500
vt 0.125000 0.500000
vt 0.125000 0.437500
vt 0.125000 0.375000
vt 0.125000 0.312500
vt 0.125000 0.250000
vt 0.125000 0.187500
vt 0.125000 0.125000
vt 0.125000 0.062500
vt 0.484375 0.000000
vt 0.328125 0.000000
vt 0.828125 0.000000
vt 0.671875 0.000000
vt 0.109375 0.000000
vt 0.093750 0.875000
vt 0.093750 0.812500
vt 0.093750 0.750000
vt 0.093750 0.687500
vt 0.093750 0.625000
vt 0.093750 0.562500
vt 0.093750 0.500000
vt 0.093750 0.437500
vt 0.093750 0.375000
vt 0.093750 0.312500
vt 0.093750 0.250000
vt 0.093750 0.187500
vt 0.093750 0.125000
vt 0.093750 0.062500
vt 0.062500 0.937500
vt 0.062500 0.875000
vt 0.062500 0.812500
vt 0.062500 0.750000
vt 0.062500 0.687500
vt 0.062500 0.625000
vt 0.062500 0.562500
vt 0.062500 0.500000
vt 0.062500 0.437500
vt 0.062500 0.375000
vt 0.062500 0.312500
vt 0.062500 0.250000
vt 0.062500 0.187500
vt 0.062500 0.125000
vt 0.031250 0.875000
vt 0.031250 0.812500
vt 0.031250 0.750000
vt 0.031250 0.687500
vt 0.031250 0.625000
vt 0.031250 0.562500
vt 0.031250 0.500000
vt 0.031250 0.437500
vt 0.031250 0.375000
vt 0.031250 0.312500
vt 0.031250 0.250000
vt 0.031250 0.187500
vt 0.031250 0.125000
vt 0.031250 0.062500
vt 1.000000 0.937500
vt 0.000000 0.937500
vt 0.000000 0.875000
vt 1.000000 0.875000
vt 0.000000 0.812500
vt 1.000000 0.812500
vt 0.000000 0.750000
vt 1.000000 0.750000
vt 0.000000 0.687500
vt 1.000000 0.687500
vt 0.000000 0.625000
vt 1.000000 0.625000
vt 0.000000 0.562500
vt 1.000000 0.562500
vt 0.000000 0.500000
vt 1.000000 0.500000
vt 0.000000 0.437500
vt 1.000000 0.437500
vt 0.000000 0.375000
vt 1.000000 0.375000
vt 0.000000 0.312500
vt 1.000000 0.312500
vt 0.000000 0.250000
vt 1.000000 0.250000
vt 0.000000 0.187500
vt 1.000000 0.187500
vt 0.000000 0.125000
vt 1.000000 0.125000
vt 0.968750 0.875000
vt 0.968750 0.812500
vt 0.968750 0.750000
vt 0.968750 0.687500
vt 0.968750 0.625000
vt 0.968750 0.562500
vt 0.968750 0.500000
vt 0.968750 0.437500
vt 0.968750 0.375000
vt 0.968750 0.312500
vt 0.968750 0.250000
vt 0.968750 0.187500
vt 0.968750 0.125000
vt 0.937500 0.937500
vt 0.937500 0.875000
vt 0.937500 0.812500
vt 0.937500 0.750000
vt 0.937500 0.687500
vt 0.937500 0.625000
vt 0.937500 0.562500
vt 0.937500 0.500000
vt 0.937500 0.437500
vt 0.937500 0.375000
vt 0.937500 0.312500
vt 0.937500 0.250000
vt 0.937500 0.187500
vt 0.937500 0.125000
vt 0.937500 0.062500
vt 0.906250 0.875000
vt 0.906250 0.812500
vt 0.906250 0.750000
vt 0.906250 0.687500
vt 0.906250 0.625000
vt 0.906250 0.562500
vt 0.906250 0.500000
vt 0.906250 0.437500
vt 0.906250 0.375000
vt 0.906250 0.312500
vt 0.906250 0.250000
vt 0.906250 0.187500
vt 0.906250 0.125000
vt 0.875000 0.937500
vt 0.875000 0.875000
vt 0.875000 0.812500
vt 0.875000 0.750000
vt 0.875000 0.687500
vt 0.875000 0.625000
vt 0.875000 0.562500
vt 0.875000 0.500000
vt 0.875000 0.437500
vt 0.875000 0.375000
vt 0.875000 0.312500
vt 0.875000 0.250000
vt 0.875000 0.187500
vt 0.875000 0.125000
vt 0.843750 0.875000
vt 0.843750 0.812500
vt 0.843750 0.750000
vt 0.843750 0.687500
vt 0.843750 0.625000
vt 0.843750 0.562500
vt 0.843750 0.500000
vt 0.843750 0.437500
vt 0.843750 0.375000
vt 0.843750 0.312500
vt 0.843750 0.250000
vt 0.843750 0.187500
vt 0.843750 0.125000
vt 0.843750 0.062500
vt 0.812500 0.875000
vt 0.812500 0.812500
vt 0.812500 0.750000
vt 0.812500 0.687500
vt 0.812500 0.625000
vt 0.812500 0.562500
vt 0.812500 0.500000
vt 0.812500 0.437500
vt 0.812500 0.375000
vt 0.812500 0.312500
vt 0.812500 0.250000
vt 0.812500 0.187500
vt 0.812500 0.125000
vt 0.781250 0.937500
vt 0.781250 0.875000
vt 0.781250 0.812500
vt 0.781250 0.750000
vt 0.781250 0.687500
vt 0.781250 0.625000
vt 0.781250 0.562500
vt 0.781250 0.500000
vt 0.781250 0.437500
vt 0.781250 0.375000
vt 0.781250 0.312500
vt 0.781250 0.250000
vt 0.781250 0.187500
vt 0.781250 0.125000
vt 0.781250 0.062500
vt 0.750000 0.875000
vt 0.750000 0.750000
vt 0.750000 0.625000
vt 0.750000 0.375000
vt 0.750000 0.250000
vt 0.750000 0.187500
vt 0.750000 0.125000
vt 0.750000 0.812500
vt 0.750000 0.687500
vt 0.750000 0.562500
vt 0.750000 0.500000
vt 0.750000 0.437500
vt 0.750000 0.312500
vt 0.718750 0.937500
vt 0.718750 0.875000
vt 0.718750 0.812500
vt 0.718750 0.750000
vt 0.718750 0.687500
vt 0.718750 0.625000
vt 0.718750 0.562500
vt 0.718750 0.500000
vt 0.718750 0.437500
vt 0.718750 0.375000
vt 0.718750 0.312500
vt 0.718750 0.250000
vt 0.718750 0.187500
vt 0.718750 0.125000
vt 0.718750 0.062500
vt 0.687500 0.875000
vt 0.687500 0.812500
vt 0.687500 0.750000
vt 0.687500 0.687500
vt 0.687500 0.625000
vt 0.687500 0.562500
vt 0.687500 0.500000
vt 0.687500 0.437500
vt 0.687500 0.375000
vt 0.687500 0.312500
vt 0.687500 0.250000
vt 0.687500 0.187500
vt 0.687500 0.125000
vt 0.687500 0.062500
vt 0.656250 0.937500
vt 0.656250 0.875000
vt 0.656250 0.812500
vt 0.656250 0.750000
vt 0.656250 0.687500
vt 0.656250 0.625000
vt 0.656250 0.562500
vt 0.656250 0.500000
vt 0.656250 0.437500
vt 0.656250 0.375000
vt 0.656250 0.312500
vt 0.656250 0.250000
vt 0.656250 0.187500
vt 0.656250 0.125000
vt 0.656250 0.062500
vt 0.625000 0.875000
vt 0.625000 0.812500
vt 0.625000 0.750000
vt 0.625000 0.687500
vt 0.625000 0.625000
vt 0.625000 0.562500
vt 0.625000 0.500000
vt 0.625000 0.437500
vt 0.625000 0.375000
vt 0.625000 0.312500
vt 0.625000 0.250000
vt 0.625000 0.187500
vt 0.625000 0.125000
vt 0.593750 0.937500
vt 0.593750 0.875000
vt 0.593750 0.812500
vt 0.593750 0.750000
vt 0.593750 0.687500
vt 0.593750 0.625000
vt 0.593750 0.562500
vt 0.593750 0.500000
vt 0.593750 0.437500
vt 0.593750 0.375000
vt 0.593750 0.312500
vt 0.593750 0.250000
vt 0.593750 0.187500
vt 0.593750 0.125000
vt 0.890625 1.000000
vt 0.671875 1.000000
vt 0.203125 1.000000
vt 0.453125 1.000000
vt 0.015625 1.000000
vt 0.562500 0.875000
vt 0.562500 0.812500
vt 0.562500 0.750000
vt 0.562500 0.687500
vt 0.562500 0.625000
vt 0.562500 0.562500
vt 0.562500 0.500000
vt 0.562500 0.437500
vt 0.562500 0.375000
vt 0.562500 0.312500
vt 0.562500 0.250000
vt 0.562500 0.187500
vt 0.562500 0.125000
vt 0.562500 0.062500
vt 0.531250 0.937500
vt 0.531250 0.875000
vt 0.531250 0.812500
vt 0.531250 0.750000
vt 0.531250 0.687500
vt 0.531250 0.625000
vt 0.531250 0.562500
vt 0.531250 0.500000
vt 0.531250 0.437500
vt 0.531250 0.375000
vt 0.531250 0.312500
vt 0.531250 0.250000
vt 0.531250 0.187500
vt 0.531250 0.125000
vt 0.500000 0.875000
vt 0.500000 0.812500
vt 0.500000 0.750000
vt 0.500000 0.687500
vt 0.500000 0.625000
vt 0.500000 0.562500
vt 0.500000 0.500000
vt 0.500000 0.437500
vt 0.500000 0.375000
vt 0.500000 0.312500
vt 0.500000 0.250000
vt 0.500000 0.187500
vt 0.500000 0.125000
vt 0.500000 0.062500
vt 0.468750 0.937500
vt 0.468750 0.875000
vt 0.468750 0.812500
vt 0.468750 0.750000
vt 0.468750 0.687500
vt 0.468750 0.625000
vt 0.468750 0.562500
vt 0.468750 0.500000
vt 0.468750 0.437500
vt 0.468750 0.375000
vt 0.468750 0.312500
vt 0.468750 0.250000
vt 0.468750 0.187500
vt 0.468750 0.125000
vt 0.437500 0.937500
vt 0.437500 0.875000
vt 0.437500 0.812500
vt 0.437500 0.750000
vt 0.437500 0.687500
vt 0.437500 0.625000
vt 0.437500 0.562500
vt 0.437500 0.500000
vt 0.437500 0.437500
vt 0.437500 0.375000
vt 0.437500 0.312500
vt 0.437500 0.250000
vt 0.437500 0.187500
vt 0.437500 0.125000
vt 0.406250 0.937500
vt 0.406250 0.875000
vt 0.406250 0.812500
vt 0.406250 0.750000
vt 0.406250 0.687500
vt 0.406250 0.625000
vt 0.406250 0.562500
vt 0.406250 0.500000
vt 0.406250 0.437500
vt 0.406250 0.375000
vt 0.406250 0.312500
vt 0.406250 0.250000
vt 0.406250 0.187500
vt 0.406250 0.125000
vt 0.406250 0.062500
vt 0.375000 0.875000
vt 0.375000 0.812500
vt 0.375000 0.750000
vt 0.375000 0.687500
vt 0.375000 0.625000
vt 0.375000 0.562500
vt 0.375000 0.500000
vt 0.375000 0.437500
vt 0.375000 0.375000
vt 0.375000 0.312500
vt 0.375000 0.250000
vt 0.375000 0.187500
vt 0.375000 0.125000
vt 0.343750 0.937500
vt 0.343750 0.875000
vt 0.343750 0.812500
vt 0.343750 0.750000
vt 0.343750 0.687500
vt 0.343750 0.625000
vt 0.343750 0.562500
vt 0.343750 0.500000
vt 0.343750 0.437500
vt 0.343750 0.375000
vt 0.343750 0.312500
vt 0.343750 0.250000
vt 0.343750 0.187500
vt 0.343750 0.125000
vt 0.343750 0.062500
vt 0.312500 0.875000
vt 0.312500 0.812500
vt 0.312500 0.750000
vt 0.312500 0.687500
vt 0.312500 0.625000
vt 0.312500 0.562500
vt 0.312500 0.500000
vt 0.312500 0.437500
vt 0.312500 0.375000
vt 0.312500 0.312500
vt 0.312500 0.250000
vt 0.312500 0.187500
vt 0.312500 0.125000
vt 0.281250 0.937500
vt 0.281250 0.875000
vt 0.281250 0.812500
vt 0.281250 0.750000
vt 0.281250 0.687500
vt 0.281250 0.625000
vt 0.281250 0.562500
vt 0.281250 0.500000
vt 0.281250 0.437500
vt 0.281250 0.375000
vt 0.281250 0.312500
vt 0.281250 0.250000
vt 0.281250 0.187500
vt 0.281250 0.125000
vt 0.281250 0.062500
vt 0.250000 0.875000
vt 0.250000 0.812500
vt 0.250000 0.750000
vt 0.250000 0.687500
vt 0.250000 0.625000
vt 0.250000 0.562500
vt 0.250000 0.500000
vt 0.250000 0.437500
vt 0.250000 0.375000
vt 0.250000 0.312500
vt 0.250000 0.250000
vt 0.250000 0.187500
vt 0.250000 0.125000
vt 0.218750 0.937500
vt 0.218750 0.875000
vt 0.218750 0.812500
vt 0.218750 0.750000
vt 0.218750 0.687500
vt 0.218750 0.625000
vt 0.218750 0.562500
vt 0.218750 0.500000
vt 0.218750 0.437500
vt 0.218750 0.375000
vt 0.218750 0.312500
vt 0.218750 0.250000
vt 0.218750 0.187500
vt 0.218750 0.125000
vt 0.218750 0.062500
vt 0.187500 0.937500
vt 0.187500 0.875000
vt 0.187500 0.812500
vt 0.187500 0.750000
vt 0.187500 0.687500
vt 0.187500 0.625000
vt 0.187500 0.562500
vt 0.187500 0.500000
vt 0.187500 0.437500
vt 0.187500 0.375000
vt 0.187500 0.312500
vt 0.187500 0.250000
vt 0.187500 0.187500
vt 0.187500 0.125000
vt 0.156250 0.875000
vt 0.156250 0.812500
vt 0.156250 0.750000
vt 0.156250 0.687500
vt 0.156250 0.625000
vt 0.156250 0.562500
vt 0.156250 0.500000
vt 0.156250 0.437500
vt 0.156250 0.375000
vt 0.156250 0.312500
vt 0.156250 0.250000
vt 0.156250 0.187500
vt 0.156250 0.125000
vt 0.156250 0.062500
vt 0.125000 0.937500
vt 0.125000 0.875000
vt 0.125000 0.812500
vt 0.125000 0.750000
vt 0.125000 0.687500
vt 0.125000 0.625000
vt 0.125000 0.562500
vt 0.125000 0.500000
vt 0.125000 0.437500
vt 0.125000 0.375000
vt 0.125000 0.312500
vt 0.125000 0.250000
vt 0.125000 0.187500
vt 0.125000 0.125000
vt 0.125000 0.062500
vt 0.484375 0.000000
vt 0.328125 0.000000
vt 0.828125 0.000000
vt 0.671875 0.000000
vt 0.109375 0.000000
vt 0.093750 0.875000
vt 0.093750 0.812500
vt 0.093750 0.750000
vt 0.093750 0.687500
vt 0.093750 0.625000
vt 0.093750 0.562500
vt 0.093750 0.500000
vt 0.093750 0.437500
vt 0.093750 0.375000
vt 0.093750 0.312500
vt 0.093750 0.250000
vt 0.093750 0.187500
vt 0.093750 0.125000
vt 0.093750 0.062500
vt 0.062500 0.937500
vt 0.062500 0.875000
vt 0.062500 0.812500
vt 0.062500 0.750000
vt 0.062500 0.687500
vt 0.062500 0.625000
vt 0.062500 0.562500
vt 0.062500 0.500000
vt 0.062500 0.437500
vt 0.062500 0.375000
vt 0.062500 0.312500
vt 0.062500 0.250000
vt 0.062500 0.187500
vt 0.062500 0.125000
vt 0.031250 0.875000
vt 0.031250 0.812500
vt 0.031250 0.750000
vt 0.031250 0.687500
vt 0.031250 0.625000
vt 0.031250 0.562500
vt 0.031250 0.500000
vt 0.031250 0.437500
vt 0.031250 0.375000
vt 0.031250 0.312500
vt 0.031250 0.250000
vt 0.031250 0.187500
vt 0.031250 0.125000
vt 0.031250 0.062500
vt 1.000000 0.937500
vt 0.000000 0.937500
vt 0.000000 0.875000
vt 1.000000 0.875000
vt 0.000000 0.812500
vt 1.000000 0.812500
vt 0.000000 0.750000
vt 1.000000 0.750000
vt 0.000000 0.687500
vt 1.000000 0.687500
vt 0.000000 0.625000
vt 1.000000 0.625000
vt 0.000000 0.562500
vt 1.000000 0.562500
vt 0.000000 0.500000
vt 1.000000 0.500000
vt 0.000000 0.437500
vt 1.000000 0.437500
vt 0.000000 0.375000
vt 1.000000 0.375000
vt 0.000000 0.312500
vt 1.000000 0.312500
vt 0.000000 0.250000
vt 1.000000 0.250000
vt 0.000000 0.187500
vt 1.000000 0.187500
vt 0.000000 0.125000
vt 1.000000 0.125000
vt 0.968750 0.875000
vt 0.968750 0.812500
vt 0.968750 0.750000
vt 0.968750 0.687500
vt 0.968750 0.625000
vt 0.968750 0.562500
vt 0.968750 0.500000
vt 0.968750 0.437500
vt 0.968750 0.375000
vt 0.968750 0.312500
vt 0.968750 0.250000
vt 0.968750 0.187500
vt 0.968750 0.125000
vt 0.937500 0.937500
vt 0.937500 0.875000
vt 0.937500 0.812500
vt 0.937500 0.750000
vt 0.937500 0.687500
vt 0.937500 0.625000
vt 0.937500 0.562500
vt 0.937500 0.500000
vt 0.937500 0.437500
vt 0.937500 0.375000
vt 0.937500 0.312500
vt 0.937500 0.250000
vt 0.937500 0.187500
vt 0.937500 0.125000
vt 0.937500 0.062500
vt 0.906250 0.875000
vt 0.906250 0.812500
vt 0.906250 0.750000
vt 0.906250 0.687500
vt 0.906250 0.625000
vt 0.906250 0.562500
vt 0.906250 0.500000
vt 0.906250 0.437500
vt 0.906250 0.375000
vt 0.906250 0.312500
vt 0.906250 0.250000
vt 0.906250 0.187500
vt 0.906250 0.125000
vt 0.875000 0.937500
vt 0.875000 0.875000
vt 0.875000 0.812500
vt 0.875000 0.750000
vt 0.875000 0.687500
vt 0.875000 0.625000
vt 0.875000 0.562500
vt 0.875000 0.500000
vt 0.875000 0.437500
vt 0.875000 0.375000
vt 0.875000 0.312500
vt 0.875000 0.250000
vt 0.875000 0.187500
vt 0.875000 0.125000
vt 0.843750 0.875000
vt 0.843750 0.812500
vt 0.843750 0.750000
vt 0.843750 0.687500
vt 0.843750 0.625000
vt 0.843750 0.562500
vt 0.843750 0.500000
vt 0.843750 0.437500
vt 0.843750 0.375000
vt 0.843750 0.312500
vt 0.843750 0.250000
vt 0.843750 0.187500
vt 0.843750 0.125000
vt 0.843750 0.062500
vt 0.812500 0.875000
vt 0.812500 0.812500
vt 0.812500 0.750000
vt 0.812500 0.687500
vt 0.812500 0.625000
vt 0.812500 0.562500
vt 0.812500 0.500000
vt 0.812500 0.437500
vt 0.812500 0.375000
vt 0.812500 0.312500
vt 0.812500 0.250000
vt 0.812500 0.187500
vt 0.812500 0.125000
vt 0.781250 0.937500
vt 0.781250 0.875000
vt 0.781250 0.812500
vt 0.781250 0.750000
vt 0.781250 0.687500
vt 0.781250 0.625000
vt 0.781250 0.562500
vt 0.781250 0.500000
vt 0.781250 0.437500
vt 0.781250 0.375000
vt 0.781250 0.312500
vt 0.781250 0.250000
vt 0.781250 0.187500
vt 0.781250 0.125000
vt 0.781250 0.062500
vt 0.750000 0.875000
vt 0.750000 0.750000
vt 0.750000 0.625000
vt 0.750000 0.375000
vt 0.750000 0.250000
vt 0.750000 0.187500
vt 0.750000 0.125000
s 1
usemtl red
f 447/560/309 446/559/310 456/569/311 457/570/312
f 748/869/313 776/898/314 777/899/315 762/883/316 749/870/317
f 890/1025/318 447/560/309 457/570/312 458/571/319
f 443/556/320 887/1022/321 450/563/322 451/564/323
f 448/561/324 890/1025/318 458/571/319 459/572/325
f 888/1023/326 443/556/320 451/564/323 452/565/327
f 891/1026/328 448/561/324 459/572/325 460/573/329
f 444/557/330 888/1023/326 452/565/327 453/566/331
f 892/1027/332 891/1026/328 460/573/329 461/574/333
f 889/1024/334 444/557/330 453/566/331 454/567/335
f 893/1028/336 892/1027/332 461/574/333 462/575/337
f 445/558/338 889/1024/334 454/567/335 455/568/339
f 873/1008/340 872/1007/341 449/562/342 450/563/322 887/1022/321
f 446/559/310 445/558/338 455/568/339 456/569/311
f 605/722/343 633/750/344 733/850/345 562/679/346
f 456/569/311 455/568/339 469/582/347 470/583/348
f 457/570/312 456/569/311 470/583/348 471/584/349
f 661/778/350 689/806/351 717/834/352 732/849/353 733/851/345 633/750/344
f 458/571/319 457/570/312 471/584/349 472/585/354
f 451/564/323 450/563/322 464/577/355 465/578/356
f 459/572/325 458/571/319 472/585/354 473/586/357
f 452/565/327 451/564/323 465/578/356 466/579/358
f 460/573/329 459/572/325 473/586/357 474/587/359
f 453/566/331 452/565/327 466/579/358 467/580/360
f 461/574/333 460/573/329 474/587/359 475/588/361
f 454/567/335 453/566/331 467/580/360 468/581/362
f 462/575/337 461/574/333 475/588/361 476/589/363
f 455/568/339 454/567/335 468/581/362 469/582/347
f 449/562/342 478/591/364 479/592/365 464/577/355 450/563/322
f 474/587/359 473/586/357 488/601/366 489/602/367
f 467/580/360 466/579/358 481/594/368 482/595/369
f 475/588/361 474/587/359 489/602/367 490/603/370
f 468/581/362 467/580/360 482/595/369 483/596/371
f 476/589/363 475/588/361 490/603/370 491/604/372
f 469/582/347 468/581/362 483/596/371 484/597/373
f 470/583/348 469/582/347 484/597/373 485/598/374
f 471/584/349 470/583/348 485/598/374 486/599/375
f 472/585/354 471/584/349 486/599/375 487/600/376
f 465/578/356 464/577/355 479/592/365 480/593/377
f 473/586/357 472/585/354 487/600/376 488/601/366
f 466/579/358 465/578/356 480/593/377 481/594/368
f 886/1021/378 885/1020/379 893/1028/336 462/575/337 463/576/380
f 486/599/375 485/598/374 499/612/381 500/613/382
f 731/848/383 746/867/384 747/868/385 732/849/353 717/834/352 716/833/386
f 487/600/376 486/599/375 500/613/382 501/614/387
f 480/593/377 479/592/365 493/606/388 494/607/389
f 488/601/366 487/600/376 501/614/387 502/615/390
f 481/594/368 480/593/377 494/607/389 495/608/391
f 489/602/367 488/601/366 502/615/390 503/616/392
f 482/595/369 481/594/368 495/608/391 496/609/393
f 490/603/370 489/602/367 503/616/392 504/617/394
f 483/596/371 482/595/369 496/609/393 497/610/395
f 491/604/372 490/603/370 504/617/394 505/618/396
f 484/597/373 483/596/371 497/610/395 498/611/397
f 485/598/374 484/597/373 498/611/397 499/612/381
f 496/609/393 495/608/391 509/622/398 510/623/399
f 504/617/394 503/616/392 517/630/400 518/631/401
f 497/610/395 496/609/393 510/623/399 511/624/402
f 505/618/396 504/617/394 518/631/401 519/632/403
f 498/611/397 497/610/395 511/624/402 512/625/404
f 718/835/405 748/869/313 749/870/317 734/855/406 719/836/407
f 499/612/381 498/611/397 512/625/404 513/626/408
f 500/613/382 499/612/381 513/626/408 514/627/409
f 501/614/387 500/613/382 514/627/409 515/628/410
f 494/607/389 493/606/388 507/620/411 508/621/412
f 502/615/390 501/614/387 515/628/410 516/629/413
f 495/608/391 494/607/389 508/621/412 509/622/398
f 503/616/392 502/615/390 516/629/413 517/630/400
f 514/627/409 513/626/408 527/644/414 528/645/415
f 761/882/416 774/895/417 775/896/418 747/868/385 746/867/384
f 515/628/410 514/627/409 528/645/415 529/646/419
f 508/621/412 507/620/411 521/638/420 522/639/421
f 516/629/413 515/628/410 529/646/419 530/647/422
f 509/622/398 508/621/412 522/639/421 523/640/423
f 517/630/400 516/629/413 530/647/422 531/648/424
f 510/623/399 509/622/398 523/640/423 524/641/425
f 518/631/401 517/630/400 531/648/424 532/649/426
f 511/624/402 510/623/399 524/641/425 525/642/427
f 519/632/403 518/631/401 532/649/426 533/650/428
f 512/625/404 511/624/402 525/642/427 526/643/429
f 513/626/408 512/625/404 526/643/429 527/644/414
f 532/649/426 531/648/424 546/663/430 547/664/431
f 525/642/427 524/641/425 539/656/432 540/657/433
f 533/650/428 532/649/426 547/664/431 548/665/434
f 526/643/429 525/642/427 540/657/433 541/658/435
f 527/644/414 526/643/429 541/658/435 542/659/436
f 528/645/415 527/644/414 542/659/436 543/660/437
f 529/646/419 528/645/415 543/660/437 544/661/438
f 522/639/421 521/638/420 536/653/439 537/654/440
f 530/647/422 529/646/419 544/661/438 545/662/441
f 523/640/423 522/639/421 537/654/440 538/655/442
f 531/648/424 530/647/422 545/662/441 546/663/430
f 524/641/425 523/640/423 538/655/442 539/656/432
f 544/661/438 543/660/437 556/673/443 557/674/444
f 537/654/440 536/653/439 549/666/445 550/667/446
f 545/662/441 544/661/438 557/674/444 558/675/447
f 538/655/442 537/654/440 550/667/446 551/668/448
f 546/663/430 545/662/441 558/675/447 559/676/449
f 539/656/432 538/655/442 551/668/448 552/669/450
f 547/664/431 546/663/430 559/676/449 560/677/451
f 540/657/433 539/656/432 552/669/450 553/670/452
f 548/665/434 547/664/431 560/677/451 561/678/453
f 541/658/435 540/657/433 553/670/452 554/671/454
f 542/659/436 541/658/435 554/671/454 555/672/455
f 543/660/437 542/659/436 555/672/455 556/673/443
f 674/791/456 688/805/457 689/806/351 661/778/350 660/777/458
f 561/678/453 560/677/451 575/692/459 576/693/460
f 554/671/454 553/670/452 568/685/461 569/686/462
f 690/807/463 718/835/405 719/836/407 704/821/464 691/808/465 676/793/466 675/792/467
f 555/672/455 554/671/454 569/686/462 570/687/468
f 556/673/443 555/672/455 570/687/468 571/688/469
f 557/674/444 556/673/443 571/688/469 572/689/470
f 550/667/446 549/666/445 564/681/471 565/682/472
f 558/675/447 557/674/444 572/689/470 573/690/473
f 551/668/448 550/667/446 565/682/472 566/683/474
f 559/676/449 558/675/447 573/690/473 574/691/475
f 552/669/450 551/668/448 566/683/474 567/684/476
f 560/677/451 559/676/449 574/691/475 575/692/459
f 553/670/452 552/669/450 567/684/476 568/685/461
f 565/682/472 564/681/471 578/695/477 579/696/478
f 573/690/473 572/689/470 586/703/479 587/704/480
f 566/683/474 565/682/472 579/696/478 580/697/481
f 574/691/475 573/690/473 587/704/480 588/705/482
f 567/684/476 566/683/474 580/697/481 581/698/483
f 575/692/459 574/691/475 588/705/482 589/706/484
f 568/685/461 567/684/476 581/698/483 582/699/485
f 576/693/460 575/692/459 589/706/484 590/707/486
f 569/686/462 568/685/461 582/699/485 583/700/487
f 591/708/488 619/736/489 620/737/490 606/723/491 592/709/492
f 570/687/468 569/686/462 583/700/487 584/701/493
f 571/688/469 570/687/468 584/701/493 585/702/494
f 478/591/364 506/619/495 507/620/411 493/606/388 479/592/365
f 572/689/470 571/688/469 585/702/494 586/703/479
f 583/700/487 582/699/485 596/713/496 597/714/497
f 584/701/493 583/700/487 597/714/497 598/715/498
f 585/702/494 584/701/493 598/715/498 599/716/499
f 586/703/479 585/702/494 599/716/499 600/717/500
f 579/696/478 578/695/477 592/709/492 593/710/501
f 587/704/480 586/703/479 600/717/500 601/718/502
f 580/697/481 579/696/478 593/710/501 594/711/503
f 588/705/482 587/704/480 601/718/502 602/719/504
f 581/698/483 580/697/481 594/711/503 595/712/505
f 589/706/484 588/705/482 602/719/504 603/720/506
f 582/699/485 581/698/483 595/712/505 596/713/496
f 590/707/486 589/706/484 603/720/506 604/721/507
f 601/718/502 600/717/500 614/731/508 615/732/509
f 594/711/503 593/710/501 607/724/510 608/725/511
f 602/719/504 601/718/502 615/732/509 616/733/512
f 595/712/505 594/711/503 608/725/511 609/726/513
f 603/720/506 602/719/504 616/733/512 617/734/514
f 596/713/496 595/712/505 609/726/513 610/727/515
f 604/721/507 603/720/506 617/734/514 618/735/516
f 597/714/497 596/713/496 610/727/515 611/728/517
f 619/736/489 647/764/518 648/765/519 634/751/520 620/737/490
f 598/715/498 597/714/497 611/728/517 612/729/521
f 599/716/499 598/715/498 612/729/521 613/730/522
f 600/717/500 599/716/499 613/730/522 614/731/508
f 593/710/501 592/709/492 606/723/491 607/724/510
f 612/729/521 611/728/517 625/742/523 626/743/524
f 613/730/522 612/729/521 626/743/524 627/744/525
f 614/731/508 613/730/522 627/744/525 628/745/526
f 607/724/510 606/723/491 620/737/490 621/738/527
f 615/732/509 614/731/508 628/745/526 629/746/528
f 608/725/511 607/724/510 621/738/527 622/739/529
f 616/733/512 615/732/509 629/746/528 630/747/530
f 609/726/513 608/725/511 622/739/529 623/740/531
f 617/734/514 616/733/512 630/747/530 631/748/532
f 610/727/515 609/726/513 623/740/531 624/741/533
f 618/735/516 617/734/514 631/748/532 632/749/534
f 611/728/517 610/727/515 624/741/533 625/742/523
f 622/739/529 621/738/527 635/752/535 636/753/536
f 630/747/530 629/746/528 643/760/537 644/761/538
f 623/740/531 622/739/529 636/753/536 637/754/539
f 631/748/532 630/747/530 644/761/538 645/762/540
f 624/741/533 623/740/531 637/754/539 638/755/541
f 632/749/534 631/748/532 645/762/540 646/763/542
f 625/742/523 624/741/533 638/755/541 639/756/543
f 703/820/544 716/833/386 717/834/352 689/806/351 688/805/457
f 626/743/524 625/742/523 639/756/543 640/757/545
f 627/744/525 626/743/524 640/757/545 641/758/546
f 647/764/518 675/792/467 676/793/466 662/779/547 648/765/519
f 628/745/526 627/744/525 641/758/546 642/759/548
f 621/738/527 620/737/490 634/751/520 635/752/535
f 629/746/528 628/745/526 642/759/548 643/760/537
f 640/757/545 639/756/543 653/770/549 654/771/550
f 641/758/546 640/757/545 654/771/550 655/772/551
f 642/759/548 641/758/546 655/772/551 656/773/552
f 635/752/535 634/751/520 648/765/519 649/766/553
f 643/760/537 642/759/548 656/773/552 657/774/554
f 636/753/536 635/752/535 649/766/553 650/767/555
f 644/761/538 643/760/537 657/774/554 658/775/556
f 637/754/539 636/753/536 650/767/555 651/768/557
f 645/762/540 644/761/538 658/775/556 659/776/558
f 638/755/541 637/754/539 651/768/557 652/769/559
f 646/763/542 645/762/540 659/776/558 660/777/458
f 639/756/543 638/755/541 652/769/559 653/770/549
f 658/775/556 657/774/554 671/788/560 672/789/561
f 651/768/557 650/767/555 664/781/562 665/782/563
f 659/776/558 658/775/556 672/789/561 673/790/564
f 652/769/559 651/768/557 665/782/563 666/783/565
f 660/777/458 659/776/558 673/790/564 674/791/456
f 653/770/549 652/769/559 666/783/565 667/784/566
f 476/589/363 491/604/372 492/605/567 477/590/568 463/576/380 462/575/337
f 654/771/550 653/770/549 667/784/566 668/785/569
f 886/1021/378 463/576/380 477/590/568 733/852/345 858/993/570
f 655/772/551 654/771/550 668/785/569 669/786/571
f 646/763/542 660/777/458 661/778/350 633/750/344 632/749/534
f 656/773/552 655/772/551 669/786/571 670/787/572
f 649/766/553 648/765/519 662/779/547 663/780/573
f 657/774/554 656/773/552 670/787/572 671/788/560
f 650/767/555 649/766/553 663/780/573 664/781/562
f 669/786/571 668/785/569 682/799/574 683/800/575
f 670/787/572 669/786/571 683/800/575 684/801/576
f 663/780/573 662/779/547 676/793/466 677/794/577
f 671/788/560 670/787/572 684/801/576 685/802/578
f 664/781/562 663/780/573 677/794/577 678/795/579
f 672/789/561 671/788/560 685/802/578 686/803/580
f 665/782/563 664/781/562 678/795/579 679/796/581
f 673/790/564 672/789/561 686/803/580 687/804/582
f 666/783/565 665/782/563 679/796/581 680/797/583
f 674/791/456 673/790/564 687/804/582 688/805/457
f 667/784/566 666/783/565 680/797/583 681/798/584
f 668/785/569 667/784/566 681/798/584 682/799/574
f 687/804/582 686/803/580 701/818/585 702/819/586
f 680/797/583 679/796/581 694/811/587 695/812/588
f 688/805/457 687/804/582 702/819/586 703/820/544
f 681/798/584 680/797/583 695/812/588 696/813/589
f 535/652/590 563/680/591 564/681/471 549/666/445 536/653/439
f 682/799/574 681/798/584 696/813/589 697/814/592
f 520/633/593 831/966/594 803/938/595 776/897/314
f 683/800/575 682/799/574 697/814/592 698/815/596
f 831/966/594 872/1007/341 873/1008/340 859/994/597 845/980/598 832/967/599
f 684/801/576 683/800/575 698/815/596 699/816/600
f 677/794/577 676/793/466 691/808/465 692/809/601
f 685/802/578 684/801/576 699/816/600 700/817/602
f 678/795/579 677/794/577 692/809/601 693/810/603
f 686/803/580 685/802/578 700/817/602 701/818/585
f 679/796/581 678/795/579 693/810/603 694/811/587
f 577/694/604 591/708/488 592/709/492 578/695/477 564/681/471 563/680/591
f 699/816/600 698/815/596 711/828/605 712/829/606
f 692/809/601 691/808/465 704/821/464 705/822/607
f 700/817/602 699/816/600 712/829/606 713/830/608
f 693/810/603 692/809/601 705/822/607 706/823/609
f 701/818/585 700/817/602 713/830/608 714/831/610
f 694/811/587 693/810/603 706/823/609 707/824/611
f 702/819/586 701/818/585 714/831/610 715/832/612
f 695/812/588 694/811/587 707/824/611 708/825/613
f 703/820/544 702/819/586 715/832/612 716/833/386
f 696/813/589 695/812/588 708/825/613 709/826/614
f 697/814/592 696/813/589 709/826/614 710/827/615
f 534/651/616 562/679/346 733/853/345 477/590/568 492/605/567
f 698/815/596 697/814/592 710/827/615 711/828/605
f 708/825/613 707/824/611 722/839/617 723/840/618
f 716/833/386 715/832/612 730/847/619 731/848/383
f 709/826/614 708/825/613 723/840/618 724/841/620
f 710/827/615 709/826/614 724/841/620 725/842/621
f 711/828/605 710/827/615 725/842/621 726/843/622
f 712/829/606 711/828/605 726/843/622 727/844/623
f 705/822/607 704/821/464 719/836/407 720/837/624
f 713/830/608 712/829/606 727/844/623 728/845/625
f 706/823/609 705/822/607 720/837/624 721/838/626
f 714/831/610 713/830/608 728/845/625 729/846/627
f 707/824/611 706/823/609 721/838/626 722/839/617
f 715/832/612 714/831/610 729/846/627 730/847/619
f 727/844/623 726/843/622 741/862/628 742/863/629
f 720/837/624 719/836/407 734/855/406 735/856/630
f 728/845/625 727/844/623 742/863/629 743/864/631
f 721/838/626 720/837/624 735/856/630 736/857/632
f 729/846/627 728/845/625 743/864/631 744/865/633
f 722/839/617 721/838/626 736/857/632 737/858/634
f 730/847/619 729/846/627 744/865/633 745/866/635
f 723/840/618 722/839/617 737/858/634 738/859/636
f 731/848/383 730/847/619 745/866/635 746/867/384
f 724/841/620 723/840/618 738/859/636 739/860/637
f 725/842/621 724/841/620 739/860/637 740/861/638
f 520/634/593 478/591/364 449/562/342 872/1007/341 831/966/594
f 726/843/622 725/842/621 740/861/638 741/862/628
f 618/735/516 632/749/534 633/750/344 605/722/343 604/721/507
f 746/867/384 745/866/635 760/881/639 761/882/416
f 739/860/637 738/859/636 753/874/640 754/875/641
f 548/665/434 561/678/453 562/679/346 534/651/616 533/650/428
f 740/861/638 739/860/637 754/875/641 755/876/642
f 741/862/628 740/861/638 755/876/642 756/877/643
f 742/863/629 741/862/628 756/877/643 757/878/644
f 735/856/630 734/855/406 749/870/317 750/871/645
f 743/864/631 742/863/629 757/878/644 758/879/646
f 736/857/632 735/856/630 750/871/645 751/872/647
f 744/865/633 743/864/631 758/879/646 759/880/648
f 737/858/634 736/857/632 751/872/647 752/873/649
f 745/866/635 744/865/633 759/880/648 760/881/639
f 738/859/636 737/858/634 752/873/649 753/874/640
f 750/871/645 749/870/317 762/883/316 763/884/650
f 758/879/646 757/878/644 770/891/651 771/892/652
f 751/872/647 750/871/645 763/884/650 764/885/653
f 759/880/648 758/879/646 771/892/652 772/893/654
f 752/873/649 751/872/647 764/885/653 765/886/655
f 760/881/639 759/880/648 772/893/654 773/894/656
f 753/874/640 752/873/649 765/886/655 766/887/657
f 761/882/416 760/881/639 773/894/656 774/895/417
f 754/875/641 753/874/640 766/887/657 767/888/658
f 755/876/642 754/875/641 767/888/658 768/889/659
f 756/877/643 755/876/642 768/889/659 769/890/660
f 506/619/495 535/652/590 536/653/439 521/638/420 507/620/411
f 757/878/644 756/877/643 769/890/660 770/891/651
f 767/888/658 766/887/657 781/907/661 782/909/662
f 803/938/595 831/966/594 832/967/599 818/953/663 804/939/664
f 768/889/659 767/888/658 782/909/662 783/911/665
f 769/890/660 768/889/659 783/911/665 784/913/666
f 770/891/651 769/890/660 784/913/666 785/915/667
f 763/884/650 762/883/316 777/899/315 778/901/668
f 771/892/652 770/891/651 785/915/667 786/917/669
f 764/885/653 763/884/650 778/901/668 779/903/670
f 772/893/654 771/892/652 786/917/669 787/919/671
f 765/886/655 764/885/653 779/903/670 780/905/672
f 773/894/656 772/893/654 787/919/671 788/921/673
f 766/887/657 765/886/655 780/905/672 781/907/661
f 774/895/417 773/894/656 788/921/673 789/923/674
f 786/918/669 785/916/667 798/933/675 799/934/676
f 779/904/670 778/902/668 791/926/677 792/927/678
f 787/920/671 786/918/669 799/934/676 800/935/679
f 780/906/672 779/904/670 792/927/678 793/928/680
f 788/922/673 787/920/671 800/935/679 801/936/681
f 781/908/661 780/906/672 793/928/680 794/929/682
f 789/924/674 788/922/673 801/936/681 802/937/683
f 782/910/662 781/908/661 794/929/682 795/930/684
f 783/912/665 782/910/662 795/930/684 796/931/685
f 784/914/666 783/912/665 796/931/685 797/932/686
f 785/916/667 784/914/666 797/932/686 798/933/675
f 778/902/668 777/900/315 790/925/687 791/926/677
f 590/707/486 604/721/507 605/722/343 562/679/346 561/678/453 576/693/460
f 796/931/685 795/930/684 809/944/688 810/945/689
f 797/932/686 796/931/685 810/945/689 811/946/690
f 798/933/675 797/932/686 811/946/690 812/947/691
f 791/926/677 790/925/687 804/939/664 805/940/692
f 799/934/676 798/933/675 812/947/691 813/948/693
f 792/927/678 791/926/677 805/940/692 806/941/694
f 800/935/679 799/934/676 813/948/693 814/949/695
f 793/928/680 792/927/678 806/941/694 807/942/696
f 801/936/681 800/935/679 814/949/695 815/950/697
f 794/929/682 793/928/680 807/942/696 808/943/698
f 802/937/683 801/936/681 815/950/697 816/951/699
f 795/930/684 794/929/682 808/943/698 809/944/688
f 814/949/695 813/948/693 827/962/700 828/963/701
f 807/942/696 806/941/694 820/955/702 821/956/703
f 815/950/697 814/949/695 828/963/701 829/964/704
f 808/943/698 807/942/696 821/956/703 822/957/705
f 816/951/699 815/950/697 829/964/704 830/965/706
f 809/944/688 808/943/698 822/957/705 823/958/707
f 810/945/689 809/944/688 823/958/707 824/959/708
f 675/792/467 647/764/518 619/736/489 591/708/488 577/694/604 520/635/593 690/807/463
f 811/946/690 810/945/689 824/959/708 825/960/709
f 776/897/314 803/938/595 804/939/664 790/925/687 777/900/315
f 812/947/691 811/946/690 825/960/709 826/961/710
f 805/940/692 804/939/664 818/953/663 819/954/711
f 813/948/693 812/947/691 826/961/710 827/962/700
f 806/941/694 805/940/692 819/954/711 820/955/702
f 825/960/709 824/959/708 838/973/712 839/974/713
f 826/961/710 825/960/709 839/974/713 840/975/714
f 819/954/711 818/953/663 832/967/599 833/968/715
f 827/962/700 826/961/710 840/975/714 841/976/716
f 820/955/702 819/954/711 833/968/715 834/969/717
f 828/963/701 827/962/700 841/976/716 842/977/718
f 821/956/703 820/955/702 834/969/717 835/970/719
f 829/964/704 828/963/701 842/977/718 843/978/720
f 822/957/705 821/956/703 835/970/719 836/971/721
f 830/965/706 829/964/704 843/978/720 844/979/722
f 823/958/707 822/957/705 836/971/721 837/972/723
f 824/959/708 823/958/707 837/972/723 838/973/712
f 835/970/719 834/969/717 847/982/724 848/983/725
f 843/978/720 842/977/718 855/990/726 856/991/727
f 836/971/721 835/970/719 848/983/725 849/984/728
f 844/979/722 843/978/720 856/991/727 857/992/729
f 837/972/723 836/971/721 849/984/728 850/985/730
f 789/924/674 802/937/683 816/951/699 817/952/731 775/896/418 774/895/417
f 838/973/712 837/972/723 850/985/730 851/986/732
f 839/974/713 838/973/712 851/986/732 852/987/733
f 871/1006/734 885/1020/379 886/1021/378 858/993/570 857/992/729
f 840/975/714 839/974/713 852/987/733 853/988/735
f 833/968/715 832/967/599 845/980/598 846/981/736
f 841/976/716 840/975/714 853/988/735 854/989/737
f 834/969/717 833/968/715 846/981/736 847/982/724
f 842/977/718 841/976/716 854/989/737 855/990/726
f 852/987/733 851/986/732 865/1000/738 866/1001/739
f 853/988/735 852/987/733 866/1001/739 867/1002/740
f 846/981/736 845/980/598 859/994/597 860/995/741
f 854/989/737 853/988/735 867/1002/740 868/1003/742
f 847/982/724 846/981/736 860/995/741 861/996/743
f 855/990/726 854/989/737 868/1003/742 869/1004/744
f 848/983/725 847/982/724 861/996/743 862/997/745
f 856/991/727 855/990/726 869/1004/744 870/1005/746
f 849/984/728 848/983/725 862/997/745 863/998/747
f 857/992/729 856/991/727 870/1005/746 871/1006/734
f 850/985/730 849/984/728 863/998/747 864/999/748
f 851/986/732 850/985/730 864/999/748 865/1000/738
f 535/652/590 506/619/495 478/591/364 520/636/593 577/694/604 563/680/591
f 870/1005/746 869/1004/744 883/1018/749 884/1019/750
f 863/998/747 862/997/745 876/1011/751 877/1012/752
f 871/1006/734 870/1005/746 884/1019/750 885/1020/379
f 864/999/748 863/998/747 877/1012/752 878/1013/753
f 865/1000/738 864/999/748 878/1013/753 879/1014/754
f 747/868/385 775/896/418 817/952/731 858/993/570 733/854/345 732/849/353
f 520/637/593 776/898/314 748/869/313 718/835/405 690/807/463
f 866/1001/739 865/1000/738 879/1014/754 880/1015/755
f 519/632/403 533/650/428 534/651/616 492/605/567 491/604/372 505/618/396
f 867/1002/740 866/1001/739 880/1015/755 881/1016/756
f 860/995/741 859/994/597 873/1008/340 874/1009/757
f 868/1003/742 867/1002/740 881/1016/756 882/1017/758
f 861/996/743 860/995/741 874/1009/757 875/1010/759
f 869/1004/744 868/1003/742 882/1017/758 883/1018/749
f 862/997/745 861/996/743 875/1010/759 876/1011/751
f 881/1016/756 880/1015/755 447/560/309 890/1025/318
f 874/1009/757 873/1008/340 887/1022/321 443/556/320
f 882/1017/758 881/1016/756 890/1025/318 448/561/324
f 875/1010/759 874/1009/757 443/556/320 888/1023/326
f 883/1018/749 882/1017/758 448/561/324 891/1026/328
f 876/1011/751 875/1010/759 888/1023/326 444/557/330
f 884/1019/750 883/1018/749 891/1026/328 892/1027/332
f 877/1012/752 876/1011/751 444/557/330 889/1024/334
f 885/1020/379 884/1019/750 892/1027/332 893/1028/336
f 878/1013/753 877/1012/752 889/1024/334 445/558/338
f 879/1014/754 878/1013/753 445/558/338 446/559/310
f 880/1015/755 879/1014/754 446/559/310 447/560/309
f 830/965/706 844/979/722 857/992/729 858/993/570 817/952/731 816/951/699
f 898/1033/760 908/1043/761 907/1042/574 897/1032/569
f 1199/1342/762 1200/1343/763 1213/1356/764 1228/1372/765 1227/1371/766
f 1341/1498/767 909/1044/768 908/1043/761 898/1033/760
f 894/1029/769 902/1037/770 901/1036/771 1338/1495/772
f 899/1034/563 910/1045/581 909/1044/768 1341/1498/767
f 1339/1496/561 903/1038/773 902/1037/770 894/1029/769
f 1342/1499/562 911/1046/774 910/1045/581 899/1034/563
f 895/1030/560 904/1039/578 903/1038/773 1339/1496/561
f 1343/1500/775 912/1047/776 911/1046/774 1342/1499/562
f 1340/1497/777 905/1040/778 904/1039/578 895/1030/560
f 1344/1501/779 913/1048/780 912/1047/776 1343/1500/775
f 896/1031/781 906/1041/782 905/1040/778 1340/1497/777
f 1324/1481/783 1338/1495/772 901/1036/771 900/1035/784 1323/1480/785
f 897/1032/569 907/1042/574 906/1041/782 896/1031/781
f 1056/1195/786 1013/1152/787 1184/1323/788 1084/1223/789
f 907/1042/574 921/1056/592 920/1055/790 906/1041/782
f 908/1043/761 922/1057/791 921/1056/592 907/1042/574
f 1112/1251/792 1084/1223/789 1184/1324/788 1183/1322/793 1168/1307/794 1140/1279/795
f 909/1044/768 923/1058/796 922/1057/791 908/1043/761
f 902/1037/770 916/1051/797 915/1050/798 901/1036/771
f 910/1045/581 924/1059/587 923/1058/796 909/1044/768
f 903/1038/773 917/1052/799 916/1051/797 902/1037/770
f 911/1046/774 925/1060/800 924/1059/587 910/1045/581
f 904/1039/578 918/1053/602 917/1052/799 903/1038/773
f 912/1047/776 926/1061/801 925/1060/800 911/1046/774
f 905/1040/778 919/1054/802 918/1053/602 904/1039/578
f 913/1048/780 927/1062/803 926/1061/801 912/1047/776
f 906/1041/782 920/1055/790 919/1054/802 905/1040/778
f 900/1035/784 901/1036/771 915/1050/798 930/1065/804 929/1064/805
f 925/1060/800 940/1075/806 939/1074/611 924/1059/587
f 918/1053/602 933/1068/608 932/1067/807 917/1052/799
f 926/1061/801 941/1076/808 940/1075/806 925/1060/800
f 919/1054/802 934/1069/809 933/1068/608 918/1053/602
f 927/1062/803 942/1077/810 941/1076/808 926/1061/801
f 920/1055/790 935/1070/811 934/1069/809 919/1054/802
f 921/1056/592 936/1071/615 935/1070/811 920/1055/790
f 922/1057/791 937/1072/812 936/1071/615 921/1056/592
f 923/1058/796 938/1073/813 937/1072/812 922/1057/791
f 916/1051/797 931/1066/612 930/1065/804 915/1050/798
f 924/1059/587 939/1074/611 938/1073/813 923/1058/796
f 917/1052/799 932/1067/807 931/1066/612 916/1051/797
f 1337/1494/814 914/1049/815 913/1048/780 1344/1501/779 1336/1493/816
f 937/1072/812 951/1086/817 950/1085/621 936/1071/615
f 1182/1321/818 1167/1306/819 1168/1307/794 1183/1322/793 1198/1341/820 1197/1340/821
f 938/1073/813 952/1087/822 951/1086/817 937/1072/812
f 931/1066/612 945/1080/619 944/1079/823 930/1065/804
f 939/1074/611 953/1088/824 952/1087/822 938/1073/813
f 932/1067/807 946/1081/627 945/1080/619 931/1066/612
f 940/1075/806 954/1089/626 953/1088/824 939/1074/611
f 933/1068/608 947/1082/825 946/1081/627 932/1067/807
f 941/1076/808 955/1090/826 954/1089/626 940/1075/806
f 934/1069/809 948/1083/827 947/1082/825 933/1068/608
f 942/1077/810 956/1091/828 955/1090/826 941/1076/808
f 935/1070/811 949/1084/829 948/1083/827 934/1069/809
f 936/1071/615 950/1085/621 949/1084/829 935/1070/811
f 947/1082/825 961/1096/631 960/1095/830 946/1081/627
f 955/1090/826 969/1104/831 968/1103/832 954/1089/626
f 948/1083/827 962/1097/833 961/1096/631 947/1082/825
f 956/1091/828 970/1105/834 969/1104/831 955/1090/826
f 949/1084/829 963/1098/835 962/1097/833 948/1083/827
f 1169/1308/836 1170/1309/837 1185/1328/838 1200/1343/763 1199/1342/762
f 950/1085/621 964/1099/638 963/1098/835 949/1084/829
f 951/1086/817 965/1100/839 964/1099/638 950/1085/621
f 952/1087/822 966/1101/840 965/1100/839 951/1086/817
f 945/1080/619 959/1094/635 958/1093/841 944/1079/823
f 953/1088/824 967/1102/634 966/1101/840 952/1087/822
f 946/1081/627 960/1095/830 959/1094/635 945/1080/619
f 954/1089/626 968/1103/832 967/1102/634 953/1088/824
f 965/1100/839 979/1118/842 978/1117/642 964/1099/638
f 1212/1355/843 1197/1340/821 1198/1341/820 1226/1369/844 1225/1368/845
f 966/1101/840 980/1119/846 979/1118/842 965/1100/839
f 959/1094/635 973/1112/847 972/1111/848 958/1093/841
f 967/1102/634 981/1120/649 980/1119/846 966/1101/840
f 960/1095/830 974/1113/849 973/1112/847 959/1094/635
f 968/1103/832 982/1121/850 981/1120/649 967/1102/634
f 961/1096/631 975/1114/646 974/1113/849 960/1095/830
f 969/1104/831 983/1122/851 982/1121/850 968/1103/832
f 962/1097/833 976/1115/852 975/1114/646 961/1096/631
f 970/1105/834 984/1123/853 983/1122/851 969/1104/831
f 963/1098/835 977/1116/854 976/1115/852 962/1097/833
f 964/1099/638 978/1117/642 977/1116/854 963/1098/835
f 983/1122/851 998/1137/855 997/1136/856 982/1121/850
f 976/1115/852 991/1130/857 990/1129/652 975/1114/646
f 984/1123/853 999/1138/858 998/1137/855 983/1122/851
f 977/1116/854 992/1131/859 991/1130/857 976/1115/852
f 978/1117/642 993/1132/659 992/1131/859 977/1116/854
f 979/1118/842 994/1133/860 993/1132/659 978/1117/642
f 980/1119/846 995/1134/861 994/1133/860 979/1118/842
f 973/1112/847 988/1127/862 987/1126/863 972/1111/848
f 981/1120/649 996/1135/655 995/1134/861 980/1119/846
f 974/1113/849 989/1128/864 988/1127/862 973/1112/847
f 982/1121/850 997/1136/856 996/1135/655 981/1120/649
f 975/1114/646 990/1129/652 989/1128/864 974/1113/849
f 995/1134/861 1008/1147/865 1007/1146/866 994/1133/860
f 988/1127/862 1001/1140/867 1000/1139/868 987/1126/863
f 996/1135/655 1009/1148/672 1008/1147/865 995/1134/861
f 989/1128/864 1002/1141/671 1001/1140/867 988/1127/862
f 997/1136/856 1010/1149/670 1009/1148/672 996/1135/655
f 990/1129/652 1003/1142/669 1002/1141/671 989/1128/864
f 998/1137/855 1011/1150/869 1010/1149/670 997/1136/856
f 991/1130/857 1004/1143/870 1003/1142/669 990/1129/652
f 999/1138/858 1012/1151/871 1011/1150/869 998/1137/855
f 992/1131/859 1005/1144/872 1004/1143/870 991/1130/857
f 993/1132/659 1006/1145/665 1005/1144/872 992/1131/859
f 994/1133/860 1007/1146/866 1006/1145/665 993/1132/659
f 1125/1264/873 1111/1250/874 1112/1251/792 1140/1279/795 1139/1278/875
f 1012/1151/871 1027/1166/876 1026/1165/877 1011/1150/869
f 1005/1144/872 1020/1159/878 1019/1158/879 1004/1143/870
f 1141/1280/880 1126/1265/881 1127/1266/882 1142/1281/883 1155/1294/884 1170/1309/837 1169/1308/836
f 1006/1145/665 1021/1160/685 1020/1159/878 1005/1144/872
f 1007/1146/866 1022/1161/885 1021/1160/685 1006/1145/665
f 1008/1147/865 1023/1162/886 1022/1161/885 1007/1146/866
f 1001/1140/867 1016/1155/887 1015/1154/888 1000/1139/868
f 1009/1148/672 1024/1163/680 1023/1162/886 1008/1147/865
f 1002/1141/671 1017/1156/889 1016/1155/887 1001/1140/867
f 1010/1149/670 1025/1164/890 1024/1163/680 1009/1148/672
f 1003/1142/669 1018/1157/676 1017/1156/889 1002/1141/671
f 1011/1150/869 1026/1165/877 1025/1164/890 1010/1149/670
f 1004/1143/870 1019/1158/879 1018/1157/676 1003/1142/669
f 1016/1155/887 1030/1169/891 1029/1168/892 1015/1154/888
f 1024/1163/680 1038/1177/696 1037/1176/893 1023/1162/886
f 1017/1156/889 1031/1170/894 1030/1169/891 1016/1155/887
f 1025/1164/890 1039/1178/895 1038/1177/696 1024/1163/680
f 1018/1157/676 1032/1171/693 1031/1170/894 1017/1156/889
f 1026/1165/877 1040/1179/896 1039/1178/895 1025/1164/890
f 1019/1158/879 1033/1172/897 1032/1171/693 1018/1157/676
f 1027/1166/876 1041/1180/898 1040/1179/896 1026/1165/877
f 1020/1159/878 1034/1173/899 1033/1172/897 1019/1158/879
f 1042/1181/900 1043/1182/901 1057/1196/902 1071/1210/903 1070/1209/904
f 1021/1160/685 1035/1174/689 1034/1173/899 1020/1159/878
f 1022/1161/885 1036/1175/905 1035/1174/689 1021/1160/685
f 929/1064/805 930/1065/804 944/1079/823 958/1093/841 957/1092/906
f 1023/1162/886 1037/1176/893 1036/1175/905 1022/1161/885
f 1034/1173/899 1048/1187/907 1047/1186/908 1033/1172/897
f 1035/1174/689 1049/1188/708 1048/1187/907 1034/1173/899
f 1036/1175/905 1050/1189/909 1049/1188/708 1035/1174/689
f 1037/1176/893 1051/1190/910 1050/1189/909 1036/1175/905
f 1030/1169/891 1044/1183/911 1043/1182/901 1029/1168/892
f 1038/1177/696 1052/1191/703 1051/1190/910 1037/1176/893
f 1031/1170/894 1045/1184/912 1044/1183/911 1030/1169/891
f 1039/1178/895 1053/1192/913 1052/1191/703 1038/1177/696
f 1032/1171/693 1046/1185/700 1045/1184/912 1031/1170/894
f 1040/1179/896 1054/1193/914 1053/1192/913 1039/1178/895
f 1033/1172/897 1047/1186/908 1046/1185/700 1032/1171/693
f 1041/1180/898 1055/1194/915 1054/1193/914 1040/1179/896
f 1052/1191/703 1066/1205/916 1065/1204/917 1051/1190/910
f 1045/1184/912 1059/1198/718 1058/1197/918 1044/1183/911
f 1053/1192/913 1067/1206/717 1066/1205/916 1052/1191/703
f 1046/1185/700 1060/1199/919 1059/1198/718 1045/1184/912
f 1054/1193/914 1068/1207/920 1067/1206/717 1053/1192/913
f 1047/1186/908 1061/1200/921 1060/1199/919 1046/1185/700
f 1055/1194/915 1069/1208/922 1068/1207/920 1054/1193/914
f 1048/1187/907 1062/1201/923 1061/1200/921 1047/1186/908
f 1070/1209/904 1071/1210/903 1085/1224/924 1099/1238/925 1098/1237/926
f 1049/1188/708 1063/1202/712 1062/1201/923 1048/1187/907
f 1050/1189/909 1064/1203/927 1063/1202/712 1049/1188/708
f 1051/1190/910 1065/1204/917 1064/1203/927 1050/1189/909
f 1044/1183/911 1058/1197/918 1057/1196/902 1043/1182/901
f 1063/1202/712 1077/1216/732 1076/1215/928 1062/1201/923
f 1064/1203/927 1078/1217/929 1077/1216/732 1063/1202/712
f 1065/1204/917 1079/1218/930 1078/1217/929 1064/1203/927
f 1058/1197/918 1072/1211/931 1071/1210/903 1057/1196/902
f 1066/1205/916 1080/1219/725 1079/1218/930 1065/1204/917
f 1059/1198/718 1073/1212/932 1072/1211/931 1058/1197/918
f 1067/1206/717 1081/1220/933 1080/1219/725 1066/1205/916
f 1060/1199/919 1074/1213/737 1073/1212/932 1059/1198/718
f 1068/1207/920 1082/1221/934 1081/1220/933 1067/1206/717
f 1061/1200/921 1075/1214/935 1074/1213/737 1060/1199/919
f 1069/1208/922 1083/1222/936 1082/1221/934 1068/1207/920
f 1062/1201/923 1076/1215/928 1075/1214/935 1061/1200/921
f 1073/1212/932 1087/1226/937 1086/1225/938 1072/1211/931
f 1081/1220/933 1095/1234/939 1094/1233/745 1080/1219/725
f 1074/1213/737 1088/1227/742 1087/1226/937 1073/1212/932
f 1082/1221/934 1096/1235/940 1095/1234/939 1081/1220/933
f 1075/1214/935 1089/1228/941 1088/1227/742 1074/1213/737
f 1083/1222/936 1097/1236/942 1096/1235/940 1082/1221/934
f 1076/1215/928 1090/1229/943 1089/1228/941 1075/1214/935
f 1154/1293/944 1139/1278/875 1140/1279/795 1168/1307/794 1167/1306/819
f 1077/1216/732 1091/1230/738 1090/1229/943 1076/1215/928
f 1078/1217/929 1092/1231/945 1091/1230/738 1077/1216/732
f 1098/1237/926 1099/1238/925 1113/1252/946 1127/1266/882 1126/1265/881
f 1079/1218/930 1093/1232/947 1092/1231/945 1078/1217/929
f 1072/1211/931 1086/1225/938 1085/1224/924 1071/1210/903
f 1080/1219/725 1094/1233/745 1093/1232/947 1079/1218/930
f 1091/1230/738 1105/1244/754 1104/1243/948 1090/1229/943
f 1092/1231/945 1106/1245/949 1105/1244/754 1091/1230/738
f 1093/1232/947 1107/1246/950 1106/1245/949 1092/1231/945
f 1086/1225/938 1100/1239/951 1099/1238/925 1085/1224/924
f 1094/1233/745 1108/1247/751 1107/1246/950 1093/1232/947
f 1087/1226/937 1101/1240/952 1100/1239/951 1086/1225/938
f 1095/1234/939 1109/1248/953 1108/1247/751 1094/1233/745
f 1088/1227/742 1102/1241/758 1101/1240/952 1087/1226/937
f 1096/1235/940 1110/1249/954 1109/1248/953 1095/1234/939
f 1089/1228/941 1103/1242/955 1102/1241/758 1088/1227/742
f 1097/1236/942 1111/1250/874 1110/1249/954 1096/1235/940
f 1090/1229/943 1104/1243/948 1103/1242/955 1089/1228/941
f 1109/1248/953 1123/1262/326 1122/1261/330 1108/1247/751
f 1102/1241/758 1116/1255/324 1115/1254/328 1101/1240/952
f 1110/1249/954 1124/1263/956 1123/1262/326 1109/1248/953
f 1103/1242/955 1117/1256/957 1116/1255/324 1102/1241/758
f 1111/1250/874 1125/1264/873 1124/1263/956 1110/1249/954
f 1104/1243/948 1118/1257/958 1117/1256/957 1103/1242/955
f 927/1062/803 913/1048/780 914/1049/815 928/1063/959 943/1078/960 942/1077/810
f 1105/1244/754 1119/1258/310 1118/1257/958 1104/1243/948
f 1337/1494/814 1309/1466/961 1184/1325/788 928/1063/959 914/1049/815
f 1106/1245/949 1120/1259/962 1119/1258/310 1105/1244/754
f 1097/1236/942 1083/1222/936 1084/1223/789 1112/1251/792 1111/1250/874
f 1107/1246/950 1121/1260/963 1120/1259/962 1106/1245/949
f 1100/1239/951 1114/1253/964 1113/1252/946 1099/1238/925
f 1108/1247/751 1122/1261/330 1121/1260/963 1107/1246/950
f 1101/1240/952 1115/1254/328 1114/1253/964 1100/1239/951
f 1120/1259/962 1134/1273/965 1133/1272/311 1119/1258/310
f 1121/1260/963 1135/1274/966 1134/1273/965 1120/1259/962
f 1114/1253/964 1128/1267/967 1127/1266/882 1113/1252/946
f 1122/1261/330 1136/1275/331 1135/1274/966 1121/1260/963
f 1115/1254/328 1129/1268/968 1128/1267/967 1114/1253/964
f 1123/1262/326 1137/1276/969 1136/1275/331 1122/1261/330
f 1116/1255/324 1130/1269/325 1129/1268/968 1115/1254/328
f 1124/1263/956 1138/1277/970 1137/1276/969 1123/1262/326
f 1117/1256/957 1131/1270/971 1130/1269/325 1116/1255/324
f 1125/1264/873 1139/1278/875 1138/1277/970 1124/1263/956
f 1118/1257/958 1132/1271/972 1131/1270/971 1117/1256/957
f 1119/1258/310 1133/1272/311 1132/1271/972 1118/1257/958
f 1138/1277/970 1153/1292/973 1152/1291/974 1137/1276/969
f 1131/1270/971 1146/1285/975 1145/1284/357 1130/1269/325
f 1139/1278/875 1154/1293/944 1153/1292/973 1138/1277/970
f 1132/1271/972 1147/1286/976 1146/1285/975 1131/1270/971
f 986/1125/977 987/1126/863 1000/1139/868 1015/1154/888 1014/1153/978
f 1133/1272/311 1148/1287/348 1147/1286/976 1132/1271/972
f 971/1106/979 1227/1370/766 1254/1411/980 1282/1439/981
f 1134/1273/965 1149/1288/982 1148/1287/348 1133/1272/311
f 1282/1439/981 1283/1440/983 1296/1453/984 1310/1467/985 1324/1481/783 1323/1480/785
f 1135/1274/966 1150/1289/986 1149/1288/982 1134/1273/965
f 1128/1267/967 1143/1282/987 1142/1281/883 1127/1266/882
f 1136/1275/331 1151/1290/360 1150/1289/986 1135/1274/966
f 1129/1268/968 1144/1283/988 1143/1282/987 1128/1267/967
f 1137/1276/969 1152/1291/974 1151/1290/360 1136/1275/331
f 1130/1269/325 1145/1284/357 1144/1283/988 1129/1268/968
f 1028/1167/989 1014/1153/978 1015/1154/888 1029/1168/892 1043/1182/901 1042/1181/900
f 1150/1289/986 1163/1302/990 1162/1301/991 1149/1288/982
f 1143/1282/987 1156/1295/992 1155/1294/884 1142/1281/883
f 1151/1290/360 1164/1303/369 1163/1302/990 1150/1289/986
f 1144/1283/988 1157/1296/993 1156/1295/992 1143/1282/987
f 1152/1291/974 1165/1304/994 1164/1303/369 1151/1290/360
f 1145/1284/357 1158/1297/366 1157/1296/993 1144/1283/988
f 1153/1292/973 1166/1305/995 1165/1304/994 1152/1291/974
f 1146/1285/975 1159/1298/996 1158/1297/366 1145/1284/357
f 1154/1293/944 1167/1306/819 1166/1305/995 1153/1292/973
f 1147/1286/976 1160/1299/997 1159/1298/996 1146/1285/975
f 1148/1287/348 1161/1300/374 1160/1299/997 1147/1286/976
f 985/1124/998 943/1078/960 928/1063/959 1184/1326/788 1013/1152/787
f 1149/1288/982 1162/1301/991 1161/1300/374 1148/1287/348
f 1159/1298/996 1174/1313/999 1173/1312/1000 1158/1297/366
f 1167/1306/819 1182/1321/818 1181/1320/1001 1166/1305/995
f 1160/1299/997 1175/1314/1002 1174/1313/999 1159/1298/996
f 1161/1300/374 1176/1315/381 1175/1314/1002 1160/1299/997
f 1162/1301/991 1177/1316/1003 1176/1315/381 1161/1300/374
f 1163/1302/990 1178/1317/1004 1177/1316/1003 1162/1301/991
f 1156/1295/992 1171/1310/1005 1170/1309/837 1155/1294/884
f 1164/1303/369 1179/1318/1006 1178/1317/1004 1163/1302/990
f 1157/1296/993 1172/1311/392 1171/1310/1005 1156/1295/992
f 1165/1304/994 1180/1319/391 1179/1318/1006 1164/1303/369
f 1158/1297/366 1173/1312/1000 1172/1311/392 1157/1296/993
f 1166/1305/995 1181/1320/1001 1180/1319/391 1165/1304/994
f 1178/1317/1004 1193/1336/1007 1192/1335/1008 1177/1316/1003
f 1171/1310/1005 1186/1329/1009 1185/1328/838 1170/1309/837
f 1179/1318/1006 1194/1337/399 1193/1336/1007 1178/1317/1004
f 1172/1311/392 1187/1330/1010 1186/1329/1009 1171/1310/1005
f 1180/1319/391 1195/1338/1011 1194/1337/399 1179/1318/1006
f 1173/1312/1000 1188/1331/413 1187/1330/1010 1172/1311/392
f 1181/1320/1001 1196/1339/1012 1195/1338/1011 1180/1319/391
f 1174/1313/999 1189/1332/1013 1188/1331/413 1173/1312/1000
f 1182/1321/818 1197/1340/821 1196/1339/1012 1181/1320/1001
f 1175/1314/1002 1190/1333/1014 1189/1332/1013 1174/1313/999
f 1176/1315/381 1191/1334/408 1190/1333/1014 1175/1314/1002
f 971/1107/979 1282/1439/981 1323/1480/785 900/1035/784 929/1064/805
f 1177/1316/1003 1192/1335/1008 1191/1334/408 1176/1315/381
f 1069/1208/922 1055/1194/915 1056/1195/786 1084/1223/789 1083/1222/936
f 1197/1340/821 1212/1355/843 1211/1354/1015 1196/1339/1012
f 1190/1333/1014 1205/1348/1016 1204/1347/1017 1189/1332/1013
f 999/1138/858 984/1123/853 985/1124/998 1013/1152/787 1012/1151/871
f 1191/1334/408 1206/1349/414 1205/1348/1016 1190/1333/1014
f 1192/1335/1008 1207/1350/1018 1206/1349/414 1191/1334/408
f 1193/1336/1007 1208/1351/1019 1207/1350/1018 1192/1335/1008
f 1186/1329/1009 1201/1344/1020 1200/1343/763 1185/1328/838
f 1194/1337/399 1209/1352/425 1208/1351/1019 1193/1336/1007
f 1187/1330/1010 1202/1345/1021 1201/1344/1020 1186/1329/1009
f 1195/1338/1011 1210/1353/1022 1209/1352/425 1194/1337/399
f 1188/1331/413 1203/1346/422 1202/1345/1021 1187/1330/1010
f 1196/1339/1012 1211/1354/1015 1210/1353/1022 1195/1338/1011
f 1189/1332/1013 1204/1347/1017 1203/1346/422 1188/1331/413
f 1201/1344/1020 1214/1357/1023 1213/1356/764 1200/1343/763
f 1209/1352/425 1222/1365/432 1221/1364/1024 1208/1351/1019
f 1202/1345/1021 1215/1358/1025 1214/1357/1023 1201/1344/1020
f 1210/1353/1022 1223/1366/1026 1222/1365/432 1209/1352/425
f 1203/1346/422 1216/1359/441 1215/1358/1025 1202/1345/1021
f 1211/1354/1015 1224/1367/1027 1223/1366/1026 1210/1353/1022
f 1204/1347/1017 1217/1360/1028 1216/1359/441 1203/1346/422
f 1212/1355/843 1225/1368/845 1224/1367/1027 1211/1354/1015
f 1205/1348/1016 1218/1361/1029 1217/1360/1028 1204/1347/1017
f 1206/1349/414 1219/1362/436 1218/1361/1029 1205/1348/1016
f 1207/1350/1018 1220/1363/1030 1219/1362/436 1206/1349/414
f 957/1092/906 958/1093/841 972/1111/848 987/1126/863 986/1125/977
f 1208/1351/1019 1221/1364/1024 1220/1363/1030 1207/1350/1018
f 1218/1361/1029 1233/1382/1031 1232/1380/1032 1217/1360/1028
f 1254/1411/980 1255/1412/1033 1269/1426/1034 1283/1440/983 1282/1439/981
f 1219/1362/436 1234/1384/455 1233/1382/1031 1218/1361/1029
f 1220/1363/1030 1235/1386/1035 1234/1384/455 1219/1362/436
f 1221/1364/1024 1236/1388/1036 1235/1386/1035 1220/1363/1030
f 1214/1357/1023 1229/1374/1037 1228/1372/765 1213/1356/764
f 1222/1365/432 1237/1390/450 1236/1388/1036 1221/1364/1024
f 1215/1358/1025 1230/1376/449 1229/1374/1037 1214/1357/1023
f 1223/1366/1026 1238/1392/448 1237/1390/450 1222/1365/432
f 1216/1359/441 1231/1378/447 1230/1376/449 1215/1358/1025
f 1224/1367/1027 1239/1394/1038 1238/1392/448 1223/1366/1026
f 1217/1360/1028 1232/1380/1032 1231/1378/447 1216/1359/441
f 1225/1368/845 1240/1396/1039 1239/1394/1038 1224/1367/1027
f 1237/1391/450 1250/1407/476 1249/1406/1040 1236/1389/1036
f 1230/1377/449 1243/1400/1041 1242/1399/1042 1229/1375/1037
f 1238/1393/448 1251/1408/1043 1250/1407/476 1237/1391/450
f 1231/1379/447 1244/1401/473 1243/1400/1041 1230/1377/449
f 1239/1395/1038 1252/1409/1044 1251/1408/1043 1238/1393/448
f 1232/1381/1032 1245/1402/1045 1244/1401/473 1231/1379/447
f 1240/1397/1039 1253/1410/1046 1252/1409/1044 1239/1395/1038
f 1233/1383/1031 1246/1403/1047 1245/1402/1045 1232/1381/1032
f 1234/1385/455 1247/1404/468 1246/1403/1047 1233/1383/1031
f 1235/1387/1035 1248/1405/1048 1247/1404/468 1234/1385/455
f 1236/1389/1036 1249/1406/1040 1248/1405/1048 1235/1387/1035
f 1229/1375/1037 1242/1399/1042 1241/1398/1049 1228/1373/765
f 1041/1180/898 1027/1166/876 1012/1151/871 1013/1152/787 1056/1195/786 1055/1194/915
f 1247/1404/468 1261/1418/493 1260/1417/1050 1246/1403/1047
f 1248/1405/1048 1262/1419/1051 1261/1418/493 1247/1404/468
f 1249/1406/1040 1263/1420/1052 1262/1419/1051 1248/1405/1048
f 1242/1399/1042 1256/1413/1053 1255/1412/1033 1241/1398/1049
f 1250/1407/476 1264/1421/483 1263/1420/1052 1249/1406/1040
f 1243/1400/1041 1257/1414/1054 1256/1413/1053 1242/1399/1042
f 1251/1408/1043 1265/1422/1055 1264/1421/483 1250/1407/476
f 1244/1401/473 1258/1415/480 1257/1414/1054 1243/1400/1041
f 1252/1409/1044 1266/1423/1056 1265/1422/1055 1251/1408/1043
f 1245/1402/1045 1259/1416/1057 1258/1415/480 1244/1401/473
f 1253/1410/1046 1267/1424/1058 1266/1423/1056 1252/1409/1044
f 1246/1403/1047 1260/1417/1050 1259/1416/1057 1245/1402/1045
f 1265/1422/1055 1279/1436/1059 1278/1435/505 1264/1421/483
f 1258/1415/480 1272/1429/502 1271/1428/1060 1257/1414/1054
f 1266/1423/1056 1280/1437/1061 1279/1436/1059 1265/1422/1055
f 1259/1416/1057 1273/1430/1062 1272/1429/502 1258/1415/480
f 1267/1424/1058 1281/1438/1063 1280/1437/1061 1266/1423/1056
f 1260/1417/1050 1274/1431/1064 1273/1430/1062 1259/1416/1057
f 1261/1418/493 1275/1432/498 1274/1431/1064 1260/1417/1050
f 1126/1265/881 1141/1280/880 971/1108/979 1028/1167/989 1042/1181/900 1070/1209/904 1098/1237/926
f 1262/1419/1051 1276/1433/1065 1275/1432/498 1261/1418/493
f 1227/1370/766 1228/1373/765 1241/1398/1049 1255/1412/1033 1254/1411/980
f 1263/1420/1052 1277/1434/1066 1276/1433/1065 1262/1419/1051
f 1256/1413/1053 1270/1427/1067 1269/1426/1034 1255/1412/1033
f 1264/1421/483 1278/1435/505 1277/1434/1066 1263/1420/1052
f 1257/1414/1054 1271/1428/1060 1270/1427/1067 1256/1413/1053
f 1276/1433/1065 1290/1447/1068 1289/1446/521 1275/1432/498
f 1277/1434/1066 1291/1448/1069 1290/1447/1068 1276/1433/1065
f 1270/1427/1067 1284/1441/1070 1283/1440/983 1269/1426/1034
f 1278/1435/505 1292/1449/1071 1291/1448/1069 1277/1434/1066
f 1271/1428/1060 1285/1442/512 1284/1441/1070 1270/1427/1067
f 1279/1436/1059 1293/1450/511 1292/1449/1071 1278/1435/505
f 1272/1429/502 1286/1443/1072 1285/1442/512 1271/1428/1060
f 1280/1437/1061 1294/1451/1073 1293/1450/511 1279/1436/1059
f 1273/1430/1062 1287/1444/1074 1286/1443/1072 1272/1429/502
f 1281/1438/1063 1295/1452/1075 1294/1451/1073 1280/1437/1061
f 1274/1431/1064 1288/1445/1076 1287/1444/1074 1273/1430/1062
f 1275/1432/498 1289/1446/521 1288/1445/1076 1274/1431/1064
f 1286/1443/1072 1299/1456/528 1298/1455/1077 1285/1442/512
f 1294/1451/1073 1307/1464/1078 1306/1463/1079 1293/1450/511
f 1287/1444/1074 1300/1457/1080 1299/1456/528 1286/1443/1072
f 1295/1452/1075 1308/1465/1081 1307/1464/1078 1294/1451/1073
f 1288/1445/1076 1301/1458/1082 1300/1457/1080 1287/1444/1074
f 1240/1397/1039 1225/1368/845 1226/1369/844 1268/1425/1083 1267/1424/1058 1253/1410/1046
f 1289/1446/521 1302/1459/524 1301/1458/1082 1288/1445/1076
f 1290/1447/1068 1303/1460/1084 1302/1459/524 1289/1446/521
f 1322/1479/1085 1308/1465/1081 1309/1466/961 1337/1494/814 1336/1493/816
f 1291/1448/1069 1304/1461/1086 1303/1460/1084 1290/1447/1068
f 1284/1441/1070 1297/1454/1087 1296/1453/984 1283/1440/983
f 1292/1449/1071 1305/1462/531 1304/1461/1086 1291/1448/1069
f 1285/1442/512 1298/1455/1077 1297/1454/1087 1284/1441/1070
f 1293/1450/511 1306/1463/1079 1305/1462/531 1292/1449/1071
f 1303/1460/1084 1317/1474/1088 1316/1473/545 1302/1459/524
f 1304/1461/1086 1318/1475/1089 1317/1474/1088 1303/1460/1084
f 1297/1454/1087 1311/1468/1090 1310/1467/985 1296/1453/984
f 1305/1462/531 1319/1476/539 1318/1475/1089 1304/1461/1086
f 1298/1455/1077 1312/1469/1091 1311/1468/1090 1297/1454/1087
f 1306/1463/1079 1320/1477/1092 1319/1476/539 1305/1462/531
f 1299/1456/528 1313/1470/537 1312/1469/1091 1298/1455/1077
f 1307/1464/1078 1321/1478/1093 1320/1477/1092 1306/1463/1079
f 1300/1457/1080 1314/1471/1094 1313/1470/537 1299/1456/528
f 1308/1465/1081 1322/1479/1085 1321/1478/1093 1307/1464/1078
f 1301/1458/1082 1315/1472/1095 1314/1471/1094 1300/1457/1080
f 1302/1459/524 1316/1473/545 1315/1472/1095 1301/1458/1082
f 986/1125/977 1014/1153/978 1028/1167/989 971/1109/979 929/1064/805 957/1092/906
f 1321/1478/1093 1335/1492/1096 1334/1491/1097 1320/1477/1092
f 1314/1471/1094 1328/1485/1098 1327/1484/554 1313/1470/537
f 1322/1479/1085 1336/1493/816 1335/1492/1096 1321/1478/1093
f 1315/1472/1095 1329/1486/1099 1328/1485/1098 1314/1471/1094
f 1316/1473/545 1330/1487/550 1329/1486/1099 1315/1472/1095
f 1198/1341/820 1183/1322/793 1184/1327/788 1309/1466/961 1268/1425/1083 1226/1369/844
f 971/1110/979 1141/1280/880 1169/1308/836 1199/1342/762 1227/1371/766
f 1317/1474/1088 1331/1488/1100 1330/1487/550 1316/1473/545
f 970/1105/834 956/1091/828 942/1077/810 943/1078/960 985/1124/998 984/1123/853
f 1318/1475/1089 1332/1489/1101 1331/1488/1100 1317/1474/1088
f 1311/1468/1090 1325/1482/1102 1324/1481/783 1310/1467/985
f 1319/1476/539 1333/1490/557 1332/1489/1101 1318/1475/1089
f 1312/1469/1091 1326/1483/1103 1325/1482/1102 1311/1468/1090
f 1320/1477/1092 1334/1491/1097 1333/1490/557 1319/1476/539
f 1313/1470/537 1327/1484/554 1326/1483/1103 1312/1469/1091
f 1332/1489/1101 1341/1498/767 898/1033/760 1331/1488/1100
f 1325/1482/1102 894/1029/769 1338/1495/772 1324/1481/783
f 1333/1490/557 899/1034/563 1341/1498/767 1332/1489/1101
f 1326/1483/1103 1339/1496/561 894/1029/769 1325/1482/1102
f 1334/1491/1097 1342/1499/562 899/1034/563 1333/1490/557
f 1327/1484/554 895/1030/560 1339/1496/561 1326/1483/1103
f 1335/1492/1096 1343/1500/775 1342/1499/562 1334/1491/1097
f 1328/1485/1098 1340/1497/777 895/1030/560 1327/1484/554
f 1336/1493/816 1344/1501/779 1343/1500/775 1335/1492/1096
f 1329/1486/1099 896/1031/781 1340/1497/777 1328/1485/1098
f 1330/1487/550 897/1032/569 896/1031/781 1329/1486/1099
f 1331/1488/1100 898/1033/760 897/1032/569 1330/1487/550
f 1281/1438/1063 1267/1424/1058 1268/1425/1083 1309/1466/961 1308/1465/1081 1295/1452/1075
o Cylinder
v 0.374528 1.956870 -1.039546
v 0.374528 2.185827 -1.039546
v 0.381307 1.956870 -1.038878
v 0.381307 2.185827 -1.038878
v 0.387825 1.956870 -1.036901
v 0.387825 2.185827 -1.036901
v 0.393833 1.956870 -1.033690
v 0.393833 2.185827 -1.033690
v 0.399098 1.956870 -1.029369
v 0.399098 2.185827 -1.029369
v 0.403419 1.956870 -1.024103
v 0.403419 2.185827 -1.024103
v 0.406630 1.956870 -1.018096
v 0.406630 2.185827 -1.018096
v 0.408608 1.956870 -1.011577
v 0.408608 2.185827 -1.011577
v 0.409275 1.956870 -1.004799
v 0.409275 2.185827 -1.004799
v 0.408608 1.956870 -0.998020
v 0.408608 2.185827 -0.998020
v 0.406630 1.956870 -0.991501
v 0.406630 2.185827 -0.991501
v 0.403419 1.956870 -0.985494
v 0.403419 2.185827 -0.985494
v 0.399098 1.956870 -0.980229
v 0.399098 2.185827 -0.980229
v 0.393833 1.956870 -0.975907
v 0.393833 2.185827 -0.975907
v 0.387825 1.956870 -0.972696
v 0.387825 2.185827 -0.972696
v 0.381307 1.956870 -0.970719
v 0.381307 2.185827 -0.970719
v 0.374528 1.956870 -0.970051
v 0.374528 2.185827 -0.970051
v 0.367749 1.956870 -0.970719
v 0.367749 2.185827 -0.970719
v 0.361231 1.956870 -0.972696
v 0.361231 2.185827 -0.972696
v 0.355224 1.956870 -0.975907
v 0.355224 2.185827 -0.975907
v 0.349958 1.956870 -0.980229
v 0.349958 2.185827 -0.980229
v 0.345637 1.956870 -0.985494
v 0.345637 2.185827 -0.985494
v 0.342426 1.956870 -0.991501
v 0.342426 2.185827 -0.991501
v 0.340448 1.956870 -0.998020
v 0.340448 2.185827 -0.998020
v 0.339781 1.956870 -1.004799
v 0.339781 2.185827 -1.004799
v 0.340448 1.956870 -1.011577
v 0.340448 2.185827 -1.011577
v 0.342426 1.956870 -1.018096
v 0.342426 2.185827 -1.018096
v 0.345637 1.956870 -1.024103
v 0.345637 2.185827 -1.024103
v 0.349958 1.956870 -1.029369
v 0.349958 2.185827 -1.029369
v 0.355224 1.956870 -1.033690
v 0.355224 2.185827 -1.033690
v 0.361231 1.956870 -1.036901
v 0.361231 2.185827 -1.036901
v 0.367749 1.956870 -1.038878
v 0.367749 2.185827 -1.038878
vn -0.0000 -0.0000 -1.0000
vn 0.1951 -0.0000 -0.9808
vn 0.3827 -0.0000 -0.9239
vn 0.5556 -0.0000 -0.8315
vn 0.7071 -0.0000 -0.7071
vn 0.8315 -0.0000 -0.5556
vn 0.9239 -0.0000 -0.3827
vn 0.9808 -0.0000 -0.1951
vn 1.0000 -0.0000 -0.0000
vn 0.9808 -0.0000 0.1951
vn 0.9239 -0.0000 0.3827
vn 0.8315 -0.0000 0.5556
vn 0.7071 -0.0000 0.7071
vn 0.5556 -0.0000 0.8315
vn 0.3827 -0.0000 0.9239
vn 0.1951 -0.0000 0.9808
vn -0.0000 -0.0000 1.0000
vn -0.1951 -0.0000 0.9808
vn -0.3827 -0.0000 0.9239
vn -0.5556 -0.0000 0.8315
vn -0.7071 -0.0000 0.7071
vn -0.8315 -0.0000 0.5556
vn -0.9239 -0.0000 0.3827
vn -0.9808 -0.0000 0.1951
vn -1.0000 -0.0000 -0.0000
vn -0.9808 -0.0000 -0.1951
vn -0.9239 -0.0000 -0.3827
vn -0.8315 -0.0000 -0.5556
vn -0.7071 -0.0000 -0.7071
vn -0.5556 -0.0000 -0.8315
vn -0.3827 -0.0000 -0.9239
vn -0.0000 1.0000 -0.0000
vn -0.1951 -0.0000 -0.9808
vn -0.0000 -1.0000 -0.0000
vt 1.000000 0.500000
vt 0.000000 0.500000
vt 0.750000 0.490000
vt 1.000000 1.000000
vt 0.250000 0.490000
vt 0.000000 1.000000
vt 0.968750 0.500000
vt 0.796822 0.485388
vt 0.968750 1.000000
vt 0.296822 0.485388
vt 0.937500 0.500000
vt 0.841844 0.471731
vt 0.937500 1.000000
vt 0.341844 0.471731
vt 0.906250 0.500000
vt 0.883337 0.449553
vt 0.906250 1.000000
vt 0.383337 0.449553
vt 0.875000 0.500000
vt 0.919706 0.419706
vt 0.875000 1.000000
vt 0.419706 0.419706
vt 0.843750 0.500000
vt 0.949553 0.383337
vt 0.843750 1.000000
vt 0.449553 0.383337
vt 0.812500 0.500000
vt 0.971731 0.341844
vt 0.812500 1.000000
vt 0.471731 0.341844
vt 0.781250 0.500000
vt 0.985388 0.296822
vt 0.781250 1.000000
vt 0.485388 0.296822
vt 0.750000 0.500000
vt 0.990000 0.250000
vt 0.750000 1.000000
vt 0.490000 0.250000
vt 0.718750 0.500000
vt 0.985388 0.203178
vt 0.718750 1.000000
vt 0.485388 0.203178
vt 0.687500 0.500000
vt 0.971731 0.158156
vt 0.687500 1.000000
vt 0.471731 0.158156
vt 0.656250 0.500000
vt 0.949553 0.116663
vt 0.656250 1.000000
vt 0.449553 0.116663
vt 0.625000 0.500000
vt 0.919706 0.080294
vt 0.625000 1.000000
vt 0.419706 0.080294
vt 0.593750 0.500000
vt 0.883337 0.050447
vt 0.593750 1.000000
vt 0.383337 0.050447
vt 0.562500 0.500000
vt 0.841844 0.028269
vt 0.562500 1.000000
vt 0.341844 0.028269
vt 0.531250 0.500000
vt 0.796822 0.014612
vt 0.531250 1.000000
vt 0.296822 0.014612
vt 0.500000 0.500000
vt 0.750000 0.010000
vt 0.500000 1.000000
vt 0.250000 0.010000
vt 0.468750 0.500000
vt 0.703178 0.014612
vt 0.468750 1.000000
vt 0.203178 0.014612
vt 0.437500 0.500000
vt 0.658156 0.028269
vt 0.437500 1.000000
vt 0.158156 0.028269
vt 0.406250 0.500000
vt 0.616663 0.050447
vt 0.406250 1.000000
vt 0.116663 0.050447
vt 0.375000 0.500000
vt 0.580294 0.080294
vt 0.375000 1.000000
vt 0.080294 0.080294
vt 0.343750 0.500000
vt 0.550447 0.116663
vt 0.343750 1.000000
vt 0.050447 0.116663
vt 0.312500 0.500000
vt 0.528269 0.158156
vt 0.312500 1.000000
vt 0.028269 0.158156
vt 0.281250 0.500000
vt 0.514612 0.203178
vt 0.281250 1.000000
vt 0.014612 0.203178
vt 0.250000 0.500000
vt 0.510000 0.250000
vt 0.250000 1.000000
vt 0.010000 0.250000
vt 0.218750 0.500000
vt 0.514612 0.296822
vt 0.218750 1.000000
vt 0.014612 0.296822
vt 0.187500 0.500000
vt 0.528269 0.341844
vt 0.187500 1.000000
vt 0.028269 0.341844
vt 0.156250 0.500000
vt 0.550447 0.383337
vt 0.156250 1.000000
vt 0.050447 0.383337
vt 0.125000 0.500000
vt 0.580294 0.419706
vt 0.125000 1.000000
vt 0.080294 0.419706
vt 0.093750 0.500000
vt 0.616663 0.449553
vt 0.093750 1.000000
vt 0.116663 0.449553
vt 0.062500 0.500000
vt 0.658156 0.471731
vt 0.158156 0.471731
vt 0.062500 1.000000
vt 0.031250 0.500000
vt 0.703178 0.485388
vt 0.203178 0.485388
vt 0.031250 1.000000
s 1
usemtl dark
f 1345/1502/1104 1346/1505/1104 1348/1510/1105 1347/1508/1105
f 1347/1508/1105 1348/1510/1105 1350/1514/1106 1349/1512/1106
f 1349/1512/1106 1350/1514/1106 1352/1518/1107 1351/1516/1107
f 1351/1516/1107 1352/1518/1107 1354/1522/1108 1353/1520/1108
f 1353/1520/1108 1354/1522/1108 1356/1526/1109 1355/1524/1109
f 1355/1524/1109 1356/1526/1109 1358/1530/1110 1357/1528/1110
f 1357/1528/1110 1358/1530/1110 1360/1534/1111 1359/1532/1111
f 1359/1532/1111 1360/1534/1111 1362/1538/1112 1361/1536/1112
f 1361/1536/1112 1362/1538/1112 1364/1542/1113 1363/1540/1113
f 1363/1540/1113 1364/1542/1113 1366/1546/1114 1365/1544/1114
f 1365/1544/1114 1366/1546/1114 1368/1550/1115 1367/1548/1115
f 1367/1548/1115 1368/1550/1115 1370/1554/1116 1369/1552/1116
f 1369/1552/1116 1370/1554/1116 1372/1558/1117 1371/1556/1117
f 1371/1556/1117 1372/1558/1117 1374/1562/1118 1373/1560/1118
f 1373/1560/1118 1374/1562/1118 1376/1566/1119 1375/1564/1119
f 1375/1564/1119 1376/1566/1119 1378/1570/1120 1377/1568/1120
f 1377/1568/1120 1378/1570/1120 1380/1574/1121 1379/1572/1121
f 1379/1572/1121 1380/1574/1121 1382/1578/1122 1381/1576/1122
f 1381/1576/1122 1382/1578/1122 1384/1582/1123 1383/1580/1123
f 1383/1580/1123 1384/1582/1123 1386/1586/1124 1385/1584/1124
f 1385/1584/1124 1386/1586/1124 1388/1590/1125 1387/1588/1125
f 1387/1588/1125 1388/1590/1125 1390/1594/1126 1389/1592/1126
f 1389/1592/1126 1390/1594/1126 1392/1598/1127 1391/1596/1127
f 1391/1596/1127 1392/1598/1127 1394/1602/1128 1393/1600/1128
f 1393/1600/1128 1394/1602/1128 1396/1606/1129 1395/1604/1129
f 1395/1604/1129 1396/1606/1129 1398/1610/1130 1397/1608/1130
f 1397/1608/1130 1398/1610/1130 1400/1614/1131 1399/1612/1131
f 1399/1612/1131 1400/1614/1131 1402/1618/1132 1401/1616/1132
f 1401/1616/1132 1402/1618/1132 1404/1622/1133 1403/1620/1133
f 1403/1620/1133 1404/1622/1133 1406/1627/1134 1405/1624/1134
f 1348/1511/1135 1346/1506/1135 1408/1630/1135 1406/1626/1135 1404/1623/1135 1402/1619/1135 1400/1615/1135 1398/1611/1135 1396/1607/1135 1394/1603/1135 1392/1599/1135 1390/1595/1135 1388/1591/1135 1386/1587/1135 1384/1583/1135 1382/1579/1135 1380/1575/1135 1378/1571/1135 1376/1567/1135 1374/1563/1135 1372/1559/1135 1370/1555/1135 1368/1551/1135 1366/1547/1135 1364/1543/1135 1362/1539/1135 1360/1535/1135 1358/1531/1135 1356/1527/1135 1354/1523/1135 1352/1519/1135 1350/1515/1135
f 1405/1624/1134 1406/1627/1134 1408/1631/1136 1407/1628/1136
f 1407/1628/1136 1408/1631/1136 1346/1507/1104 1345/1503/1104
f 1345/1504/1137 1347/1509/1137 1349/1513/1137 1351/1517/1137 1353/1521/1137 1355/1525/1137 1357/1529/1137 1359/1533/1137 1361/1537/1137 1363/1541/1137 1365/1545/1137 1367/1549/1137 1369/1553/1137 1371/1557/1137 1373/1561/1137 1375/1565/1137 1377/1569/1137 1379/1573/1137 1381/1577/1137 1383/1581/1137 1385/1585/1137 1387/1589/1137 1389/1593/1137 1391/1597/1137 1393/1601/1137 1395/1605/1137 1397/1609/1137 1399/1613/1137 1401/1617/1137 1403/1621/1137 1405/1625/1137 1407/1629/1137
o Torus.001
v -0.130389 2.092270 -0.864322
v -0.131495 2.096290 -0.865259
v -0.134517 2.099233 -0.865946
v -0.138590 2.100036 -0.866139
v -0.142713 2.099028 -0.865905
v -0.145795 2.096290 -0.865259
v -0.146901 2.092270 -0.864322
v -0.145795 2.088250 -0.863384
v -0.142733 2.085444 -0.862730
v -0.138639 2.084523 -0.862515
v -0.134545 2.085420 -0.862724
v -0.131495 2.088250 -0.863384
v -0.131378 2.088843 -0.879014
v -0.132474 2.092896 -0.879811
v -0.135507 2.095780 -0.880071
v -0.143672 2.096230 -0.879072
v -0.146652 2.093320 -0.877993
v -0.147748 2.089333 -0.876915
v -0.146652 2.085280 -0.876118
v -0.143673 2.082187 -0.875798
v -0.135481 2.082045 -0.876875
v -0.132474 2.084856 -0.877936
v -0.134327 2.085475 -0.893455
v -0.135396 2.089560 -0.894113
v -0.138352 2.092532 -0.893996
v -0.142446 2.093993 -0.893212
v -0.146329 2.093302 -0.891978
v -0.149208 2.090401 -0.890509
v -0.150277 2.086446 -0.889293
v -0.149208 2.082361 -0.888634
v -0.146307 2.079180 -0.888691
v -0.142284 2.077653 -0.889438
v -0.138268 2.078560 -0.890753
v -0.135396 2.081520 -0.892238
v -0.139187 2.082223 -0.907397
v -0.140209 2.086339 -0.907922
v -0.143001 2.089545 -0.907483
v -0.150645 2.090319 -0.904414
v -0.153420 2.087582 -0.902593
v -0.154442 2.083658 -0.901243
v -0.153420 2.079542 -0.900718
v -0.150576 2.076534 -0.901234
v -0.146774 2.075200 -0.902539
v -0.143013 2.075675 -0.904241
v -0.140209 2.078299 -0.906047
v -0.145874 2.079143 -0.920602
v -0.146832 2.083289 -0.921001
v -0.149381 2.086888 -0.920318
v -0.152915 2.088128 -0.918511
v -0.156521 2.087215 -0.916177
v -0.159216 2.084913 -0.914038
v -0.160174 2.081018 -0.912562
v -0.159216 2.076873 -0.912163
v -0.156612 2.073534 -0.912925
v -0.149461 2.072705 -0.916975
v -0.146832 2.075249 -0.919126
v -0.154274 2.076288 -0.932845
v -0.155151 2.080461 -0.933126
v -0.157555 2.083785 -0.932006
v -0.160903 2.085551 -0.929763
v -0.164113 2.085026 -0.927126
v -0.166496 2.082438 -0.924649
v -0.167373 2.078571 -0.923056
v -0.166496 2.074398 -0.922774
v -0.164131 2.070909 -0.923823
v -0.160834 2.069036 -0.925990
v -0.157514 2.069695 -0.928759
v -0.155151 2.072421 -0.931251
v -0.164242 2.073706 -0.943914
v -0.165024 2.077904 -0.944090
v -0.167177 2.081233 -0.942656
v -0.173036 2.082814 -0.937009
v -0.175136 2.080200 -0.934243
v -0.175918 2.076358 -0.932544
v -0.175136 2.072160 -0.932368
v -0.173012 2.068679 -0.933740
v -0.167168 2.067450 -0.939450
v -0.165024 2.069864 -0.942215
v -0.175609 2.071442 -0.953622
v -0.176283 2.075661 -0.953705
v -0.178128 2.079112 -0.952042
v -0.183163 2.080699 -0.945678
v -0.184988 2.078238 -0.942657
v -0.185661 2.074417 -0.940865
v -0.184988 2.070198 -0.940782
v -0.183099 2.066966 -0.942555
v -0.180602 2.065335 -0.945517
v -0.178139 2.065340 -0.948814
v -0.176283 2.067621 -0.951830
v -0.188180 2.069534 -0.961803
v -0.188733 2.073771 -0.961807
v -0.190220 2.077484 -0.960022
v -0.192271 2.079201 -0.956761
v -0.194331 2.078743 -0.952985
v -0.195883 2.076584 -0.949747
v -0.196436 2.072782 -0.947877
v -0.195883 2.068544 -0.947872
v -0.194379 2.064955 -0.949706
v -0.190251 2.063427 -0.956699
v -0.188733 2.065731 -0.959932
v -0.201740 2.068015 -0.968315
v -0.202163 2.072267 -0.968257
v -0.203324 2.075793 -0.966199
v -0.206484 2.077622 -0.958795
v -0.207635 2.075268 -0.955391
v -0.208059 2.071480 -0.953458
v -0.207635 2.067228 -0.953516
v -0.206495 2.063525 -0.955480
v -0.204899 2.061356 -0.958919
v -0.203297 2.061716 -0.962972
v -0.202163 2.064227 -0.966382
v -0.216056 2.066911 -0.973047
v -0.216343 2.071174 -0.972945
v -0.217129 2.074728 -0.970763
v -0.218200 2.076554 -0.967133
v -0.219258 2.076397 -0.963040
v -0.220044 2.074311 -0.959493
v -0.220330 2.070534 -0.957515
v -0.220044 2.066271 -0.957618
v -0.219268 2.062613 -0.959746
v -0.217128 2.060911 -0.967540
v -0.216343 2.063134 -0.971069
v -0.230885 2.066241 -0.975920
v -0.231029 2.070510 -0.975790
v -0.231426 2.074374 -0.973673
v -0.231965 2.076514 -0.969910
v -0.232501 2.076057 -0.965580
v -0.232896 2.073730 -0.961983
v -0.233040 2.069960 -0.959977
v -0.232896 2.065691 -0.960108
v -0.232487 2.062257 -0.962443
v -0.231950 2.060355 -0.966188
v -0.231426 2.060265 -0.970310
v -0.231029 2.062470 -0.973914
v -0.245971 2.066016 -0.976883
v -0.245971 2.070288 -0.976743
v -0.245971 2.073917 -0.974487
v -0.245971 2.075952 -0.966430
v -0.245971 2.073536 -0.962817
v -0.245971 2.069767 -0.960803
v -0.245971 2.065496 -0.960942
v -0.245970 2.061810 -0.963167
v -0.245974 2.059581 -0.966923
v -0.245976 2.059788 -0.971239
v -0.245971 2.062248 -0.974868
v -0.261058 2.066241 -0.975920
v -0.260914 2.070510 -0.975790
v -0.260513 2.074005 -0.973498
v -0.259442 2.076057 -0.965580
v -0.259047 2.073730 -0.961983
v -0.258903 2.069960 -0.959977
v -0.259047 2.065691 -0.960108
v -0.259440 2.062010 -0.962307
v -0.260516 2.060252 -0.970310
v -0.260914 2.062470 -0.973914
v -0.275886 2.066911 -0.973047
v -0.275600 2.071174 -0.972945
v -0.274812 2.074651 -0.970728
v -0.273764 2.076272 -0.967085
v -0.272702 2.076284 -0.963043
v -0.271899 2.074311 -0.959493
v -0.271613 2.070534 -0.957515
v -0.271899 2.066271 -0.957618
v -0.272691 2.062793 -0.959844
v -0.273751 2.060975 -0.963480
v -0.274811 2.060972 -0.967541
v -0.275600 2.063134 -0.971069
v -0.290203 2.068015 -0.968315
v -0.289780 2.072267 -0.968257
v -0.288623 2.075844 -0.966225
v -0.285455 2.077635 -0.958795
v -0.284307 2.075268 -0.955391
v -0.283884 2.071480 -0.953458
v -0.284307 2.067228 -0.953516
v -0.285456 2.063593 -0.955518
v -0.288621 2.061963 -0.962977
v -0.289780 2.064227 -0.966382
v -0.303763 2.069534 -0.961803
v -0.303210 2.073771 -0.961807
v -0.301738 2.077663 -0.960097
v -0.299643 2.079700 -0.956847
v -0.297550 2.079075 -0.952979
v -0.296060 2.076584 -0.949747
v -0.295507 2.072782 -0.947877
v -0.296060 2.068544 -0.947872
v -0.297563 2.064950 -0.949704
v -0.299641 2.062847 -0.952919
v -0.301718 2.063180 -0.956694
v -0.303210 2.065731 -0.959932
v -0.316334 2.071442 -0.953622
v -0.315660 2.075661 -0.953705
v -0.313821 2.079149 -0.952057
v -0.308786 2.080695 -0.945677
v -0.306955 2.078238 -0.942657
v -0.306282 2.074417 -0.940865
v -0.306955 2.070198 -0.940782
v -0.308837 2.066904 -0.942520
v -0.311341 2.065187 -0.945472
v -0.313811 2.065279 -0.948812
v -0.315660 2.067621 -0.951830
v -0.327701 2.073706 -0.943914
v -0.326918 2.077904 -0.944090
v -0.324759 2.081201 -0.942645
v -0.321851 2.082720 -0.940033
v -0.318994 2.082421 -0.937012
v -0.316807 2.080200 -0.934243
v -0.316025 2.076358 -0.932544
v -0.316807 2.072160 -0.932368
v -0.318930 2.068679 -0.933740
v -0.324772 2.067463 -0.939450
v -0.326918 2.069864 -0.942215
v -0.337669 2.076288 -0.932845
v -0.336792 2.080461 -0.933126
v -0.334372 2.083691 -0.931970
v -0.327821 2.085037 -0.927128
v -0.325447 2.082438 -0.924649
v -0.324569 2.078571 -0.923056
v -0.325447 2.074398 -0.922774
v -0.327812 2.070909 -0.923823
v -0.331101 2.069098 -0.925993
v -0.334421 2.069755 -0.928762
v -0.336792 2.072421 -0.931251
v -0.346069 2.079143 -0.920602
v -0.345111 2.083289 -0.921001
v -0.342494 2.086575 -0.920216
v -0.335321 2.087587 -0.916198
v -0.332727 2.084913 -0.914038
v -0.331769 2.081018 -0.912562
v -0.332727 2.076873 -0.912163
v -0.335330 2.073534 -0.912925
v -0.342481 2.072705 -0.916975
v -0.345111 2.075249 -0.919126
v -0.352756 2.082223 -0.907397
v -0.351734 2.086339 -0.907922
v -0.348985 2.089782 -0.907568
v -0.345215 2.090908 -0.906201
v -0.341429 2.089924 -0.904353
v -0.338523 2.087582 -0.902593
v -0.337501 2.083658 -0.901243
v -0.338523 2.079542 -0.900718
v -0.341501 2.076777 -0.901297
v -0.345253 2.075342 -0.902575
v -0.348929 2.075675 -0.904241
v -0.351734 2.078299 -0.906047
v -0.357615 2.085475 -0.893455
v -0.356547 2.089560 -0.894113
v -0.353619 2.092637 -0.894026
v -0.345646 2.093189 -0.891962
v -0.342735 2.090401 -0.890509
v -0.341666 2.086446 -0.889293
v -0.342735 2.082361 -0.888634
v -0.345642 2.079216 -0.888703
v -0.349534 2.077622 -0.889428
v -0.353660 2.078591 -0.890760
v -0.356547 2.081520 -0.892238
v -0.360565 2.088843 -0.879014
v -0.359468 2.092896 -0.879811
v -0.356463 2.095885 -0.880101
v -0.348218 2.096372 -0.879105
v -0.345291 2.093320 -0.877993
v -0.344194 2.089333 -0.876915
v -0.345291 2.085280 -0.876118
v -0.348166 2.082002 -0.875750
v -0.356467 2.082031 -0.876872
v -0.359468 2.084856 -0.877936
v -0.361554 2.092270 -0.864322
v -0.360448 2.096290 -0.865259
v -0.357477 2.099479 -0.865992
v -0.353233 2.100760 -0.866283
v -0.349101 2.099431 -0.865987
v -0.346148 2.096290 -0.865259
v -0.345042 2.092270 -0.864322
v -0.346148 2.088250 -0.863384
v -0.349049 2.085062 -0.862632
v -0.357412 2.085388 -0.862716
v -0.360448 2.088250 -0.863384
v -0.360565 2.095697 -0.849629
v -0.359468 2.099684 -0.850708
v -0.356472 2.102537 -0.851778
v -0.348279 2.102315 -0.852832
v -0.345291 2.099260 -0.852525
v -0.344194 2.095207 -0.851728
v -0.345291 2.091220 -0.850650
v -0.348275 2.088343 -0.849573
v -0.356467 2.088640 -0.848537
v -0.359468 2.091644 -0.848832
v -0.357615 2.099065 -0.835189
v -0.356547 2.103020 -0.836405
v -0.353600 2.105648 -0.837831
v -0.349764 2.105910 -0.838948
v -0.345809 2.104824 -0.839780
v -0.342735 2.102179 -0.840009
v -0.341666 2.098094 -0.839350
v -0.342735 2.094139 -0.838134
v -0.345839 2.091778 -0.836775
v -0.349717 2.090704 -0.835439
v -0.353656 2.091707 -0.834564
v -0.356547 2.094980 -0.834530
v -0.352756 2.102317 -0.821246
v -0.351734 2.106241 -0.822596
v -0.348913 2.108784 -0.824387
v -0.341308 2.108225 -0.827495
v -0.338523 2.104998 -0.827925
v -0.337501 2.100882 -0.827400
v -0.338523 2.096958 -0.826050
v -0.341290 2.094204 -0.824233
v -0.348934 2.095038 -0.821175
v -0.351734 2.098201 -0.820721
v -0.346069 2.105397 -0.808041
v -0.345111 2.109291 -0.809517
v -0.342494 2.111891 -0.811675
v -0.335287 2.111142 -0.815778
v -0.332727 2.107667 -0.816480
v -0.331769 2.103522 -0.816081
v -0.332727 2.099627 -0.814605
v -0.335319 2.096954 -0.812442
v -0.342485 2.098008 -0.808441
v -0.345111 2.101251 -0.807642
v -0.337669 2.108252 -0.795799
v -0.336792 2.112119 -0.797392
v -0.334456 2.115025 -0.799910
v -0.331092 2.115765 -0.802724
v -0.327787 2.113691 -0.804848
v -0.325447 2.110142 -0.805869
v -0.324569 2.105969 -0.805588
v -0.325447 2.102102 -0.803994
v -0.327899 2.099766 -0.801517
v -0.331125 2.099008 -0.798794
v -0.334421 2.100549 -0.796556
v -0.336792 2.104079 -0.795517
v -0.327701 2.110834 -0.784729
v -0.326918 2.114676 -0.786428
v -0.324782 2.117134 -0.789195
v -0.318937 2.115830 -0.794890
v -0.316807 2.112380 -0.796275
v -0.316025 2.108182 -0.796099
v -0.316807 2.104340 -0.794400
v -0.318926 2.101807 -0.791636
v -0.324776 2.103245 -0.785963
v -0.326918 2.106636 -0.784553
v -0.316334 2.113098 -0.775021
v -0.315660 2.116919 -0.776813
v -0.313804 2.119177 -0.779827
v -0.311375 2.119077 -0.783085
v -0.308886 2.117457 -0.786026
v -0.306955 2.114342 -0.787861
v -0.306282 2.110123 -0.787778
v -0.306955 2.106302 -0.785986
v -0.308776 2.103828 -0.782968
v -0.313807 2.105490 -0.776628
v -0.315660 2.108879 -0.774938
v -0.303763 2.115006 -0.766841
v -0.303210 2.118809 -0.768711
v -0.301682 2.121017 -0.771939
v -0.297563 2.119588 -0.778942
v -0.296060 2.115996 -0.780771
v -0.295507 2.111758 -0.780766
v -0.296060 2.107956 -0.778896
v -0.297609 2.105952 -0.775637
v -0.299636 2.105720 -0.771949
v -0.301693 2.107268 -0.768714
v -0.303210 2.110769 -0.766836
v -0.290203 2.116525 -0.760328
v -0.289780 2.120313 -0.762261
v -0.288623 2.122622 -0.765666
v -0.285444 2.121026 -0.773176
v -0.284307 2.117312 -0.775127
v -0.283884 2.113060 -0.775185
v -0.284307 2.109272 -0.773252
v -0.285462 2.106939 -0.769848
v -0.287052 2.106511 -0.765819
v -0.288642 2.108475 -0.762320
v -0.289780 2.112273 -0.760386
v -0.275886 2.117629 -0.755596
v -0.275600 2.121406 -0.757574
v -0.274841 2.124000 -0.761114
v -0.273750 2.124252 -0.765328
v -0.272673 2.121930 -0.768902
v -0.271899 2.118269 -0.771025
v -0.271613 2.114006 -0.771128
v -0.271899 2.110229 -0.769150
v -0.272669 2.107746 -0.765637
v -0.273720 2.107516 -0.761588
v -0.274817 2.109797 -0.757872
v -0.275600 2.113366 -0.755699
v -0.261058 2.118299 -0.752723
v -0.260914 2.122070 -0.754729
v -0.260519 2.124292 -0.758332
v -0.259998 2.124257 -0.762501
v -0.259460 2.122250 -0.766165
v -0.259047 2.118850 -0.768535
v -0.258903 2.114581 -0.768666
v -0.259047 2.110810 -0.766660
v -0.259429 2.108344 -0.763072
v -0.260516 2.110504 -0.755131
v -0.260914 2.114030 -0.752854
v -0.245971 2.118524 -0.751760
v -0.245971 2.122292 -0.753775
v -0.245971 2.124441 -0.757403
v -0.245973 2.122738 -0.765488
v -0.245971 2.119044 -0.767701
v -0.245971 2.114773 -0.767840
v -0.245971 2.111004 -0.765826
v -0.245970 2.108723 -0.762198
v -0.245970 2.110659 -0.754173
v -0.245971 2.114252 -0.751900
v -0.230885 2.118299 -0.752723
v -0.231029 2.122070 -0.754729
v -0.231424 2.124292 -0.758332
v -0.232503 2.122537 -0.766348
v -0.232896 2.118850 -0.768535
v -0.233040 2.114581 -0.768666
v -0.232896 2.110810 -0.766660
v -0.232496 2.108959 -0.763024
v -0.231959 2.108598 -0.758741
v -0.231417 2.110186 -0.754983
v -0.231029 2.114030 -0.752854
v -0.216057 2.117629 -0.755596
v -0.216343 2.121406 -0.757574
v -0.217119 2.123869 -0.761107
v -0.218194 2.123925 -0.765242
v -0.219244 2.121710 -0.768762
v -0.220044 2.118269 -0.771025
v -0.220330 2.114006 -0.771128
v -0.220044 2.110229 -0.769150
v -0.219270 2.107885 -0.765626
v -0.217128 2.109797 -0.757871
v -0.216343 2.113366 -0.755699
v -0.201740 2.116525 -0.760328
v -0.202163 2.120313 -0.762261
v -0.203324 2.122576 -0.765664
v -0.206491 2.120954 -0.773135
v -0.207635 2.117312 -0.775127
v -0.208059 2.113060 -0.775185
v -0.207635 2.109272 -0.773252
v -0.206499 2.106805 -0.769859
v -0.203328 2.108794 -0.762463
v -0.202163 2.112273 -0.760386
v -0.188180 2.115006 -0.766841
v -0.188733 2.118809 -0.768711
v -0.190248 2.121111 -0.771944
v -0.194384 2.119598 -0.778950
v -0.195883 2.115996 -0.780771
v -0.196436 2.111758 -0.780766
v -0.195883 2.107956 -0.778896
v -0.194380 2.105543 -0.775666
v -0.192351 2.105255 -0.772014
v -0.190247 2.107268 -0.768715
v -0.188733 2.110769 -0.766836
v -0.175609 2.113098 -0.775021
v -0.176283 2.116919 -0.776813
v -0.178107 2.119440 -0.779842
v -0.180610 2.119556 -0.783234
v -0.183090 2.117602 -0.786094
v -0.184988 2.114342 -0.787861
v -0.185661 2.110123 -0.787778
v -0.184988 2.106302 -0.785986
v -0.183095 2.104208 -0.782959
v -0.180554 2.103572 -0.779434
v -0.178070 2.105084 -0.776461
v -0.176283 2.108879 -0.774938
v -0.164242 2.110834 -0.784729
v -0.165024 2.114676 -0.786428
v -0.167168 2.117089 -0.789191
v -0.173016 2.115865 -0.794907
v -0.175136 2.112380 -0.796275
v -0.175918 2.108182 -0.796099
v -0.175136 2.104340 -0.794400
v -0.173013 2.101825 -0.791630
v -0.167161 2.103208 -0.785947
v -0.165024 2.106636 -0.784553
v -0.154274 2.108252 -0.795799
v -0.155151 2.112119 -0.797392
v -0.157556 2.114599 -0.799866
v -0.164140 2.113643 -0.804830
v -0.166496 2.110142 -0.805869
v -0.167373 2.105969 -0.805588
v -0.166496 2.102102 -0.803994
v -0.164131 2.099437 -0.801509
v -0.160944 2.099066 -0.798906
v -0.157580 2.100864 -0.796677
v -0.155151 2.104079 -0.795517
v -0.145874 2.105397 -0.808041
v -0.146832 2.109291 -0.809517
v -0.149423 2.112021 -0.811691
v -0.153051 2.112695 -0.814010
v -0.156615 2.111010 -0.815721
v -0.159216 2.107667 -0.816480
v -0.160174 2.103522 -0.816081
v -0.159216 2.099627 -0.814605
v -0.156612 2.096970 -0.812444
v -0.149480 2.098111 -0.808482
v -0.146832 2.101251 -0.807642
v -0.139187 2.102317 -0.821246
v -0.140209 2.106241 -0.822596
v -0.143014 2.108866 -0.824400
v -0.146777 2.109367 -0.826109
v -0.150566 2.107991 -0.827398
v -0.153420 2.104998 -0.827925
v -0.154442 2.100882 -0.827400
v -0.153420 2.096958 -0.826050
v -0.150576 2.094487 -0.824256
v -0.146766 2.093838 -0.822486
v -0.143001 2.094995 -0.821161
v -0.140209 2.098201 -0.820721
v -0.134327 2.099065 -0.835189
v -0.135396 2.103020 -0.836405
v -0.138328 2.105730 -0.837845
v -0.146307 2.105360 -0.839952
v -0.149208 2.102179 -0.840009
v -0.150277 2.098094 -0.839350
v -0.149208 2.094139 -0.838134
v -0.146307 2.091312 -0.836675
v -0.142251 2.090115 -0.835269
v -0.138242 2.091537 -0.834501
v -0.135396 2.094980 -0.834530
v -0.131378 2.095697 -0.849629
v -0.132474 2.099684 -0.850708
v -0.135404 2.102808 -0.851846
v -0.139519 2.103860 -0.852651
v -0.143673 2.102353 -0.852845
v -0.146652 2.099260 -0.852525
v -0.147748 2.095207 -0.851728
v -0.146652 2.091220 -0.850650
v -0.143673 2.088305 -0.849569
v -0.135481 2.088654 -0.848540
v -0.132474 2.091644 -0.848832
vn 1.0000 -0.0000 -0.0000
vn 0.9914 -0.0296 -0.1271
vn 0.9577 0.2234 -0.1816
vn 0.8702 0.4793 -0.1146
vn 0.6837 0.6842 -0.2540
vn 0.6837 0.6842 -0.2539
vn 0.7115 0.6832 -0.1646
vn 0.1523 0.9155 -0.3724
vn 0.1146 0.9083 -0.4024
vn -0.0147 0.9760 -0.2171
vn -0.0162 0.9783 -0.2064
vn 0.1883 0.9285 -0.3200
vn -0.4940 0.8478 -0.1929
vn -0.4996 0.8596 -0.1076
vn -0.8560 0.5169 -0.0011
vn -0.6954 0.6998 -0.1634
vn -0.9659 0.2521 -0.0588
vn -0.9914 0.0296 0.1271
vn -1.0000 -0.0000 -0.0000
vn -0.8563 -0.4643 0.2262
vn -0.9659 -0.2521 0.0588
vn -0.7010 -0.6945 0.1620
vn -0.5050 -0.8195 0.2708
vn -0.5002 -0.8435 0.1956
vn 0.6954 -0.6998 0.1632
vn 0.7014 -0.7089 0.0744
vn 0.8614 -0.5078 0.0040
vn 0.9659 -0.2521 0.0588
vn 0.9659 -0.0588 -0.2521
vn 0.9330 0.1953 -0.3023
vn 0.6668 0.6649 -0.3365
vn 0.6668 0.6649 -0.3366
vn 0.0276 0.9723 -0.2322
vn 0.4702 0.8824 -0.0170
vn 0.4431 0.8938 0.0699
vn 0.4233 0.9000 0.1040
vn 0.3530 0.9233 0.1515
vn 0.0295 0.9826 -0.1832
vn -0.6971 0.7166 0.0247
vn -0.8390 0.5336 0.1064
vn -0.9659 0.0588 0.2521
vn -0.8344 -0.4418 0.3296
vn -0.4950 -0.8110 0.3119
vn 0.0239 -0.9058 0.4231
vn 0.0242 -0.9058 0.4231
vn -0.0285 -0.8982 0.4386
vn -0.0729 -0.9115 0.4049
vn -0.0087 -0.9848 0.1732
vn 0.6930 -0.7206 -0.0227
vn 0.8424 -0.5277 -0.1088
vn 0.9239 -0.0869 -0.3727
vn 0.8056 0.4039 -0.4335
vn 0.6610 0.6219 -0.4199
vn -0.4747 0.8797 -0.0260
vn -0.7987 0.5666 0.2025
vn -0.9239 0.0869 0.3727
vn -0.8924 -0.1681 0.4188
vn -0.6425 -0.6394 0.4223
vn -0.4540 -0.8035 0.3851
vn -0.1907 -0.9654 0.1779
vn -0.1759 -0.9484 0.2638
vn -0.1758 -0.9481 0.2648
vn -0.1795 -0.9575 0.2258
vn -0.1914 -0.9658 0.1751
vn 0.6532 -0.7497 -0.1063
vn 0.8023 -0.5576 -0.2129
vn 0.8660 -0.1136 -0.4869
vn 0.7583 0.3705 -0.5363
vn 0.6304 0.5848 -0.5105
vn -0.4292 0.9018 0.0510
vn -0.5959 0.7848 0.1704
vn -0.8365 0.3618 0.4116
vn -0.8660 0.1136 0.4869
vn -0.7464 -0.3917 0.5381
vn -0.4334 -0.7735 0.4624
vn 0.0766 -0.9105 0.4063
vn -0.0081 -0.9793 0.2021
vn 0.1328 -0.9165 0.3773
vn 0.6148 -0.7674 -0.1820
vn 0.7534 -0.5802 -0.3095
vn 0.7934 -0.1383 -0.5928
vn 0.6889 0.3586 -0.6299
vn 0.5620 0.5842 -0.5855
vn -0.4066 0.9020 0.1455
vn -0.6818 0.6120 0.4006
vn -0.7934 0.1383 0.5928
vn -0.6891 -0.3624 0.6275
vn -0.4147 -0.7591 0.5018
vn -0.0172 0.9695 -0.2443
vn -0.0287 0.9687 -0.2465
vn -0.5105 0.8156 -0.2723
vn -0.5018 0.8066 -0.3123
vn -0.4650 0.7937 -0.3922
vn -0.2763 0.8967 -0.3458
vn 0.5692 -0.7776 -0.2670
vn 0.6920 -0.5970 -0.4059
vn 0.7071 -0.1606 -0.6886
vn 0.6830 0.0969 -0.7239
vn 0.4926 0.5867 -0.6427
vn -0.3853 0.9040 0.1853
vn -0.6147 0.6209 0.4864
vn -0.7071 0.1606 0.6886
vn -0.6133 -0.3541 0.7060
vn -0.3787 -0.7590 0.5296
vn 0.4973 -0.8029 -0.3287
vn 0.6128 -0.6223 -0.4870
vn 0.6088 -0.1802 -0.7726
vn 0.5303 0.3260 -0.7826
vn 0.4333 0.5614 -0.7050
vn -0.3468 0.9147 0.2075
vn -0.5292 0.6446 0.5517
vn -0.6088 0.1802 0.7726
vn -0.5880 -0.0780 0.8051
vn -0.4199 -0.5809 0.6974
vn -0.2982 -0.7607 0.5765
vn 0.4234 -0.8251 -0.3741
vn 0.5880 -0.4261 -0.6875
vn 0.5000 -0.1967 -0.8434
vn 0.4359 0.3053 -0.8467
vn 0.3582 0.5380 -0.7630
vn -0.2660 0.9374 0.2247
vn -0.3485 0.8358 0.4242
vn -0.4830 0.4421 0.7559
vn -0.5000 0.1967 0.8434
vn -0.4277 -0.3218 0.8447
vn -0.2337 -0.7337 0.6380
vn 0.3567 -0.8274 -0.4338
vn 0.4360 -0.6532 -0.6191
vn 0.3827 -0.2099 -0.8997
vn 0.3311 0.2995 -0.8948
vn 0.2682 0.5391 -0.7984
vn 0.2280 0.9633 -0.1414
vn 0.2262 0.9525 -0.2042
vn 0.1909 0.9752 -0.1123
vn 0.1923 0.9748 -0.1134
vn -0.1950 0.9465 0.2570
vn -0.2665 0.8451 0.4635
vn -0.3696 0.4547 0.8103
vn -0.3827 0.2099 0.8997
vn -0.3324 -0.3002 0.8941
vn -0.1981 -0.7213 0.6636
vn 0.2744 -0.8290 -0.4873
vn 0.3337 -0.6595 -0.6736
vn 0.2588 -0.2194 -0.9407
vn 0.2270 0.2899 -0.9298
vn 0.1873 0.5299 -0.8271
vn -0.1206 0.9527 0.2790
vn -0.1800 0.8517 0.4922
vn -0.2500 0.4640 0.8498
vn -0.2588 0.2194 0.9407
vn -0.2271 -0.3012 0.9261
vn -0.1531 -0.7247 0.6719
vn -0.4270 -0.9014 -0.0718
vn -0.4552 -0.8903 0.0091
vn -0.0351 -0.9714 0.2347
vn -0.0130 -0.9784 0.2064
vn -0.2991 -0.9354 -0.1885
vn -0.3718 -0.9180 -0.1380
vn -0.2137 -0.9755 0.0529
vn 0.1804 -0.8431 -0.5066
vn 0.2234 -0.6725 -0.7055
vn 0.1305 -0.2252 -0.9655
vn 0.1145 0.2764 -0.9542
vn 0.0949 0.5102 -0.8548
vn -0.0472 0.9461 0.3205
vn -0.1093 0.6841 0.7211
vn -0.1305 0.2252 0.9655
vn -0.1261 -0.0345 0.9914
vn -0.0906 -0.5432 0.8347
vn -0.0684 -0.7363 0.6732
vn 0.0954 -0.8469 -0.5231
vn 0.1150 -0.6774 -0.7265
vn -0.0000 -0.2271 -0.9739
vn -0.0024 0.2823 -0.9593
vn -0.0046 0.5229 -0.8524
vn 0.0385 -0.9783 0.2037
vn -0.1446 -0.9304 0.3368
vn -0.1720 -0.9373 0.3031
vn -0.0029 0.9433 0.3318
vn -0.0000 0.6788 0.7344
vn -0.0000 0.2271 0.9739
vn 0.0028 -0.2959 0.9552
vn 0.0127 -0.7225 0.6913
vn 0.0001 -0.8414 -0.5404
vn 0.0001 -0.6745 -0.7382
vn -0.1305 -0.2252 -0.9655
vn -0.1261 0.0345 -0.9914
vn -0.0920 0.5472 -0.8319
vn -0.0919 0.5472 -0.8319
vn -0.1895 0.9686 -0.1610
vn -0.1518 0.9824 -0.1091
vn 0.0363 0.9690 -0.2444
vn 0.0593 0.9713 -0.2302
vn -0.2068 0.9542 -0.2162
vn -0.2065 0.9545 -0.2152
vn 0.0400 0.9473 0.3178
vn 0.1079 0.6863 0.7192
vn 0.1305 0.2252 0.9655
vn 0.1107 -0.2957 0.9488
vn 0.0557 -0.7218 0.6899
vn 0.0020 -0.9692 0.2463
vn 0.0009 -0.9716 0.2368
vn -0.0158 -0.9689 0.2471
vn -0.0959 -0.8479 -0.5215
vn -0.1153 -0.6781 -0.7259
vn -0.2588 -0.2194 -0.9407
vn -0.2500 0.0401 -0.9674
vn -0.1775 0.5511 -0.8153
vn 0.1275 0.9532 0.2743
vn 0.1780 0.8576 0.4825
vn 0.2500 0.4640 0.8498
vn 0.2588 0.2194 0.9407
vn 0.2500 -0.0401 0.9674
vn 0.1814 -0.5408 0.8214
vn 0.1283 -0.7370 0.6636
vn -0.1800 -0.8524 -0.4910
vn -0.2500 -0.4640 -0.8498
vn -0.3827 -0.2099 -0.8997
vn -0.3306 0.2945 -0.8967
vn -0.2683 0.5299 -0.8045
vn -0.2369 0.9714 0.0176
vn 0.2221 0.9394 0.2612
vn 0.3343 0.6732 0.6596
vn 0.3827 0.2099 0.8997
vn 0.3326 -0.3092 0.8909
vn 0.2057 -0.7309 0.6507
vn -0.0246 -0.9722 0.2329
vn 0.2141 -0.9348 0.2833
vn 0.1886 -0.9188 0.3467
vn 0.4145 -0.7952 0.4426
vn 0.3886 -0.7863 0.4802
vn -0.2671 -0.8374 -0.4768
vn -0.3306 -0.6650 -0.6697
vn -0.5000 -0.1967 -0.8434
vn -0.4386 0.2949 -0.8489
vn -0.3662 0.5190 -0.7724
vn 0.2656 0.9305 0.2523
vn 0.4343 0.6534 0.6201
vn 0.5000 0.1967 0.8434
vn 0.4291 -0.3218 0.8440
vn 0.2436 -0.7366 0.6310
vn -0.3588 -0.8195 -0.4468
vn -0.4362 -0.6480 -0.6244
vn -0.6088 -0.1802 -0.7726
vn -0.5330 0.3210 -0.7829
vn -0.4402 0.5524 -0.7079
vn 0.2980 0.9288 0.2203
vn 0.5226 0.6473 0.5549
vn 0.6088 0.1802 0.7726
vn 0.5880 -0.0780 0.8051
vn 0.4232 -0.5745 0.7006
vn 0.3031 -0.7590 0.5762
vn -0.0196 -0.9730 0.2301
vn -0.0098 -0.9734 0.2288
vn 0.1771 -0.9808 0.0820
vn 0.2159 -0.9693 0.1173
vn 0.2276 -0.9591 0.1682
vn -0.0083 -0.9745 0.2242
vn -0.4335 -0.8147 -0.3851
vn -0.5303 -0.6382 -0.5582
vn -0.7071 -0.1606 -0.6886
vn -0.6830 0.0969 -0.7239
vn -0.4905 0.5922 -0.6393
vn -0.4905 0.5921 -0.6394
vn 0.4908 0.8128 0.3138
vn 0.6830 0.4072 0.6064
vn 0.7071 0.1606 0.6886
vn 0.6134 -0.3523 0.7068
vn 0.3768 -0.7572 0.5335
vn -0.4977 -0.8033 -0.3270
vn -0.6132 -0.6226 -0.4862
vn -0.7934 -0.1383 -0.5928
vn -0.7663 0.1185 -0.6314
vn -0.5480 0.6070 -0.5755
vn 0.0405 0.9646 -0.2606
vn 0.3040 0.7565 -0.5791
vn 0.3945 0.7526 -0.5272
vn 0.4367 0.7455 -0.5036
vn 0.4621 0.7542 -0.4666
vn 0.4632 0.7783 -0.4239
vn 0.4785 0.8185 -0.3179
vn 0.6869 0.6103 0.3946
vn 0.7934 0.1383 0.5928
vn 0.6891 -0.3624 0.6275
vn 0.4122 -0.7588 0.5044
vn 0.0080 -0.9692 0.2461
vn 0.0004 -0.9713 0.2377
vn 0.0057 -0.9688 0.2476
vn -0.5656 -0.7815 -0.2634
vn -0.6907 -0.5994 -0.4044
vn -0.8660 -0.1136 -0.4869
vn -0.7522 0.3809 -0.5376
vn -0.6134 0.6032 -0.5097
vn 0.7440 0.5929 0.3081
vn 0.8660 0.1136 0.4869
vn 0.7413 -0.3981 0.5403
vn 0.4232 -0.7776 0.4651
vn -0.6127 -0.7693 -0.1811
vn -0.7526 -0.5814 -0.3091
vn -0.9239 -0.0869 -0.3727
vn -0.8075 0.3975 -0.4358
vn -0.6677 0.6106 -0.4259
vn -0.5134 -0.8502 0.1166
vn -0.0241 -0.9741 0.2250
vn -0.5034 -0.8607 0.0761
vn 0.6305 0.7710 0.0897
vn 0.8924 0.3360 0.3012
vn 0.9239 0.0869 0.3727
vn 0.8924 -0.1681 0.4188
vn 0.6190 -0.6642 0.4191
vn 0.4815 -0.7948 0.3693
vn -0.6521 -0.7508 -0.1051
vn -0.8020 -0.5583 -0.2124
vn -0.9659 -0.0588 -0.2521
vn -0.8409 0.4293 -0.3296
vn -0.6878 0.6435 -0.3358
vn 0.5232 0.8476 -0.0888
vn 0.8340 0.5432 0.0965
vn 0.9659 0.0588 0.2521
vn 0.8338 -0.4464 0.3247
vn 0.5693 -0.7734 0.2788
vn 0.1562 0.9840 -0.0852
vn 0.1228 0.9901 -0.0684
vn 0.1227 0.9901 -0.0683
vn -0.6910 -0.7225 -0.0219
vn -0.8417 -0.5289 -0.1084
vn -0.9914 -0.0296 -0.1271
vn -0.8624 0.4538 -0.2243
vn -0.7047 0.6628 -0.2533
vn -0.0056 0.9955 0.0942
vn 0.0188 0.9827 -0.1843
vn 0.0096 0.9820 -0.1888
vn 0.5476 0.8272 -0.1255
vn 0.8649 0.5019 -0.0021
vn 0.9914 0.0296 0.1271
vn 0.8682 -0.4455 0.2185
vn 0.5986 -0.7648 0.2381
vn -0.7024 -0.7080 0.0731
vn -0.8618 -0.5073 0.0034
vn -0.8739 0.4733 -0.1107
vn -0.7225 0.6732 -0.1574
vn 0.0049 -0.9718 0.2358
vn 0.5508 0.8171 -0.1700
vn 0.8721 0.4769 -0.1093
vn 0.8753 -0.4702 0.1124
vn 0.6014 -0.7747 0.1951
vn 0.0766 0.8989 -0.4313
vn 0.0184 0.9039 -0.4274
vn 0.0162 0.9040 -0.4273
vn -0.6993 -0.6961 0.1624
vn -0.8622 0.5065 0.0009
vn -0.7043 0.7069 -0.0650
vn 0.0923 -0.9956 0.0186
vn 0.1378 -0.9894 0.0464
vn 0.5285 0.8217 -0.2133
vn 0.8533 0.4737 -0.2179
vn 0.8553 -0.5180 0.0134
vn 0.5780 -0.8005 0.1583
vn -0.7020 -0.6677 0.2478
vn -0.8616 -0.4566 0.2215
vn -0.9330 0.3088 0.1847
vn -0.6680 0.7441 0.0120
vn 0.6449 0.6857 -0.3374
vn 0.9330 -0.3088 -0.1847
vn 0.6512 -0.7589 -0.0035
vn 0.5198 -0.8512 0.0722
vn -0.6907 -0.6387 0.3392
vn -0.8417 -0.4265 0.3312
vn -0.8924 0.3360 0.3012
vn -0.6400 0.7628 0.0924
vn -0.6399 0.7628 0.0925
vn 0.4778 -0.8760 -0.0654
vn 0.4160 -0.9021 -0.1144
vn 0.3794 -0.9149 0.1380
vn 0.4897 -0.8714 -0.0280
vn 0.7913 0.4211 -0.4433
vn 0.7926 -0.5725 -0.2098
vn -0.0070 -1.0000 -0.0038
vn 0.0465 -0.9989 -0.0093
vn -0.6531 -0.6259 0.4263
vn -0.8023 -0.4062 0.4373
vn -0.7563 0.5760 0.3103
vn -0.6225 0.7606 0.1846
vn 0.3376 0.9241 -0.1791
vn -0.1091 -0.9937 0.0243
vn -0.0603 -0.9982 0.0016
vn 0.7543 0.3771 -0.5374
vn 0.7495 -0.5881 -0.3038
vn 0.0707 -0.9716 0.2260
vn 0.0057 -0.9724 0.2330
vn -0.6151 -0.6070 0.5032
vn -0.7535 -0.3830 0.5344
vn -0.6960 0.5888 0.4111
vn -0.5811 0.7644 0.2795
vn 0.6930 0.3563 -0.6267
vn 0.7934 -0.1383 -0.5929
vn 0.7663 -0.3856 -0.5139
vn 0.5535 -0.7942 -0.2509
vn -0.5684 -0.5803 0.5832
vn -0.6917 -0.3565 0.6281
vn -0.6140 0.6181 0.4909
vn -0.5016 0.7963 0.3380
vn -0.2093 0.8565 -0.4717
vn -0.3189 0.7379 -0.5948
vn -0.2574 0.7077 -0.6580
vn -0.2210 0.7023 -0.6767
vn -0.1378 0.7122 -0.6884
vn -0.0918 0.8388 -0.5366
vn 0.6135 0.3580 -0.7039
vn 0.6088 -0.6298 -0.4824
vn 0.3684 -0.9123 -0.1790
vn -0.0398 0.9057 -0.4221
vn -0.0939 0.9176 -0.3862
vn 0.0203 0.9800 -0.1981
vn -0.4975 -0.5747 0.6497
vn -0.6130 -0.3427 0.7119
vn -0.5880 0.4261 0.6875
vn -0.4199 0.8280 0.3717
vn -0.4200 0.8279 0.3716
vn 0.4116 0.5944 -0.6909
vn 0.5880 0.0780 -0.8051
vn 0.5281 -0.6485 -0.5481
vn 0.3359 -0.9200 -0.2021
vn -0.4241 -0.5731 0.7012
vn -0.3475 0.8390 0.4188
vn -0.3474 0.8390 0.4189
vn 0.2338 0.7246 -0.6483
vn 0.4255 0.3244 -0.8448
vn 0.4830 -0.4421 -0.7559
vn 0.3431 -0.8447 -0.4108
vn 0.2447 -0.9414 -0.2323
vn -0.3579 -0.5478 0.7562
vn -0.4365 -0.3106 0.8444
vn -0.3357 0.6615 0.6706
vn -0.2776 0.8320 0.4803
vn 0.2016 0.7092 -0.6755
vn 0.3327 0.2989 -0.8944
vn 0.3247 -0.6751 -0.6625
vn 0.1651 -0.9420 -0.2921
vn 0.0891 0.9947 -0.0515
vn 0.0458 0.9983 -0.0370
vn -0.2758 -0.5240 0.8058
vn -0.3342 -0.2913 0.8964
vn -0.2263 0.6630 0.7136
vn -0.1877 0.8286 0.5275
vn 0.1569 0.7140 -0.6823
vn 0.2277 0.3017 -0.9258
vn 0.2239 -0.6686 -0.7091
vn 0.1277 -0.9379 -0.3226
vn -0.1797 -0.5310 0.8281
vn -0.2230 -0.2905 0.9305
vn -0.1111 0.6759 0.7285
vn -0.0882 0.8447 0.5279
vn 0.0023 0.9997 -0.0225
vn 0.0254 0.9586 -0.2838
vn 0.0219 0.9650 -0.2615
vn -0.0557 0.9977 -0.0396
vn 0.0674 0.7208 -0.6899
vn 0.0900 0.5470 -0.8323
vn 0.1261 0.0345 -0.9914
vn 0.1155 -0.6735 -0.7301
vn 0.0827 -0.9399 -0.3313
vn -0.0909 -0.5417 0.8356
vn -0.0000 0.4715 0.8819
vn -0.0000 0.8569 0.5155
vn -0.0176 0.7000 -0.7139
vn -0.0035 0.2960 -0.9552
vn 0.0063 -0.6908 -0.7231
vn 0.0377 -0.9483 -0.3151
vn 0.4404 -0.8689 0.2258
vn -0.0039 -0.5258 0.8506
vn -0.0021 -0.2839 0.9589
vn 0.1116 0.6782 0.7263
vn 0.0890 0.8481 0.5223
vn -0.0589 0.6993 -0.7124
vn -0.1099 0.2960 -0.9488
vn -0.1261 -0.4696 -0.8738
vn -0.0894 -0.8682 -0.4881
vn -0.0617 -0.9562 -0.2863
vn 0.0941 -0.5130 0.8532
vn 0.1140 -0.2779 0.9538
vn 0.2257 0.6683 0.7089
vn 0.1855 0.8366 0.5155
vn -0.2227 0.9372 -0.2685
vn -0.1853 0.9328 -0.3092
vn -0.1806 0.5446 -0.8190
vn -0.2287 -0.6829 -0.6938
vn -0.1643 -0.9417 -0.2935
vn 0.1873 -0.5315 0.8261
vn 0.2270 -0.2907 0.9295
vn 0.3339 0.6638 0.6693
vn 0.2736 0.8355 0.4765
vn 0.2386 -0.9462 0.2186
vn -0.3332 0.3096 -0.8906
vn -0.3327 -0.6637 -0.6699
vn -0.2084 -0.9329 -0.2936
vn 0.2666 -0.5524 0.7898
vn 0.3696 -0.0494 0.9279
vn 0.4334 0.6536 0.6204
vn 0.3517 0.8283 0.4362
vn -0.4284 0.3219 -0.8443
vn -0.4274 -0.6622 -0.6155
vn -0.2430 -0.9333 -0.2645
vn -0.2626 0.9539 -0.1452
vn -0.0202 0.9770 -0.2124
vn 0.3518 -0.5429 0.7626
vn 0.4329 -0.3079 0.8472
vn 0.5299 0.6363 0.5607
vn 0.4336 0.8119 0.3909
vn 0.0108 -0.9868 0.1615
vn -0.4211 0.5781 -0.6989
vn -0.5880 0.0780 -0.8051
vn -0.5880 -0.4261 -0.6875
vn -0.4188 -0.8306 -0.3669
vn 0.4430 -0.5363 0.7185
vn 0.5329 -0.3122 0.7865
vn 0.6149 0.6220 0.4848
vn 0.5010 0.8022 0.3246
vn -0.1134 0.9919 -0.0566
vn -0.3946 0.7418 -0.5422
vn -0.6138 0.3529 -0.7062
vn -0.6132 -0.6304 -0.4760
vn -0.2617 0.8719 -0.4138
vn -0.4482 0.7571 -0.4753
vn -0.4304 0.7418 -0.5143
vn 0.5082 -0.5691 0.6464
vn 0.6178 -0.3396 0.7092
vn 0.6885 0.6028 0.4033
vn 0.5597 0.7868 0.2601
vn -0.6897 0.3611 -0.6276
vn -0.6891 -0.6026 -0.4024
vn -0.5725 -0.7739 -0.2706
vn 0.5485 -0.6100 0.5719
vn 0.7663 -0.1185 0.6314
vn 0.7539 0.5781 0.3120
vn 0.6172 0.7641 0.1875
vn -0.1804 -0.9799 0.0853
vn -0.1576 -0.9864 0.0469
vn -0.7462 0.3914 -0.5385
vn -0.7464 -0.5893 -0.3093
vn -0.2028 -0.9714 0.1235
vn 0.5964 -0.6263 0.5020
vn 0.8365 -0.1424 0.5291
vn 0.8026 0.5584 0.2098
vn 0.6529 0.7508 0.1001
vn -0.0330 -0.9960 -0.0833
vn 0.0615 -0.9939 -0.0915
vn -0.6410 0.6410 -0.4221
vn -0.8924 0.1681 -0.4188
vn -0.8924 -0.3360 -0.3012
vn -0.6425 -0.7603 -0.0958
vn -0.1272 -0.9891 -0.0743
vn 0.6570 -0.6191 0.4303
vn 0.8034 -0.4024 0.4390
vn 0.8399 0.5317 0.1093
vn 0.6858 0.7274 0.0232
vn -0.8341 0.4424 -0.3294
vn -0.8344 -0.5420 -0.1001
vn 0.7040 -0.6242 0.3388
vn 0.8462 -0.4183 0.3301
vn 0.8670 0.4983 0.0014
vn 0.7181 0.6929 -0.0640
vn 0.2235 0.9377 -0.2661
vn -0.8553 0.4657 -0.2272
vn -0.8563 -0.5165 0.0025
vn -0.1476 0.9256 -0.3486
vn -0.1171 -0.9217 0.3698
vn 0.7065 -0.6640 0.2449
vn 0.8632 -0.4545 0.2198
vt 0.500000 0.500000
vt 0.500000 0.583333
vt 0.500000 0.666667
vt 0.500000 0.750000
vt 0.500000 0.833333
vt 0.500000 0.916667
vt 0.500000 1.000000
vt 0.500000 0.000000
vt 0.500000 0.083333
vt 0.500000 0.166667
vt 0.500000 0.250000
vt 0.500000 0.333333
vt 0.500000 0.416667
vt 0.520833 0.500000
vt 0.520833 0.583333
vt 0.520833 0.666667
vt 0.520833 0.833333
vt 0.520833 0.916667
vt 0.520833 1.000000
vt 0.520833 0.000000
vt 0.520833 0.083333
vt 0.520833 0.166667
vt 0.520833 0.333333
vt 0.520833 0.416667
vt 0.541667 0.500000
vt 0.541667 0.583333
vt 0.541667 0.666667
vt 0.541667 0.750000
vt 0.541667 0.833333
vt 0.541667 0.916667
vt 0.541667 1.000000
vt 0.541667 0.000000
vt 0.541667 0.083333
vt 0.541667 0.166667
vt 0.541667 0.250000
vt 0.541667 0.333333
vt 0.541667 0.416667
vt 0.562500 0.500000
vt 0.562500 0.583333
vt 0.562500 0.666667
vt 0.562500 0.833333
vt 0.562500 0.916667
vt 0.562500 1.000000
vt 0.562500 0.000000
vt 0.562500 0.083333
vt 0.562500 0.166667
vt 0.562500 0.250000
vt 0.562500 0.333333
vt 0.562500 0.416667
vt 0.583333 0.500000
vt 0.583333 0.583333
vt 0.583333 0.666667
vt 0.583333 0.750000
vt 0.583333 0.833333
vt 0.583333 0.916667
vt 0.583333 1.000000
vt 0.583333 0.000000
vt 0.583333 0.083333
vt 0.583333 0.166667
vt 0.583333 0.333333
vt 0.583333 0.416667
vt 0.604167 0.500000
vt 0.604167 0.583333
vt 0.604167 0.666667
vt 0.604167 0.750000
vt 0.604167 0.833333
vt 0.604167 0.916667
vt 0.604167 1.000000
vt 0.604167 0.000000
vt 0.604167 0.083333
vt 0.604167 0.166667
vt 0.604167 0.250000
vt 0.604167 0.333333
vt 0.604167 0.416667
vt 0.625000 0.500000
vt 0.625000 0.583333
vt 0.625000 0.666667
vt 0.625000 0.833333
vt 0.625000 0.916667
vt 0.625000 1.000000
vt 0.625000 0.000000
vt 0.625000 0.083333
vt 0.625000 0.166667
vt 0.625000 0.333333
vt 0.625000 0.416667
vt 0.645833 0.500000
vt 0.645833 0.583333
vt 0.645833 0.666667
vt 0.645833 0.833333
vt 0.645833 0.916667
vt 0.645833 1.000000
vt 0.645833 0.000000
vt 0.645833 0.083333
vt 0.645833 0.166667
vt 0.645833 0.250000
vt 0.645833 0.333333
vt 0.645833 0.416667
vt 0.666667 0.500000
vt 0.666667 0.583333
vt 0.666667 0.666667
vt 0.666667 0.750000
vt 0.666667 0.833333
vt 0.666667 0.916667
vt 0.666667 1.000000
vt 0.666667 0.000000
vt 0.666667 0.083333
vt 0.666667 0.166667
vt 0.666667 0.333333
vt 0.666667 0.416667
vt 0.687500 0.500000
vt 0.687500 0.583333
vt 0.687500 0.666667
vt 0.687500 0.833333
vt 0.687500 0.916667
vt 0.687500 1.000000
vt 0.687500 0.000000
vt 0.687500 0.083333
vt 0.687500 0.166667
vt 0.687500 0.250000
vt 0.687500 0.333333
vt 0.687500 0.416667
vt 0.708333 0.500000
vt 0.708333 0.583333
vt 0.708333 0.666667
vt 0.708333 0.750000
vt 0.708333 0.833333
vt 0.708333 0.916667
vt 0.708333 1.000000
vt 0.708333 0.000000
vt 0.708333 0.083333
vt 0.708333 0.166667
vt 0.708333 0.333333
vt 0.708333 0.416667
vt 0.729167 0.500000
vt 0.729167 0.583333
vt 0.729167 0.666667
vt 0.729167 0.750000
vt 0.729167 0.833333
vt 0.729167 0.916667
vt 0.729167 1.000000
vt 0.729167 0.000000
vt 0.729167 0.083333
vt 0.729167 0.166667
vt 0.729167 0.250000
vt 0.729167 0.333333
vt 0.729167 0.416667
vt 0.750000 0.500000
vt 0.750000 0.583333
vt 0.750000 0.666667
vt 0.750000 0.833333
vt 0.750000 0.916667
vt 0.750000 1.000000
vt 0.750000 0.000000
vt 0.750000 0.083333
vt 0.750000 0.166667
vt 0.750000 0.250000
vt 0.750000 0.333333
vt 0.750000 0.416667
vt 0.770833 0.500000
vt 0.770833 0.583333
vt 0.770833 0.666667
vt 0.770833 0.833333
vt 0.770833 0.916667
vt 0.770833 1.000000
vt 0.770833 0.000000
vt 0.770833 0.083333
vt 0.770833 0.166667
vt 0.770833 0.333333
vt 0.770833 0.416667
vt 0.791667 0.500000
vt 0.791667 0.583333
vt 0.791667 0.666667
vt 0.791667 0.750000
vt 0.791667 0.833333
vt 0.791667 0.916667
vt 0.791667 1.000000
vt 0.791667 0.000000
vt 0.791667 0.083333
vt 0.791667 0.166667
vt 0.791667 0.250000
vt 0.791667 0.333333
vt 0.791667 0.416667
vt 0.812500 0.500000
vt 0.812500 0.583333
vt 0.812500 0.666667
vt 0.812500 0.833333
vt 0.812500 0.916667
vt 0.812500 1.000000
vt 0.812500 0.000000
vt 0.812500 0.083333
vt 0.812500 0.166667
vt 0.812500 0.333333
vt 0.812500 0.416667
vt 0.833333 0.500000
vt 0.833333 0.583333
vt 0.833333 0.666667
vt 0.833333 0.750000
vt 0.833333 0.833333
vt 0.833333 0.916667
vt 0.833333 1.000000
vt 0.833333 0.000000
vt 0.833333 0.083333
vt 0.833333 0.166667
vt 0.833333 0.250000
vt 0.833333 0.333333
vt 0.833333 0.416667
vt 0.854167 0.500000
vt 0.854167 0.583333
vt 0.854167 0.666667
vt 0.854167 0.833333
vt 0.854167 0.916667
vt 0.854167 1.000000
vt 0.854167 0.000000
vt 0.854167 0.083333
vt 0.854167 0.166667
vt 0.854167 0.250000
vt 0.854167 0.333333
vt 0.854167 0.416667
vt 0.875000 0.500000
vt 0.875000 0.583333
vt 0.875000 0.666667
vt 0.875000 0.750000
vt 0.875000 0.833333
vt 0.875000 0.916667
vt 0.875000 1.000000
vt 0.875000 0.000000
vt 0.875000 0.083333
vt 0.875000 0.166667
vt 0.875000 0.333333
vt 0.875000 0.416667
vt 0.895833 0.500000
vt 0.895833 0.583333
vt 0.895833 0.666667
vt 0.895833 0.833333
vt 0.895833 0.916667
vt 0.895833 1.000000
vt 0.895833 0.000000
vt 0.895833 0.083333
vt 0.895833 0.166667
vt 0.895833 0.250000
vt 0.895833 0.333333
vt 0.895833 0.416667
vt 0.916667 0.500000
vt 0.916667 0.583333
vt 0.916667 0.666667
vt 0.916667 0.833333
vt 0.916667 0.916667
vt 0.916667 1.000000
vt 0.916667 0.000000
vt 0.916667 0.083333
vt 0.916667 0.166667
vt 0.916667 0.333333
vt 0.916667 0.416667
vt 0.937500 0.500000
vt 0.937500 0.583333
vt 0.937500 0.666667
vt 0.937500 0.750000
vt 0.937500 0.833333
vt 0.937500 0.916667
vt 0.937500 1.000000
vt 0.937500 0.000000
vt 0.937500 0.083333
vt 0.937500 0.166667
vt 0.937500 0.250000
vt 0.937500 0.333333
vt 0.937500 0.416667
vt 0.958333 0.500000
vt 0.958333 0.583333
vt 0.958333 0.666667
vt 0.958333 0.833333
vt 0.958333 0.916667
vt 0.958333 1.000000
vt 0.958333 0.000000
vt 0.958333 0.083333
vt 0.958333 0.166667
vt 0.958333 0.250000
vt 0.958333 0.333333
vt 0.958333 0.416667
vt 0.979167 0.500000
vt 0.979167 0.583333
vt 0.979167 0.666667
vt 0.979167 0.833333
vt 0.979167 0.916667
vt 0.979167 1.000000
vt 0.979167 0.000000
vt 0.979167 0.083333
vt 0.979167 0.166667
vt 0.979167 0.333333
vt 0.979167 0.416667
vt 1.000000 0.500000
vt 0.000000 0.500000
vt 1.000000 0.583333
vt 0.000000 0.583333
vt 0.000000 0.666667
vt 1.000000 0.666667
vt 0.000000 0.750000
vt 1.000000 0.750000
vt 0.000000 0.833333
vt 1.000000 0.833333
vt 1.000000 0.916667
vt 0.000000 0.916667
vt 1.000000 1.000000
vt 1.000000 0.000000
vt 0.000000 1.000000
vt 0.000000 0.000000
vt 1.000000 0.083333
vt 0.000000 0.083333
vt 1.000000 0.166667
vt 0.000000 0.166667
vt 1.000000 0.333333
vt 0.000000 0.333333
vt 1.000000 0.416667
vt 0.000000 0.416667
vt 0.020833 0.500000
vt 0.020833 0.583333
vt 0.020833 0.666667
vt 0.020833 0.833333
vt 0.020833 0.916667
vt 0.020833 1.000000
vt 0.020833 0.000000
vt 0.020833 0.083333
vt 0.020833 0.166667
vt 0.020833 0.333333
vt 0.020833 0.416667
vt 0.041667 0.500000
vt 0.041667 0.583333
vt 0.041667 0.666667
vt 0.041667 0.750000
vt 0.041667 0.833333
vt 0.041667 0.916667
vt 0.041667 1.000000
vt 0.041667 0.000000
vt 0.041667 0.083333
vt 0.041667 0.166667
vt 0.041667 0.250000
vt 0.041667 0.333333
vt 0.041667 0.416667
vt 0.062500 0.500000
vt 0.062500 0.583333
vt 0.062500 0.666667
vt 0.062500 0.833333
vt 0.062500 0.916667
vt 0.062500 1.000000
vt 0.062500 0.000000
vt 0.062500 0.083333
vt 0.062500 0.166667
vt 0.062500 0.333333
vt 0.062500 0.416667
vt 0.083333 0.500000
vt 0.083333 0.583333
vt 0.083333 0.666667
vt 0.083333 0.833333
vt 0.083333 0.916667
vt 0.083333 1.000000
vt 0.083333 0.000000
vt 0.083333 0.083333
vt 0.083333 0.166667
vt 0.083333 0.333333
vt 0.083333 0.416667
vt 0.104167 0.500000
vt 0.104167 0.583333
vt 0.104167 0.666667
vt 0.104167 0.750000
vt 0.104167 0.833333
vt 0.104167 0.916667
vt 0.104167 1.000000
vt 0.104167 0.000000
vt 0.104167 0.083333
vt 0.104167 0.166667
vt 0.104167 0.250000
vt 0.104167 0.333333
vt 0.104167 0.416667
vt 0.125000 0.500000
vt 0.125000 0.583333
vt 0.125000 0.666667
vt 0.125000 0.833333
vt 0.125000 0.916667
vt 0.125000 1.000000
vt 0.125000 0.000000
vt 0.125000 0.083333
vt 0.125000 0.166667
vt 0.125000 0.333333
vt 0.125000 0.416667
vt 0.145833 0.500000
vt 0.145833 0.583333
vt 0.145833 0.666667
vt 0.145833 0.750000
vt 0.145833 0.833333
vt 0.145833 0.916667
vt 0.145833 1.000000
vt 0.145833 0.000000
vt 0.145833 0.083333
vt 0.145833 0.166667
vt 0.145833 0.333333
vt 0.145833 0.416667
vt 0.166667 0.500000
vt 0.166667 0.583333
vt 0.166667 0.666667
vt 0.166667 0.833333
vt 0.166667 0.916667
vt 0.166667 1.000000
vt 0.166667 0.000000
vt 0.166667 0.083333
vt 0.166667 0.166667
vt 0.166667 0.250000
vt 0.166667 0.333333
vt 0.166667 0.416667
vt 0.187500 0.500000
vt 0.187500 0.583333
vt 0.187500 0.666667
vt 0.187500 0.833333
vt 0.187500 0.916667
vt 0.187500 1.000000
vt 0.187500 0.000000
vt 0.187500 0.083333
vt 0.187500 0.166667
vt 0.187500 0.250000
vt 0.187500 0.333333
vt 0.187500 0.416667
vt 0.208333 0.500000
vt 0.208333 0.583333
vt 0.208333 0.666667
vt 0.208333 0.750000
vt 0.208333 0.833333
vt 0.208333 0.916667
vt 0.208333 1.000000
vt 0.208333 0.000000
vt 0.208333 0.083333
vt 0.208333 0.166667
vt 0.208333 0.250000
vt 0.208333 0.333333
vt 0.208333 0.416667
vt 0.229167 0.500000
vt 0.229167 0.583333
vt 0.229167 0.666667
vt 0.229167 0.750000
vt 0.229167 0.833333
vt 0.229167 0.916667
vt 0.229167 1.000000
vt 0.229167 0.000000
vt 0.229167 0.083333
vt 0.229167 0.166667
vt 0.229167 0.333333
vt 0.229167 0.416667
vt 0.250000 0.500000
vt 0.250000 0.583333
vt 0.250000 0.666667
vt 0.250000 0.833333
vt 0.250000 0.916667
vt 0.250000 1.000000
vt 0.250000 0.000000
vt 0.250000 0.083333
vt 0.250000 0.166667
vt 0.250000 0.333333
vt 0.250000 0.416667
vt 0.270833 0.500000
vt 0.270833 0.583333
vt 0.270833 0.666667
vt 0.270833 0.833333
vt 0.270833 0.916667
vt 0.270833 1.000000
vt 0.270833 0.000000
vt 0.270833 0.083333
vt 0.270833 0.166667
vt 0.270833 0.250000
vt 0.270833 0.333333
vt 0.270833 0.416667
vt 0.291667 0.500000
vt 0.291667 0.583333
vt 0.291667 0.666667
vt 0.291667 0.750000
vt 0.291667 0.833333
vt 0.291667 0.916667
vt 0.291667 1.000000
vt 0.291667 0.000000
vt 0.291667 0.083333
vt 0.291667 0.166667
vt 0.291667 0.333333
vt 0.291667 0.416667
vt 0.312500 0.500000
vt 0.312500 0.583333
vt 0.312500 0.666667
vt 0.312500 0.833333
vt 0.312500 0.916667
vt 0.312500 1.000000
vt 0.312500 0.000000
vt 0.312500 0.083333
vt 0.312500 0.166667
vt 0.312500 0.333333
vt 0.312500 0.416667
vt 0.333333 0.500000
vt 0.333333 0.583333
vt 0.333333 0.666667
vt 0.333333 0.833333
vt 0.333333 0.916667
vt 0.333333 1.000000
vt 0.333333 0.000000
vt 0.333333 0.083333
vt 0.333333 0.166667
vt 0.333333 0.250000
vt 0.333333 0.333333
vt 0.333333 0.416667
vt 0.354167 0.500000
vt 0.354167 0.583333
vt 0.354167 0.666667
vt 0.354167 0.750000
vt 0.354167 0.833333
vt 0.354167 0.916667
vt 0.354167 1.000000
vt 0.354167 0.000000
vt 0.354167 0.083333
vt 0.354167 0.166667
vt 0.354167 0.250000
vt 0.354167 0.333333
vt 0.354167 0.416667
vt 0.375000 0.500000
vt 0.375000 0.583333
vt 0.375000 0.666667
vt 0.375000 0.833333
vt 0.375000 0.916667
vt 0.375000 1.000000
vt 0.375000 0.000000
vt 0.375000 0.083333
vt 0.375000 0.166667
vt 0.375000 0.333333
vt 0.375000 0.416667
vt 0.395833 0.500000
vt 0.395833 0.583333
vt 0.395833 0.666667
vt 0.395833 0.833333
vt 0.395833 0.916667
vt 0.395833 1.000000
vt 0.395833 0.000000
vt 0.395833 0.083333
vt 0.395833 0.166667
vt 0.395833 0.250000
vt 0.395833 0.333333
vt 0.395833 0.416667
vt 0.416667 0.500000
vt 0.416667 0.583333
vt 0.416667 0.666667
vt 0.416667 0.750000
vt 0.416667 0.833333
vt 0.416667 0.916667
vt 0.416667 1.000000
vt 0.416667 0.000000
vt 0.416667 0.083333
vt 0.416667 0.166667
vt 0.416667 0.333333
vt 0.416667 0.416667
vt 0.437500 0.500000
vt 0.437500 0.583333
vt 0.437500 0.666667
vt 0.437500 0.750000
vt 0.437500 0.833333
vt 0.437500 0.916667
vt 0.437500 1.000000
vt 0.437500 0.000000
vt 0.437500 0.083333
vt 0.437500 0.166667
vt 0.437500 0.250000
vt 0.437500 0.333333
vt 0.437500 0.416667
vt 0.458333 0.500000
vt 0.458333 0.583333
vt 0.458333 0.666667
vt 0.458333 0.833333
vt 0.458333 0.916667
vt 0.458333 1.000000
vt 0.458333 0.000000
vt 0.458333 0.083333
vt 0.458333 0.166667
vt 0.458333 0.250000
vt 0.458333 0.333333
vt 0.458333 0.416667
vt 0.479167 0.500000
vt 0.479167 0.583333
vt 0.479167 0.666667
vt 0.479167 0.750000
vt 0.479167 0.833333
vt 0.479167 0.916667
vt 0.479167 1.000000
vt 0.479167 0.000000
vt 0.479167 0.083333
vt 0.479167 0.166667
vt 0.479167 0.333333
vt 0.479167 0.416667
s 1
usemtl dark
f 1409/1632/1138 1421/1645/1139 1422/1646/1140 1410/1633/1141
f 1410/1633/1141 1422/1646/1142 1423/1647/1143 1411/1634/1144
f 1489/1719/1145 1500/1731/1146 1501/1732/1147 1468/1696/1145 1457/1684/1148 1456/1683/1149 1467/1695/1145 1479/1708/1145
f 1413/1636/1150 1424/1648/1151 1425/1649/1152 1414/1637/1153
f 1414/1637/1154 1425/1649/1152 1426/1650/1155 1415/1638/1156
f 1415/1639/1156 1426/1651/1155 1427/1652/1157 1416/1640/1158
f 1416/1640/1159 1427/1652/1157 1428/1653/1160 1417/1641/1161
f 1419/1643/1162 1429/1654/1163 1430/1655/1164 1420/1644/1162
f 1420/1644/1165 1430/1655/1164 1421/1645/1139 1409/1632/1138
f 1421/1645/1139 1431/1656/1166 1432/1657/1167 1422/1646/1140
f 1422/1646/1142 1432/1657/1168 1433/1658/1169 1423/1647/1143
f 1644/1888/1170 1645/1889/1171 1634/1877/1172 1623/1865/1173 1613/1854/1174 1612/1853/1175
f 1424/1648/1151 1435/1660/1176 1436/1661/1177 1425/1649/1152
f 1425/1649/1152 1436/1661/1177 1437/1662/1178 1426/1650/1155
f 1426/1651/1155 1437/1663/1178 1438/1664/1179 1427/1652/1157
f 1427/1652/1157 1438/1664/1179 1439/1665/1180 1428/1653/1160
f 1823/2096/1181 1824/2097/1182 1813/2085/1183 1803/2074/1183 1792/2062/1183 1780/2049/1184 1779/2048/1185 1791/2061/1183
f 1429/1654/1163 1441/1667/1186 1442/1668/1187 1430/1655/1164
f 1430/1655/1164 1442/1668/1187 1431/1656/1166 1421/1645/1139
f 1431/1656/1166 1443/1669/1188 1444/1670/1189 1432/1657/1167
f 1432/1657/1168 1444/1670/1189 1445/1671/1190 1433/1658/1169
f 1435/1660/1176 1446/1672/1191 1447/1673/1192 1436/1661/1177
f 1436/1661/1177 1447/1673/1192 1448/1674/1193 1437/1662/1178
f 1437/1663/1178 1448/1675/1193 1449/1676/1194 1438/1664/1179
f 1438/1664/1179 1449/1676/1195 1450/1677/1196 1439/1665/1180
f 1661/1907/1197 1704/1966/1198 1705/1967/1199 1693/1954/1200 1683/1941/1200 1672/1919/1200 1662/1908/1201
f 1441/1667/1186 1452/1679/1202 1453/1680/1203 1442/1668/1187
f 1442/1668/1187 1453/1680/1203 1443/1669/1188 1431/1656/1166
f 1443/1669/1188 1454/1681/1204 1455/1682/1205 1444/1670/1189
f 1444/1670/1189 1455/1682/1205 1456/1683/1206 1445/1671/1190
f 1446/1672/1191 1458/1685/1207 1459/1686/1208 1447/1673/1192
f 1447/1673/1192 1459/1686/1209 1460/1687/1210 1448/1674/1193
f 1448/1675/1193 1460/1688/1210 1461/1689/1211 1449/1676/1194
f 1449/1676/1195 1461/1689/1211 1462/1690/1212 1450/1677/1196
f 1823/2096/1181 1855/2131/1213 1867/2144/1214 1868/2145/1215 1856/2132/1213 1845/2120/1213 1835/2109/1213 1824/2097/1182
f 1452/1679/1202 1463/1691/1216 1464/1692/1217 1453/1680/1203
f 1453/1680/1203 1464/1692/1217 1454/1681/1204 1443/1669/1188
f 1454/1681/1204 1465/1693/1218 1466/1694/1219 1455/1682/1205
f 1455/1682/1205 1466/1694/1219 1467/1695/1220 1456/1683/1206
f 1458/1685/1207 1469/1697/1221 1470/1698/1222 1459/1686/1208
f 1459/1686/1209 1470/1698/1222 1471/1699/1223 1460/1687/1210
f 1460/1688/1210 1471/1700/1223 1472/1701/1224 1461/1689/1211
f 1461/1689/1211 1472/1701/1224 1473/1702/1225 1462/1690/1212
f 1928/2210/1226 1412/1635/1227 1413/1636/1150 1929/2211/1228 1917/2198/1229 1906/2186/1230 1905/2185/1231
f 1463/1691/1216 1475/1704/1232 1476/1705/1233 1464/1692/1217
f 1464/1692/1217 1476/1705/1233 1465/1693/1218 1454/1681/1204
f 1465/1693/1218 1477/1706/1234 1478/1707/1235 1466/1694/1219
f 1466/1694/1219 1478/1707/1236 1479/1708/1236 1467/1695/1220
f 1469/1697/1221 1480/1709/1237 1481/1710/1238 1470/1698/1222
f 1470/1698/1222 1481/1710/1238 1482/1711/1239 1471/1699/1223
f 1471/1700/1223 1482/1712/1239 1483/1713/1240 1472/1701/1224
f 1472/1701/1224 1483/1713/1240 1484/1714/1241 1473/1702/1225
f 1475/1704/1232 1485/1715/1242 1486/1716/1243 1476/1705/1233
f 1476/1705/1233 1486/1716/1243 1477/1706/1234 1465/1693/1218
f 1477/1706/1234 1487/1717/1244 1488/1718/1245 1478/1707/1235
f 1478/1707/1236 1488/1718/1245 1489/1719/1246 1479/1708/1236
f 1480/1709/1237 1490/1720/1247 1491/1721/1248 1481/1710/1238
f 1481/1710/1238 1491/1721/1248 1492/1722/1249 1482/1711/1239
f 1482/1712/1239 1492/1723/1249 1493/1724/1250 1483/1713/1240
f 1483/1713/1240 1493/1724/1251 1494/1725/1252 1484/1714/1241
f 1485/1715/1242 1496/1727/1253 1497/1728/1253 1486/1716/1243
f 1486/1716/1243 1497/1728/1254 1487/1717/1244 1477/1706/1234
f 1487/1717/1244 1498/1729/1255 1499/1730/1256 1488/1718/1245
f 1488/1718/1245 1499/1730/1256 1500/1731/1257 1489/1719/1246
f 1490/1720/1247 1502/1733/1258 1503/1734/1259 1491/1721/1248
f 1491/1721/1248 1503/1734/1260 1504/1735/1261 1492/1722/1249
f 1492/1723/1249 1504/1736/1261 1505/1737/1262 1493/1724/1250
f 1493/1724/1251 1505/1737/1262 1506/1738/1263 1494/1725/1252
f 1496/1727/1253 1507/1739/1264 1508/1740/1265 1497/1728/1253
f 1497/1728/1254 1508/1740/1265 1498/1729/1255 1487/1717/1244
f 1498/1729/1255 1509/1741/1266 1510/1742/1267 1499/1730/1256
f 1499/1730/1256 1510/1742/1267 1511/1743/1268 1500/1731/1257
f 1904/2184/1269 1916/2197/1269 1927/2209/1270 1928/2210/1226 1905/2185/1269 1894/2173/1271 1893/2172/1272
f 1502/1733/1258 1512/1744/1273 1513/1745/1274 1503/1734/1259
f 1503/1734/1260 1513/1745/1275 1514/1746/1276 1504/1735/1261
f 1504/1736/1261 1514/1747/1276 1515/1748/1277 1505/1737/1262
f 1505/1737/1262 1515/1748/1277 1516/1749/1278 1506/1738/1263
f 1507/1739/1264 1518/1751/1279 1519/1752/1280 1508/1740/1265
f 1508/1740/1265 1519/1752/1280 1509/1741/1266 1498/1729/1255
f 1509/1741/1266 1520/1753/1281 1521/1754/1282 1510/1742/1267
f 1510/1742/1267 1521/1754/1282 1522/1755/1283 1511/1743/1268
f 1512/1744/1273 1524/1757/1284 1525/1758/1285 1513/1745/1274
f 1513/1745/1275 1525/1758/1286 1526/1759/1287 1514/1746/1276
f 1514/1747/1276 1526/1760/1287 1527/1761/1288 1515/1748/1277
f 1515/1748/1277 1527/1761/1288 1528/1762/1289 1516/1749/1278
f 1899/2179/1290 1910/2191/1291 1911/2192/1292 1888/2167/1293 1867/2144/1214 1866/2143/1294 1877/2155/1295 1887/2166/1296
f 1518/1751/1279 1529/1763/1297 1530/1764/1298 1519/1752/1280
f 1519/1752/1280 1530/1764/1298 1520/1753/1281 1509/1741/1266
f 1520/1753/1281 1531/1765/1299 1532/1766/1300 1521/1754/1282
f 1521/1754/1282 1532/1766/1300 1533/1767/1301 1522/1755/1283
f 1524/1757/1284 1535/1769/1302 1536/1770/1303 1525/1758/1285
f 1525/1758/1286 1536/1770/1303 1537/1771/1304 1526/1759/1287
f 1526/1760/1287 1537/1772/1304 1538/1773/1305 1527/1761/1288
f 1527/1761/1288 1538/1773/1306 1539/1774/1307 1528/1762/1289
f 1529/1763/1297 1541/1776/1308 1542/1777/1309 1530/1764/1298
f 1530/1764/1298 1542/1777/1309 1531/1765/1299 1520/1753/1281
f 1531/1765/1299 1543/1778/1310 1544/1779/1311 1532/1766/1300
f 1532/1766/1300 1544/1779/1311 1545/1780/1312 1533/1767/1301
f 1736/2001/1313 1737/2002/1314 1725/1989/1315 1715/1978/1315 1705/1967/1199 1704/1966/1198
f 1535/1769/1302 1546/1781/1316 1547/1782/1317 1536/1770/1303
f 1536/1770/1303 1547/1782/1317 1548/1783/1318 1537/1771/1304
f 1537/1772/1304 1548/1784/1318 1549/1785/1319 1538/1773/1305
f 1538/1773/1306 1549/1785/1319 1550/1786/1320 1539/1774/1307
f 1541/1776/1308 1552/1788/1321 1553/1789/1322 1542/1777/1309
f 1542/1777/1309 1553/1789/1322 1543/1778/1310 1531/1765/1299
f 1543/1778/1310 1554/1790/1323 1555/1791/1324 1544/1779/1311
f 1544/1779/1311 1555/1791/1325 1556/1792/1326 1545/1780/1312
f 1687/1947/1327 1697/1958/1327 1709/1971/1327 1719/1982/1327 1729/1993/1328 1730/1994/1329 1698/1959/1330 1677/1927/1331 1676/1925/1332
f 1546/1781/1316 1557/1793/1333 1558/1794/1334 1547/1782/1317
f 1547/1782/1317 1558/1794/1334 1559/1795/1335 1548/1783/1318
f 1548/1784/1318 1559/1796/1335 1560/1797/1336 1549/1785/1319
f 1549/1785/1319 1560/1797/1336 1561/1798/1337 1550/1786/1320
f 1528/1762/1289 1539/1774/1307 1540/1775/1338 1517/1750/1339 1495/1726/1340 1494/1725/1252 1506/1738/1263 1516/1749/1278
f 1552/1788/1321 1562/1799/1341 1563/1800/1342 1553/1789/1322
f 1553/1789/1322 1563/1800/1342 1554/1790/1323 1543/1778/1310
f 1554/1790/1323 1564/1801/1343 1565/1802/1344 1555/1791/1324
f 1555/1791/1325 1565/1802/1345 1566/1803/1345 1556/1792/1326
f 1557/1793/1333 1568/1805/1346 1569/1806/1347 1558/1794/1334
f 1558/1794/1334 1569/1806/1348 1570/1807/1349 1559/1795/1335
f 1559/1796/1335 1570/1808/1349 1571/1809/1350 1560/1797/1336
f 1560/1797/1336 1571/1809/1351 1572/1810/1352 1561/1798/1337
f 1562/1799/1341 1574/1812/1353 1575/1813/1353 1563/1800/1342
f 1563/1800/1342 1575/1813/1354 1564/1801/1343 1554/1790/1323
f 1564/1801/1343 1576/1814/1355 1577/1815/1356 1565/1802/1344
f 1565/1802/1345 1577/1815/1356 1578/1816/1357 1566/1803/1345
f 1468/1696/1358 1501/1732/1147 1502/1733/1258 1490/1720/1247 1480/1709/1237 1469/1697/1221 1458/1685/1207 1457/1684/1148
f 1568/1805/1346 1579/1817/1359 1580/1818/1360 1569/1806/1347
f 1569/1806/1348 1580/1818/1360 1581/1819/1361 1570/1807/1349
f 1570/1808/1349 1581/1820/1361 1582/1821/1362 1571/1809/1350
f 1571/1809/1351 1582/1821/1362 1583/1822/1363 1572/1810/1352
f 1888/2167/1293 1911/2192/1292 1922/2204/1364 1923/2205/1365 1912/2193/1366 1900/2180/1367 1889/2168/1368 1878/2156/1366 1868/2145/1215 1867/2144/1214
f 1574/1812/1353 1584/1823/1369 1585/1824/1370 1575/1813/1353
f 1575/1813/1354 1585/1824/1370 1576/1814/1355 1564/1801/1343
f 1576/1814/1355 1586/1825/1371 1587/1826/1372 1577/1815/1356
f 1577/1815/1356 1587/1826/1372 1588/1827/1373 1578/1816/1357
f 1579/1817/1359 1590/1829/1374 1591/1830/1375 1580/1818/1360
f 1580/1818/1360 1591/1830/1375 1592/1831/1376 1581/1819/1361
f 1581/1820/1361 1592/1832/1376 1593/1833/1377 1582/1821/1362
f 1582/1821/1362 1593/1833/1377 1594/1834/1378 1583/1822/1363
f 1584/1823/1369 1596/1836/1379 1597/1837/1380 1585/1824/1370
f 1585/1824/1370 1597/1837/1380 1586/1825/1371 1576/1814/1355
f 1586/1825/1371 1598/1838/1381 1599/1839/1382 1587/1826/1372
f 1587/1826/1372 1599/1839/1382 1600/1840/1383 1588/1827/1373
f 1590/1829/1374 1601/1841/1384 1602/1842/1385 1591/1830/1375
f 1591/1830/1375 1602/1842/1385 1603/1843/1386 1592/1831/1376
f 1592/1832/1376 1603/1844/1386 1604/1845/1387 1593/1833/1377
f 1593/1833/1377 1604/1845/1388 1605/1846/1389 1594/1834/1378
f 1451/1678/1390 1474/1703/1391 1475/1704/1392 1463/1691/1393 1452/1679/1393 1441/1667/1394 1440/1666/1395
f 1596/1836/1379 1607/1848/1396 1608/1849/1397 1597/1837/1380
f 1597/1837/1380 1608/1849/1397 1598/1838/1381 1586/1825/1371
f 1598/1838/1381 1609/1850/1398 1610/1851/1399 1599/1839/1382
f 1599/1839/1382 1610/1851/1400 1611/1852/1401 1600/1840/1383
f 1601/1841/1384 1613/1854/1174 1614/1855/1402 1602/1842/1385
f 1602/1842/1385 1614/1855/1403 1615/1856/1404 1603/1843/1386
f 1603/1844/1386 1615/1857/1404 1616/1858/1405 1604/1845/1387
f 1604/1845/1388 1616/1858/1405 1617/1859/1406 1605/1846/1389
f 1607/1848/1396 1618/1860/1407 1619/1861/1408 1608/1849/1397
f 1608/1849/1397 1619/1861/1408 1609/1850/1398 1598/1838/1381
f 1609/1850/1398 1620/1862/1409 1621/1863/1410 1610/1851/1399
f 1610/1851/1400 1621/1863/1411 1622/1864/1411 1611/1852/1401
f 1730/1994/1329 1752/2018/1412 1753/2019/1413 1742/2007/1414 1731/1995/1415 1720/1983/1416 1710/1972/1417 1699/1960/1418 1698/1959/1330
f 1613/1854/1174 1623/1865/1173 1624/1866/1419 1614/1855/1402
f 1614/1855/1403 1624/1866/1419 1625/1867/1420 1615/1856/1404
f 1615/1857/1404 1625/1868/1420 1626/1869/1421 1616/1858/1405
f 1616/1858/1405 1626/1869/1421 1627/1870/1422 1617/1859/1406
f 1583/1822/1363 1594/1834/1378 1605/1846/1389 1606/1847/1423 1595/1835/1424 1573/1811/1425 1572/1810/1352
f 1618/1860/1407 1629/1872/1426 1630/1873/1427 1619/1861/1408
f 1619/1861/1408 1630/1873/1427 1620/1862/1409 1609/1850/1398
f 1620/1862/1409 1631/1874/1428 1632/1875/1429 1621/1863/1410
f 1621/1863/1411 1632/1875/1429 1633/1876/1430 1622/1864/1411
f 1623/1865/1173 1634/1877/1172 1635/1878/1431 1624/1866/1419
f 1624/1866/1419 1635/1878/1431 1636/1879/1432 1625/1867/1420
f 1625/1868/1420 1636/1880/1432 1637/1881/1433 1626/1869/1421
f 1626/1869/1421 1637/1881/1433 1638/1882/1434 1627/1870/1422
f 1629/1872/1426 1639/1883/1435 1640/1884/1436 1630/1873/1427
f 1630/1873/1427 1640/1884/1436 1631/1874/1428 1620/1862/1409
f 1631/1874/1428 1641/1885/1437 1642/1886/1438 1632/1875/1429
f 1632/1875/1429 1642/1886/1438 1643/1887/1439 1633/1876/1430
f 1933/2216/1440 1417/1641/1161 1418/1642/1441 1922/2204/1364 1911/2192/1292 1910/2191/1291 1921/2203/1442
f 1634/1877/1172 1645/1889/1171 1646/1890/1443 1635/1878/1431
f 1635/1878/1431 1646/1890/1444 1647/1891/1445 1636/1879/1432
f 1636/1880/1432 1647/1892/1445 1648/1893/1446 1637/1881/1433
f 1637/1881/1433 1648/1893/1447 1649/1894/1448 1638/1882/1434
f 1639/1883/1435 1651/1896/1449 1652/1897/1450 1640/1884/1436
f 1640/1884/1436 1652/1897/1450 1641/1885/1437 1631/1874/1428
f 1641/1885/1437 1653/1898/1451 1654/1899/1452 1642/1886/1438
f 1642/1886/1438 1654/1899/1452 1655/1900/1453 1643/1887/1439
f 1645/1889/1171 1656/1901/1454 1657/1902/1455 1646/1890/1443
f 1646/1890/1444 1657/1902/1455 1658/1903/1456 1647/1891/1445
f 1647/1892/1445 1658/1904/1456 1659/1905/1457 1648/1893/1446
f 1648/1893/1447 1659/1905/1457 1660/1906/1458 1649/1894/1448
f 1872/2149/1459 1882/2160/1459 1893/2172/1272 1894/2173/1271 1861/2137/1460 1860/2136/1461
f 1651/1896/1449 1662/1908/1462 1663/1909/1463 1652/1897/1450
f 1652/1897/1450 1663/1909/1463 1653/1898/1451 1641/1885/1437
f 1653/1898/1451 1664/1910/1464 1665/1911/1465 1654/1899/1452
f 1654/1899/1452 1665/1911/1465 1666/1912/1466 1655/1900/1453
f 1534/1768/1467 1567/1804/1468 1568/1805/1346 1557/1793/1333 1546/1781/1316 1535/1769/1302 1524/1757/1284 1523/1756/1469
f 1656/1901/1454 1667/1913/1470 1668/1914/1471 1657/1902/1455
f 1657/1902/1455 1668/1914/1471 1669/1915/1472 1658/1903/1456
f 1658/1904/1456 1669/1916/1472 1670/1917/1473 1659/1905/1457
f 1659/1905/1457 1670/1917/1473 1671/1918/1474 1660/1906/1458
f 1662/1908/1462 1672/1919/1475 1673/1920/1476 1663/1909/1463
f 1663/1909/1463 1673/1920/1476 1664/1910/1464 1653/1898/1451
f 1664/1910/1464 1674/1921/1156 1675/1923/1477 1665/1911/1465
f 1665/1911/1465 1675/1923/1477 1676/1926/1478 1666/1912/1466
f 1561/1798/1337 1572/1810/1352 1573/1811/1425 1551/1787/1479 1540/1775/1338 1539/1774/1307 1550/1786/1320
f 1667/1913/1470 1678/1930/1480 1679/1931/1481 1668/1914/1471
f 1668/1914/1471 1679/1931/1481 1680/1933/1138 1669/1915/1472
f 1669/1916/1472 1680/1934/1138 1681/1937/1482 1670/1917/1473
f 1670/1917/1473 1681/1937/1482 1682/1939/1483 1671/1918/1474
f 1522/1755/1484 1533/1767/1485 1534/1768/1486 1523/1756/1469 1501/1732/1147 1500/1731/1146 1511/1743/1484
f 1672/1919/1475 1683/1941/1487 1684/1943/1487 1673/1920/1476
f 1673/1920/1476 1684/1943/1158 1674/1921/1156 1664/1910/1464
f 1674/1922/1156 1685/1945/1155 1686/1946/1488 1675/1924/1477
f 1675/1924/1477 1686/1946/1488 1687/1947/1489 1676/1925/1478
f 1517/1750/1339 1518/1751/1490 1507/1739/1491 1496/1727/1491 1485/1715/1491 1475/1704/1392 1474/1703/1391 1495/1726/1340
f 1678/1929/1480 1688/1948/1492 1689/1949/1493 1679/1932/1481
f 1679/1932/1481 1689/1949/1493 1690/1950/1139 1680/1935/1138
f 1680/1936/1138 1690/1951/1139 1691/1952/1494 1681/1938/1482
f 1681/1938/1482 1691/1952/1494 1692/1953/1495 1682/1940/1483
f 1462/1690/1212 1473/1702/1225 1484/1714/1241 1494/1725/1252 1495/1726/1340 1474/1703/1391 1451/1678/1390 1450/1677/1196
f 1683/1942/1487 1693/1954/1496 1694/1955/1497 1684/1944/1487
f 1684/1944/1158 1694/1955/1497 1685/1945/1155 1674/1922/1156
f 1685/1945/1155 1695/1956/1178 1696/1957/1498 1686/1946/1488
f 1686/1946/1488 1696/1957/1499 1697/1958/1499 1687/1947/1489
f 1688/1948/1492 1699/1960/1418 1700/1961/1500 1689/1949/1493
f 1689/1949/1493 1700/1961/1167 1701/1962/1166 1690/1950/1139
f 1690/1951/1139 1701/1963/1166 1702/1964/1501 1691/1952/1494
f 1691/1952/1494 1702/1964/1502 1703/1965/1503 1692/1953/1495
f 1693/1954/1496 1705/1967/1504 1706/1968/1505 1694/1955/1497
f 1694/1955/1497 1706/1968/1505 1695/1956/1178 1685/1945/1155
f 1695/1956/1178 1707/1969/1193 1708/1970/1506 1696/1957/1498
f 1696/1957/1499 1708/1970/1507 1709/1971/1508 1697/1958/1499
f 1724/1988/1509 1735/2000/1510 1736/2001/1313 1704/1966/1511 1703/1965/1503 1714/1977/1512
f 1699/1960/1418 1710/1972/1417 1711/1973/1513 1700/1961/1500
f 1700/1961/1167 1711/1973/1513 1712/1974/1188 1701/1962/1166
f 1701/1963/1166 1712/1975/1188 1713/1976/1514 1702/1964/1501
f 1702/1964/1502 1713/1976/1514 1714/1977/1512 1703/1965/1503
f 1540/1775/1338 1551/1787/1479 1552/1788/1515 1541/1776/1516 1529/1763/1516 1518/1751/1490 1517/1750/1339
f 1705/1967/1504 1715/1978/1517 1716/1979/1518 1706/1968/1505
f 1706/1968/1505 1716/1979/1518 1707/1969/1193 1695/1956/1178
f 1707/1969/1193 1717/1980/1210 1718/1981/1519 1708/1970/1506
f 1708/1970/1507 1718/1981/1519 1719/1982/1520 1709/1971/1508
f 1677/1927/1521 1698/1959/1330 1699/1960/1418 1688/1948/1492 1678/1930/1480 1667/1913/1470 1656/1901/1454 1645/1889/1171 1644/1888/1170
f 1573/1811/1425 1595/1835/1424 1596/1836/1522 1584/1823/1523 1574/1812/1523 1562/1799/1523 1552/1788/1515 1551/1787/1479
f 1710/1972/1417 1720/1983/1416 1721/1984/1524 1711/1973/1513
f 1711/1973/1513 1721/1984/1524 1722/1985/1204 1712/1974/1188
f 1712/1975/1188 1722/1986/1204 1723/1987/1525 1713/1976/1514
f 1713/1976/1514 1723/1987/1525 1724/1988/1509 1714/1977/1512
f 1638/1882/1434 1649/1894/1448 1650/1895/1526 1628/1871/1527 1606/1847/1423 1605/1846/1389 1617/1859/1406 1627/1870/1422
f 1715/1978/1517 1725/1989/1528 1726/1990/1529 1716/1979/1518
f 1716/1979/1518 1726/1990/1529 1717/1980/1210 1707/1969/1193
f 1717/1980/1210 1727/1991/1223 1728/1992/1530 1718/1981/1519
f 1718/1981/1519 1728/1992/1530 1729/1993/1531 1719/1982/1520
f 1720/1983/1416 1731/1995/1415 1732/1996/1532 1721/1984/1524
f 1721/1984/1524 1732/1996/1532 1733/1997/1533 1722/1985/1204
f 1722/1986/1204 1733/1998/1533 1734/1999/1534 1723/1987/1525
f 1723/1987/1525 1734/1999/1535 1735/2000/1510 1724/1988/1509
f 1725/1989/1528 1737/2002/1536 1738/2003/1537 1726/1990/1529
f 1726/1990/1529 1738/2003/1537 1727/1991/1223 1717/1980/1210
f 1727/1991/1223 1739/2004/1239 1740/2005/1538 1728/1992/1530
f 1728/1992/1530 1740/2005/1538 1741/2006/1539 1729/1993/1531
f 1861/2137/1540 1862/2138/1541 1850/2125/1542 1840/2114/1543 1830/2103/1544 1829/2102/1545
f 1731/1995/1415 1742/2007/1414 1743/2008/1546 1732/1996/1532
f 1732/1996/1532 1743/2008/1546 1744/2009/1234 1733/1997/1533
f 1733/1998/1533 1744/2010/1234 1745/2011/1547 1734/1999/1534
f 1734/1999/1535 1745/2011/1547 1746/2012/1548 1735/2000/1510
f 1556/1792/1549 1566/1803/1549 1578/1816/1549 1588/1827/1550 1589/1828/1551 1567/1804/1468 1534/1768/1486 1533/1767/1485 1545/1780/1549
f 1737/2002/1536 1747/2013/1552 1748/2014/1553 1738/2003/1537
f 1738/2003/1537 1748/2014/1553 1739/2004/1239 1727/1991/1223
f 1739/2004/1239 1749/2015/1249 1750/2016/1554 1740/2005/1538
f 1740/2005/1538 1750/2016/1555 1751/2017/1556 1741/2006/1539
f 1742/2007/1414 1753/2019/1413 1754/2020/1557 1743/2008/1546
f 1743/2008/1546 1754/2020/1558 1755/2021/1244 1744/2009/1234
f 1744/2010/1234 1755/2022/1244 1756/2023/1559 1745/2011/1547
f 1745/2011/1547 1756/2023/1559 1757/2024/1560 1746/2012/1548
f 1747/2013/1552 1758/2025/1561 1759/2026/1561 1748/2014/1553
f 1748/2014/1553 1759/2026/1250 1749/2015/1249 1739/2004/1239
f 1749/2015/1249 1760/2027/1261 1761/2028/1260 1750/2016/1554
f 1750/2016/1555 1761/2028/1562 1762/2029/1563 1751/2017/1556
f 1753/2019/1413 1763/2030/1564 1764/2031/1565 1754/2020/1557
f 1754/2020/1558 1764/2031/1565 1765/2032/1255 1755/2021/1244
f 1755/2022/1244 1765/2033/1255 1766/2034/1566 1756/2023/1559
f 1756/2023/1559 1766/2034/1567 1767/2035/1568 1757/2024/1560
f 1439/1665/1180 1450/1677/1196 1451/1678/1390 1440/1666/1395 1418/1642/1441 1417/1641/1161 1428/1653/1160
f 1589/1828/1551 1612/1853/1175 1613/1854/1174 1601/1841/1384 1590/1829/1374 1579/1817/1359 1568/1805/1346 1567/1804/1468
f 1758/2025/1561 1769/2037/1569 1770/2038/1570 1759/2026/1561
f 1759/2026/1250 1770/2038/1570 1760/2027/1261 1749/2015/1249
f 1760/2027/1261 1771/2039/1276 1772/2040/1571 1761/2028/1260
f 1761/2028/1562 1772/2040/1571 1773/2041/1572 1762/2029/1563
f 1501/1732/1147 1523/1756/1469 1524/1757/1284 1512/1744/1273 1502/1733/1258
f 1763/2030/1564 1774/2042/1573 1775/2043/1574 1764/2031/1565
f 1764/2031/1565 1775/2043/1574 1776/2044/1266 1765/2032/1255
f 1765/2033/1255 1776/2045/1266 1777/2046/1575 1766/2034/1566
f 1766/2034/1567 1777/2046/1575 1778/2047/1576 1767/2035/1568
f 1839/2113/1577 1849/2124/1577 1860/2136/1461 1861/2137/1460 1829/2102/1578 1828/2101/1578
f 1769/2037/1569 1780/2049/1579 1781/2050/1580 1770/2038/1570
f 1770/2038/1570 1781/2050/1580 1771/2039/1276 1760/2027/1261
f 1771/2039/1276 1782/2051/1287 1783/2052/1581 1772/2040/1571
f 1772/2040/1571 1783/2052/1581 1784/2053/1582 1773/2041/1572
f 1774/2042/1573 1786/2055/1583 1787/2056/1584 1775/2043/1574
f 1775/2043/1574 1787/2056/1584 1788/2057/1281 1776/2044/1266
f 1776/2045/1266 1788/2058/1281 1789/2059/1585 1777/2046/1575
f 1777/2046/1575 1789/2059/1585 1790/2060/1586 1778/2047/1576
f 1780/2049/1579 1792/2062/1587 1793/2063/1588 1781/2050/1580
f 1781/2050/1580 1793/2063/1588 1782/2051/1287 1771/2039/1276
f 1782/2051/1287 1794/2064/1304 1795/2065/1589 1783/2052/1581
f 1783/2052/1581 1795/2065/1589 1796/2066/1590 1784/2053/1582
f 1817/2089/1591 1828/2101/1578 1829/2102/1578 1797/2067/1592 1785/2054/1593 1784/2053/1594 1796/2066/1591 1807/2078/1591
f 1786/2055/1583 1798/2068/1595 1799/2069/1596 1787/2056/1584
f 1787/2056/1584 1799/2069/1597 1800/2070/1299 1788/2057/1281
f 1788/2058/1281 1800/2071/1299 1801/2072/1598 1789/2059/1585
f 1789/2059/1585 1801/2072/1598 1802/2073/1599 1790/2060/1586
f 1752/2018/1412 1785/2054/1593 1797/2067/1592 1798/2068/1595 1786/2055/1583 1774/2042/1573 1763/2030/1564 1753/2019/1413
f 1792/2062/1587 1803/2074/1600 1804/2075/1600 1793/2063/1588
f 1793/2063/1588 1804/2075/1305 1794/2064/1304 1782/2051/1287
f 1794/2064/1304 1805/2076/1318 1806/2077/1601 1795/2065/1589
f 1795/2065/1589 1806/2077/1602 1807/2078/1602 1796/2066/1590
f 1798/2068/1595 1808/2079/1603 1809/2080/1604 1799/2069/1596
f 1799/2069/1597 1809/2080/1604 1810/2081/1310 1800/2070/1299
f 1800/2071/1299 1810/2082/1310 1811/2083/1605 1801/2072/1598
f 1801/2072/1598 1811/2083/1605 1812/2084/1606 1802/2073/1599
f 1660/1906/1458 1671/1918/1474 1682/1940/1483 1692/1953/1495 1703/1965/1503 1704/1966/1511 1661/1907/1607 1650/1895/1526 1649/1894/1448
f 1803/2074/1600 1813/2085/1608 1814/2086/1609 1804/2075/1600
f 1804/2075/1305 1814/2086/1609 1805/2076/1318 1794/2064/1304
f 1805/2076/1318 1815/2087/1335 1816/2088/1610 1806/2077/1601
f 1806/2077/1602 1816/2088/1610 1817/2089/1611 1807/2078/1602
f 1808/2079/1603 1818/2090/1612 1819/2091/1613 1809/2080/1604
f 1809/2080/1604 1819/2091/1613 1820/2092/1323 1810/2081/1310
f 1810/2082/1310 1820/2093/1323 1821/2094/1614 1811/2083/1605
f 1811/2083/1605 1821/2094/1615 1822/2095/1616 1812/2084/1606
f 1813/2085/1608 1824/2097/1617 1825/2098/1618 1814/2086/1609
f 1814/2086/1609 1825/2098/1618 1815/2087/1335 1805/2076/1318
f 1815/2087/1335 1826/2099/1349 1827/2100/1619 1816/2088/1610
f 1816/2088/1610 1827/2100/1619 1828/2101/1620 1817/2089/1611
f 1666/1912/1621 1676/1926/1332 1677/1928/1331 1644/1888/1170 1643/1887/1622 1655/1900/1621
f 1818/2090/1612 1830/2103/1544 1831/2104/1623 1819/2091/1613
f 1819/2091/1613 1831/2104/1344 1832/2105/1343 1820/2092/1323
f 1820/2093/1323 1832/2106/1343 1833/2107/1624 1821/2094/1614
f 1821/2094/1615 1833/2107/1624 1834/2108/1625 1822/2095/1616
f 1824/2097/1617 1835/2109/1626 1836/2110/1627 1825/2098/1618
f 1825/2098/1618 1836/2110/1627 1826/2099/1349 1815/2087/1335
f 1826/2099/1349 1837/2111/1361 1838/2112/1628 1827/2100/1619
f 1827/2100/1619 1838/2112/1628 1839/2113/1629 1828/2101/1620
f 1440/1666/1395 1441/1667/1394 1429/1654/1630 1419/1643/1630 1934/2217/1630 1923/2205/1365 1922/2204/1364 1418/1642/1441
f 1830/2103/1544 1840/2114/1543 1841/2115/1631 1831/2104/1623
f 1831/2104/1344 1841/2115/1631 1842/2116/1355 1832/2105/1343
f 1832/2106/1343 1842/2117/1355 1843/2118/1632 1833/2107/1624
f 1833/2107/1624 1843/2118/1632 1844/2119/1633 1834/2108/1625
f 1835/2109/1626 1845/2120/1634 1846/2121/1634 1836/2110/1627
f 1836/2110/1627 1846/2121/1635 1837/2111/1361 1826/2099/1349
f 1837/2111/1361 1847/2122/1376 1848/2123/1636 1838/2112/1628
f 1838/2112/1628 1848/2123/1636 1849/2124/1637 1839/2113/1629
f 1840/2114/1543 1850/2125/1542 1851/2126/1638 1841/2115/1631
f 1841/2115/1631 1851/2126/1638 1852/2127/1371 1842/2116/1355
f 1842/2117/1355 1852/2128/1371 1853/2129/1639 1843/2118/1632
f 1843/2118/1632 1853/2129/1639 1854/2130/1640 1844/2119/1633
f 1457/1684/1148 1458/1685/1207 1446/1672/1191 1435/1660/1641 1424/1648/1151 1413/1636/1150 1412/1635/1227 1434/1659/1642
f 1845/2120/1634 1856/2132/1643 1857/2133/1644 1846/2121/1634
f 1846/2121/1635 1857/2133/1644 1847/2122/1376 1837/2111/1361
f 1847/2122/1376 1858/2134/1386 1859/2135/1645 1848/2123/1636
f 1848/2123/1636 1859/2135/1645 1860/2136/1646 1849/2124/1637
f 1797/2067/1592 1829/2102/1545 1830/2103/1544 1818/2090/1612 1808/2079/1603 1798/2068/1595
f 1746/2012/1548 1757/2024/1560 1767/2035/1568 1768/2036/1647 1736/2001/1313 1735/2000/1510
f 1850/2125/1542 1862/2138/1541 1863/2139/1648 1851/2126/1638
f 1851/2126/1638 1863/2139/1649 1864/2140/1381 1852/2127/1371
f 1852/2128/1371 1864/2141/1381 1865/2142/1650 1853/2129/1639
f 1853/2129/1639 1865/2142/1651 1866/2143/1294 1854/2130/1640
f 1856/2132/1643 1868/2145/1652 1869/2146/1653 1857/2133/1644
f 1857/2133/1644 1869/2146/1653 1858/2134/1386 1847/2122/1376
f 1858/2134/1386 1870/2147/1404 1871/2148/1654 1859/2135/1645
f 1859/2135/1645 1871/2148/1654 1872/2149/1655 1860/2136/1646
f 1751/2017/1656 1762/2029/1656 1773/2041/1656 1784/2053/1594 1785/2054/1593 1752/2018/1412 1730/1994/1329 1729/1993/1328 1741/2006/1656
f 1862/2138/1541 1873/2150/1657 1874/2151/1658 1863/2139/1648
f 1863/2139/1649 1874/2151/1658 1875/2152/1398 1864/2140/1381
f 1864/2141/1381 1875/2153/1398 1876/2154/1659 1865/2142/1650
f 1865/2142/1651 1876/2154/1659 1877/2155/1295 1866/2143/1294
f 1894/2173/1660 1905/2185/1231 1906/2186/1230 1895/2174/1661 1883/2161/1662 1873/2150/1657 1862/2138/1541 1861/2137/1540
f 1868/2145/1652 1878/2156/1663 1879/2157/1664 1869/2146/1653
f 1869/2146/1653 1879/2157/1664 1870/2147/1404 1858/2134/1386
f 1870/2147/1404 1880/2158/1420 1881/2159/1665 1871/2148/1654
f 1871/2148/1654 1881/2159/1665 1882/2160/1666 1872/2149/1655
f 1873/2150/1657 1883/2161/1662 1884/2162/1667 1874/2151/1658
f 1874/2151/1658 1884/2162/1667 1885/2163/1409 1875/2152/1398
f 1875/2153/1398 1885/2164/1409 1886/2165/1668 1876/2154/1659
f 1876/2154/1659 1886/2165/1668 1887/2166/1669 1877/2155/1295
f 1878/2156/1663 1889/2168/1368 1890/2169/1670 1879/2157/1664
f 1879/2157/1664 1890/2169/1671 1880/2158/1420 1870/2147/1404
f 1880/2158/1420 1891/2170/1432 1892/2171/1672 1881/2159/1665
f 1881/2159/1665 1892/2171/1672 1893/2172/1673 1882/2160/1666
f 1606/1847/1423 1628/1871/1527 1629/1872/1674 1618/1860/1675 1607/1848/1675 1596/1836/1522 1595/1835/1424
f 1883/2161/1662 1895/2174/1661 1896/2175/1676 1884/2162/1667
f 1884/2162/1667 1896/2175/1676 1897/2176/1428 1885/2163/1409
f 1885/2164/1409 1897/2177/1428 1898/2178/1677 1886/2165/1668
f 1886/2165/1668 1898/2178/1677 1899/2179/1290 1887/2166/1669
f 1650/1895/1526 1661/1907/1197 1662/1908/1201 1651/1896/1678 1639/1883/1678 1629/1872/1674 1628/1871/1527
f 1889/2168/1368 1900/2180/1367 1901/2181/1679 1890/2169/1670
f 1890/2169/1671 1901/2181/1680 1891/2170/1432 1880/2158/1420
f 1891/2170/1432 1902/2182/1445 1903/2183/1681 1892/2171/1672
f 1892/2171/1672 1903/2183/1681 1904/2184/1682 1893/2172/1673
f 1778/2047/1576 1790/2060/1586 1802/2073/1599 1812/2084/1606 1822/2095/1616 1823/2096/1683 1791/2061/1684 1779/2048/1185 1768/2036/1647 1767/2035/1568
f 1895/2174/1661 1906/2186/1230 1907/2187/1685 1896/2175/1676
f 1896/2175/1676 1907/2187/1686 1908/2188/1437 1897/2176/1428
f 1897/2177/1428 1908/2189/1437 1909/2190/1687 1898/2178/1677
f 1898/2178/1677 1909/2190/1688 1910/2191/1291 1899/2179/1290
f 1834/2108/1625 1844/2119/1633 1854/2130/1640 1866/2143/1294 1867/2144/1214 1855/2131/1689 1823/2096/1683 1822/2095/1616
f 1900/2180/1367 1912/2193/1690 1913/2194/1691 1901/2181/1679
f 1901/2181/1680 1913/2194/1691 1902/2182/1445 1891/2170/1432
f 1902/2182/1445 1914/2195/1456 1915/2196/1692 1903/2183/1681
f 1903/2183/1681 1915/2196/1692 1916/2197/1693 1904/2184/1682
f 1906/2186/1230 1917/2198/1229 1918/2199/1694 1907/2187/1685
f 1907/2187/1686 1918/2199/1694 1919/2200/1451 1908/2188/1437
f 1908/2189/1437 1919/2201/1451 1920/2202/1695 1909/2190/1687
f 1909/2190/1688 1920/2202/1695 1921/2203/1442 1910/2191/1291
f 1912/2193/1690 1923/2205/1696 1924/2206/1697 1913/2194/1691
f 1913/2194/1691 1924/2206/1697 1914/2195/1456 1902/2182/1445
f 1914/2195/1456 1925/2207/1472 1926/2208/1698 1915/2196/1692
f 1915/2196/1692 1926/2208/1698 1927/2209/1699 1916/2197/1693
f 1927/2209/1270 1411/1634/1700 1423/1647/1700 1433/1658/1700 1445/1671/1700 1456/1683/1149 1457/1684/1148 1434/1659/1642 1412/1635/1227 1928/2210/1226
f 1917/2198/1229 1929/2211/1228 1930/2212/1701 1918/2199/1694
f 1918/2199/1694 1930/2212/1701 1931/2213/1464 1919/2200/1451
f 1919/2201/1451 1931/2214/1464 1932/2215/1702 1920/2202/1695
f 1920/2202/1695 1932/2215/1702 1933/2216/1440 1921/2203/1442
f 1600/1840/1703 1611/1852/1703 1622/1864/1703 1633/1876/1703 1643/1887/1622 1644/1888/1170 1612/1853/1175 1589/1828/1551 1588/1827/1550
f 1768/2036/1647 1779/2048/1185 1780/2049/1184 1769/2037/1704 1758/2025/1704 1747/2013/1704 1737/2002/1314 1736/2001/1313
f 1923/2205/1696 1934/2217/1705 1935/2218/1706 1924/2206/1697
f 1924/2206/1697 1935/2218/1706 1925/2207/1472 1914/2195/1456
f 1925/2207/1472 1409/1632/1138 1410/1633/1141 1926/2208/1698
f 1926/2208/1698 1410/1633/1141 1411/1634/1144 1927/2209/1699
f 1929/2211/1228 1413/1636/1150 1414/1637/1153 1930/2212/1701
f 1930/2212/1701 1414/1637/1154 1415/1638/1156 1931/2213/1464
f 1931/2214/1464 1415/1639/1156 1416/1640/1158 1932/2215/1702
f 1932/2215/1702 1416/1640/1159 1417/1641/1161 1933/2216/1440
f 1934/2217/1705 1419/1643/1162 1420/1644/1162 1935/2218/1706
f 1935/2218/1706 1420/1644/1165 1409/1632/1138 1925/2207/1472
o Cube.004
v 0.535711 1.405349 -1.043843
v 0.535711 1.174312 -1.043843
v 0.535711 1.405349 -0.812806
v 0.464083 1.373680 -0.947861
v 0.535711 1.174312 -0.812806
v 0.464083 1.205981 -0.947861
v 0.399001 1.405349 -1.043843
v 0.399001 1.174312 -1.043843
v 0.399001 1.405349 -0.812806
v 0.431692 1.373680 -0.947861
v 0.399001 1.174312 -0.812806
v 0.431692 1.205981 -0.947861
v 0.464083 1.205981 -1.043843
v 0.431692 1.205981 -1.043843
v 0.464083 1.373680 -1.043843
v 0.431692 1.373680 -1.043843
vn 1.0000 -0.0000 -0.0000
vn -0.0000 -0.0000 1.0000
vn -1.0000 -0.0000 -0.0000
vn -0.0000 -0.0000 -1.0000
vn -0.0000 1.0000 -0.0000
vn -0.0000 -1.0000 -0.0000
vt 0.375000 0.000000
vt 0.375000 1.000000
vt 0.125000 0.750000
vt 0.625000 0.000000
vt 0.625000 1.000000
vt 0.875000 0.750000
vt 0.375000 0.250000
vt 0.125000 0.500000
vt 0.375000 0.250000
vt 0.125000 0.500000
vt 0.625000 0.250000
vt 0.875000 0.500000
vt 0.625000 0.250000
vt 0.875000 0.500000
vt 0.375000 0.750000
vt 0.625000 0.750000
vt 0.375000 0.500000
vt 0.375000 0.500000
vt 0.625000 0.500000
vt 0.625000 0.500000
vt 0.590732 0.869015
vt 0.625000 0.106913
vt 0.875000 0.643087
vt 0.590732 0.809782
vt 0.625000 0.643087
vt 0.409268 0.869015
vt 0.375000 0.106913
vt 0.125000 0.643087
vt 0.409268 0.809782
vt 0.375000 0.643087
s 0
usemtl orange
f 1936/2219/1707 1938/2225/1707 1940/2229/1707 1937/2222/1707
f 1938/2225/1708 1944/2235/1708 1946/2237/1708 1940/2229/1708
f 1944/2235/1709 1942/2233/1709 1943/2234/1709 1946/2237/1709
f 1949/2242/1710 1948/2239/1710 1950/2244/1710 1951/2247/1710 1942/2233/1710 1936/2220/1710 1937/2223/1710 1943/2234/1710
f 1951/2247/1710 1949/2242/1710 1943/2234/1710 1942/2233/1710
f 1938/2226/1711 1936/2221/1711 1942/2233/1711 1944/2235/1711
f 1946/2237/1712 1943/2234/1712 1937/2224/1712 1940/2230/1712
f 1939/2227/1709 1950/2245/1709 1948/2240/1709 1941/2231/1709
f 1939/2227/1710 1941/2231/1710 1947/2238/1710 1945/2236/1710
f 1947/2238/1707 1949/2243/1707 1951/2248/1707 1945/2236/1707
f 1951/2248/1712 1950/2246/1712 1939/2228/1712 1945/2236/1712
f 1948/2241/1711 1949/2243/1711 1947/2238/1711 1941/2232/1711
o Sphere.001
v 0.577805 3.392676 -0.553970
v 0.577805 3.398643 -0.620435
v 0.577805 3.390874 -0.660030
v 0.577805 3.382128 -0.667677
v 0.577805 3.370550 -0.666726
v 0.577805 3.340766 -0.639504
v 0.586767 3.373560 -0.469898
v 0.595398 3.384233 -0.512077
v 0.603338 3.391889 -0.551582
v 0.610302 3.396367 -0.586969
v 0.616018 3.397465 -0.616861
v 0.620265 3.395142 -0.640106
v 0.622880 3.389484 -0.655813
v 0.623763 3.380712 -0.663378
v 0.622880 3.369161 -0.662509
v 0.620265 3.355275 -0.653241
v 0.616018 3.339589 -0.635930
v 0.610302 3.322704 -0.611240
v 0.603338 3.305270 -0.580121
v 0.595398 3.287944 -0.543801
v 0.586769 3.271439 -0.503556
v 0.612293 3.382568 -0.507167
v 0.627890 3.389558 -0.544508
v 0.641551 3.393401 -0.577967
v 0.652762 3.393978 -0.606274
v 0.661092 3.391266 -0.628343
v 0.666223 3.385370 -0.643326
v 0.667955 3.376517 -0.650645
v 0.666223 3.365047 -0.650022
v 0.661092 3.351400 -0.641478
v 0.652762 3.336101 -0.625343
v 0.641551 3.319738 -0.602237
v 0.627890 3.302939 -0.573047
v 0.612292 3.286365 -0.538861
v 0.595391 3.270577 -0.501094
v 0.603340 3.371509 -0.463383
v 0.627906 3.380020 -0.499288
v 0.650516 3.385774 -0.533021
v 0.670349 3.388584 -0.563346
v 0.686625 3.388314 -0.589083
v 0.698720 3.384972 -0.609241
v 0.706167 3.378689 -0.623047
v 0.708682 3.369705 -0.629970
v 0.706167 3.358365 -0.629743
v 0.698720 3.345106 -0.622376
v 0.686625 3.330436 -0.608152
v 0.670349 3.314921 -0.587617
v 0.650516 3.299155 -0.561560
v 0.627926 3.283716 -0.531032
v 0.603314 3.269300 -0.497031
v 0.641531 3.376455 -0.488612
v 0.670349 3.380680 -0.517563
v 0.695591 3.382102 -0.543671
v 0.716307 3.380691 -0.565947
v 0.731700 3.376503 -0.583534
v 0.741179 3.369697 -0.595757
v 0.744380 3.360537 -0.602145
v 0.741179 3.349374 -0.602453
v 0.731700 3.336636 -0.596669
v 0.716307 3.322814 -0.585016
v 0.695591 3.308438 -0.567941
v 0.670349 3.294061 -0.546101
v 0.641521 3.280257 -0.520302
v 0.615993 3.367453 -0.451351
v 0.652786 3.372234 -0.475658
v 0.686625 3.374474 -0.498726
v 0.716307 3.374203 -0.519697
v 0.740666 3.371403 -0.537756
v 0.758766 3.366182 -0.552210
v 0.769913 3.358741 -0.562503
v 0.773676 3.349366 -0.568240
v 0.769913 3.338418 -0.569199
v 0.758766 3.326316 -0.565345
v 0.740666 3.313526 -0.556825
v 0.716307 3.300539 -0.543967
v 0.686625 3.287855 -0.527265
v 0.652732 3.275982 -0.507327
v 0.577800 3.360385 -0.426814
v 0.661066 3.367306 -0.460843
v 0.698720 3.367394 -0.477235
v 0.731700 3.365191 -0.492345
v 0.758766 3.360806 -0.505593
v 0.778878 3.354408 -0.516473
v 0.791263 3.346241 -0.524565
v 0.795445 3.336622 -0.529558
v 0.791263 3.325918 -0.531261
v 0.778878 3.314541 -0.529608
v 0.758766 3.302929 -0.524662
v 0.731700 3.291527 -0.516615
v 0.698720 3.280775 -0.505774
v 0.661138 3.271052 -0.492598
v 0.620225 3.262868 -0.477433
v 0.622847 3.362259 -0.435626
v 0.666251 3.362062 -0.444783
v 0.706167 3.359711 -0.453917
v 0.741179 3.355412 -0.462666
v 0.769913 3.349308 -0.470695
v 0.791263 3.341631 -0.477695
v 0.804411 3.332678 -0.483399
v 0.808851 3.322793 -0.487586
v 0.804411 3.312355 -0.490095
v 0.791263 3.301765 -0.490830
v 0.769913 3.291431 -0.489764
v 0.741179 3.281749 -0.486936
v 0.706167 3.273092 -0.482456
v 0.666195 3.265811 -0.476483
v 0.667926 3.356514 -0.428087
v 0.708682 3.351721 -0.429666
v 0.744380 3.345243 -0.431801
v 0.773676 3.337350 -0.434401
v 0.795445 3.328345 -0.437368
v 0.808851 3.318573 -0.440588
v 0.813377 3.308411 -0.443936
v 0.808851 3.298249 -0.447284
v 0.795445 3.288478 -0.450503
v 0.773676 3.279473 -0.453470
v 0.744380 3.271580 -0.456071
v 0.708682 3.265102 -0.458205
v 0.668008 3.260245 -0.459796
v 0.623748 3.257312 -0.460779
v 0.622867 3.356691 -0.418593
v 0.666250 3.351050 -0.411365
v 0.706167 3.343731 -0.405416
v 0.741179 3.335074 -0.400936
v 0.769912 3.325392 -0.398108
v 0.791263 3.315058 -0.397041
v 0.804411 3.304468 -0.397777
v 0.808851 3.294030 -0.400286
v 0.804411 3.284144 -0.404473
v 0.791263 3.275191 -0.410176
v 0.769912 3.267515 -0.417177
v 0.741179 3.261410 -0.425206
v 0.706167 3.257112 -0.433955
v 0.666185 3.254817 -0.443088
v 0.620263 3.354072 -0.410370
v 0.661064 3.345720 -0.395333
v 0.698720 3.336048 -0.382098
v 0.731700 3.325295 -0.371257
v 0.758766 3.313894 -0.363209
v 0.778878 3.302282 -0.358264
v 0.791263 3.290905 -0.356611
v 0.795445 3.280201 -0.358314
v 0.791263 3.270581 -0.363307
v 0.778878 3.262415 -0.371399
v 0.758766 3.256017 -0.382278
v 0.731700 3.251632 -0.395527
v 0.698720 3.249429 -0.410636
v 0.661055 3.249525 -0.427026
v 0.616007 3.351516 -0.402855
v 0.652785 3.340877 -0.380490
v 0.686625 3.328968 -0.360607
v 0.716307 3.316283 -0.343905
v 0.740666 3.303297 -0.331047
v 0.758766 3.290507 -0.322527
v 0.769912 3.278405 -0.318673
v 0.773676 3.267456 -0.319632
v 0.769912 3.258081 -0.325369
v 0.758766 3.250641 -0.335662
v 0.740666 3.245420 -0.350116
v 0.716307 3.242620 -0.368175
v 0.686625 3.242348 -0.389146
v 0.652811 3.244568 -0.412215
v 0.615975 3.249389 -0.436521
v 0.641531 3.336572 -0.367563
v 0.670349 3.322761 -0.341770
v 0.695591 3.308385 -0.319930
v 0.716307 3.294009 -0.302856
v 0.731700 3.280187 -0.291203
v 0.741179 3.267449 -0.285419
v 0.744380 3.256286 -0.285727
v 0.741179 3.247125 -0.292115
v 0.731700 3.240320 -0.304338
v 0.716307 3.236132 -0.321925
v 0.695591 3.234721 -0.344201
v 0.670349 3.236142 -0.370309
v 0.641531 3.240368 -0.399260
v 0.603321 3.347506 -0.390853
v 0.627906 3.333093 -0.356858
v 0.650516 3.317668 -0.326312
v 0.670349 3.301902 -0.300255
v 0.686625 3.286386 -0.279720
v 0.698720 3.271717 -0.265496
v 0.706167 3.258457 -0.258129
v 0.708682 3.247118 -0.257902
v 0.706167 3.238134 -0.264825
v 0.698720 3.231850 -0.278631
v 0.686625 3.228509 -0.298789
v 0.670349 3.228239 -0.324525
v 0.650516 3.231049 -0.354851
v 0.627906 3.236803 -0.388583
v 0.603332 3.245332 -0.424484
v 0.612293 3.330459 -0.349008
v 0.627890 3.313884 -0.314825
v 0.641551 3.297085 -0.285635
v 0.652762 3.280722 -0.262529
v 0.661092 3.265423 -0.246394
v 0.666222 3.251776 -0.237850
v 0.667955 3.240306 -0.237226
v 0.666222 3.231452 -0.244546
v 0.661092 3.225557 -0.259529
v 0.652762 3.222845 -0.281598
v 0.641551 3.223422 -0.309905
v 0.627890 3.227264 -0.343364
v 0.612293 3.234254 -0.380705
v 0.586762 3.345360 -0.384339
v 0.595398 3.328879 -0.344070
v 0.603338 3.311553 -0.307751
v 0.610302 3.294119 -0.276632
v 0.616018 3.277234 -0.251942
v 0.620265 3.261548 -0.234631
v 0.622880 3.247662 -0.225363
v 0.623763 3.236111 -0.224494
v 0.622880 3.227338 -0.232059
v 0.620265 3.221681 -0.247766
v 0.616018 3.219357 -0.271011
v 0.610302 3.220455 -0.300902
v 0.603338 3.224934 -0.336290
v 0.595398 3.232589 -0.375795
v 0.586767 3.243259 -0.417974
v 0.577805 3.328312 -0.342492
v 0.577805 3.310766 -0.305363
v 0.577805 3.293117 -0.273592
v 0.577805 3.276057 -0.248368
v 0.577805 3.260239 -0.230659
v 0.577805 3.246273 -0.221146
v 0.577805 3.234694 -0.220195
v 0.577805 3.225949 -0.227842
v 0.577805 3.220373 -0.243794
v 0.577805 3.218179 -0.267437
v 0.577805 3.219454 -0.297862
v 0.577805 3.224147 -0.333902
v 0.577805 3.232108 -0.374189
v 0.568850 3.345398 -0.384311
v 0.560200 3.328890 -0.344044
v 0.552272 3.311553 -0.307751
v 0.545308 3.294119 -0.276632
v 0.539593 3.277234 -0.251942
v 0.535346 3.261548 -0.234631
v 0.532730 3.247662 -0.225363
v 0.531847 3.236111 -0.224494
v 0.532730 3.227338 -0.232059
v 0.535346 3.221681 -0.247766
v 0.539593 3.219357 -0.271011
v 0.545308 3.220455 -0.300902
v 0.552272 3.224934 -0.336290
v 0.560212 3.232589 -0.375795
v 0.568845 3.243273 -0.417975
v 0.560246 3.346262 -0.386789
v 0.543327 3.330452 -0.349023
v 0.527721 3.313884 -0.314825
v 0.514060 3.297085 -0.285635
v 0.502849 3.280722 -0.262529
v 0.494518 3.265423 -0.246394
v 0.489388 3.251776 -0.237850
v 0.487656 3.240306 -0.237227
v 0.489388 3.231452 -0.244546
v 0.494518 3.225557 -0.259529
v 0.502849 3.222845 -0.281598
v 0.514060 3.223422 -0.309905
v 0.527721 3.227264 -0.343364
v 0.543317 3.234254 -0.380705
v 0.527741 3.333059 -0.356935
v 0.505094 3.317668 -0.326312
v 0.485261 3.301902 -0.300255
v 0.468985 3.286386 -0.279720
v 0.456891 3.271717 -0.265496
v 0.449443 3.258457 -0.258129
v 0.446928 3.247118 -0.257902
v 0.449443 3.238134 -0.264825
v 0.456891 3.231850 -0.278631
v 0.468985 3.228509 -0.298789
v 0.485261 3.228239 -0.324525
v 0.505094 3.231049 -0.354851
v 0.527706 3.236804 -0.388584
v 0.552281 3.245373 -0.424484
v 0.545331 3.349301 -0.396274
v 0.514029 3.336613 -0.367483
v 0.485261 3.322761 -0.341771
v 0.460019 3.308385 -0.319930
v 0.439304 3.294009 -0.302856
v 0.423910 3.280187 -0.291203
v 0.414431 3.267449 -0.285419
v 0.411231 3.256286 -0.285727
v 0.414431 3.247125 -0.292115
v 0.423910 3.240320 -0.304338
v 0.439304 3.236132 -0.321925
v 0.460019 3.234721 -0.344201
v 0.485261 3.236142 -0.370309
v 0.514082 3.240370 -0.399261
v 0.545300 3.247067 -0.429938
v 0.577813 3.256436 -0.461062
v 0.502872 3.340846 -0.380533
v 0.468985 3.328968 -0.360607
v 0.439304 3.316283 -0.343905
v 0.414945 3.303297 -0.331047
v 0.396844 3.290507 -0.322527
v 0.385698 3.278405 -0.318673
v 0.381934 3.267457 -0.319632
v 0.385698 3.258081 -0.325369
v 0.396844 3.250641 -0.335662
v 0.414945 3.245420 -0.350116
v 0.439304 3.242620 -0.368175
v 0.468985 3.242348 -0.389146
v 0.502825 3.244590 -0.412215
v 0.539597 3.249324 -0.436531
v 0.535373 3.353966 -0.410423
v 0.494491 3.345757 -0.395297
v 0.456891 3.336048 -0.382098
v 0.423910 3.325295 -0.371257
v 0.396844 3.313894 -0.363209
v 0.376732 3.302282 -0.358264
v 0.364347 3.290905 -0.356611
v 0.360165 3.280201 -0.358314
v 0.364347 3.270581 -0.363307
v 0.376732 3.262415 -0.371399
v 0.396844 3.256017 -0.382278
v 0.423910 3.251632 -0.395527
v 0.456891 3.249429 -0.410636
v 0.494544 3.249517 -0.427029
v 0.489416 3.351012 -0.411389
v 0.449443 3.343731 -0.405416
v 0.414431 3.335074 -0.400936
v 0.385698 3.325392 -0.398108
v 0.364347 3.315058 -0.397041
v 0.351199 3.304468 -0.397777
v 0.346760 3.294030 -0.400286
v 0.351199 3.284144 -0.404473
v 0.364347 3.275191 -0.410176
v 0.385698 3.267515 -0.417177
v 0.414431 3.261410 -0.425206
v 0.449443 3.257112 -0.433955
v 0.489334 3.254743 -0.443099
v 0.532782 3.254578 -0.452233
v 0.531853 3.359518 -0.427093
v 0.487627 3.356556 -0.428073
v 0.446929 3.351721 -0.429667
v 0.411231 3.345243 -0.431801
v 0.381934 3.337350 -0.434401
v 0.360165 3.328345 -0.437368
v 0.346760 3.318573 -0.440588
v 0.342233 3.308411 -0.443936
v 0.346760 3.298249 -0.447284
v 0.360165 3.288478 -0.450503
v 0.381934 3.279473 -0.453470
v 0.411231 3.271580 -0.456071
v 0.446929 3.265102 -0.458205
v 0.487694 3.260316 -0.459778
v 0.489416 3.362015 -0.444786
v 0.449443 3.359711 -0.453917
v 0.414431 3.355412 -0.462666
v 0.385698 3.349308 -0.470695
v 0.364347 3.341631 -0.477695
v 0.351199 3.332678 -0.483399
v 0.346760 3.322793 -0.487586
v 0.351199 3.312355 -0.490095
v 0.364347 3.301765 -0.490830
v 0.385698 3.291431 -0.489764
v 0.414431 3.281749 -0.486936
v 0.449443 3.273092 -0.482456
v 0.489427 3.265820 -0.476482
v 0.535373 3.364968 -0.443807
v 0.494491 3.367355 -0.460850
v 0.456891 3.367394 -0.477235
v 0.423910 3.365191 -0.492345
v 0.396844 3.360806 -0.505593
v 0.376732 3.354408 -0.516473
v 0.364347 3.346241 -0.524565
v 0.360165 3.336622 -0.529558
v 0.364347 3.325918 -0.531261
v 0.376732 3.314541 -0.529608
v 0.396844 3.302929 -0.524662
v 0.423910 3.291527 -0.516615
v 0.456891 3.280775 -0.505774
v 0.494447 3.271033 -0.492605
v 0.535408 3.262893 -0.477427
v 0.502872 3.372181 -0.475641
v 0.468985 3.374474 -0.498726
v 0.439304 3.374203 -0.519697
v 0.414945 3.371403 -0.537756
v 0.396844 3.366182 -0.552210
v 0.385698 3.358741 -0.562503
v 0.381935 3.349366 -0.568240
v 0.385698 3.338418 -0.569199
v 0.396844 3.326316 -0.565345
v 0.414945 3.313526 -0.556825
v 0.439304 3.300539 -0.543967
v 0.468985 3.287855 -0.527265
v 0.502879 3.275982 -0.507327
v 0.545320 3.369684 -0.457955
v 0.514029 3.376537 -0.488652
v 0.485261 3.380680 -0.517562
v 0.460019 3.382102 -0.543671
v 0.439304 3.380691 -0.565947
v 0.423910 3.376503 -0.583534
v 0.414432 3.369697 -0.595757
v 0.411231 3.360537 -0.602144
v 0.414432 3.349374 -0.602453
v 0.423910 3.336636 -0.596669
v 0.439304 3.322814 -0.585016
v 0.460019 3.308438 -0.567941
v 0.485261 3.294061 -0.546101
v 0.514090 3.280257 -0.520302
v 0.527739 3.379951 -0.499250
v 0.505094 3.385774 -0.533021
v 0.485261 3.388584 -0.563346
v 0.468985 3.388314 -0.589083
v 0.456891 3.384972 -0.609241
v 0.449443 3.378689 -0.623047
v 0.446929 3.369705 -0.629969
v 0.449443 3.358365 -0.629743
v 0.456891 3.345106 -0.622376
v 0.468985 3.330436 -0.608152
v 0.485261 3.314921 -0.587617
v 0.505094 3.299155 -0.561560
v 0.527684 3.283716 -0.531034
v 0.552271 3.269233 -0.497064
v 0.543325 3.382558 -0.507162
v 0.527721 3.389558 -0.544508
v 0.514060 3.393401 -0.577966
v 0.502849 3.393978 -0.606274
v 0.494518 3.391266 -0.628343
v 0.489388 3.385370 -0.643325
v 0.487656 3.376517 -0.650645
v 0.489388 3.365047 -0.650022
v 0.494518 3.351399 -0.641478
v 0.502849 3.336101 -0.625343
v 0.514060 3.319738 -0.602237
v 0.527721 3.302939 -0.573047
v 0.543317 3.286364 -0.538864
v 0.568854 3.373530 -0.469888
v 0.560199 3.384259 -0.512092
v 0.552272 3.391889 -0.551582
v 0.545308 3.396367 -0.586969
v 0.539593 3.397465 -0.616860
v 0.535346 3.395142 -0.640106
v 0.532731 3.389484 -0.655813
v 0.531848 3.380712 -0.663377
v 0.532731 3.369161 -0.662509
v 0.535346 3.355275 -0.653241
v 0.539593 3.339588 -0.635929
v 0.545308 3.322704 -0.611240
v 0.552272 3.305270 -0.580120
v 0.560212 3.287944 -0.543802
v 0.568844 3.271452 -0.503540
v 0.577805 3.384715 -0.513682
v 0.577805 3.397369 -0.590009
v 0.577805 3.396450 -0.644078
v 0.577805 3.356584 -0.657213
v 0.577805 3.323705 -0.614280
v 0.577805 3.306057 -0.582509
v 0.577805 3.288511 -0.545379
vn 0.0193 -0.9526 -0.3036
vn 0.0903 -0.0815 -0.9926
vn -0.0684 0.9429 0.3261
vn 0.0599 -0.5619 -0.8250
vn 0.0110 0.9811 0.1931
vn 0.0393 -0.7452 -0.6656
vn 0.0185 0.9915 0.1291
vn 0.0269 -0.8280 -0.5600
vn 0.0269 0.9988 0.0418
vn 0.0185 -0.8740 -0.4855
vn 0.0393 0.9950 -0.0923
vn 0.0110 -0.9038 -0.4279
vn 0.0599 0.9423 -0.3294
vn -0.0001 0.9691 0.2467
vn 0.0903 0.6556 -0.7497
vn 0.0254 0.9680 0.2498
vn 0.2675 0.6445 -0.7162
vn 0.2675 -0.0926 -0.9591
vn -0.0012 -0.9562 -0.2928
vn 0.1773 -0.5692 -0.8028
vn 0.0372 0.9795 0.1981
vn 0.1164 -0.7500 -0.6511
vn 0.0547 0.9892 0.1360
vn 0.0796 -0.8313 -0.5501
vn 0.0796 0.9955 0.0518
vn 0.0547 -0.8763 -0.4787
vn 0.1164 0.9902 -0.0777
vn 0.0372 -0.9054 -0.4229
vn 0.1773 0.9350 -0.3072
vn 0.0889 0.9848 0.1494
vn 0.1292 -0.8377 -0.5306
vn 0.1292 0.9890 0.0713
vn 0.0889 -0.8807 -0.4652
vn 0.1890 0.9807 -0.0492
vn 0.0571 -0.9078 -0.4154
vn 0.2879 0.9206 -0.2637
vn 0.4345 0.6229 -0.6506
vn 0.4345 -0.1142 -0.8934
vn 0.2879 -0.5836 -0.7593
vn 0.0574 0.9769 0.2060
vn 0.1890 -0.7594 -0.6225
vn 0.5847 0.5915 -0.5552
vn -0.0003 -0.9257 -0.3782
vn 0.5847 -0.1456 -0.7981
vn -0.0503 -0.9632 -0.2639
vn 0.3874 -0.6044 -0.6962
vn 0.0796 0.9722 0.2201
vn 0.2544 -0.7731 -0.5810
vn 0.1196 0.9784 0.1689
vn 0.1739 -0.8471 -0.5022
vn 0.1739 0.9797 0.0997
vn 0.1196 -0.8871 -0.4457
vn 0.2544 0.9671 -0.0077
vn 0.0803 -0.9127 -0.4006
vn 0.3874 0.8998 -0.2005
vn 0.2119 -0.8590 -0.4661
vn 0.2119 0.9678 0.1358
vn 0.1457 -0.8953 -0.4209
vn 0.3099 0.9497 0.0451
vn 0.0953 -0.9181 -0.3848
vn 0.4721 0.8733 -0.1201
vn -0.0577 0.9356 0.3484
vn 0.7124 0.5515 -0.4339
vn 0.7124 -0.1856 -0.6767
vn 0.4721 -0.6309 -0.6158
vn 0.0952 0.9674 0.2349
vn 0.3099 -0.7905 -0.5283
vn 0.1457 0.9702 0.1937
vn 0.8128 -0.2326 -0.5341
vn -0.0646 -0.9555 -0.2878
vn 0.5386 -0.6620 -0.5212
vn 0.1100 0.9604 0.2559
vn 0.3536 -0.8110 -0.4662
vn 0.1663 0.9606 0.2229
vn 0.2418 -0.8730 -0.4237
vn 0.2418 0.9538 0.1782
vn 0.1663 -0.9049 -0.3917
vn 0.3536 0.9292 0.1072
vn 0.1087 -0.9235 -0.3678
vn 0.5386 0.8422 -0.0256
vn 0.8128 0.5045 -0.2912
vn 0.2623 0.9383 0.2254
vn 0.1804 -0.9156 -0.3593
vn 0.3837 0.9065 0.1761
vn 0.1195 -0.9316 -0.3432
vn 0.5844 0.8076 0.0794
vn 0.8820 0.4523 -0.1327
vn 0.8820 -0.2848 -0.3755
vn 0.5844 -0.6966 -0.4162
vn 0.1184 0.9541 0.2752
vn 0.3837 -0.8337 -0.3972
vn 0.1804 0.9499 0.2553
vn 0.2623 -0.8885 -0.3765
vn 0.9172 -0.3403 -0.2072
vn -0.0002 -0.9692 -0.2464
vn 0.6077 -0.7334 -0.3047
vn 0.1236 0.9459 0.3001
vn 0.3990 -0.8578 -0.3240
vn 0.1876 0.9385 0.2898
vn 0.2728 -0.9050 -0.3265
vn 0.2728 0.9218 0.2754
vn 0.1876 -0.9270 -0.3249
vn 0.3990 0.8824 0.2493
vn 0.1236 -0.9381 -0.3237
vn 0.6077 0.7708 0.1910
vn 0.9172 0.3968 0.0356
vn 0.1876 -0.9385 -0.2898
vn 0.3990 0.8578 0.3240
vn 0.1235 -0.9468 -0.2971
vn 0.6077 0.7334 0.3047
vn -0.0334 0.9282 0.3707
vn 0.9172 0.3403 0.2072
vn 0.9172 -0.3968 -0.0356
vn 0.6077 -0.7708 -0.1910
vn 0.1236 0.9390 0.3210
vn 0.3990 -0.8824 -0.2493
vn 0.1876 0.9270 0.3249
vn 0.2728 -0.9218 -0.2754
vn 0.2728 0.9050 0.3265
vn 0.5844 -0.8076 -0.0794
vn 0.1184 0.9308 0.3458
vn 0.3837 -0.9065 -0.1761
vn 0.1804 0.9156 0.3593
vn 0.2623 -0.9383 -0.2254
vn 0.2623 0.8885 0.3765
vn 0.1804 -0.9499 -0.2553
vn 0.3837 0.8337 0.3972
vn 0.1179 -0.9537 -0.2766
vn 0.5844 0.6966 0.4162
vn 0.0486 0.9318 0.3596
vn 0.8820 0.2848 0.3755
vn 0.8820 -0.4523 0.1327
vn 0.0509 0.9626 0.2660
vn 0.1105 -0.9602 -0.2565
vn 0.5386 0.6620 0.5212
vn 0.8128 0.2326 0.5341
vn 0.8128 -0.5045 0.2912
vn 0.5386 -0.8422 0.0256
vn 0.1100 0.9245 0.3650
vn 0.3536 -0.9292 -0.1072
vn 0.1663 0.9049 0.3917
vn 0.2418 -0.9538 -0.1782
vn 0.2418 0.8730 0.4237
vn 0.1663 -0.9606 -0.2229
vn 0.3536 0.8110 0.4662
vn 0.0952 0.9175 0.3861
vn 0.3099 -0.9497 -0.0451
vn 0.1457 0.8953 0.4209
vn 0.2119 -0.9678 -0.1358
vn 0.2119 0.8590 0.4661
vn 0.1457 -0.9702 -0.1937
vn 0.3099 0.7905 0.5283
vn 0.0950 -0.9675 -0.2343
vn 0.4721 0.6309 0.6158
vn 0.0264 0.9275 0.3728
vn 0.7124 0.1856 0.6767
vn 0.7124 -0.5515 0.4339
vn 0.4721 -0.8733 0.1201
vn 0.3874 0.6044 0.6962
vn 0.5847 0.1456 0.7981
vn 0.5847 -0.5915 0.5552
vn 0.3874 -0.8998 0.2005
vn 0.0796 0.9127 0.4009
vn 0.2544 -0.9671 0.0077
vn 0.1196 0.8871 0.4457
vn 0.1739 -0.9797 -0.0997
vn 0.1739 0.8471 0.5022
vn 0.1196 -0.9784 -0.1689
vn 0.2544 0.7731 0.5810
vn 0.0796 -0.9722 -0.2201
vn 0.1890 -0.9807 0.0492
vn 0.0889 0.8807 0.4652
vn 0.1292 -0.9890 -0.0713
vn 0.1292 0.8377 0.5306
vn 0.0889 -0.9848 -0.1494
vn 0.1890 0.7594 0.6225
vn 0.0574 -0.9769 -0.2060
vn 0.2879 0.5836 0.7593
vn -0.0259 -0.9677 -0.2508
vn 0.4345 0.1142 0.8934
vn 0.4345 -0.6229 0.6506
vn 0.0012 0.9257 0.3782
vn 0.2879 -0.9206 0.2637
vn 0.0574 0.9080 0.4150
vn 0.2675 0.0926 0.9591
vn 0.2675 -0.6445 0.7162
vn 0.1773 -0.9350 0.3072
vn 0.0372 0.9054 0.4230
vn 0.1164 -0.9902 0.0777
vn 0.0547 0.8763 0.4787
vn 0.0796 -0.9955 -0.0518
vn 0.0796 0.8313 0.5501
vn 0.0547 -0.9892 -0.1360
vn 0.1164 0.7500 0.6511
vn 0.0372 -0.9795 -0.1981
vn 0.1773 0.5692 0.8028
vn 0.0185 0.8740 0.4855
vn 0.0269 -0.9988 -0.0418
vn 0.0269 0.8280 0.5600
vn 0.0185 -0.9915 -0.1291
vn 0.0393 0.7452 0.6656
vn 0.0110 -0.9811 -0.1931
vn 0.0599 0.5619 0.8250
vn 0.0268 -0.9270 -0.3741
vn 0.0903 0.0815 0.9926
vn -0.0017 -0.9430 -0.3328
vn 0.0903 -0.6556 0.7497
vn 0.0257 -0.9679 -0.2501
vn 0.0599 -0.9423 0.3294
vn 0.0110 0.9038 0.4279
vn 0.0393 -0.9950 0.0923
vn -0.0903 0.0815 0.9926
vn -0.0903 -0.6556 0.7497
vn -0.0599 -0.9423 0.3294
vn -0.0105 0.9036 0.4282
vn -0.0393 -0.9950 0.0923
vn -0.0185 0.8740 0.4855
vn -0.0269 -0.9988 -0.0418
vn -0.0269 0.8280 0.5600
vn -0.0185 -0.9915 -0.1291
vn -0.0393 0.7452 0.6656
vn -0.0110 -0.9811 -0.1931
vn -0.0599 0.5619 0.8250
vn -0.0796 -0.9955 -0.0518
vn -0.0796 0.8313 0.5501
vn -0.0547 -0.9892 -0.1360
vn -0.1164 0.7500 0.6511
vn -0.0372 -0.9795 -0.1981
vn -0.1773 0.5692 0.8028
vn 0.0696 0.9477 0.3114
vn -0.2675 0.0926 0.9591
vn -0.0194 0.9521 0.3052
vn -0.2675 -0.6445 0.7162
vn -0.0315 0.9666 0.2542
vn -0.1773 -0.9350 0.3072
vn -0.0380 0.9054 0.4228
vn -0.1164 -0.9902 0.0777
vn -0.0547 0.8763 0.4787
vn 0.0181 -0.9459 -0.3240
vn -0.4345 -0.6229 0.6506
vn 0.0659 0.9389 0.3379
vn -0.2879 -0.9206 0.2637
vn -0.0580 0.9086 0.4137
vn -0.1890 -0.9807 0.0492
vn -0.0889 0.8807 0.4652
vn -0.1292 -0.9890 -0.0713
vn -0.1292 0.8377 0.5306
vn -0.0889 -0.9848 -0.1494
vn -0.1890 0.7594 0.6225
vn -0.0575 -0.9768 -0.2061
vn -0.2879 0.5836 0.7593
vn -0.4345 0.1142 0.8934
vn -0.1196 -0.9784 -0.1689
vn -0.2544 0.7731 0.5810
vn -0.0796 -0.9722 -0.2202
vn -0.3874 0.6044 0.6962
vn -0.5847 0.1456 0.7981
vn -0.5847 -0.5915 0.5552
vn -0.3874 -0.8998 0.2005
vn -0.0772 0.9120 0.4029
vn -0.2544 -0.9671 0.0077
vn -0.1196 0.8871 0.4457
vn -0.1739 -0.9797 -0.0997
vn -0.1739 0.8471 0.5022
vn 0.0503 -0.9626 -0.2661
vn -0.4721 -0.8733 0.1201
vn -0.0972 0.9181 0.3842
vn -0.3099 -0.9497 -0.0451
vn -0.1457 0.8953 0.4209
vn -0.2119 -0.9678 -0.1358
vn -0.2119 0.8590 0.4661
vn -0.1457 -0.9702 -0.1937
vn -0.3099 0.7905 0.5283
vn -0.0951 -0.9674 -0.2349
vn -0.4721 0.6309 0.6158
vn -0.7124 0.1856 0.6767
vn -0.0027 0.9561 0.2929
vn -0.7124 -0.5515 0.4339
vn -0.3536 0.8110 0.4662
vn -0.1100 -0.9604 -0.2559
vn -0.5386 0.6620 0.5212
vn 0.0680 -0.9429 -0.3262
vn -0.8128 0.2326 0.5341
vn -0.8128 -0.5045 0.2912
vn -0.5386 -0.8422 0.0256
vn -0.1089 0.9238 0.3671
vn -0.3536 -0.9292 -0.1072
vn -0.1663 0.9049 0.3917
vn -0.2418 -0.9538 -0.1782
vn -0.2418 0.8730 0.4237
vn -0.1663 -0.9606 -0.2229
vn -0.5844 -0.8076 -0.0794
vn -0.1191 0.9315 0.3436
vn -0.3837 -0.9065 -0.1761
vn -0.1804 0.9156 0.3593
vn -0.2623 -0.9383 -0.2254
vn -0.2623 0.8885 0.3765
vn -0.1804 -0.9499 -0.2553
vn -0.3837 0.8337 0.3972
vn -0.1185 -0.9542 -0.2746
vn -0.5844 0.6966 0.4162
vn -0.8820 0.2848 0.3755
vn -0.8820 -0.4523 0.1327
vn 0.0640 0.9557 0.2872
vn -0.1238 -0.9456 -0.3008
vn -0.6077 0.7334 0.3047
vn -0.0589 0.9592 0.2764
vn -0.9172 0.3403 0.2072
vn -0.9172 -0.3968 -0.0356
vn -0.6077 -0.7708 -0.1910
vn -0.1234 0.9383 0.3232
vn -0.3990 -0.8824 -0.2493
vn -0.1876 0.9270 0.3249
vn -0.2728 -0.9218 -0.2754
vn -0.2728 0.9050 0.3265
vn -0.1876 -0.9385 -0.2898
vn -0.3990 0.8578 0.3240
vn -0.1234 0.9466 0.2978
vn -0.3990 -0.8578 -0.3240
vn -0.1876 0.9385 0.2898
vn -0.2728 -0.9050 -0.3265
vn -0.2728 0.9218 0.2754
vn -0.1876 -0.9270 -0.3249
vn -0.3990 0.8824 0.2493
vn -0.1226 -0.9388 -0.3220
vn -0.6077 0.7708 0.1910
vn -0.9172 0.3968 0.0356
vn -0.9172 -0.3403 -0.2072
vn -0.6077 -0.7334 -0.3047
vn -0.5844 0.8076 0.0794
vn 0.0656 -0.9540 -0.2925
vn -0.8820 0.4523 -0.1327
vn -0.8820 -0.2848 -0.3755
vn -0.5844 -0.6966 -0.4162
vn -0.1191 0.9534 0.2774
vn -0.3837 -0.8337 -0.3972
vn -0.1804 0.9499 0.2553
vn -0.2623 -0.8885 -0.3765
vn -0.2623 0.9383 0.2254
vn -0.1804 -0.9156 -0.3593
vn -0.3837 0.9065 0.1761
vn -0.1199 -0.9318 -0.3426
vn -0.3536 -0.8110 -0.4662
vn -0.1663 0.9606 0.2229
vn -0.2418 -0.8730 -0.4237
vn -0.2418 0.9538 0.1782
vn -0.1663 -0.9049 -0.3917
vn -0.3536 0.9292 0.1072
vn -0.1087 -0.9233 -0.3683
vn -0.5386 0.8422 -0.0256
vn -0.8128 0.5045 -0.2912
vn 0.0074 0.9436 0.3311
vn -0.8128 -0.2326 -0.5341
vn -0.0685 0.9520 0.2983
vn -0.5386 -0.6620 -0.5212
vn -0.1089 0.9611 0.2540
vn -0.7124 0.5515 -0.4339
vn -0.7124 -0.1856 -0.6767
vn -0.4721 -0.6309 -0.6158
vn -0.0972 0.9667 0.2368
vn -0.3099 -0.7905 -0.5283
vn -0.1457 0.9702 0.1937
vn -0.2119 -0.8590 -0.4661
vn -0.2119 0.9678 0.1358
vn -0.1457 -0.8953 -0.4209
vn -0.3099 0.9497 0.0451
vn -0.0953 -0.9181 -0.3848
vn -0.4721 0.8733 -0.1201
vn -0.1739 -0.8471 -0.5022
vn -0.1739 0.9797 0.0997
vn -0.1196 -0.8871 -0.4457
vn -0.2544 0.9671 -0.0077
vn -0.0803 -0.9127 -0.4005
vn -0.3874 0.8998 -0.2005
vn -0.0672 -0.9456 -0.3184
vn -0.5847 0.5915 -0.5552
vn -0.5847 -0.1456 -0.7981
vn -0.0251 -0.9269 -0.3744
vn -0.3874 -0.6044 -0.6962
vn -0.0773 0.9729 0.2181
vn -0.2544 -0.7731 -0.5810
vn -0.1196 0.9784 0.1689
vn 0.0200 0.9516 0.3067
vn -0.4345 -0.1142 -0.8934
vn -0.2879 -0.5836 -0.7593
vn -0.0581 0.9765 0.2073
vn -0.1890 -0.7594 -0.6225
vn -0.0889 0.9848 0.1494
vn -0.1292 -0.8377 -0.5306
vn -0.1292 0.9890 0.0713
vn -0.0889 -0.8807 -0.4652
vn -0.1890 0.9807 -0.0492
vn -0.0571 -0.9078 -0.4154
vn -0.2879 0.9206 -0.2637
vn -0.4345 0.6229 -0.6506
vn -0.0796 0.9955 0.0518
vn -0.0547 -0.8763 -0.4787
vn -0.1164 0.9902 -0.0777
vn -0.0372 -0.9054 -0.4230
vn -0.1773 0.9350 -0.3072
vn -0.2675 0.6445 -0.7162
vn -0.0211 -0.9487 -0.3154
vn -0.0176 0.9460 0.3236
vn -0.2675 -0.0925 -0.9591
vn 0.0530 -0.9341 -0.3531
vn -0.1773 -0.5692 -0.8028
vn -0.0379 0.9794 0.1981
vn -0.1164 -0.7500 -0.6511
vn -0.0547 0.9892 0.1360
vn -0.0796 -0.8313 -0.5501
vn -0.0903 -0.0815 -0.9926
vn -0.0599 -0.5619 -0.8250
vn -0.0105 0.9812 0.1928
vn -0.0393 -0.7452 -0.6656
vn -0.0185 0.9915 0.1291
vn -0.0269 -0.8280 -0.5600
vn -0.0269 0.9988 0.0418
vn -0.0185 -0.8740 -0.4855
vn -0.0393 0.9950 -0.0923
vn -0.0110 -0.9038 -0.4279
vn -0.0599 0.9423 -0.3294
vn -0.0903 0.6556 -0.7497
vn -0.0540 -0.9342 -0.3527
vt 0.750000 0.812500
vt 0.750000 0.687500
vt 0.750000 0.562500
vt 0.750000 0.500000
vt 0.750000 0.437500
vt 0.750000 0.312500
vt 0.718750 0.937500
vt 0.718750 0.875000
vt 0.718750 0.812500
vt 0.718750 0.750000
vt 0.718750 0.687500
vt 0.718750 0.625000
vt 0.718750 0.562500
vt 0.718750 0.500000
vt 0.718750 0.437500
vt 0.718750 0.375000
vt 0.718750 0.312500
vt 0.718750 0.250000
vt 0.718750 0.187500
vt 0.718750 0.125000
vt 0.718750 0.062500
vt 0.687500 0.875000
vt 0.687500 0.812500
vt 0.687500 0.750000
vt 0.687500 0.687500
vt 0.687500 0.625000
vt 0.687500 0.562500
vt 0.687500 0.500000
vt 0.687500 0.437500
vt 0.687500 0.375000
vt 0.687500 0.312500
vt 0.687500 0.250000
vt 0.687500 0.187500
vt 0.687500 0.125000
vt 0.687500 0.062500
vt 0.656250 0.937500
vt 0.656250 0.875000
vt 0.656250 0.812500
vt 0.656250 0.750000
vt 0.656250 0.687500
vt 0.656250 0.625000
vt 0.656250 0.562500
vt 0.656250 0.500000
vt 0.656250 0.437500
vt 0.656250 0.375000
vt 0.656250 0.312500
vt 0.656250 0.250000
vt 0.656250 0.187500
vt 0.656250 0.125000
vt 0.656250 0.062500
vt 0.625000 0.875000
vt 0.625000 0.812500
vt 0.625000 0.750000
vt 0.625000 0.687500
vt 0.625000 0.625000
vt 0.625000 0.562500
vt 0.625000 0.500000
vt 0.625000 0.437500
vt 0.625000 0.375000
vt 0.625000 0.312500
vt 0.625000 0.250000
vt 0.625000 0.187500
vt 0.625000 0.125000
vt 0.593750 0.937500
vt 0.593750 0.875000
vt 0.593750 0.812500
vt 0.593750 0.750000
vt 0.593750 0.687500
vt 0.593750 0.625000
vt 0.593750 0.562500
vt 0.593750 0.500000
vt 0.593750 0.437500
vt 0.593750 0.375000
vt 0.593750 0.312500
vt 0.593750 0.250000
vt 0.593750 0.187500
vt 0.593750 0.125000
vt 0.890625 1.000000
vt 0.671875 1.000000
vt 0.203125 1.000000
vt 0.453125 1.000000
vt 0.015625 1.000000
vt 0.562500 0.875000
vt 0.562500 0.812500
vt 0.562500 0.750000
vt 0.562500 0.687500
vt 0.562500 0.625000
vt 0.562500 0.562500
vt 0.562500 0.500000
vt 0.562500 0.437500
vt 0.562500 0.375000
vt 0.562500 0.312500
vt 0.562500 0.250000
vt 0.562500 0.187500
vt 0.562500 0.125000
vt 0.562500 0.062500
vt 0.531250 0.937500
vt 0.531250 0.875000
vt 0.531250 0.812500
vt 0.531250 0.750000
vt 0.531250 0.687500
vt 0.531250 0.625000
vt 0.531250 0.562500
vt 0.531250 0.500000
vt 0.531250 0.437500
vt 0.531250 0.375000
vt 0.531250 0.312500
vt 0.531250 0.250000
vt 0.531250 0.187500
vt 0.531250 0.125000
vt 0.500000 0.875000
vt 0.500000 0.812500
vt 0.500000 0.750000
vt 0.500000 0.687500
vt 0.500000 0.625000
vt 0.500000 0.562500
vt 0.500000 0.500000
vt 0.500000 0.437500
vt 0.500000 0.375000
vt 0.500000 0.312500
vt 0.500000 0.250000
vt 0.500000 0.187500
vt 0.500000 0.125000
vt 0.500000 0.062500
vt 0.468750 0.937500
vt 0.468750 0.875000
vt 0.468750 0.812500
vt 0.468750 0.750000
vt 0.468750 0.687500
vt 0.468750 0.625000
vt 0.468750 0.562500
vt 0.468750 0.500000
vt 0.468750 0.437500
vt 0.468750 0.375000
vt 0.468750 0.312500
vt 0.468750 0.250000
vt 0.468750 0.187500
vt 0.468750 0.125000
vt 0.437500 0.937500
vt 0.437500 0.875000
vt 0.437500 0.812500
vt 0.437500 0.750000
vt 0.437500 0.687500
vt 0.437500 0.625000
vt 0.437500 0.562500
vt 0.437500 0.500000
vt 0.437500 0.437500
vt 0.437500 0.375000
vt 0.437500 0.312500
vt 0.437500 0.250000
vt 0.437500 0.187500
vt 0.437500 0.125000
vt 0.406250 0.937500
vt 0.406250 0.875000
vt 0.406250 0.812500
vt 0.406250 0.750000
vt 0.406250 0.687500
vt 0.406250 0.625000
vt 0.406250 0.562500
vt 0.406250 0.500000
vt 0.406250 0.437500
vt 0.406250 0.375000
vt 0.406250 0.312500
vt 0.406250 0.250000
vt 0.406250 0.187500
vt 0.406250 0.125000
vt 0.406250 0.062500
vt 0.375000 0.875000
vt 0.375000 0.812500
vt 0.375000 0.750000
vt 0.375000 0.687500
vt 0.375000 0.625000
vt 0.375000 0.562500
vt 0.375000 0.500000
vt 0.375000 0.437500
vt 0.375000 0.375000
vt 0.375000 0.312500
vt 0.375000 0.250000
vt 0.375000 0.187500
vt 0.375000 0.125000
vt 0.343750 0.937500
vt 0.343750 0.875000
vt 0.343750 0.812500
vt 0.343750 0.750000
vt 0.343750 0.687500
vt 0.343750 0.625000
vt 0.343750 0.562500
vt 0.343750 0.500000
vt 0.343750 0.437500
vt 0.343750 0.375000
vt 0.343750 0.312500
vt 0.343750 0.250000
vt 0.343750 0.187500
vt 0.343750 0.125000
vt 0.343750 0.062500
vt 0.312500 0.875000
vt 0.312500 0.812500
vt 0.312500 0.750000
vt 0.312500 0.687500
vt 0.312500 0.625000
vt 0.312500 0.562500
vt 0.312500 0.500000
vt 0.312500 0.437500
vt 0.312500 0.375000
vt 0.312500 0.312500
vt 0.312500 0.250000
vt 0.312500 0.187500
vt 0.312500 0.125000
vt 0.281250 0.937500
vt 0.281250 0.875000
vt 0.281250 0.812500
vt 0.281250 0.750000
vt 0.281250 0.687500
vt 0.281250 0.625000
vt 0.281250 0.562500
vt 0.281250 0.500000
vt 0.281250 0.437500
vt 0.281250 0.375000
vt 0.281250 0.312500
vt 0.281250 0.250000
vt 0.281250 0.187500
vt 0.281250 0.125000
vt 0.281250 0.062500
vt 0.250000 0.875000
vt 0.250000 0.812500
vt 0.250000 0.750000
vt 0.250000 0.687500
vt 0.250000 0.625000
vt 0.250000 0.562500
vt 0.250000 0.500000
vt 0.250000 0.437500
vt 0.250000 0.375000
vt 0.250000 0.312500
vt 0.250000 0.250000
vt 0.250000 0.187500
vt 0.250000 0.125000
vt 0.218750 0.937500
vt 0.218750 0.875000
vt 0.218750 0.812500
vt 0.218750 0.750000
vt 0.218750 0.687500
vt 0.218750 0.625000
vt 0.218750 0.562500
vt 0.218750 0.500000
vt 0.218750 0.437500
vt 0.218750 0.375000
vt 0.218750 0.312500
vt 0.218750 0.250000
vt 0.218750 0.187500
vt 0.218750 0.125000
vt 0.218750 0.062500
vt 0.187500 0.937500
vt 0.187500 0.875000
vt 0.187500 0.812500
vt 0.187500 0.750000
vt 0.187500 0.687500
vt 0.187500 0.625000
vt 0.187500 0.562500
vt 0.187500 0.500000
vt 0.187500 0.437500
vt 0.187500 0.375000
vt 0.187500 0.312500
vt 0.187500 0.250000
vt 0.187500 0.187500
vt 0.187500 0.125000
vt 0.156250 0.875000
vt 0.156250 0.812500
vt 0.156250 0.750000
vt 0.156250 0.687500
vt 0.156250 0.625000
vt 0.156250 0.562500
vt 0.156250 0.500000
vt 0.156250 0.437500
vt 0.156250 0.375000
vt 0.156250 0.312500
vt 0.156250 0.250000
vt 0.156250 0.187500
vt 0.156250 0.125000
vt 0.156250 0.062500
vt 0.125000 0.937500
vt 0.125000 0.875000
vt 0.125000 0.812500
vt 0.125000 0.750000
vt 0.125000 0.687500
vt 0.125000 0.625000
vt 0.125000 0.562500
vt 0.125000 0.500000
vt 0.125000 0.437500
vt 0.125000 0.375000
vt 0.125000 0.312500
vt 0.125000 0.250000
vt 0.125000 0.187500
vt 0.125000 0.125000
vt 0.125000 0.062500
vt 0.484375 0.000000
vt 0.328125 0.000000
vt 0.828125 0.000000
vt 0.671875 0.000000
vt 0.109375 0.000000
vt 0.093750 0.875000
vt 0.093750 0.812500
vt 0.093750 0.750000
vt 0.093750 0.687500
vt 0.093750 0.625000
vt 0.093750 0.562500
vt 0.093750 0.500000
vt 0.093750 0.437500
vt 0.093750 0.375000
vt 0.093750 0.312500
vt 0.093750 0.250000
vt 0.093750 0.187500
vt 0.093750 0.125000
vt 0.093750 0.062500
vt 0.062500 0.937500
vt 0.062500 0.875000
vt 0.062500 0.812500
vt 0.062500 0.750000
vt 0.062500 0.687500
vt 0.062500 0.625000
vt 0.062500 0.562500
vt 0.062500 0.500000
vt 0.062500 0.437500
vt 0.062500 0.375000
vt 0.062500 0.312500
vt 0.062500 0.250000
vt 0.062500 0.187500
vt 0.062500 0.125000
vt 0.031250 0.875000
vt 0.031250 0.812500
vt 0.031250 0.750000
vt 0.031250 0.687500
vt 0.031250 0.625000
vt 0.031250 0.562500
vt 0.031250 0.500000
vt 0.031250 0.437500
vt 0.031250 0.375000
vt 0.031250 0.312500
vt 0.031250 0.250000
vt 0.031250 0.187500
vt 0.031250 0.125000
vt 0.031250 0.062500
vt 1.000000 0.937500
vt 0.000000 0.937500
vt 0.000000 0.875000
vt 1.000000 0.875000
vt 0.000000 0.812500
vt 1.000000 0.812500
vt 0.000000 0.750000
vt 1.000000 0.750000
vt 0.000000 0.687500
vt 1.000000 0.687500
vt 0.000000 0.625000
vt 1.000000 0.625000
vt 0.000000 0.562500
vt 1.000000 0.562500
vt 0.000000 0.500000
vt 1.000000 0.500000
vt 0.000000 0.437500
vt 1.000000 0.437500
vt 0.000000 0.375000
vt 1.000000 0.375000
vt 0.000000 0.312500
vt 1.000000 0.312500
vt 0.000000 0.250000
vt 1.000000 0.250000
vt 0.000000 0.187500
vt 1.000000 0.187500
vt 0.000000 0.125000
vt 1.000000 0.125000
vt 0.968750 0.875000
vt 0.968750 0.812500
vt 0.968750 0.750000
vt 0.968750 0.687500
vt 0.968750 0.625000
vt 0.968750 0.562500
vt 0.968750 0.500000
vt 0.968750 0.437500
vt 0.968750 0.375000
vt 0.968750 0.312500
vt 0.968750 0.250000
vt 0.968750 0.187500
vt 0.968750 0.125000
vt 0.937500 0.937500
vt 0.937500 0.875000
vt 0.937500 0.812500
vt 0.937500 0.750000
vt 0.937500 0.687500
vt 0.937500 0.625000
vt 0.937500 0.562500
vt 0.937500 0.500000
vt 0.937500 0.437500
vt 0.937500 0.375000
vt 0.937500 0.312500
vt 0.937500 0.250000
vt 0.937500 0.187500
vt 0.937500 0.125000
vt 0.937500 0.062500
vt 0.906250 0.875000
vt 0.906250 0.812500
vt 0.906250 0.750000
vt 0.906250 0.687500
vt 0.906250 0.625000
vt 0.906250 0.562500
vt 0.906250 0.500000
vt 0.906250 0.437500
vt 0.906250 0.375000
vt 0.906250 0.312500
vt 0.906250 0.250000
vt 0.906250 0.187500
vt 0.906250 0.125000
vt 0.875000 0.937500
vt 0.875000 0.875000
vt 0.875000 0.812500
vt 0.875000 0.750000
vt 0.875000 0.687500
vt 0.875000 0.625000
vt 0.875000 0.562500
vt 0.875000 0.500000
vt 0.875000 0.437500
vt 0.875000 0.375000
vt 0.875000 0.312500
vt 0.875000 0.250000
vt 0.875000 0.187500
vt 0.875000 0.125000
vt 0.843750 0.875000
vt 0.843750 0.812500
vt 0.843750 0.750000
vt 0.843750 0.687500
vt 0.843750 0.625000
vt 0.843750 0.562500
vt 0.843750 0.500000
vt 0.843750 0.437500
vt 0.843750 0.375000
vt 0.843750 0.312500
vt 0.843750 0.250000
vt 0.843750 0.187500
vt 0.843750 0.125000
vt 0.843750 0.062500
vt 0.812500 0.875000
vt 0.812500 0.812500
vt 0.812500 0.750000
vt 0.812500 0.687500
vt 0.812500 0.625000
vt 0.812500 0.562500
vt 0.812500 0.500000
vt 0.812500 0.437500
vt 0.812500 0.375000
vt 0.812500 0.312500
vt 0.812500 0.250000
vt 0.812500 0.187500
vt 0.812500 0.125000
vt 0.781250 0.937500
vt 0.781250 0.875000
vt 0.781250 0.812500
vt 0.781250 0.750000
vt 0.781250 0.687500
vt 0.781250 0.625000
vt 0.781250 0.562500
vt 0.781250 0.500000
vt 0.781250 0.437500
vt 0.781250 0.375000
vt 0.781250 0.312500
vt 0.781250 0.250000
vt 0.781250 0.187500
vt 0.781250 0.125000
vt 0.781250 0.062500
vt 0.750000 0.875000
vt 0.750000 0.750000
vt 0.750000 0.625000
vt 0.750000 0.375000
vt 0.750000 0.250000
vt 0.750000 0.187500
vt 0.750000 0.125000
s 0
usemtl dark
f 2114/2415/1713 2142/2443/1713 2242/2543/1713 2071/2372/1713
f 1956/2253/1714 1955/2252/1714 1965/2262/1714 1966/2263/1714
f 2257/2562/1715 2285/2591/1715 2286/2592/1715 2271/2576/1715 2258/2563/1715
f 2399/2718/1716 1956/2253/1716 1966/2263/1716 1967/2264/1716
f 1952/2249/1717 2396/2715/1717 1959/2256/1717 1960/2257/1717
f 1957/2254/1718 2399/2718/1718 1967/2264/1718 1968/2265/1718
f 2397/2716/1719 1952/2249/1719 1960/2257/1719 1961/2258/1719
f 2400/2719/1720 1957/2254/1720 1968/2265/1720 1969/2266/1720
f 1953/2250/1721 2397/2716/1721 1961/2258/1721 1962/2259/1721
f 2401/2720/1722 2400/2719/1722 1969/2266/1722 1970/2267/1722
f 2398/2717/1723 1953/2250/1723 1962/2259/1723 1963/2260/1723
f 2402/2721/1724 2401/2720/1724 1970/2267/1724 1971/2268/1724
f 1954/2251/1725 2398/2717/1725 1963/2260/1725 1964/2261/1725
f 2382/2701/1726 2381/2700/1726 1958/2255/1726 1959/2256/1726 2396/2715/1726
f 1955/2252/1727 1954/2251/1727 1964/2261/1727 1965/2262/1727
f 1958/2255/1728 1987/2284/1728 1988/2285/1728 1973/2270/1728 1959/2256/1728
f 1965/2262/1729 1964/2261/1729 1978/2275/1729 1979/2276/1729
f 1966/2263/1730 1965/2262/1730 1979/2276/1730 1980/2277/1730
f 2170/2471/1731 2198/2499/1731 2226/2527/1731 2241/2542/1731 2242/2544/1731 2142/2443/1731
f 1967/2264/1732 1966/2263/1732 1980/2277/1732 1981/2278/1732
f 1960/2257/1733 1959/2256/1733 1973/2270/1733 1974/2271/1733
f 1968/2265/1734 1967/2264/1734 1981/2278/1734 1982/2279/1734
f 1961/2258/1735 1960/2257/1735 1974/2271/1735 1975/2272/1735
f 1969/2266/1736 1968/2265/1736 1982/2279/1736 1983/2280/1736
f 1962/2259/1737 1961/2258/1737 1975/2272/1737 1976/2273/1737
f 1970/2267/1738 1969/2266/1738 1983/2280/1738 1984/2281/1738
f 1963/2260/1739 1962/2259/1739 1976/2273/1739 1977/2274/1739
f 1971/2268/1740 1970/2267/1740 1984/2281/1740 1985/2282/1740
f 1964/2261/1741 1963/2260/1741 1977/2274/1741 1978/2275/1741
f 1975/2272/1742 1974/2271/1742 1989/2286/1742 1990/2287/1742
f 1983/2280/1743 1982/2279/1743 1997/2294/1743 1998/2295/1743
f 1976/2273/1744 1975/2272/1744 1990/2287/1744 1991/2288/1744
f 1984/2281/1745 1983/2280/1745 1998/2295/1745 1999/2296/1745
f 1977/2274/1746 1976/2273/1746 1991/2288/1746 1992/2289/1746
f 1985/2282/1747 1984/2281/1747 1999/2296/1747 2000/2297/1747
f 1978/2275/1748 1977/2274/1748 1992/2289/1748 1993/2290/1748
f 1979/2276/1749 1978/2275/1749 1993/2290/1749 1994/2291/1749
f 1980/2277/1750 1979/2276/1750 1994/2291/1750 1995/2292/1750
f 1981/2278/1751 1980/2277/1751 1995/2292/1751 1996/2293/1751
f 1974/2271/1752 1973/2270/1752 1988/2285/1752 1989/2286/1752
f 1982/2279/1753 1981/2278/1753 1996/2293/1753 1997/2294/1753
f 1994/2291/1754 1993/2290/1754 2007/2304/1754 2008/2305/1754
f 2395/2714/1755 2394/2713/1755 2402/2721/1755 1971/2268/1755 1972/2269/1755
f 1995/2292/1756 1994/2291/1756 2008/2305/1756 2009/2306/1756
f 2240/2541/1757 2255/2560/1757 2256/2561/1757 2241/2542/1757 2226/2527/1757 2225/2526/1757
f 1996/2293/1758 1995/2292/1758 2009/2306/1758 2010/2307/1758
f 1989/2286/1759 1988/2285/1759 2002/2299/1759 2003/2300/1759
f 1997/2294/1760 1996/2293/1760 2010/2307/1760 2011/2308/1760
f 1990/2287/1761 1989/2286/1761 2003/2300/1761 2004/2301/1761
f 1998/2295/1762 1997/2294/1762 2011/2308/1762 2012/2309/1762
f 1991/2288/1763 1990/2287/1763 2004/2301/1763 2005/2302/1763
f 1999/2296/1764 1998/2295/1764 2012/2309/1764 2013/2310/1764
f 1992/2289/1765 1991/2288/1765 2005/2302/1765 2006/2303/1765
f 2000/2297/1766 1999/2296/1766 2013/2310/1766 2014/2311/1766
f 1993/2290/1767 1992/2289/1767 2006/2303/1767 2007/2304/1767
f 2012/2309/1768 2011/2308/1768 2025/2322/1768 2026/2323/1768
f 2005/2302/1769 2004/2301/1769 2018/2315/1769 2019/2316/1769
f 2013/2310/1770 2012/2309/1770 2026/2323/1770 2027/2324/1770
f 2006/2303/1771 2005/2302/1771 2019/2316/1771 2020/2317/1771
f 2014/2311/1772 2013/2310/1772 2027/2324/1772 2028/2325/1772
f 2007/2304/1773 2006/2303/1773 2020/2317/1773 2021/2318/1773
f 2227/2528/1774 2257/2562/1774 2258/2563/1774 2243/2548/1774 2228/2529/1774
f 2008/2305/1775 2007/2304/1775 2021/2318/1775 2022/2319/1775
f 2009/2306/1776 2008/2305/1776 2022/2319/1776 2023/2320/1776
f 2010/2307/1777 2009/2306/1777 2023/2320/1777 2024/2321/1777
f 2003/2300/1778 2002/2299/1778 2016/2313/1778 2017/2314/1778
f 2011/2308/1779 2010/2307/1779 2024/2321/1779 2025/2322/1779
f 2004/2301/1780 2003/2300/1780 2017/2314/1780 2018/2315/1780
f 2023/2320/1781 2022/2319/1781 2036/2337/1781 2037/2338/1781
f 2270/2575/1782 2283/2588/1782 2284/2589/1782 2256/2561/1782 2255/2560/1782
f 2024/2321/1783 2023/2320/1783 2037/2338/1783 2038/2339/1783
f 2017/2314/1784 2016/2313/1784 2030/2331/1784 2031/2332/1784
f 2025/2322/1785 2024/2321/1785 2038/2339/1785 2039/2340/1785
f 2018/2315/1786 2017/2314/1786 2031/2332/1786 2032/2333/1786
f 2026/2323/1787 2025/2322/1787 2039/2340/1787 2040/2341/1787
f 2019/2316/1788 2018/2315/1788 2032/2333/1788 2033/2334/1788
f 2027/2324/1789 2026/2323/1789 2040/2341/1789 2041/2342/1789
f 2020/2317/1790 2019/2316/1790 2033/2334/1790 2034/2335/1790
f 2028/2325/1791 2027/2324/1791 2041/2342/1791 2042/2343/1791
f 2021/2318/1792 2020/2317/1792 2034/2335/1792 2035/2336/1792
f 2022/2319/1793 2021/2318/1793 2035/2336/1793 2036/2337/1793
f 2033/2334/1794 2032/2333/1794 2047/2348/1794 2048/2349/1794
f 2041/2342/1795 2040/2341/1795 2055/2356/1795 2056/2357/1795
f 2034/2335/1796 2033/2334/1796 2048/2349/1796 2049/2350/1796
f 2042/2343/1797 2041/2342/1797 2056/2357/1797 2057/2358/1797
f 2035/2336/1798 2034/2335/1798 2049/2350/1798 2050/2351/1798
f 2036/2337/1799 2035/2336/1799 2050/2351/1799 2051/2352/1799
f 2037/2338/1800 2036/2337/1800 2051/2352/1800 2052/2353/1800
f 2038/2339/1801 2037/2338/1801 2052/2353/1801 2053/2354/1801
f 2031/2332/1802 2030/2331/1802 2045/2346/1802 2046/2347/1802
f 2039/2340/1803 2038/2339/1803 2053/2354/1803 2054/2355/1803
f 2032/2333/1804 2031/2332/1804 2046/2347/1804 2047/2348/1804
f 2040/2341/1805 2039/2340/1805 2054/2355/1805 2055/2356/1805
f 2052/2353/1806 2051/2352/1806 2064/2365/1806 2065/2366/1806
f 2183/2484/1807 2197/2498/1807 2198/2499/1807 2170/2471/1807 2169/2470/1807
f 2053/2354/1808 2052/2353/1808 2065/2366/1808 2066/2367/1808
f 2046/2347/1809 2045/2346/1809 2058/2359/1809 2059/2360/1809
f 2054/2355/1810 2053/2354/1810 2066/2367/1810 2067/2368/1810
f 2047/2348/1811 2046/2347/1811 2059/2360/1811 2060/2361/1811
f 2055/2356/1812 2054/2355/1812 2067/2368/1812 2068/2369/1812
f 2048/2349/1813 2047/2348/1813 2060/2361/1813 2061/2362/1813
f 2056/2357/1814 2055/2356/1814 2068/2369/1814 2069/2370/1814
f 2049/2350/1815 2048/2349/1815 2061/2362/1815 2062/2363/1815
f 2057/2358/1816 2056/2357/1816 2069/2370/1816 2070/2371/1816
f 2050/2351/1817 2049/2350/1817 2062/2363/1817 2063/2364/1817
f 2051/2352/1818 2050/2351/1818 2063/2364/1818 2064/2365/1818
f 2069/2370/1819 2068/2369/1819 2083/2384/1819 2084/2385/1819
f 2062/2363/1820 2061/2362/1820 2076/2377/1820 2077/2378/1820
f 2070/2371/1821 2069/2370/1821 2084/2385/1821 2085/2386/1821
f 2063/2364/1822 2062/2363/1822 2077/2378/1822 2078/2379/1822
f 2199/2500/1823 2227/2528/1823 2228/2529/1823 2213/2514/1823 2200/2501/1823 2185/2486/1823 2184/2485/1823
f 2064/2365/1824 2063/2364/1824 2078/2379/1824 2079/2380/1824
f 2065/2366/1825 2064/2365/1825 2079/2380/1825 2080/2381/1825
f 2066/2367/1826 2065/2366/1826 2080/2381/1826 2081/2382/1826
f 2059/2360/1827 2058/2359/1827 2073/2374/1827 2074/2375/1827
f 2067/2368/1828 2066/2367/1828 2081/2382/1828 2082/2383/1828
f 2060/2361/1829 2059/2360/1829 2074/2375/1829 2075/2376/1829
f 2068/2369/1830 2067/2368/1830 2082/2383/1830 2083/2384/1830
f 2061/2362/1831 2060/2361/1831 2075/2376/1831 2076/2377/1831
f 2081/2382/1832 2080/2381/1832 2094/2395/1832 2095/2396/1832
f 2074/2375/1833 2073/2374/1833 2087/2388/1833 2088/2389/1833
f 2082/2383/1834 2081/2382/1834 2095/2396/1834 2096/2397/1834
f 2075/2376/1835 2074/2375/1835 2088/2389/1835 2089/2390/1835
f 2083/2384/1836 2082/2383/1836 2096/2397/1836 2097/2398/1836
f 2076/2377/1837 2075/2376/1837 2089/2390/1837 2090/2391/1837
f 2084/2385/1838 2083/2384/1838 2097/2398/1838 2098/2399/1838
f 2077/2378/1839 2076/2377/1839 2090/2391/1839 2091/2392/1839
f 2085/2386/1840 2084/2385/1840 2098/2399/1840 2099/2400/1840
f 2078/2379/1841 2077/2378/1841 2091/2392/1841 2092/2393/1841
f 2100/2401/1842 2128/2429/1842 2129/2430/1842 2115/2416/1842 2101/2402/1842
f 2079/2380/1843 2078/2379/1843 2092/2393/1843 2093/2394/1843
f 2080/2381/1844 2079/2380/1844 2093/2394/1844 2094/2395/1844
f 1987/2284/1845 2015/2312/1845 2016/2313/1845 2002/2299/1845 1988/2285/1845
f 2099/2400/1846 2098/2399/1846 2112/2413/1846 2113/2414/1846
f 2092/2393/1847 2091/2392/1847 2105/2406/1847 2106/2407/1847
f 2093/2394/1848 2092/2393/1848 2106/2407/1848 2107/2408/1848
f 2094/2395/1849 2093/2394/1849 2107/2408/1849 2108/2409/1849
f 2095/2396/1850 2094/2395/1850 2108/2409/1850 2109/2410/1850
f 2088/2389/1851 2087/2388/1851 2101/2402/1851 2102/2403/1851
f 2096/2397/1852 2095/2396/1852 2109/2410/1852 2110/2411/1852
f 2089/2390/1853 2088/2389/1853 2102/2403/1853 2103/2404/1853
f 2097/2398/1854 2096/2397/1854 2110/2411/1854 2111/2412/1854
f 2090/2391/1855 2089/2390/1855 2103/2404/1855 2104/2405/1855
f 2098/2399/1856 2097/2398/1856 2111/2412/1856 2112/2413/1856
f 2091/2392/1857 2090/2391/1857 2104/2405/1857 2105/2406/1857
f 2102/2403/1858 2101/2402/1858 2115/2416/1858 2116/2417/1858
f 2110/2411/1859 2109/2410/1859 2123/2424/1859 2124/2425/1859
f 2103/2404/1860 2102/2403/1860 2116/2417/1860 2117/2418/1860
f 2111/2412/1861 2110/2411/1861 2124/2425/1861 2125/2426/1861
f 2104/2405/1862 2103/2404/1862 2117/2418/1862 2118/2419/1862
f 2112/2413/1863 2111/2412/1863 2125/2426/1863 2126/2427/1863
f 2105/2406/1864 2104/2405/1864 2118/2419/1864 2119/2420/1864
f 2113/2414/1865 2112/2413/1865 2126/2427/1865 2127/2428/1865
f 2106/2407/1866 2105/2406/1866 2119/2420/1866 2120/2421/1866
f 2128/2429/1867 2156/2457/1867 2157/2458/1867 2143/2444/1867 2129/2430/1867
f 2107/2408/1868 2106/2407/1868 2120/2421/1868 2121/2422/1868
f 2108/2409/1869 2107/2408/1869 2121/2422/1869 2122/2423/1869
f 2109/2410/1870 2108/2409/1870 2122/2423/1870 2123/2424/1870
f 2120/2421/1871 2119/2420/1871 2133/2434/1871 2134/2435/1871
f 2121/2422/1872 2120/2421/1872 2134/2435/1872 2135/2436/1872
f 2122/2423/1873 2121/2422/1873 2135/2436/1873 2136/2437/1873
f 2123/2424/1874 2122/2423/1874 2136/2437/1874 2137/2438/1874
f 2116/2417/1875 2115/2416/1875 2129/2430/1875 2130/2431/1875
f 2124/2425/1876 2123/2424/1876 2137/2438/1876 2138/2439/1876
f 2117/2418/1877 2116/2417/1877 2130/2431/1877 2131/2432/1877
f 2125/2426/1878 2124/2425/1878 2138/2439/1878 2139/2440/1878
f 2118/2419/1879 2117/2418/1879 2131/2432/1879 2132/2433/1879
f 2126/2427/1880 2125/2426/1880 2139/2440/1880 2140/2441/1880
f 2119/2420/1881 2118/2419/1881 2132/2433/1881 2133/2434/1881
f 2127/2428/1882 2126/2427/1882 2140/2441/1882 2141/2442/1882
f 2138/2439/1883 2137/2438/1883 2151/2452/1883 2152/2453/1883
f 2131/2432/1884 2130/2431/1884 2144/2445/1884 2145/2446/1884
f 2139/2440/1885 2138/2439/1885 2152/2453/1885 2153/2454/1885
f 2132/2433/1886 2131/2432/1886 2145/2446/1886 2146/2447/1886
f 2140/2441/1887 2139/2440/1887 2153/2454/1887 2154/2455/1887
f 2133/2434/1888 2132/2433/1888 2146/2447/1888 2147/2448/1888
f 2141/2442/1889 2140/2441/1889 2154/2455/1889 2155/2456/1889
f 2134/2435/1890 2133/2434/1890 2147/2448/1890 2148/2449/1890
f 2212/2513/1891 2225/2526/1891 2226/2527/1891 2198/2499/1891 2197/2498/1891
f 2135/2436/1892 2134/2435/1892 2148/2449/1892 2149/2450/1892
f 2136/2437/1893 2135/2436/1893 2149/2450/1893 2150/2451/1893
f 2156/2457/1894 2184/2485/1894 2185/2486/1894 2171/2472/1894 2157/2458/1894
f 2137/2438/1895 2136/2437/1895 2150/2451/1895 2151/2452/1895
f 2130/2431/1896 2129/2430/1896 2143/2444/1896 2144/2445/1896
f 2149/2450/1897 2148/2449/1897 2162/2463/1897 2163/2464/1897
f 2150/2451/1898 2149/2450/1898 2163/2464/1898 2164/2465/1898
f 2151/2452/1899 2150/2451/1899 2164/2465/1899 2165/2466/1899
f 2144/2445/1900 2143/2444/1900 2157/2458/1900 2158/2459/1900
f 2152/2453/1901 2151/2452/1901 2165/2466/1901 2166/2467/1901
f 2145/2446/1902 2144/2445/1902 2158/2459/1902 2159/2460/1902
f 2153/2454/1903 2152/2453/1903 2166/2467/1903 2167/2468/1903
f 2146/2447/1904 2145/2446/1904 2159/2460/1904 2160/2461/1904
f 2154/2455/1905 2153/2454/1905 2167/2468/1905 2168/2469/1905
f 2147/2448/1906 2146/2447/1906 2160/2461/1906 2161/2462/1906
f 2155/2456/1907 2154/2455/1907 2168/2469/1907 2169/2470/1907
f 2148/2449/1908 2147/2448/1908 2161/2462/1908 2162/2463/1908
f 2159/2460/1909 2158/2459/1909 2172/2473/1909 2173/2474/1909
f 2167/2468/1910 2166/2467/1910 2180/2481/1910 2181/2482/1910
f 2160/2461/1911 2159/2460/1911 2173/2474/1911 2174/2475/1911
f 2168/2469/1912 2167/2468/1912 2181/2482/1912 2182/2483/1912
f 2161/2462/1913 2160/2461/1913 2174/2475/1913 2175/2476/1913
f 2169/2470/1914 2168/2469/1914 2182/2483/1914 2183/2484/1914
f 2162/2463/1915 2161/2462/1915 2175/2476/1915 2176/2477/1915
f 1985/2282/1916 2000/2297/1916 2001/2298/1916 1986/2283/1916 1972/2269/1916 1971/2268/1916
f 2163/2464/1917 2162/2463/1917 2176/2477/1917 2177/2478/1917
f 2395/2714/1918 1972/2269/1918 1986/2283/1918 2242/2545/1918 2367/2686/1918
f 2164/2465/1919 2163/2464/1919 2177/2478/1919 2178/2479/1919
f 2155/2456/1920 2169/2470/1920 2170/2471/1920 2142/2443/1920 2141/2442/1920
f 2165/2466/1921 2164/2465/1921 2178/2479/1921 2179/2480/1921
f 2158/2459/1922 2157/2458/1922 2171/2472/1922 2172/2473/1922
f 2166/2467/1923 2165/2466/1923 2179/2480/1923 2180/2481/1923
f 2177/2478/1924 2176/2477/1924 2190/2491/1924 2191/2492/1924
f 2178/2479/1925 2177/2478/1925 2191/2492/1925 2192/2493/1925
f 2179/2480/1926 2178/2479/1926 2192/2493/1926 2193/2494/1926
f 2172/2473/1927 2171/2472/1927 2185/2486/1927 2186/2487/1927
f 2180/2481/1928 2179/2480/1928 2193/2494/1928 2194/2495/1928
f 2173/2474/1929 2172/2473/1929 2186/2487/1929 2187/2488/1929
f 2181/2482/1930 2180/2481/1930 2194/2495/1930 2195/2496/1930
f 2174/2475/1931 2173/2474/1931 2187/2488/1931 2188/2489/1931
f 2182/2483/1932 2181/2482/1932 2195/2496/1932 2196/2497/1932
f 2175/2476/1933 2174/2475/1933 2188/2489/1933 2189/2490/1933
f 2183/2484/1934 2182/2483/1934 2196/2497/1934 2197/2498/1934
f 2176/2477/1935 2175/2476/1935 2189/2490/1935 2190/2491/1935
f 2195/2496/1936 2194/2495/1936 2209/2510/1936 2210/2511/1936
f 2188/2489/1937 2187/2488/1937 2202/2503/1937 2203/2504/1937
f 2196/2497/1938 2195/2496/1938 2210/2511/1938 2211/2512/1938
f 2189/2490/1939 2188/2489/1939 2203/2504/1939 2204/2505/1939
f 2197/2498/1940 2196/2497/1940 2211/2512/1940 2212/2513/1940
f 2190/2491/1941 2189/2490/1941 2204/2505/1941 2205/2506/1941
f 2044/2345/1942 2072/2373/1942 2073/2374/1942 2058/2359/1942 2045/2346/1942
f 2191/2492/1943 2190/2491/1943 2205/2506/1943 2206/2507/1943
f 2029/2326/1944 2340/2659/1944 2312/2631/1944 2285/2590/1944
f 2192/2493/1945 2191/2492/1945 2206/2507/1945 2207/2508/1945
f 2340/2659/1946 2381/2700/1946 2382/2701/1946 2368/2687/1946 2354/2673/1946 2341/2660/1946
f 2193/2494/1947 2192/2493/1947 2207/2508/1947 2208/2509/1947
f 2186/2487/1948 2185/2486/1948 2200/2501/1948 2201/2502/1948
f 2194/2495/1949 2193/2494/1949 2208/2509/1949 2209/2510/1949
f 2187/2488/1950 2186/2487/1950 2201/2502/1950 2202/2503/1950
f 2043/2344/1951 2071/2372/1951 2242/2546/1951 1986/2283/1951 2001/2298/1951
f 2207/2508/1952 2206/2507/1952 2219/2520/1952 2220/2521/1952
f 2086/2387/1953 2100/2401/1953 2101/2402/1953 2087/2388/1953 2073/2374/1953 2072/2373/1953
f 2208/2509/1954 2207/2508/1954 2220/2521/1954 2221/2522/1954
f 2201/2502/1955 2200/2501/1955 2213/2514/1955 2214/2515/1955
f 2209/2510/1956 2208/2509/1956 2221/2522/1956 2222/2523/1956
f 2202/2503/1957 2201/2502/1957 2214/2515/1957 2215/2516/1957
f 2210/2511/1958 2209/2510/1958 2222/2523/1958 2223/2524/1958
f 2203/2504/1959 2202/2503/1959 2215/2516/1959 2216/2517/1959
f 2211/2512/1960 2210/2511/1960 2223/2524/1960 2224/2525/1960
f 2204/2505/1961 2203/2504/1961 2216/2517/1961 2217/2518/1961
f 2212/2513/1962 2211/2512/1962 2224/2525/1962 2225/2526/1962
f 2205/2506/1963 2204/2505/1963 2217/2518/1963 2218/2519/1963
f 2206/2507/1964 2205/2506/1964 2218/2519/1964 2219/2520/1964
f 2224/2525/1965 2223/2524/1965 2238/2539/1965 2239/2540/1965
f 2217/2518/1966 2216/2517/1966 2231/2532/1966 2232/2533/1966
f 2225/2526/1967 2224/2525/1967 2239/2540/1967 2240/2541/1967
f 2218/2519/1968 2217/2518/1968 2232/2533/1968 2233/2534/1968
f 2219/2520/1969 2218/2519/1969 2233/2534/1969 2234/2535/1969
f 2220/2521/1970 2219/2520/1970 2234/2535/1970 2235/2536/1970
f 2221/2522/1971 2220/2521/1971 2235/2536/1971 2236/2537/1971
f 2214/2515/1972 2213/2514/1972 2228/2529/1972 2229/2530/1972
f 2222/2523/1973 2221/2522/1973 2236/2537/1973 2237/2538/1973
f 2215/2516/1974 2214/2515/1974 2229/2530/1974 2230/2531/1974
f 2223/2524/1975 2222/2523/1975 2237/2538/1975 2238/2539/1975
f 2216/2517/1976 2215/2516/1976 2230/2531/1976 2231/2532/1976
f 2127/2428/1977 2141/2442/1977 2142/2443/1977 2114/2415/1977 2113/2414/1977
f 2236/2537/1978 2235/2536/1978 2250/2555/1978 2251/2556/1978
f 2229/2530/1979 2228/2529/1979 2243/2548/1979 2244/2549/1979
f 2237/2538/1980 2236/2537/1980 2251/2556/1980 2252/2557/1980
f 2230/2531/1981 2229/2530/1981 2244/2549/1981 2245/2550/1981
f 2238/2539/1982 2237/2538/1982 2252/2557/1982 2253/2558/1982
f 2231/2532/1983 2230/2531/1983 2245/2550/1983 2246/2551/1983
f 2239/2540/1984 2238/2539/1984 2253/2558/1984 2254/2559/1984
f 2232/2533/1985 2231/2532/1985 2246/2551/1985 2247/2552/1985
f 2240/2541/1986 2239/2540/1986 2254/2559/1986 2255/2560/1986
f 2233/2534/1987 2232/2533/1987 2247/2552/1987 2248/2553/1987
f 2234/2535/1988 2233/2534/1988 2248/2553/1988 2249/2554/1988
f 2029/2327/1989 1987/2284/1989 1958/2255/1989 2381/2700/1989 2340/2659/1989
f 2235/2536/1990 2234/2535/1990 2249/2554/1990 2250/2555/1990
f 2247/2552/1991 2246/2551/1991 2261/2566/1991 2262/2567/1991
f 2255/2560/1992 2254/2559/1992 2269/2574/1992 2270/2575/1992
f 2248/2553/1993 2247/2552/1993 2262/2567/1993 2263/2568/1993
f 2057/2358/1994 2070/2371/1994 2071/2372/1994 2043/2344/1994 2042/2343/1994
f 2249/2554/1995 2248/2553/1995 2263/2568/1995 2264/2569/1995
f 2250/2555/1996 2249/2554/1996 2264/2569/1996 2265/2570/1996
f 2251/2556/1997 2250/2555/1997 2265/2570/1997 2266/2571/1997
f 2244/2549/1998 2243/2548/1998 2258/2563/1998 2259/2564/1998
f 2252/2557/1999 2251/2556/1999 2266/2571/1999 2267/2572/1999
f 2245/2550/2000 2244/2549/2000 2259/2564/2000 2260/2565/2000
f 2253/2558/2001 2252/2557/2001 2267/2572/2001 2268/2573/2001
f 2246/2551/2002 2245/2550/2002 2260/2565/2002 2261/2566/2002
f 2254/2559/2003 2253/2558/2003 2268/2573/2003 2269/2574/2003
f 2266/2571/2004 2265/2570/2004 2278/2583/2004 2279/2584/2004
f 2259/2564/2005 2258/2563/2005 2271/2576/2005 2272/2577/2005
f 2267/2572/2006 2266/2571/2006 2279/2584/2006 2280/2585/2006
f 2260/2565/2007 2259/2564/2007 2272/2577/2007 2273/2578/2007
f 2268/2573/2008 2267/2572/2008 2280/2585/2008 2281/2586/2008
f 2261/2566/2009 2260/2565/2009 2273/2578/2009 2274/2579/2009
f 2269/2574/2010 2268/2573/2010 2281/2586/2010 2282/2587/2010
f 2262/2567/2011 2261/2566/2011 2274/2579/2011 2275/2580/2011
f 2270/2575/2012 2269/2574/2012 2282/2587/2012 2283/2588/2012
f 2263/2568/2013 2262/2567/2013 2275/2580/2013 2276/2581/2013
f 2264/2569/2014 2263/2568/2014 2276/2581/2014 2277/2582/2014
f 2265/2570/2015 2264/2569/2015 2277/2582/2015 2278/2583/2015
f 2015/2312/2016 2044/2345/2016 2045/2346/2016 2030/2331/2016 2016/2313/2016
f 2283/2588/2017 2282/2587/2017 2297/2614/2017 2298/2616/2017
f 2276/2581/2018 2275/2580/2018 2290/2600/2018 2291/2602/2018
f 2312/2631/2019 2340/2659/2019 2341/2660/2019 2327/2646/2019 2313/2632/2019
f 2277/2582/2020 2276/2581/2020 2291/2602/2020 2292/2604/2020
f 2278/2583/2021 2277/2582/2021 2292/2604/2021 2293/2606/2021
f 2279/2584/2022 2278/2583/2022 2293/2606/2022 2294/2608/2022
f 2272/2577/2023 2271/2576/2023 2286/2592/2023 2287/2594/2023
f 2280/2585/2024 2279/2584/2024 2294/2608/2024 2295/2610/2024
f 2273/2578/2025 2272/2577/2025 2287/2594/2025 2288/2596/2025
f 2281/2586/2026 2280/2585/2026 2295/2610/2026 2296/2612/2026
f 2274/2579/2027 2273/2578/2027 2288/2596/2027 2289/2598/2027
f 2282/2587/2028 2281/2586/2028 2296/2612/2028 2297/2614/2028
f 2275/2580/2029 2274/2579/2029 2289/2598/2029 2290/2600/2029
f 2287/2595/2030 2286/2593/2030 2299/2618/2030 2300/2619/2030
f 2295/2611/2031 2294/2609/2031 2307/2626/2031 2308/2627/2031
f 2288/2597/2032 2287/2595/2032 2300/2619/2032 2301/2620/2032
f 2296/2613/2033 2295/2611/2033 2308/2627/2033 2309/2628/2033
f 2289/2599/2034 2288/2597/2034 2301/2620/2034 2302/2621/2034
f 2297/2615/2035 2296/2613/2035 2309/2628/2035 2310/2629/2035
f 2290/2601/2036 2289/2599/2036 2302/2621/2036 2303/2622/2036
f 2298/2617/2037 2297/2615/2037 2310/2629/2037 2311/2630/2037
f 2291/2603/2038 2290/2601/2038 2303/2622/2038 2304/2623/2038
f 2292/2605/2039 2291/2603/2039 2304/2623/2039 2305/2624/2039
f 2293/2607/2040 2292/2605/2040 2305/2624/2040 2306/2625/2040
f 2294/2609/2041 2293/2607/2041 2306/2625/2041 2307/2626/2041
f 2304/2623/2042 2303/2622/2042 2317/2636/2042 2318/2637/2042
f 2099/2400/2043 2113/2414/2043 2114/2415/2043 2071/2372/2043 2070/2371/2043 2085/2386/2043
f 2305/2624/2044 2304/2623/2044 2318/2637/2044 2319/2638/2044
f 2306/2625/2045 2305/2624/2045 2319/2638/2045 2320/2639/2045
f 2307/2626/2046 2306/2625/2046 2320/2639/2046 2321/2640/2046
f 2300/2619/2047 2299/2618/2047 2313/2632/2047 2314/2633/2047
f 2308/2627/2048 2307/2626/2048 2321/2640/2048 2322/2641/2048
f 2301/2620/2049 2300/2619/2049 2314/2633/2049 2315/2634/2049
f 2309/2628/2050 2308/2627/2050 2322/2641/2050 2323/2642/2050
f 2302/2621/2051 2301/2620/2051 2315/2634/2051 2316/2635/2051
f 2310/2629/2052 2309/2628/2052 2323/2642/2052 2324/2643/2052
f 2303/2622/2053 2302/2621/2053 2316/2635/2053 2317/2636/2053
f 2311/2630/2054 2310/2629/2054 2324/2643/2054 2325/2644/2054
f 2322/2641/2055 2321/2640/2055 2335/2654/2055 2336/2655/2055
f 2315/2634/2056 2314/2633/2056 2328/2647/2056 2329/2648/2056
f 2323/2642/2057 2322/2641/2057 2336/2655/2057 2337/2656/2057
f 2316/2635/2058 2315/2634/2058 2329/2648/2058 2330/2649/2058
f 2324/2643/2059 2323/2642/2059 2337/2656/2059 2338/2657/2059
f 2317/2636/2060 2316/2635/2060 2330/2649/2060 2331/2650/2060
f 2325/2644/2061 2324/2643/2061 2338/2657/2061 2339/2658/2061
f 2318/2637/2062 2317/2636/2062 2331/2650/2062 2332/2651/2062
f 2319/2638/2063 2318/2637/2063 2332/2651/2063 2333/2652/2063
f 2184/2485/2064 2156/2457/2064 2128/2429/2064 2100/2401/2064 2086/2387/2064 2029/2328/2064 2199/2500/2064
f 2320/2639/2065 2319/2638/2065 2333/2652/2065 2334/2653/2065
f 2285/2590/2066 2312/2631/2066 2313/2632/2066 2299/2618/2066 2286/2593/2066
f 2321/2640/2067 2320/2639/2067 2334/2653/2067 2335/2654/2067
f 2314/2633/2068 2313/2632/2068 2327/2646/2068 2328/2647/2068
f 2333/2652/2069 2332/2651/2069 2346/2665/2069 2347/2666/2069
f 2334/2653/2070 2333/2652/2070 2347/2666/2070 2348/2667/2070
f 2335/2654/2071 2334/2653/2071 2348/2667/2071 2349/2668/2071
f 2328/2647/2072 2327/2646/2072 2341/2660/2072 2342/2661/2072
f 2336/2655/2073 2335/2654/2073 2349/2668/2073 2350/2669/2073
f 2329/2648/2074 2328/2647/2074 2342/2661/2074 2343/2662/2074
f 2337/2656/2075 2336/2655/2075 2350/2669/2075 2351/2670/2075
f 2330/2649/2076 2329/2648/2076 2343/2662/2076 2344/2663/2076
f 2338/2657/2077 2337/2656/2077 2351/2670/2077 2352/2671/2077
f 2331/2650/2078 2330/2649/2078 2344/2663/2078 2345/2664/2078
f 2339/2658/2079 2338/2657/2079 2352/2671/2079 2353/2672/2079
f 2332/2651/2080 2331/2650/2080 2345/2664/2080 2346/2665/2080
f 2351/2670/2081 2350/2669/2081 2363/2682/2081 2364/2683/2081
f 2344/2663/2082 2343/2662/2082 2356/2675/2082 2357/2676/2082
f 2352/2671/2083 2351/2670/2083 2364/2683/2083 2365/2684/2083
f 2345/2664/2084 2344/2663/2084 2357/2676/2084 2358/2677/2084
f 2353/2672/2085 2352/2671/2085 2365/2684/2085 2366/2685/2085
f 2346/2665/2086 2345/2664/2086 2358/2677/2086 2359/2678/2086
f 2298/2617/2087 2311/2630/2087 2325/2644/2087 2326/2645/2087 2284/2589/2087 2283/2588/2087
f 2347/2666/2088 2346/2665/2088 2359/2678/2088 2360/2679/2088
f 2348/2667/2089 2347/2666/2089 2360/2679/2089 2361/2680/2089
f 2380/2699/2090 2394/2713/2090 2395/2714/2090 2367/2686/2090 2366/2685/2090
f 2349/2668/2091 2348/2667/2091 2361/2680/2091 2362/2681/2091
f 2342/2661/2092 2341/2660/2092 2354/2673/2092 2355/2674/2092
f 2350/2669/2093 2349/2668/2093 2362/2681/2093 2363/2682/2093
f 2343/2662/2094 2342/2661/2094 2355/2674/2094 2356/2675/2094
f 2044/2345/2095 2015/2312/2095 1987/2284/2095 2029/2329/2095 2086/2387/2095 2072/2373/2095
f 2361/2680/2096 2360/2679/2096 2374/2693/2096 2375/2694/2096
f 2362/2681/2097 2361/2680/2097 2375/2694/2097 2376/2695/2097
f 2355/2674/2098 2354/2673/2098 2368/2687/2098 2369/2688/2098
f 2363/2682/2099 2362/2681/2099 2376/2695/2099 2377/2696/2099
f 2356/2675/2100 2355/2674/2100 2369/2688/2100 2370/2689/2100
f 2364/2683/2101 2363/2682/2101 2377/2696/2101 2378/2697/2101
f 2357/2676/2102 2356/2675/2102 2370/2689/2102 2371/2690/2102
f 2365/2684/2103 2364/2683/2103 2378/2697/2103 2379/2698/2103
f 2358/2677/2104 2357/2676/2104 2371/2690/2104 2372/2691/2104
f 2366/2685/2105 2365/2684/2105 2379/2698/2105 2380/2699/2105
f 2359/2678/2106 2358/2677/2106 2372/2691/2106 2373/2692/2106
f 2360/2679/2107 2359/2678/2107 2373/2692/2107 2374/2693/2107
f 2371/2690/2108 2370/2689/2108 2384/2703/2108 2385/2704/2108
f 2379/2698/2109 2378/2697/2109 2392/2711/2109 2393/2712/2109
f 2372/2691/2110 2371/2690/2110 2385/2704/2110 2386/2705/2110
f 2380/2699/2111 2379/2698/2111 2393/2712/2111 2394/2713/2111
f 2373/2692/2112 2372/2691/2112 2386/2705/2112 2387/2706/2112
f 2374/2693/2113 2373/2692/2113 2387/2706/2113 2388/2707/2113
f 2256/2561/2114 2284/2589/2114 2326/2645/2114 2367/2686/2114 2242/2547/2114 2241/2542/2114
f 2029/2330/2115 2285/2591/2115 2257/2562/2115 2227/2528/2115 2199/2500/2115
f 2375/2694/2116 2374/2693/2116 2388/2707/2116 2389/2708/2116
f 2028/2325/2117 2042/2343/2117 2043/2344/2117 2001/2298/2117 2000/2297/2117 2014/2311/2117
f 2376/2695/2118 2375/2694/2118 2389/2708/2118 2390/2709/2118
f 2369/2688/2119 2368/2687/2119 2382/2701/2119 2383/2702/2119
f 2377/2696/2120 2376/2695/2120 2390/2709/2120 2391/2710/2120
f 2370/2689/2121 2369/2688/2121 2383/2702/2121 2384/2703/2121
f 2378/2697/2122 2377/2696/2122 2391/2710/2122 2392/2711/2122
f 2389/2708/2123 2388/2707/2123 1955/2252/2123 1956/2253/2123
f 2390/2709/2124 2389/2708/2124 1956/2253/2124 2399/2718/2124
f 2383/2702/2125 2382/2701/2125 2396/2715/2125 1952/2249/2125
f 2391/2710/2126 2390/2709/2126 2399/2718/2126 1957/2254/2126
f 2384/2703/2127 2383/2702/2127 1952/2249/2127 2397/2716/2127
f 2392/2711/2128 2391/2710/2128 1957/2254/2128 2400/2719/2128
f 2385/2704/2129 2384/2703/2129 2397/2716/2129 1953/2250/2129
f 2393/2712/2130 2392/2711/2130 2400/2719/2130 2401/2720/2130
f 2386/2705/2131 2385/2704/2131 1953/2250/2131 2398/2717/2131
f 2394/2713/2132 2393/2712/2132 2401/2720/2132 2402/2721/2132
f 2387/2706/2133 2386/2705/2133 2398/2717/2133 1954/2251/2133
f 2388/2707/2134 2387/2706/2134 1954/2251/2134 1955/2252/2134
f 2339/2658/2135 2353/2672/2135 2366/2685/2135 2367/2686/2135 2326/2645/2135 2325/2644/2135
o Sphere.002
v -0.567986 3.392676 -0.553970
v -0.567986 3.398643 -0.620435
v -0.567986 3.390874 -0.660030
v -0.567986 3.382128 -0.667677
v -0.567986 3.370550 -0.666726
v -0.567986 3.340766 -0.639504
v -0.559023 3.373560 -0.469898
v -0.550393 3.384233 -0.512077
v -0.542453 3.391889 -0.551582
v -0.535488 3.396367 -0.586969
v -0.529773 3.397465 -0.616861
v -0.525526 3.395142 -0.640106
v -0.522911 3.389484 -0.655813
v -0.522028 3.380712 -0.663378
v -0.522911 3.369161 -0.662509
v -0.525526 3.355275 -0.653241
v -0.529773 3.339589 -0.635930
v -0.535488 3.322704 -0.611240
v -0.542453 3.305270 -0.580121
v -0.550393 3.287944 -0.543801
v -0.559022 3.271439 -0.503556
v -0.533498 3.382568 -0.507167
v -0.517901 3.389558 -0.544508
v -0.504240 3.393401 -0.577967
v -0.493029 3.393978 -0.606274
v -0.484698 3.391266 -0.628343
v -0.479568 3.385370 -0.643326
v -0.477836 3.376517 -0.650645
v -0.479568 3.365047 -0.650022
v -0.484698 3.351400 -0.641478
v -0.493029 3.336101 -0.625343
v -0.504240 3.319738 -0.602237
v -0.517901 3.302939 -0.573047
v -0.533499 3.286365 -0.538861
v -0.550400 3.270577 -0.501094
v -0.542451 3.371509 -0.463383
v -0.517885 3.380020 -0.499288
v -0.495274 3.385774 -0.533021
v -0.475442 3.388584 -0.563346
v -0.459165 3.388314 -0.589083
v -0.447071 3.384972 -0.609241
v -0.439624 3.378689 -0.623047
v -0.437109 3.369705 -0.629970
v -0.439624 3.358365 -0.629743
v -0.447071 3.345106 -0.622376
v -0.459165 3.330436 -0.608152
v -0.475442 3.314921 -0.587617
v -0.495274 3.299155 -0.561560
v -0.517865 3.283716 -0.531032
v -0.542477 3.269300 -0.497031
v -0.504260 3.376455 -0.488612
v -0.475442 3.380680 -0.517563
v -0.450200 3.382102 -0.543671
v -0.429484 3.380691 -0.565947
v -0.414091 3.376503 -0.583534
v -0.404612 3.369697 -0.595757
v -0.401411 3.360537 -0.602145
v -0.404612 3.349374 -0.602453
v -0.414091 3.336636 -0.596669
v -0.429484 3.322814 -0.585016
v -0.450200 3.308438 -0.567941
v -0.475442 3.294061 -0.546101
v -0.504270 3.280257 -0.520302
v -0.529798 3.367453 -0.451351
v -0.493005 3.372234 -0.475658
v -0.459165 3.374474 -0.498726
v -0.429484 3.374203 -0.519697
v -0.405125 3.371403 -0.537756
v -0.387024 3.366182 -0.552210
v -0.375878 3.358741 -0.562503
v -0.372115 3.349366 -0.568240
v -0.375878 3.338418 -0.569199
v -0.387024 3.326316 -0.565345
v -0.405125 3.313526 -0.556825
v -0.429484 3.300539 -0.543967
v -0.459165 3.287855 -0.527265
v -0.493059 3.275982 -0.507327
v -0.567991 3.360385 -0.426814
v -0.484724 3.367306 -0.460843
v -0.447071 3.367394 -0.477235
v -0.414091 3.365191 -0.492345
v -0.387024 3.360806 -0.505593
v -0.366912 3.354408 -0.516473
v -0.354527 3.346241 -0.524565
v -0.350345 3.336622 -0.529558
v -0.354527 3.325918 -0.531261
v -0.366912 3.314541 -0.529608
v -0.387024 3.302929 -0.524662
v -0.414091 3.291527 -0.516615
v -0.447071 3.280775 -0.505774
v -0.484653 3.271052 -0.492598
v -0.525566 3.262868 -0.477433
v -0.522944 3.362259 -0.435626
v -0.479540 3.362062 -0.444783
v -0.439624 3.359711 -0.453917
v -0.404612 3.355412 -0.462666
v -0.375878 3.349308 -0.470695
v -0.354527 3.341631 -0.477695
v -0.341380 3.332678 -0.483399
v -0.336940 3.322793 -0.487586
v -0.341380 3.312355 -0.490095
v -0.354527 3.301765 -0.490830
v -0.375878 3.291431 -0.489764
v -0.404612 3.281749 -0.486936
v -0.439624 3.273092 -0.482456
v -0.479596 3.265811 -0.476483
v -0.477864 3.356514 -0.428087
v -0.437109 3.351721 -0.429666
v -0.401411 3.345243 -0.431801
v -0.372115 3.337350 -0.434401
v -0.350345 3.328345 -0.437368
v -0.336940 3.318573 -0.440588
v -0.332414 3.308411 -0.443936
v -0.336940 3.298249 -0.447284
v -0.350345 3.288478 -0.450503
v -0.372115 3.279473 -0.453470
v -0.401411 3.271580 -0.456071
v -0.437109 3.265102 -0.458205
v -0.477783 3.260245 -0.459796
v -0.522043 3.257312 -0.460779
v -0.522924 3.356691 -0.418593
v -0.479541 3.351050 -0.411365
v -0.439624 3.343731 -0.405416
v -0.404612 3.335074 -0.400936
v -0.375878 3.325392 -0.398108
v -0.354527 3.315058 -0.397041
v -0.341380 3.304468 -0.397777
v -0.336940 3.294030 -0.400286
v -0.341380 3.284144 -0.404473
v -0.354527 3.275191 -0.410176
v -0.375878 3.267515 -0.417177
v -0.404612 3.261410 -0.425206
v -0.439624 3.257112 -0.433955
v -0.479605 3.254817 -0.443088
v -0.525528 3.354072 -0.410370
v -0.484727 3.345720 -0.395333
v -0.447071 3.336048 -0.382098
v -0.414091 3.325295 -0.371257
v -0.387024 3.313894 -0.363209
v -0.366912 3.302282 -0.358264
v -0.354527 3.290905 -0.356611
v -0.350345 3.280201 -0.358314
v -0.354527 3.270581 -0.363307
v -0.366912 3.262415 -0.371399
v -0.387024 3.256017 -0.382278
v -0.414091 3.251632 -0.395527
v -0.447071 3.249429 -0.410636
v -0.484735 3.249525 -0.427026
v -0.529784 3.351516 -0.402855
v -0.493006 3.340877 -0.380490
v -0.459166 3.328968 -0.360607
v -0.429484 3.316283 -0.343905
v -0.405125 3.303297 -0.331047
v -0.387024 3.290507 -0.322527
v -0.375878 3.278405 -0.318673
v -0.372115 3.267456 -0.319632
v -0.375878 3.258081 -0.325369
v -0.387024 3.250641 -0.335662
v -0.405125 3.245420 -0.350116
v -0.429484 3.242620 -0.368175
v -0.459166 3.242348 -0.389146
v -0.492980 3.244568 -0.412215
v -0.529816 3.249389 -0.436521
v -0.504260 3.336572 -0.367563
v -0.475442 3.322761 -0.341770
v -0.450200 3.308385 -0.319930
v -0.429484 3.294009 -0.302856
v -0.414091 3.280187 -0.291203
v -0.404612 3.267449 -0.285419
v -0.401411 3.256286 -0.285727
v -0.404612 3.247125 -0.292115
v -0.414091 3.240320 -0.304338
v -0.429484 3.236132 -0.321925
v -0.450200 3.234721 -0.344201
v -0.475442 3.236142 -0.370309
v -0.504260 3.240368 -0.399260
v -0.542470 3.347506 -0.390853
v -0.517885 3.333093 -0.356858
v -0.495274 3.317668 -0.326312
v -0.475442 3.301902 -0.300255
v -0.459166 3.286386 -0.279720
v -0.447071 3.271717 -0.265496
v -0.439624 3.258457 -0.258129
v -0.437109 3.247118 -0.257902
v -0.439624 3.238134 -0.264825
v -0.447071 3.231850 -0.278631
v -0.459166 3.228509 -0.298789
v -0.475442 3.228239 -0.324525
v -0.495274 3.231049 -0.354851
v -0.517885 3.236803 -0.388583
v -0.542458 3.245332 -0.424484
v -0.533498 3.330459 -0.349008
v -0.517901 3.313884 -0.314825
v -0.504240 3.297085 -0.285635
v -0.493029 3.280722 -0.262529
v -0.484698 3.265423 -0.246394
v -0.479568 3.251776 -0.237850
v -0.477836 3.240306 -0.237226
v -0.479568 3.231452 -0.244546
v -0.484698 3.225557 -0.259529
v -0.493029 3.222845 -0.281598
v -0.504240 3.223422 -0.309905
v -0.517901 3.227264 -0.343364
v -0.533498 3.234254 -0.380705
v -0.559028 3.345360 -0.384339
v -0.550393 3.328879 -0.344070
v -0.542453 3.311553 -0.307751
v -0.535488 3.294119 -0.276632
v -0.529773 3.277234 -0.251942
v -0.525526 3.261548 -0.234631
v -0.522911 3.247662 -0.225363
v -0.522028 3.236111 -0.224494
v -0.522911 3.227338 -0.232059
v -0.525526 3.221681 -0.247766
v -0.529773 3.219357 -0.271011
v -0.535488 3.220455 -0.300902
v -0.542453 3.224934 -0.336290
v -0.550393 3.232589 -0.375795
v -0.559024 3.243259 -0.417974
v -0.567986 3.328312 -0.342492
v -0.567986 3.310766 -0.305363
v -0.567986 3.293117 -0.273592
v -0.567986 3.276057 -0.248368
v -0.567986 3.260239 -0.230659
v -0.567986 3.246273 -0.221146
v -0.567986 3.234694 -0.220195
v -0.567986 3.225949 -0.227842
v -0.567986 3.220373 -0.243794
v -0.567986 3.218179 -0.267437
v -0.567986 3.219454 -0.297862
v -0.567986 3.224147 -0.333902
v -0.567986 3.232108 -0.374189
v -0.576941 3.345398 -0.384311
v -0.585591 3.328890 -0.344044
v -0.593518 3.311553 -0.307751
v -0.600483 3.294119 -0.276632
v -0.606198 3.277234 -0.251942
v -0.610445 3.261548 -0.234631
v -0.613060 3.247662 -0.225363
v -0.613943 3.236111 -0.224494
v -0.613060 3.227338 -0.232059
v -0.610445 3.221681 -0.247766
v -0.606198 3.219357 -0.271011
v -0.600483 3.220455 -0.300902
v -0.593518 3.224934 -0.336290
v -0.585579 3.232589 -0.375795
v -0.576946 3.243273 -0.417975
v -0.585545 3.346262 -0.386789
v -0.602464 3.330452 -0.349023
v -0.618070 3.313884 -0.314825
v -0.631731 3.297085 -0.285635
v -0.642942 3.280722 -0.262529
v -0.651273 3.265423 -0.246394
v -0.656403 3.251776 -0.237850
v -0.658135 3.240306 -0.237227
v -0.656403 3.231452 -0.244546
v -0.651273 3.225557 -0.259529
v -0.642942 3.222845 -0.281598
v -0.631731 3.223422 -0.309905
v -0.618070 3.227264 -0.343364
v -0.602473 3.234254 -0.380705
v -0.618050 3.333059 -0.356935
v -0.640697 3.317668 -0.326312
v -0.660529 3.301902 -0.300255
v -0.676806 3.286386 -0.279720
v -0.688900 3.271717 -0.265496
v -0.696348 3.258457 -0.258129
v -0.698862 3.247118 -0.257902
v -0.696348 3.238134 -0.264825
v -0.688900 3.231850 -0.278631
v -0.676806 3.228509 -0.298789
v -0.660529 3.228239 -0.324525
v -0.640697 3.231049 -0.354851
v -0.618085 3.236804 -0.388584
v -0.593510 3.245373 -0.424484
v -0.600460 3.349301 -0.396274
v -0.631762 3.336613 -0.367483
v -0.660529 3.322761 -0.341771
v -0.685772 3.308385 -0.319930
v -0.706487 3.294009 -0.302856
v -0.721880 3.280187 -0.291203
v -0.731359 3.267449 -0.285419
v -0.734560 3.256286 -0.285727
v -0.731359 3.247125 -0.292115
v -0.721880 3.240320 -0.304338
v -0.706487 3.236132 -0.321925
v -0.685772 3.234721 -0.344201
v -0.660529 3.236142 -0.370309
v -0.631709 3.240370 -0.399261
v -0.600490 3.247067 -0.429938
v -0.567978 3.256436 -0.461062
v -0.642919 3.340846 -0.380533
v -0.676806 3.328968 -0.360607
v -0.706487 3.316283 -0.343905
v -0.730846 3.303297 -0.331047
v -0.748947 3.290507 -0.322527
v -0.760093 3.278405 -0.318673
v -0.763856 3.267457 -0.319632
v -0.760093 3.258081 -0.325369
v -0.748947 3.250641 -0.335662
v -0.730846 3.245420 -0.350116
v -0.706487 3.242620 -0.368175
v -0.676806 3.242348 -0.389146
v -0.642965 3.244590 -0.412215
v -0.606193 3.249324 -0.436531
v -0.610418 3.353966 -0.410423
v -0.651300 3.345757 -0.395297
v -0.688900 3.336048 -0.382098
v -0.721880 3.325295 -0.371257
v -0.748947 3.313894 -0.363209
v -0.769059 3.302282 -0.358264
v -0.781444 3.290905 -0.356611
v -0.785626 3.280201 -0.358314
v -0.781444 3.270581 -0.363307
v -0.769059 3.262415 -0.371399
v -0.748947 3.256017 -0.382278
v -0.721880 3.251632 -0.395527
v -0.688900 3.249429 -0.410636
v -0.651247 3.249517 -0.427029
v -0.656375 3.351012 -0.411389
v -0.696347 3.343731 -0.405416
v -0.731359 3.335074 -0.400936
v -0.760093 3.325392 -0.398108
v -0.781444 3.315058 -0.397041
v -0.794591 3.304468 -0.397777
v -0.799031 3.294030 -0.400286
v -0.794591 3.284144 -0.404473
v -0.781444 3.275191 -0.410176
v -0.760093 3.267515 -0.417177
v -0.731359 3.261410 -0.425206
v -0.696347 3.257112 -0.433955
v -0.656457 3.254743 -0.443099
v -0.613009 3.254578 -0.452233
v -0.613938 3.359518 -0.427093
v -0.658164 3.356556 -0.428073
v -0.698862 3.351721 -0.429667
v -0.734560 3.345243 -0.431801
v -0.763856 3.337350 -0.434401
v -0.785626 3.328345 -0.437368
v -0.799031 3.318573 -0.440588
v -0.803557 3.308411 -0.443936
v -0.799031 3.298249 -0.447284
v -0.785626 3.288478 -0.450503
v -0.763856 3.279473 -0.453470
v -0.734560 3.271580 -0.456071
v -0.698862 3.265102 -0.458205
v -0.658096 3.260316 -0.459778
v -0.656375 3.362015 -0.444786
v -0.696347 3.359711 -0.453917
v -0.731359 3.355412 -0.462666
v -0.760093 3.349308 -0.470695
v -0.781444 3.341631 -0.477695
v -0.794591 3.332678 -0.483399
v -0.799031 3.322793 -0.487586
v -0.794591 3.312355 -0.490095
v -0.781444 3.301765 -0.490830
v -0.760093 3.291431 -0.489764
v -0.731359 3.281749 -0.486936
v -0.696347 3.273092 -0.482456
v -0.656364 3.265820 -0.476482
v -0.610418 3.364968 -0.443807
v -0.651300 3.367355 -0.460850
v -0.688900 3.367394 -0.477235
v -0.721880 3.365191 -0.492345
v -0.748947 3.360806 -0.505593
v -0.769059 3.354408 -0.516473
v -0.781444 3.346241 -0.524565
v -0.785625 3.336622 -0.529558
v -0.781444 3.325918 -0.531261
v -0.769059 3.314541 -0.529608
v -0.748947 3.302929 -0.524662
v -0.721880 3.291527 -0.516615
v -0.688900 3.280775 -0.505774
v -0.651344 3.271033 -0.492605
v -0.610383 3.262893 -0.477427
v -0.642919 3.372181 -0.475641
v -0.676805 3.374474 -0.498726
v -0.706487 3.374203 -0.519697
v -0.730846 3.371403 -0.537756
v -0.748947 3.366182 -0.552210
v -0.760093 3.358741 -0.562503
v -0.763856 3.349366 -0.568240
v -0.760093 3.338418 -0.569199
v -0.748947 3.326316 -0.565345
v -0.730846 3.313526 -0.556825
v -0.706487 3.300539 -0.543967
v -0.676805 3.287855 -0.527265
v -0.642912 3.275982 -0.507327
v -0.600470 3.369684 -0.457955
v -0.631762 3.376537 -0.488652
v -0.660529 3.380680 -0.517562
v -0.685771 3.382102 -0.543671
v -0.706487 3.380691 -0.565947
v -0.721880 3.376503 -0.583534
v -0.731359 3.369697 -0.595757
v -0.734560 3.360537 -0.602144
v -0.731359 3.349374 -0.602453
v -0.721880 3.336636 -0.596669
v -0.706487 3.322814 -0.585016
v -0.685771 3.308438 -0.567941
v -0.660529 3.294061 -0.546101
v -0.631701 3.280257 -0.520302
v -0.618052 3.379951 -0.499250
v -0.640697 3.385774 -0.533021
v -0.660529 3.388584 -0.563346
v -0.676805 3.388314 -0.589083
v -0.688900 3.384972 -0.609241
v -0.696347 3.378689 -0.623047
v -0.698862 3.369705 -0.629969
v -0.696347 3.358365 -0.629743
v -0.688900 3.345106 -0.622376
v -0.676805 3.330436 -0.608152
v -0.660529 3.314921 -0.587617
v -0.640697 3.299155 -0.561560
v -0.618107 3.283716 -0.531034
v -0.593520 3.269233 -0.497064
v -0.602466 3.382558 -0.507162
v -0.618070 3.389558 -0.544508
v -0.631731 3.393401 -0.577966
v -0.642942 3.393978 -0.606274
v -0.651273 3.391266 -0.628343
v -0.656403 3.385370 -0.643325
v -0.658135 3.376517 -0.650645
v -0.656403 3.365047 -0.650022
v -0.651273 3.351399 -0.641478
v -0.642942 3.336101 -0.625343
v -0.631731 3.319738 -0.602237
v -0.618070 3.302939 -0.573047
v -0.602473 3.286364 -0.538864
v -0.576937 3.373530 -0.469888
v -0.585592 3.384259 -0.512092
v -0.593518 3.391889 -0.551582
v -0.600483 3.396367 -0.586969
v -0.606198 3.397465 -0.616860
v -0.610445 3.395142 -0.640106
v -0.613060 3.389484 -0.655813
v -0.613943 3.380712 -0.663377
v -0.613060 3.369161 -0.662509
v -0.610445 3.355275 -0.653241
v -0.606198 3.339588 -0.635929
v -0.600483 3.322704 -0.611240
v -0.593518 3.305270 -0.580120
v -0.585579 3.287944 -0.543802
v -0.576946 3.271452 -0.503540
v -0.567986 3.384715 -0.513682
v -0.567986 3.397369 -0.590009
v -0.567986 3.396450 -0.644078
v -0.567986 3.356584 -0.657213
v -0.567986 3.323705 -0.614280
v -0.567985 3.306057 -0.582509
v -0.567986 3.288511 -0.545379
vn 0.0193 -0.9526 -0.3036
vn 0.0903 -0.0815 -0.9926
vn -0.0684 0.9429 0.3261
vn 0.0599 -0.5619 -0.8250
vn 0.0110 0.9811 0.1931
vn 0.0393 -0.7452 -0.6656
vn 0.0185 0.9915 0.1291
vn 0.0269 -0.8280 -0.5600
vn 0.0269 0.9988 0.0418
vn 0.0185 -0.8740 -0.4855
vn 0.0393 0.9950 -0.0923
vn 0.0110 -0.9038 -0.4279
vn 0.0599 0.9423 -0.3294
vn -0.0001 0.9691 0.2467
vn 0.0903 0.6556 -0.7497
vn 0.0254 0.9680 0.2498
vn 0.2675 0.6445 -0.7162
vn 0.2675 -0.0926 -0.9591
vn -0.0012 -0.9562 -0.2928
vn 0.1773 -0.5692 -0.8028
vn 0.0372 0.9795 0.1981
vn 0.1164 -0.7500 -0.6511
vn 0.0547 0.9892 0.1360
vn 0.0796 -0.8313 -0.5501
vn 0.0796 0.9955 0.0518
vn 0.0547 -0.8763 -0.4787
vn 0.1164 0.9902 -0.0777
vn 0.0372 -0.9054 -0.4229
vn 0.1773 0.9350 -0.3072
vn 0.0889 0.9848 0.1494
vn 0.1292 -0.8377 -0.5306
vn 0.1292 0.9890 0.0713
vn 0.0889 -0.8807 -0.4652
vn 0.1890 0.9807 -0.0492
vn 0.0571 -0.9078 -0.4154
vn 0.2879 0.9206 -0.2637
vn 0.4345 0.6229 -0.6506
vn 0.4345 -0.1142 -0.8934
vn 0.2879 -0.5836 -0.7593
vn 0.0574 0.9769 0.2060
vn 0.1890 -0.7594 -0.6225
vn 0.5847 0.5915 -0.5552
vn -0.0003 -0.9257 -0.3782
vn 0.5847 -0.1456 -0.7981
vn -0.0503 -0.9632 -0.2639
vn 0.3874 -0.6044 -0.6962
vn 0.0796 0.9722 0.2201
vn 0.2544 -0.7731 -0.5810
vn 0.1196 0.9784 0.1689
vn 0.1739 -0.8471 -0.5022
vn 0.1739 0.9797 0.0997
vn 0.1196 -0.8871 -0.4457
vn 0.2544 0.9671 -0.0077
vn 0.0803 -0.9127 -0.4006
vn 0.3874 0.8998 -0.2005
vn 0.2119 -0.8590 -0.4661
vn 0.2119 0.9678 0.1358
vn 0.1457 -0.8953 -0.4209
vn 0.3099 0.9497 0.0451
vn 0.0953 -0.9181 -0.3848
vn 0.4721 0.8733 -0.1201
vn -0.0577 0.9356 0.3484
vn 0.7124 0.5515 -0.4339
vn 0.7124 -0.1856 -0.6767
vn 0.4721 -0.6309 -0.6158
vn 0.0952 0.9674 0.2349
vn 0.3099 -0.7905 -0.5283
vn 0.1457 0.9702 0.1937
vn 0.8128 -0.2326 -0.5341
vn -0.0646 -0.9555 -0.2878
vn 0.5386 -0.6620 -0.5212
vn 0.1100 0.9604 0.2559
vn 0.3536 -0.8110 -0.4662
vn 0.1663 0.9606 0.2229
vn 0.2418 -0.8730 -0.4237
vn 0.2418 0.9538 0.1782
vn 0.1663 -0.9049 -0.3917
vn 0.3536 0.9292 0.1072
vn 0.1087 -0.9235 -0.3678
vn 0.5386 0.8422 -0.0256
vn 0.8128 0.5045 -0.2912
vn 0.2623 0.9383 0.2254
vn 0.1804 -0.9156 -0.3593
vn 0.3837 0.9065 0.1761
vn 0.1195 -0.9316 -0.3432
vn 0.5844 0.8076 0.0794
vn 0.8820 0.4523 -0.1327
vn 0.8820 -0.2848 -0.3755
vn 0.5844 -0.6966 -0.4162
vn 0.1184 0.9541 0.2752
vn 0.3837 -0.8337 -0.3972
vn 0.1804 0.9499 0.2553
vn 0.2623 -0.8885 -0.3765
vn 0.9172 -0.3403 -0.2072
vn -0.0002 -0.9692 -0.2464
vn 0.6077 -0.7334 -0.3047
vn 0.1236 0.9459 0.3001
vn 0.3990 -0.8578 -0.3240
vn 0.1876 0.9385 0.2898
vn 0.2728 -0.9050 -0.3265
vn 0.2728 0.9218 0.2754
vn 0.1876 -0.9270 -0.3249
vn 0.3990 0.8824 0.2493
vn 0.1236 -0.9381 -0.3237
vn 0.6077 0.7708 0.1910
vn 0.9172 0.3968 0.0356
vn 0.1876 -0.9385 -0.2898
vn 0.3990 0.8578 0.3240
vn 0.1235 -0.9468 -0.2971
vn 0.6077 0.7334 0.3047
vn -0.0334 0.9282 0.3707
vn 0.9172 0.3403 0.2072
vn 0.9172 -0.3968 -0.0356
vn 0.6077 -0.7708 -0.1910
vn 0.1236 0.9390 0.3210
vn 0.3990 -0.8824 -0.2493
vn 0.1876 0.9270 0.3249
vn 0.2728 -0.9218 -0.2754
vn 0.2728 0.9050 0.3265
vn 0.5844 -0.8076 -0.0794
vn 0.1184 0.9308 0.3458
vn 0.3837 -0.9065 -0.1761
vn 0.1804 0.9156 0.3593
vn 0.2623 -0.9383 -0.2254
vn 0.2623 0.8885 0.3765
vn 0.1804 -0.9499 -0.2553
vn 0.3837 0.8337 0.3972
vn 0.1179 -0.9537 -0.2766
vn 0.5844 0.6966 0.4162
vn 0.0486 0.9318 0.3596
vn 0.8820 0.2848 0.3755
vn 0.8820 -0.4523 0.1327
vn 0.0509 0.9626 0.2660
vn 0.1105 -0.9602 -0.2565
vn 0.5386 0.6620 0.5212
vn 0.8128 0.2326 0.5341
vn 0.8128 -0.5045 0.2912
vn 0.5386 -0.8422 0.0256
vn 0.1100 0.9245 0.3650
vn 0.3536 -0.9292 -0.1072
vn 0.1663 0.9049 0.3917
vn 0.2418 -0.9538 -0.1782
vn 0.2418 0.8730 0.4237
vn 0.1663 -0.9606 -0.2229
vn 0.3536 0.8110 0.4662
vn 0.0952 0.9175 0.3861
vn 0.3099 -0.9497 -0.0451
vn 0.1457 0.8953 0.4209
vn 0.2119 -0.9678 -0.1358
vn 0.2119 0.8590 0.4661
vn 0.1457 -0.9702 -0.1937
vn 0.3099 0.7905 0.5283
vn 0.0950 -0.9675 -0.2343
vn 0.4721 0.6309 0.6158
vn 0.0264 0.9275 0.3728
vn 0.7124 0.1856 0.6767
vn 0.7124 -0.5515 0.4339
vn 0.4721 -0.8733 0.1201
vn 0.3874 0.6044 0.6962
vn 0.5847 0.1456 0.7981
vn 0.5847 -0.5915 0.5552
vn 0.3874 -0.8998 0.2005
vn 0.0796 0.9127 0.4009
vn 0.2544 -0.9671 0.0077
vn 0.1196 0.8871 0.4457
vn 0.1739 -0.9797 -0.0997
vn 0.1739 0.8471 0.5022
vn 0.1196 -0.9784 -0.1689
vn 0.2544 0.7731 0.5810
vn 0.0796 -0.9722 -0.2201
vn 0.1890 -0.9807 0.0492
vn 0.0889 0.8807 0.4652
vn 0.1292 -0.9890 -0.0713
vn 0.1292 0.8377 0.5306
vn 0.0889 -0.9848 -0.1494
vn 0.1890 0.7594 0.6225
vn 0.0574 -0.9769 -0.2060
vn 0.2879 0.5836 0.7593
vn -0.0259 -0.9677 -0.2508
vn 0.4345 0.1142 0.8934
vn 0.4345 -0.6229 0.6506
vn 0.0012 0.9257 0.3782
vn 0.2879 -0.9206 0.2637
vn 0.0574 0.9080 0.4150
vn 0.2675 0.0926 0.9591
vn 0.2675 -0.6445 0.7162
vn 0.1773 -0.9350 0.3072
vn 0.0372 0.9054 0.4230
vn 0.1164 -0.9902 0.0777
vn 0.0547 0.8763 0.4787
vn 0.0796 -0.9955 -0.0518
vn 0.0796 0.8313 0.5501
vn 0.0547 -0.9892 -0.1360
vn 0.1164 0.7500 0.6511
vn 0.0372 -0.9795 -0.1981
vn 0.1773 0.5692 0.8028
vn 0.0185 0.8740 0.4855
vn 0.0269 -0.9988 -0.0418
vn 0.0269 0.8280 0.5600
vn 0.0185 -0.9915 -0.1291
vn 0.0393 0.7452 0.6656
vn 0.0110 -0.9811 -0.1931
vn 0.0599 0.5619 0.8250
vn 0.0268 -0.9270 -0.3741
vn 0.0903 0.0815 0.9926
vn -0.0017 -0.9430 -0.3328
vn 0.0903 -0.6556 0.7497
vn 0.0257 -0.9679 -0.2501
vn 0.0599 -0.9423 0.3294
vn 0.0110 0.9038 0.4279
vn 0.0393 -0.9950 0.0923
vn -0.0903 0.0815 0.9926
vn -0.0903 -0.6556 0.7497
vn -0.0599 -0.9423 0.3294
vn -0.0105 0.9036 0.4282
vn -0.0393 -0.9950 0.0923
vn -0.0185 0.8740 0.4855
vn -0.0269 -0.9988 -0.0418
vn -0.0269 0.8280 0.5600
vn -0.0185 -0.9915 -0.1291
vn -0.0393 0.7452 0.6656
vn -0.0110 -0.9811 -0.1931
vn -0.0599 0.5619 0.8250
vn -0.0796 -0.9955 -0.0518
vn -0.0796 0.8313 0.5501
vn -0.0547 -0.9892 -0.1360
vn -0.1164 0.7500 0.6511
vn -0.0372 -0.9795 -0.1981
vn -0.1773 0.5692 0.8028
vn 0.0696 0.9477 0.3114
vn -0.2675 0.0926 0.9591
vn -0.0194 0.9521 0.3052
vn -0.2675 -0.6445 0.7162
vn -0.0315 0.9666 0.2542
vn -0.1773 -0.9350 0.3072
vn -0.0380 0.9054 0.4228
vn -0.1164 -0.9902 0.0777
vn -0.0547 0.8763 0.4787
vn 0.0181 -0.9459 -0.3240
vn -0.4345 -0.6229 0.6506
vn 0.0659 0.9389 0.3379
vn -0.2879 -0.9206 0.2637
vn -0.0580 0.9086 0.4137
vn -0.1890 -0.9807 0.0492
vn -0.0889 0.8807 0.4652
vn -0.1292 -0.9890 -0.0713
vn -0.1292 0.8377 0.5306
vn -0.0889 -0.9848 -0.1494
vn -0.1890 0.7594 0.6225
vn -0.0575 -0.9768 -0.2061
vn -0.2879 0.5836 0.7593
vn -0.4345 0.1142 0.8934
vn -0.1196 -0.9784 -0.1689
vn -0.2544 0.7731 0.5810
vn -0.0796 -0.9722 -0.2202
vn -0.3874 0.6044 0.6962
vn -0.5847 0.1456 0.7981
vn -0.5847 -0.5915 0.5552
vn -0.3874 -0.8998 0.2005
vn -0.0772 0.9120 0.4029
vn -0.2544 -0.9671 0.0077
vn -0.1196 0.8871 0.4457
vn -0.1739 -0.9797 -0.0997
vn -0.1739 0.8471 0.5022
vn 0.0503 -0.9626 -0.2661
vn -0.4721 -0.8733 0.1201
vn -0.0972 0.9181 0.3842
vn -0.3099 -0.9497 -0.0451
vn -0.1457 0.8953 0.4209
vn -0.2119 -0.9678 -0.1358
vn -0.2119 0.8590 0.4661
vn -0.1457 -0.9702 -0.1937
vn -0.3099 0.7905 0.5283
vn -0.0951 -0.9674 -0.2349
vn -0.4721 0.6309 0.6158
vn -0.7124 0.1856 0.6767
vn -0.0027 0.9561 0.2929
vn -0.7124 -0.5515 0.4339
vn -0.3536 0.8110 0.4662
vn -0.1100 -0.9604 -0.2559
vn -0.5386 0.6620 0.5212
vn 0.0680 -0.9429 -0.3262
vn -0.8128 0.2326 0.5341
vn -0.8128 -0.5045 0.2912
vn -0.5386 -0.8422 0.0256
vn -0.1089 0.9238 0.3671
vn -0.3536 -0.9292 -0.1072
vn -0.1663 0.9049 0.3917
vn -0.2418 -0.9538 -0.1782
vn -0.2418 0.8730 0.4237
vn -0.1663 -0.9606 -0.2229
vn -0.5844 -0.8076 -0.0794
vn -0.1191 0.9315 0.3436
vn -0.3837 -0.9065 -0.1761
vn -0.1804 0.9156 0.3593
vn -0.2623 -0.9383 -0.2254
vn -0.2623 0.8885 0.3765
vn -0.1804 -0.9499 -0.2553
vn -0.3837 0.8337 0.3972
vn -0.1185 -0.9542 -0.2746
vn -0.5844 0.6966 0.4162
vn -0.8820 0.2848 0.3755
vn -0.8820 -0.4523 0.1327
vn 0.0640 0.9557 0.2872
vn -0.1238 -0.9456 -0.3008
vn -0.6077 0.7334 0.3047
vn -0.0589 0.9592 0.2764
vn -0.9172 0.3403 0.2072
vn -0.9172 -0.3968 -0.0356
vn -0.6077 -0.7708 -0.1910
vn -0.1234 0.9383 0.3232
vn -0.3990 -0.8824 -0.2493
vn -0.1876 0.9270 0.3249
vn -0.2728 -0.9218 -0.2754
vn -0.2728 0.9050 0.3265
vn -0.1876 -0.9385 -0.2898
vn -0.3990 0.8578 0.3240
vn -0.1234 0.9466 0.2978
vn -0.3990 -0.8578 -0.3240
vn -0.1876 0.9385 0.2898
vn -0.2728 -0.9050 -0.3265
vn -0.2728 0.9218 0.2754
vn -0.1876 -0.9270 -0.3249
vn -0.3990 0.8824 0.2493
vn -0.1226 -0.9388 -0.3220
vn -0.6077 0.7708 0.1910
vn -0.9172 0.3968 0.0356
vn -0.9172 -0.3403 -0.2072
vn -0.6077 -0.7334 -0.3047
vn -0.5844 0.8076 0.0794
vn 0.0656 -0.9540 -0.2925
vn -0.8820 0.4523 -0.1327
vn -0.8820 -0.2848 -0.3755
vn -0.5844 -0.6966 -0.4162
vn -0.1191 0.9534 0.2774
vn -0.3837 -0.8337 -0.3972
vn -0.1804 0.9499 0.2553
vn -0.2623 -0.8885 -0.3765
vn -0.2623 0.9383 0.2254
vn -0.1804 -0.9156 -0.3593
vn -0.3837 0.9065 0.1761
vn -0.1199 -0.9318 -0.3426
vn -0.3536 -0.8110 -0.4662
vn -0.1663 0.9606 0.2229
vn -0.2418 -0.8730 -0.4237
vn -0.2418 0.9538 0.1782
vn -0.1663 -0.9049 -0.3917
vn -0.3536 0.9292 0.1072
vn -0.1087 -0.9233 -0.3683
vn -0.5386 0.8422 -0.0256
vn -0.8128 0.5045 -0.2912
vn 0.0074 0.9436 0.3311
vn -0.8128 -0.2326 -0.5341
vn -0.0685 0.9520 0.2983
vn -0.5386 -0.6620 -0.5212
vn -0.1089 0.9611 0.2540
vn -0.7124 0.5515 -0.4339
vn -0.7124 -0.1856 -0.6767
vn -0.4721 -0.6309 -0.6158
vn -0.0972 0.9667 0.2368
vn -0.3099 -0.7905 -0.5283
vn -0.1457 0.9702 0.1937
vn -0.2119 -0.8590 -0.4661
vn -0.2119 0.9678 0.1358
vn -0.1457 -0.8953 -0.4209
vn -0.3099 0.9497 0.0451
vn -0.0953 -0.9181 -0.3848
vn -0.4721 0.8733 -0.1201
vn -0.1739 -0.8471 -0.5022
vn -0.1739 0.9797 0.0997
vn -0.1196 -0.8871 -0.4457
vn -0.2544 0.9671 -0.0077
vn -0.0803 -0.9127 -0.4005
vn -0.3874 0.8998 -0.2005
vn -0.0672 -0.9456 -0.3184
vn -0.5847 0.5915 -0.5552
vn -0.5847 -0.1456 -0.7981
vn -0.0251 -0.9269 -0.3744
vn -0.3874 -0.6044 -0.6962
vn -0.0773 0.9729 0.2181
vn -0.2544 -0.7731 -0.5810
vn -0.1196 0.9784 0.1689
vn 0.0200 0.9516 0.3067
vn -0.4345 -0.1142 -0.8934
vn -0.2879 -0.5836 -0.7593
vn -0.0581 0.9765 0.2073
vn -0.1890 -0.7594 -0.6225
vn -0.0889 0.9848 0.1494
vn -0.1292 -0.8377 -0.5306
vn -0.1292 0.9890 0.0713
vn -0.0889 -0.8807 -0.4652
vn -0.1890 0.9807 -0.0492
vn -0.0571 -0.9078 -0.4154
vn -0.2879 0.9206 -0.2637
vn -0.4345 0.6229 -0.6506
vn -0.0796 0.9955 0.0518
vn -0.0547 -0.8763 -0.4787
vn -0.1164 0.9902 -0.0777
vn -0.0372 -0.9054 -0.4230
vn -0.1773 0.9350 -0.3072
vn -0.2675 0.6445 -0.7162
vn -0.0211 -0.9487 -0.3154
vn -0.0176 0.9460 0.3236
vn -0.2675 -0.0925 -0.9591
vn 0.0530 -0.9341 -0.3531
vn -0.1773 -0.5692 -0.8028
vn -0.0379 0.9794 0.1981
vn -0.1164 -0.7500 -0.6511
vn -0.0547 0.9892 0.1360
vn -0.0796 -0.8313 -0.5501
vn -0.0903 -0.0815 -0.9926
vn -0.0599 -0.5619 -0.8250
vn -0.0105 0.9812 0.1928
vn -0.0393 -0.7452 -0.6656
vn -0.0185 0.9915 0.1291
vn -0.0269 -0.8280 -0.5600
vn -0.0269 0.9988 0.0418
vn -0.0185 -0.8740 -0.4855
vn -0.0393 0.9950 -0.0923
vn -0.0110 -0.9038 -0.4279
vn -0.0599 0.9423 -0.3294
vn -0.0903 0.6556 -0.7497
vn -0.0540 -0.9342 -0.3527
vt 0.750000 0.812500
vt 0.750000 0.687500
vt 0.750000 0.562500
vt 0.750000 0.500000
vt 0.750000 0.437500
vt 0.750000 0.312500
vt 0.718750 0.937500
vt 0.718750 0.875000
vt 0.718750 0.812500
vt 0.718750 0.750000
vt 0.718750 0.687500
vt 0.718750 0.625000
vt 0.718750 0.562500
vt 0.718750 0.500000
vt 0.718750 0.437500
vt 0.718750 0.375000
vt 0.718750 0.312500
vt 0.718750 0.250000
vt 0.718750 0.187500
vt 0.718750 0.125000
vt 0.718750 0.062500
vt 0.687500 0.875000
vt 0.687500 0.812500
vt 0.687500 0.750000
vt 0.687500 0.687500
vt 0.687500 0.625000
vt 0.687500 0.562500
vt 0.687500 0.500000
vt 0.687500 0.437500
vt 0.687500 0.375000
vt 0.687500 0.312500
vt 0.687500 0.250000
vt 0.687500 0.187500
vt 0.687500 0.125000
vt 0.687500 0.062500
vt 0.656250 0.937500
vt 0.656250 0.875000
vt 0.656250 0.812500
vt 0.656250 0.750000
vt 0.656250 0.687500
vt 0.656250 0.625000
vt 0.656250 0.562500
vt 0.656250 0.500000
vt 0.656250 0.437500
vt 0.656250 0.375000
vt 0.656250 0.312500
vt 0.656250 0.250000
vt 0.656250 0.187500
vt 0.656250 0.125000
vt 0.656250 0.062500
vt 0.625000 0.875000
vt 0.625000 0.812500
vt 0.625000 0.750000
vt 0.625000 0.687500
vt 0.625000 0.625000
vt 0.625000 0.562500
vt 0.625000 0.500000
vt 0.625000 0.437500
vt 0.625000 0.375000
vt 0.625000 0.312500
vt 0.625000 0.250000
vt 0.625000 0.187500
vt 0.625000 0.125000
vt 0.593750 0.937500
vt 0.593750 0.875000
vt 0.593750 0.812500
vt 0.593750 0.750000
vt 0.593750 0.687500
vt 0.593750 0.625000
vt 0.593750 0.562500
vt 0.593750 0.500000
vt 0.593750 0.437500
vt 0.593750 0.375000
vt 0.593750 0.312500
vt 0.593750 0.250000
vt 0.593750 0.187500
vt 0.593750 0.125000
vt 0.890625 1.000000
vt 0.671875 1.000000
vt 0.203125 1.000000
vt 0.453125 1.000000
vt 0.015625 1.000000
vt 0.562500 0.875000
vt 0.562500 0.812500
vt 0.562500 0.750000
vt 0.562500 0.687500
vt 0.562500 0.625000
vt 0.562500 0.562500
vt 0.562500 0.500000
vt 0.562500 0.437500
vt 0.562500 0.375000
vt 0.562500 0.312500
vt 0.562500 0.250000
vt 0.562500 0.187500
vt 0.562500 0.125000
vt 0.562500 0.062500
vt 0.531250 0.937500
vt 0.531250 0.875000
vt 0.531250 0.812500
vt 0.531250 0.750000
vt 0.531250 0.687500
vt 0.531250 0.625000
vt 0.531250 0.562500
vt 0.531250 0.500000
vt 0.531250 0.437500
vt 0.531250 0.375000
vt 0.531250 0.312500
vt 0.531250 0.250000
vt 0.531250 0.187500
vt 0.531250 0.125000
vt 0.500000 0.875000
vt 0.500000 0.812500
vt 0.500000 0.750000
vt 0.500000 0.687500
vt 0.500000 0.625000
vt 0.500000 0.562500
vt 0.500000 0.500000
vt 0.500000 0.437500
vt 0.500000 0.375000
vt 0.500000 0.312500
vt 0.500000 0.250000
vt 0.500000 0.187500
vt 0.500000 0.125000
vt 0.500000 0.062500
vt 0.468750 0.937500
vt 0.468750 0.875000
vt 0.468750 0.812500
vt 0.468750 0.750000
vt 0.468750 0.687500
vt 0.468750 0.625000
vt 0.468750 0.562500
vt 0.468750 0.500000
vt 0.468750 0.437500
vt 0.468750 0.375000
vt 0.468750 0.312500
vt 0.468750 0.250000
vt 0.468750 0.187500
vt 0.468750 0.125000
vt 0.437500 0.937500
vt 0.437500 0.875000
vt 0.437500 0.812500
vt 0.437500 0.750000
vt 0.437500 0.687500
vt 0.437500 0.625000
vt 0.437500 0.562500
vt 0.437500 0.500000
vt 0.437500 0.437500
vt 0.437500 0.375000
vt 0.437500 0.312500
vt 0.437500 0.250000
vt 0.437500 0.187500
vt 0.437500 0.125000
vt 0.406250 0.937500
vt 0.406250 0.875000
vt 0.406250 0.812500
vt 0.406250 0.750000
vt 0.406250 0.687500
vt 0.406250 0.625000
vt 0.406250 0.562500
vt 0.406250 0.500000
vt 0.406250 0.437500
vt 0.406250 0.375000
vt 0.406250 0.312500
vt 0.406250 0.250000
vt 0.406250 0.187500
vt 0.406250 0.125000
vt 0.406250 0.062500
vt 0.375000 0.875000
vt 0.375000 0.812500
vt 0.375000 0.750000
vt 0.375000 0.687500
vt 0.375000 0.625000
vt 0.375000 0.562500
vt 0.375000 0.500000
vt 0.375000 0.437500
vt 0.375000 0.375000
vt 0.375000 0.312500
vt 0.375000 0.250000
vt 0.375000 0.187500
vt 0.375000 0.125000
vt 0.343750 0.937500
vt 0.343750 0.875000
vt 0.343750 0.812500
vt 0.343750 0.750000
vt 0.343750 0.687500
vt 0.343750 0.625000
vt 0.343750 0.562500
vt 0.343750 0.500000
vt 0.343750 0.437500
vt 0.343750 0.375000
vt 0.343750 0.312500
vt 0.343750 0.250000
vt 0.343750 0.187500
vt 0.343750 0.125000
vt 0.343750 0.062500
vt 0.312500 0.875000
vt 0.312500 0.812500
vt 0.312500 0.750000
vt 0.312500 0.687500
vt 0.312500 0.625000
vt 0.312500 0.562500
vt 0.312500 0.500000
vt 0.312500 0.437500
vt 0.312500 0.375000
vt 0.312500 0.312500
vt 0.312500 0.250000
vt 0.312500 0.187500
vt 0.312500 0.125000
vt 0.281250 0.937500
vt 0.281250 0.875000
vt 0.281250 0.812500
vt 0.281250 0.750000
vt 0.281250 0.687500
vt 0.281250 0.625000
vt 0.281250 0.562500
vt 0.281250 0.500000
vt 0.281250 0.437500
vt 0.281250 0.375000
vt 0.281250 0.312500
vt 0.281250 0.250000
vt 0.281250 0.187500
vt 0.281250 0.125000
vt 0.281250 0.062500
vt 0.250000 0.875000
vt 0.250000 0.812500
vt 0.250000 0.750000
vt 0.250000 0.687500
vt 0.250000 0.625000
vt 0.250000 0.562500
vt 0.250000 0.500000
vt 0.250000 0.437500
vt 0.250000 0.375000
vt 0.250000 0.312500
vt 0.250000 0.250000
vt 0.250000 0.187500
vt 0.250000 0.125000
vt 0.218750 0.937500
vt 0.218750 0.875000
vt 0.218750 0.812500
vt 0.218750 0.750000
vt 0.218750 0.687500
vt 0.218750 0.625000
vt 0.218750 0.562500
vt 0.218750 0.500000
vt 0.218750 0.437500
vt 0.218750 0.375000
vt 0.218750 0.312500
vt 0.218750 0.250000
vt 0.218750 0.187500
vt 0.218750 0.125000
vt 0.218750 0.062500
vt 0.187500 0.937500
vt 0.187500 0.875000
vt 0.187500 0.812500
vt 0.187500 0.750000
vt 0.187500 0.687500
vt 0.187500 0.625000
vt 0.187500 0.562500
vt 0.187500 0.500000
vt 0.187500 0.437500
vt 0.187500 0.375000
vt 0.187500 0.312500
vt 0.187500 0.250000
vt 0.187500 0.187500
vt 0.187500 0.125000
vt 0.156250 0.875000
vt 0.156250 0.812500
vt 0.156250 0.750000
vt 0.156250 0.687500
vt 0.156250 0.625000
vt 0.156250 0.562500
vt 0.156250 0.500000
vt 0.156250 0.437500
vt 0.156250 0.375000
vt 0.156250 0.312500
vt 0.156250 0.250000
vt 0.156250 0.187500
vt 0.156250 0.125000
vt 0.156250 0.062500
vt 0.125000 0.937500
vt 0.125000 0.875000
vt 0.125000 0.812500
vt 0.125000 0.750000
vt 0.125000 0.687500
vt 0.125000 0.625000
vt 0.125000 0.562500
vt 0.125000 0.500000
vt 0.125000 0.437500
vt 0.125000 0.375000
vt 0.125000 0.312500
vt 0.125000 0.250000
vt 0.125000 0.187500
vt 0.125000 0.125000
vt 0.125000 0.062500
vt 0.484375 0.000000
vt 0.328125 0.000000
vt 0.828125 0.000000
vt 0.671875 0.000000
vt 0.109375 0.000000
vt 0.093750 0.875000
vt 0.093750 0.812500
vt 0.093750 0.750000
vt 0.093750 0.687500
vt 0.093750 0.625000
vt 0.093750 0.562500
vt 0.093750 0.500000
vt 0.093750 0.437500
vt 0.093750 0.375000
vt 0.093750 0.312500
vt 0.093750 0.250000
vt 0.093750 0.187500
vt 0.093750 0.125000
vt 0.093750 0.062500
vt 0.062500 0.937500
vt 0.062500 0.875000
vt 0.062500 0.812500
vt 0.062500 0.750000
vt 0.062500 0.687500
vt 0.062500 0.625000
vt 0.062500 0.562500
vt 0.062500 0.500000
vt 0.062500 0.437500
vt 0.062500 0.375000
vt 0.062500 0.312500
vt 0.062500 0.250000
vt 0.062500 0.187500
vt 0.062500 0.125000
vt 0.031250 0.875000
vt 0.031250 0.812500
vt 0.031250 0.750000
vt 0.031250 0.687500
vt 0.031250 0.625000
vt 0.031250 0.562500
vt 0.031250 0.500000
vt 0.031250 0.437500
vt 0.031250 0.375000
vt 0.031250 0.312500
vt 0.031250 0.250000
vt 0.031250 0.187500
vt 0.031250 0.125000
vt 0.031250 0.062500
vt 1.000000 0.937500
vt 0.000000 0.937500
vt 0.000000 0.875000
vt 1.000000 0.875000
vt 0.000000 0.812500
vt 1.000000 0.812500
vt 0.000000 0.750000
vt 1.000000 0.750000
vt 0.000000 0.687500
vt 1.000000 0.687500
vt 0.000000 0.625000
vt 1.000000 0.625000
vt 0.000000 0.562500
vt 1.000000 0.562500
vt 0.000000 0.500000
vt 1.000000 0.500000
vt 0.000000 0.437500
vt 1.000000 0.437500
vt 0.000000 0.375000
vt 1.000000 0.375000
vt 0.000000 0.312500
vt 1.000000 0.312500
vt 0.000000 0.250000
vt 1.000000 0.250000
vt 0.000000 0.187500
vt 1.000000 0.187500
vt 0.000000 0.125000
vt 1.000000 0.125000
vt 0.968750 0.875000
vt 0.968750 0.812500
vt 0.968750 0.750000
vt 0.968750 0.687500
vt 0.968750 0.625000
vt 0.968750 0.562500
vt 0.968750 0.500000
vt 0.968750 0.437500
vt 0.968750 0.375000
vt 0.968750 0.312500
vt 0.968750 0.250000
vt 0.968750 0.187500
vt 0.968750 0.125000
vt 0.937500 0.937500
vt 0.937500 0.875000
vt 0.937500 0.812500
vt 0.937500 0.750000
vt 0.937500 0.687500
vt 0.937500 0.625000
vt 0.937500 0.562500
vt 0.937500 0.500000
vt 0.937500 0.437500
vt 0.937500 0.375000
vt 0.937500 0.312500
vt 0.937500 0.250000
vt 0.937500 0.187500
vt 0.937500 0.125000
vt 0.937500 0.062500
vt 0.906250 0.875000
vt 0.906250 0.812500
vt 0.906250 0.750000
vt 0.906250 0.687500
vt 0.906250 0.625000
vt 0.906250 0.562500
vt 0.906250 0.500000
vt 0.906250 0.437500
vt 0.906250 0.375000
vt 0.906250 0.312500
vt 0.906250 0.250000
vt 0.906250 0.187500
vt 0.906250 0.125000
vt 0.875000 0.937500
vt 0.875000 0.875000
vt 0.875000 0.812500
vt 0.875000 0.750000
vt 0.875000 0.687500
vt 0.875000 0.625000
vt 0.875000 0.562500
vt 0.875000 0.500000
vt 0.875000 0.437500
vt 0.875000 0.375000
vt 0.875000 0.312500
vt 0.875000 0.250000
vt 0.875000 0.187500
vt 0.875000 0.125000
vt 0.843750 0.875000
vt 0.843750 0.812500
vt 0.843750 0.750000
vt 0.843750 0.687500
vt 0.843750 0.625000
vt 0.843750 0.562500
vt 0.843750 0.500000
vt 0.843750 0.437500
vt 0.843750 0.375000
vt 0.843750 0.312500
vt 0.843750 0.250000
vt 0.843750 0.187500
vt 0.843750 0.125000
vt 0.843750 0.062500
vt 0.812500 0.875000
vt 0.812500 0.812500
vt 0.812500 0.750000
vt 0.812500 0.687500
vt 0.812500 0.625000
vt 0.812500 0.562500
vt 0.812500 0.500000
vt 0.812500 0.437500
vt 0.812500 0.375000
vt 0.812500 0.312500
vt 0.812500 0.250000
vt 0.812500 0.187500
vt 0.812500 0.125000
vt 0.781250 0.937500
vt 0.781250 0.875000
vt 0.781250 0.812500
vt 0.781250 0.750000
vt 0.781250 0.687500
vt 0.781250 0.625000
vt 0.781250 0.562500
vt 0.781250 0.500000
vt 0.781250 0.437500
vt 0.781250 0.375000
vt 0.781250 0.312500
vt 0.781250 0.250000
vt 0.781250 0.187500
vt 0.781250 0.125000
vt 0.781250 0.062500
vt 0.750000 0.875000
vt 0.750000 0.750000
vt 0.750000 0.625000
vt 0.750000 0.375000
vt 0.750000 0.250000
vt 0.750000 0.187500
vt 0.750000 0.125000
s 0
usemtl dark
f 2565/2888/2136 2593/2916/2136 2693/3016/2136 2522/2845/2136
f 2407/2726/2137 2406/2725/2137 2416/2735/2137 2417/2736/2137
f 2708/3035/2138 2736/3064/2138 2737/3065/2138 2722/3049/2138 2709/3036/2138
f 2850/3191/2139 2407/2726/2139 2417/2736/2139 2418/2737/2139
f 2403/2722/2140 2847/3188/2140 2410/2729/2140 2411/2730/2140
f 2408/2727/2141 2850/3191/2141 2418/2737/2141 2419/2738/2141
f 2848/3189/2142 2403/2722/2142 2411/2730/2142 2412/2731/2142
f 2851/3192/2143 2408/2727/2143 2419/2738/2143 2420/2739/2143
f 2404/2723/2144 2848/3189/2144 2412/2731/2144 2413/2732/2144
f 2852/3193/2145 2851/3192/2145 2420/2739/2145 2421/2740/2145
f 2849/3190/2146 2404/2723/2146 2413/2732/2146 2414/2733/2146
f 2853/3194/2147 2852/3193/2147 2421/2740/2147 2422/2741/2147
f 2405/2724/2148 2849/3190/2148 2414/2733/2148 2415/2734/2148
f 2833/3174/2149 2832/3173/2149 2409/2728/2149 2410/2729/2149 2847/3188/2149
f 2406/2725/2150 2405/2724/2150 2415/2734/2150 2416/2735/2150
f 2409/2728/2151 2438/2757/2151 2439/2758/2151 2424/2743/2151 2410/2729/2151
f 2416/2735/2152 2415/2734/2152 2429/2748/2152 2430/2749/2152
f 2417/2736/2153 2416/2735/2153 2430/2749/2153 2431/2750/2153
f 2621/2944/2154 2649/2972/2154 2677/3000/2154 2692/3015/2154 2693/3017/2154 2593/2916/2154
f 2418/2737/2155 2417/2736/2155 2431/2750/2155 2432/2751/2155
f 2411/2730/2156 2410/2729/2156 2424/2743/2156 2425/2744/2156
f 2419/2738/2157 2418/2737/2157 2432/2751/2157 2433/2752/2157
f 2412/2731/2158 2411/2730/2158 2425/2744/2158 2426/2745/2158
f 2420/2739/2159 2419/2738/2159 2433/2752/2159 2434/2753/2159
f 2413/2732/2160 2412/2731/2160 2426/2745/2160 2427/2746/2160
f 2421/2740/2161 2420/2739/2161 2434/2753/2161 2435/2754/2161
f 2414/2733/2162 2413/2732/2162 2427/2746/2162 2428/2747/2162
f 2422/2741/2163 2421/2740/2163 2435/2754/2163 2436/2755/2163
f 2415/2734/2164 2414/2733/2164 2428/2747/2164 2429/2748/2164
f 2426/2745/2165 2425/2744/2165 2440/2759/2165 2441/2760/2165
f 2434/2753/2166 2433/2752/2166 2448/2767/2166 2449/2768/2166
f 2427/2746/2167 2426/2745/2167 2441/2760/2167 2442/2761/2167
f 2435/2754/2168 2434/2753/2168 2449/2768/2168 2450/2769/2168
f 2428/2747/2169 2427/2746/2169 2442/2761/2169 2443/2762/2169
f 2436/2755/2170 2435/2754/2170 2450/2769/2170 2451/2770/2170
f 2429/2748/2171 2428/2747/2171 2443/2762/2171 2444/2763/2171
f 2430/2749/2172 2429/2748/2172 2444/2763/2172 2445/2764/2172
f 2431/2750/2173 2430/2749/2173 2445/2764/2173 2446/2765/2173
f 2432/2751/2174 2431/2750/2174 2446/2765/2174 2447/2766/2174
f 2425/2744/2175 2424/2743/2175 2439/2758/2175 2440/2759/2175
f 2433/2752/2176 2432/2751/2176 2447/2766/2176 2448/2767/2176
f 2445/2764/2177 2444/2763/2177 2458/2777/2177 2459/2778/2177
f 2846/3187/2178 2845/3186/2178 2853/3194/2178 2422/2741/2178 2423/2742/2178
f 2446/2765/2179 2445/2764/2179 2459/2778/2179 2460/2779/2179
f 2691/3014/2180 2706/3033/2180 2707/3034/2180 2692/3015/2180 2677/3000/2180 2676/2999/2180
f 2447/2766/2181 2446/2765/2181 2460/2779/2181 2461/2780/2181
f 2440/2759/2182 2439/2758/2182 2453/2772/2182 2454/2773/2182
f 2448/2767/2183 2447/2766/2183 2461/2780/2183 2462/2781/2183
f 2441/2760/2184 2440/2759/2184 2454/2773/2184 2455/2774/2184
f 2449/2768/2185 2448/2767/2185 2462/2781/2185 2463/2782/2185
f 2442/2761/2186 2441/2760/2186 2455/2774/2186 2456/2775/2186
f 2450/2769/2187 2449/2768/2187 2463/2782/2187 2464/2783/2187
f 2443/2762/2188 2442/2761/2188 2456/2775/2188 2457/2776/2188
f 2451/2770/2189 2450/2769/2189 2464/2783/2189 2465/2784/2189
f 2444/2763/2190 2443/2762/2190 2457/2776/2190 2458/2777/2190
f 2463/2782/2191 2462/2781/2191 2476/2795/2191 2477/2796/2191
f 2456/2775/2192 2455/2774/2192 2469/2788/2192 2470/2789/2192
f 2464/2783/2193 2463/2782/2193 2477/2796/2193 2478/2797/2193
f 2457/2776/2194 2456/2775/2194 2470/2789/2194 2471/2790/2194
f 2465/2784/2195 2464/2783/2195 2478/2797/2195 2479/2798/2195
f 2458/2777/2196 2457/2776/2196 2471/2790/2196 2472/2791/2196
f 2678/3001/2197 2708/3035/2197 2709/3036/2197 2694/3021/2197 2679/3002/2197
f 2459/2778/2198 2458/2777/2198 2472/2791/2198 2473/2792/2198
f 2460/2779/2199 2459/2778/2199 2473/2792/2199 2474/2793/2199
f 2461/2780/2200 2460/2779/2200 2474/2793/2200 2475/2794/2200
f 2454/2773/2201 2453/2772/2201 2467/2786/2201 2468/2787/2201
f 2462/2781/2202 2461/2780/2202 2475/2794/2202 2476/2795/2202
f 2455/2774/2203 2454/2773/2203 2468/2787/2203 2469/2788/2203
f 2474/2793/2204 2473/2792/2204 2487/2810/2204 2488/2811/2204
f 2721/3048/2205 2734/3061/2205 2735/3062/2205 2707/3034/2205 2706/3033/2205
f 2475/2794/2206 2474/2793/2206 2488/2811/2206 2489/2812/2206
f 2468/2787/2207 2467/2786/2207 2481/2804/2207 2482/2805/2207
f 2476/2795/2208 2475/2794/2208 2489/2812/2208 2490/2813/2208
f 2469/2788/2209 2468/2787/2209 2482/2805/2209 2483/2806/2209
f 2477/2796/2210 2476/2795/2210 2490/2813/2210 2491/2814/2210
f 2470/2789/2211 2469/2788/2211 2483/2806/2211 2484/2807/2211
f 2478/2797/2212 2477/2796/2212 2491/2814/2212 2492/2815/2212
f 2471/2790/2213 2470/2789/2213 2484/2807/2213 2485/2808/2213
f 2479/2798/2214 2478/2797/2214 2492/2815/2214 2493/2816/2214
f 2472/2791/2215 2471/2790/2215 2485/2808/2215 2486/2809/2215
f 2473/2792/2216 2472/2791/2216 2486/2809/2216 2487/2810/2216
f 2484/2807/2217 2483/2806/2217 2498/2821/2217 2499/2822/2217
f 2492/2815/2218 2491/2814/2218 2506/2829/2218 2507/2830/2218
f 2485/2808/2219 2484/2807/2219 2499/2822/2219 2500/2823/2219
f 2493/2816/2220 2492/2815/2220 2507/2830/2220 2508/2831/2220
f 2486/2809/2221 2485/2808/2221 2500/2823/2221 2501/2824/2221
f 2487/2810/2222 2486/2809/2222 2501/2824/2222 2502/2825/2222
f 2488/2811/2223 2487/2810/2223 2502/2825/2223 2503/2826/2223
f 2489/2812/2224 2488/2811/2224 2503/2826/2224 2504/2827/2224
f 2482/2805/2225 2481/2804/2225 2496/2819/2225 2497/2820/2225
f 2490/2813/2226 2489/2812/2226 2504/2827/2226 2505/2828/2226
f 2483/2806/2227 2482/2805/2227 2497/2820/2227 2498/2821/2227
f 2491/2814/2228 2490/2813/2228 2505/2828/2228 2506/2829/2228
f 2503/2826/2229 2502/2825/2229 2515/2838/2229 2516/2839/2229
f 2634/2957/2230 2648/2971/2230 2649/2972/2230 2621/2944/2230 2620/2943/2230
f 2504/2827/2231 2503/2826/2231 2516/2839/2231 2517/2840/2231
f 2497/2820/2232 2496/2819/2232 2509/2832/2232 2510/2833/2232
f 2505/2828/2233 2504/2827/2233 2517/2840/2233 2518/2841/2233
f 2498/2821/2234 2497/2820/2234 2510/2833/2234 2511/2834/2234
f 2506/2829/2235 2505/2828/2235 2518/2841/2235 2519/2842/2235
f 2499/2822/2236 2498/2821/2236 2511/2834/2236 2512/2835/2236
f 2507/2830/2237 2506/2829/2237 2519/2842/2237 2520/2843/2237
f 2500/2823/2238 2499/2822/2238 2512/2835/2238 2513/2836/2238
f 2508/2831/2239 2507/2830/2239 2520/2843/2239 2521/2844/2239
f 2501/2824/2240 2500/2823/2240 2513/2836/2240 2514/2837/2240
f 2502/2825/2241 2501/2824/2241 2514/2837/2241 2515/2838/2241
f 2520/2843/2242 2519/2842/2242 2534/2857/2242 2535/2858/2242
f 2513/2836/2243 2512/2835/2243 2527/2850/2243 2528/2851/2243
f 2521/2844/2244 2520/2843/2244 2535/2858/2244 2536/2859/2244
f 2514/2837/2245 2513/2836/2245 2528/2851/2245 2529/2852/2245
f 2650/2973/2246 2678/3001/2246 2679/3002/2246 2664/2987/2246 2651/2974/2246 2636/2959/2246 2635/2958/2246
f 2515/2838/2247 2514/2837/2247 2529/2852/2247 2530/2853/2247
f 2516/2839/2248 2515/2838/2248 2530/2853/2248 2531/2854/2248
f 2517/2840/2249 2516/2839/2249 2531/2854/2249 2532/2855/2249
f 2510/2833/2250 2509/2832/2250 2524/2847/2250 2525/2848/2250
f 2518/2841/2251 2517/2840/2251 2532/2855/2251 2533/2856/2251
f 2511/2834/2252 2510/2833/2252 2525/2848/2252 2526/2849/2252
f 2519/2842/2253 2518/2841/2253 2533/2856/2253 2534/2857/2253
f 2512/2835/2254 2511/2834/2254 2526/2849/2254 2527/2850/2254
f 2532/2855/2255 2531/2854/2255 2545/2868/2255 2546/2869/2255
f 2525/2848/2256 2524/2847/2256 2538/2861/2256 2539/2862/2256
f 2533/2856/2257 2532/2855/2257 2546/2869/2257 2547/2870/2257
f 2526/2849/2258 2525/2848/2258 2539/2862/2258 2540/2863/2258
f 2534/2857/2259 2533/2856/2259 2547/2870/2259 2548/2871/2259
f 2527/2850/2260 2526/2849/2260 2540/2863/2260 2541/2864/2260
f 2535/2858/2261 2534/2857/2261 2548/2871/2261 2549/2872/2261
f 2528/2851/2262 2527/2850/2262 2541/2864/2262 2542/2865/2262
f 2536/2859/2263 2535/2858/2263 2549/2872/2263 2550/2873/2263
f 2529/2852/2264 2528/2851/2264 2542/2865/2264 2543/2866/2264
f 2551/2874/2265 2579/2902/2265 2580/2903/2265 2566/2889/2265 2552/2875/2265
f 2530/2853/2266 2529/2852/2266 2543/2866/2266 2544/2867/2266
f 2531/2854/2267 2530/2853/2267 2544/2867/2267 2545/2868/2267
f 2438/2757/2268 2466/2785/2268 2467/2786/2268 2453/2772/2268 2439/2758/2268
f 2550/2873/2269 2549/2872/2269 2563/2886/2269 2564/2887/2269
f 2543/2866/2270 2542/2865/2270 2556/2879/2270 2557/2880/2270
f 2544/2867/2271 2543/2866/2271 2557/2880/2271 2558/2881/2271
f 2545/2868/2272 2544/2867/2272 2558/2881/2272 2559/2882/2272
f 2546/2869/2273 2545/2868/2273 2559/2882/2273 2560/2883/2273
f 2539/2862/2274 2538/2861/2274 2552/2875/2274 2553/2876/2274
f 2547/2870/2275 2546/2869/2275 2560/2883/2275 2561/2884/2275
f 2540/2863/2276 2539/2862/2276 2553/2876/2276 2554/2877/2276
f 2548/2871/2277 2547/2870/2277 2561/2884/2277 2562/2885/2277
f 2541/2864/2278 2540/2863/2278 2554/2877/2278 2555/2878/2278
f 2549/2872/2279 2548/2871/2279 2562/2885/2279 2563/2886/2279
f 2542/2865/2280 2541/2864/2280 2555/2878/2280 2556/2879/2280
f 2553/2876/2281 2552/2875/2281 2566/2889/2281 2567/2890/2281
f 2561/2884/2282 2560/2883/2282 2574/2897/2282 2575/2898/2282
f 2554/2877/2283 2553/2876/2283 2567/2890/2283 2568/2891/2283
f 2562/2885/2284 2561/2884/2284 2575/2898/2284 2576/2899/2284
f 2555/2878/2285 2554/2877/2285 2568/2891/2285 2569/2892/2285
f 2563/2886/2286 2562/2885/2286 2576/2899/2286 2577/2900/2286
f 2556/2879/2287 2555/2878/2287 2569/2892/2287 2570/2893/2287
f 2564/2887/2288 2563/2886/2288 2577/2900/2288 2578/2901/2288
f 2557/2880/2289 2556/2879/2289 2570/2893/2289 2571/2894/2289
f 2579/2902/2290 2607/2930/2290 2608/2931/2290 2594/2917/2290 2580/2903/2290
f 2558/2881/2291 2557/2880/2291 2571/2894/2291 2572/2895/2291
f 2559/2882/2292 2558/2881/2292 2572/2895/2292 2573/2896/2292
f 2560/2883/2293 2559/2882/2293 2573/2896/2293 2574/2897/2293
f 2571/2894/2294 2570/2893/2294 2584/2907/2294 2585/2908/2294
f 2572/2895/2295 2571/2894/2295 2585/2908/2295 2586/2909/2295
f 2573/2896/2296 2572/2895/2296 2586/2909/2296 2587/2910/2296
f 2574/2897/2297 2573/2896/2297 2587/2910/2297 2588/2911/2297
f 2567/2890/2298 2566/2889/2298 2580/2903/2298 2581/2904/2298
f 2575/2898/2299 2574/2897/2299 2588/2911/2299 2589/2912/2299
f 2568/2891/2300 2567/2890/2300 2581/2904/2300 2582/2905/2300
f 2576/2899/2301 2575/2898/2301 2589/2912/2301 2590/2913/2301
f 2569/2892/2302 2568/2891/2302 2582/2905/2302 2583/2906/2302
f 2577/2900/2303 2576/2899/2303 2590/2913/2303 2591/2914/2303
f 2570/2893/2304 2569/2892/2304 2583/2906/2304 2584/2907/2304
f 2578/2901/2305 2577/2900/2305 2591/2914/2305 2592/2915/2305
f 2589/2912/2306 2588/2911/2306 2602/2925/2306 2603/2926/2306
f 2582/2905/2307 2581/2904/2307 2595/2918/2307 2596/2919/2307
f 2590/2913/2308 2589/2912/2308 2603/2926/2308 2604/2927/2308
f 2583/2906/2309 2582/2905/2309 2596/2919/2309 2597/2920/2309
f 2591/2914/2310 2590/2913/2310 2604/2927/2310 2605/2928/2310
f 2584/2907/2311 2583/2906/2311 2597/2920/2311 2598/2921/2311
f 2592/2915/2312 2591/2914/2312 2605/2928/2312 2606/2929/2312
f 2585/2908/2313 2584/2907/2313 2598/2921/2313 2599/2922/2313
f 2663/2986/2314 2676/2999/2314 2677/3000/2314 2649/2972/2314 2648/2971/2314
f 2586/2909/2315 2585/2908/2315 2599/2922/2315 2600/2923/2315
f 2587/2910/2316 2586/2909/2316 2600/2923/2316 2601/2924/2316
f 2607/2930/2317 2635/2958/2317 2636/2959/2317 2622/2945/2317 2608/2931/2317
f 2588/2911/2318 2587/2910/2318 2601/2924/2318 2602/2925/2318
f 2581/2904/2319 2580/2903/2319 2594/2917/2319 2595/2918/2319
f 2600/2923/2320 2599/2922/2320 2613/2936/2320 2614/2937/2320
f 2601/2924/2321 2600/2923/2321 2614/2937/2321 2615/2938/2321
f 2602/2925/2322 2601/2924/2322 2615/2938/2322 2616/2939/2322
f 2595/2918/2323 2594/2917/2323 2608/2931/2323 2609/2932/2323
f 2603/2926/2324 2602/2925/2324 2616/2939/2324 2617/2940/2324
f 2596/2919/2325 2595/2918/2325 2609/2932/2325 2610/2933/2325
f 2604/2927/2326 2603/2926/2326 2617/2940/2326 2618/2941/2326
f 2597/2920/2327 2596/2919/2327 2610/2933/2327 2611/2934/2327
f 2605/2928/2328 2604/2927/2328 2618/2941/2328 2619/2942/2328
f 2598/2921/2329 2597/2920/2329 2611/2934/2329 2612/2935/2329
f 2606/2929/2330 2605/2928/2330 2619/2942/2330 2620/2943/2330
f 2599/2922/2331 2598/2921/2331 2612/2935/2331 2613/2936/2331
f 2610/2933/2332 2609/2932/2332 2623/2946/2332 2624/2947/2332
f 2618/2941/2333 2617/2940/2333 2631/2954/2333 2632/2955/2333
f 2611/2934/2334 2610/2933/2334 2624/2947/2334 2625/2948/2334
f 2619/2942/2335 2618/2941/2335 2632/2955/2335 2633/2956/2335
f 2612/2935/2336 2611/2934/2336 2625/2948/2336 2626/2949/2336
f 2620/2943/2337 2619/2942/2337 2633/2956/2337 2634/2957/2337
f 2613/2936/2338 2612/2935/2338 2626/2949/2338 2627/2950/2338
f 2436/2755/2339 2451/2770/2339 2452/2771/2339 2437/2756/2339 2423/2742/2339 2422/2741/2339
f 2614/2937/2340 2613/2936/2340 2627/2950/2340 2628/2951/2340
f 2846/3187/2341 2423/2742/2341 2437/2756/2341 2693/3018/2341 2818/3159/2341
f 2615/2938/2342 2614/2937/2342 2628/2951/2342 2629/2952/2342
f 2606/2929/2343 2620/2943/2343 2621/2944/2343 2593/2916/2343 2592/2915/2343
f 2616/2939/2344 2615/2938/2344 2629/2952/2344 2630/2953/2344
f 2609/2932/2345 2608/2931/2345 2622/2945/2345 2623/2946/2345
f 2617/2940/2346 2616/2939/2346 2630/2953/2346 2631/2954/2346
f 2628/2951/2347 2627/2950/2347 2641/2964/2347 2642/2965/2347
f 2629/2952/2348 2628/2951/2348 2642/2965/2348 2643/2966/2348
f 2630/2953/2349 2629/2952/2349 2643/2966/2349 2644/2967/2349
f 2623/2946/2350 2622/2945/2350 2636/2959/2350 2637/2960/2350
f 2631/2954/2351 2630/2953/2351 2644/2967/2351 2645/2968/2351
f 2624/2947/2352 2623/2946/2352 2637/2960/2352 2638/2961/2352
f 2632/2955/2353 2631/2954/2353 2645/2968/2353 2646/2969/2353
f 2625/2948/2354 2624/2947/2354 2638/2961/2354 2639/2962/2354
f 2633/2956/2355 2632/2955/2355 2646/2969/2355 2647/2970/2355
f 2626/2949/2356 2625/2948/2356 2639/2962/2356 2640/2963/2356
f 2634/2957/2357 2633/2956/2357 2647/2970/2357 2648/2971/2357
f 2627/2950/2358 2626/2949/2358 2640/2963/2358 2641/2964/2358
f 2646/2969/2359 2645/2968/2359 2660/2983/2359 2661/2984/2359
f 2639/2962/2360 2638/2961/2360 2653/2976/2360 2654/2977/2360
f 2647/2970/2361 2646/2969/2361 2661/2984/2361 2662/2985/2361
f 2640/2963/2362 2639/2962/2362 2654/2977/2362 2655/2978/2362
f 2648/2971/2363 2647/2970/2363 2662/2985/2363 2663/2986/2363
f 2641/2964/2364 2640/2963/2364 2655/2978/2364 2656/2979/2364
f 2495/2818/2365 2523/2846/2365 2524/2847/2365 2509/2832/2365 2496/2819/2365
f 2642/2965/2366 2641/2964/2366 2656/2979/2366 2657/2980/2366
f 2480/2799/2367 2791/3132/2367 2763/3104/2367 2736/3063/2367
f 2643/2966/2368 2642/2965/2368 2657/2980/2368 2658/2981/2368
f 2791/3132/2369 2832/3173/2369 2833/3174/2369 2819/3160/2369 2805/3146/2369 2792/3133/2369
f 2644/2967/2370 2643/2966/2370 2658/2981/2370 2659/2982/2370
f 2637/2960/2371 2636/2959/2371 2651/2974/2371 2652/2975/2371
f 2645/2968/2372 2644/2967/2372 2659/2982/2372 2660/2983/2372
f 2638/2961/2373 2637/2960/2373 2652/2975/2373 2653/2976/2373
f 2494/2817/2374 2522/2845/2374 2693/3019/2374 2437/2756/2374 2452/2771/2374
f 2658/2981/2375 2657/2980/2375 2670/2993/2375 2671/2994/2375
f 2537/2860/2376 2551/2874/2376 2552/2875/2376 2538/2861/2376 2524/2847/2376 2523/2846/2376
f 2659/2982/2377 2658/2981/2377 2671/2994/2377 2672/2995/2377
f 2652/2975/2378 2651/2974/2378 2664/2987/2378 2665/2988/2378
f 2660/2983/2379 2659/2982/2379 2672/2995/2379 2673/2996/2379
f 2653/2976/2380 2652/2975/2380 2665/2988/2380 2666/2989/2380
f 2661/2984/2381 2660/2983/2381 2673/2996/2381 2674/2997/2381
f 2654/2977/2382 2653/2976/2382 2666/2989/2382 2667/2990/2382
f 2662/2985/2383 2661/2984/2383 2674/2997/2383 2675/2998/2383
f 2655/2978/2384 2654/2977/2384 2667/2990/2384 2668/2991/2384
f 2663/2986/2385 2662/2985/2385 2675/2998/2385 2676/2999/2385
f 2656/2979/2386 2655/2978/2386 2668/2991/2386 2669/2992/2386
f 2657/2980/2387 2656/2979/2387 2669/2992/2387 2670/2993/2387
f 2675/2998/2388 2674/2997/2388 2689/3012/2388 2690/3013/2388
f 2668/2991/2389 2667/2990/2389 2682/3005/2389 2683/3006/2389
f 2676/2999/2390 2675/2998/2390 2690/3013/2390 2691/3014/2390
f 2669/2992/2391 2668/2991/2391 2683/3006/2391 2684/3007/2391
f 2670/2993/2392 2669/2992/2392 2684/3007/2392 2685/3008/2392
f 2671/2994/2393 2670/2993/2393 2685/3008/2393 2686/3009/2393
f 2672/2995/2394 2671/2994/2394 2686/3009/2394 2687/3010/2394
f 2665/2988/2395 2664/2987/2395 2679/3002/2395 2680/3003/2395
f 2673/2996/2396 2672/2995/2396 2687/3010/2396 2688/3011/2396
f 2666/2989/2397 2665/2988/2397 2680/3003/2397 2681/3004/2397
f 2674/2997/2398 2673/2996/2398 2688/3011/2398 2689/3012/2398
f 2667/2990/2399 2666/2989/2399 2681/3004/2399 2682/3005/2399
f 2578/2901/2400 2592/2915/2400 2593/2916/2400 2565/2888/2400 2564/2887/2400
f 2687/3010/2401 2686/3009/2401 2701/3028/2401 2702/3029/2401
f 2680/3003/2402 2679/3002/2402 2694/3021/2402 2695/3022/2402
f 2688/3011/2403 2687/3010/2403 2702/3029/2403 2703/3030/2403
f 2681/3004/2404 2680/3003/2404 2695/3022/2404 2696/3023/2404
f 2689/3012/2405 2688/3011/2405 2703/3030/2405 2704/3031/2405
f 2682/3005/2406 2681/3004/2406 2696/3023/2406 2697/3024/2406
f 2690/3013/2407 2689/3012/2407 2704/3031/2407 2705/3032/2407
f 2683/3006/2408 2682/3005/2408 2697/3024/2408 2698/3025/2408
f 2691/3014/2409 2690/3013/2409 2705/3032/2409 2706/3033/2409
f 2684/3007/2410 2683/3006/2410 2698/3025/2410 2699/3026/2410
f 2685/3008/2411 2684/3007/2411 2699/3026/2411 2700/3027/2411
f 2480/2800/2412 2438/2757/2412 2409/2728/2412 2832/3173/2412 2791/3132/2412
f 2686/3009/2413 2685/3008/2413 2700/3027/2413 2701/3028/2413
f 2698/3025/2414 2697/3024/2414 2712/3039/2414 2713/3040/2414
f 2706/3033/2415 2705/3032/2415 2720/3047/2415 2721/3048/2415
f 2699/3026/2416 2698/3025/2416 2713/3040/2416 2714/3041/2416
f 2508/2831/2417 2521/2844/2417 2522/2845/2417 2494/2817/2417 2493/2816/2417
f 2700/3027/2418 2699/3026/2418 2714/3041/2418 2715/3042/2418
f 2701/3028/2419 2700/3027/2419 2715/3042/2419 2716/3043/2419
f 2702/3029/2420 2701/3028/2420 2716/3043/2420 2717/3044/2420
f 2695/3022/2421 2694/3021/2421 2709/3036/2421 2710/3037/2421
f 2703/3030/2422 2702/3029/2422 2717/3044/2422 2718/3045/2422
f 2696/3023/2423 2695/3022/2423 2710/3037/2423 2711/3038/2423
f 2704/3031/2424 2703/3030/2424 2718/3045/2424 2719/3046/2424
f 2697/3024/2425 2696/3023/2425 2711/3038/2425 2712/3039/2425
f 2705/3032/2426 2704/3031/2426 2719/3046/2426 2720/3047/2426
f 2717/3044/2427 2716/3043/2427 2729/3056/2427 2730/3057/2427
f 2710/3037/2428 2709/3036/2428 2722/3049/2428 2723/3050/2428
f 2718/3045/2429 2717/3044/2429 2730/3057/2429 2731/3058/2429
f 2711/3038/2430 2710/3037/2430 2723/3050/2430 2724/3051/2430
f 2719/3046/2431 2718/3045/2431 2731/3058/2431 2732/3059/2431
f 2712/3039/2432 2711/3038/2432 2724/3051/2432 2725/3052/2432
f 2720/3047/2433 2719/3046/2433 2732/3059/2433 2733/3060/2433
f 2713/3040/2434 2712/3039/2434 2725/3052/2434 2726/3053/2434
f 2721/3048/2435 2720/3047/2435 2733/3060/2435 2734/3061/2435
f 2714/3041/2436 2713/3040/2436 2726/3053/2436 2727/3054/2436
f 2715/3042/2437 2714/3041/2437 2727/3054/2437 2728/3055/2437
f 2716/3043/2438 2715/3042/2438 2728/3055/2438 2729/3056/2438
f 2466/2785/2439 2495/2818/2439 2496/2819/2439 2481/2804/2439 2467/2786/2439
f 2734/3061/2440 2733/3060/2440 2748/3087/2440 2749/3089/2440
f 2727/3054/2441 2726/3053/2441 2741/3073/2441 2742/3075/2441
f 2763/3104/2442 2791/3132/2442 2792/3133/2442 2778/3119/2442 2764/3105/2442
f 2728/3055/2443 2727/3054/2443 2742/3075/2443 2743/3077/2443
f 2729/3056/2444 2728/3055/2444 2743/3077/2444 2744/3079/2444
f 2730/3057/2445 2729/3056/2445 2744/3079/2445 2745/3081/2445
f 2723/3050/2446 2722/3049/2446 2737/3065/2446 2738/3067/2446
f 2731/3058/2447 2730/3057/2447 2745/3081/2447 2746/3083/2447
f 2724/3051/2448 2723/3050/2448 2738/3067/2448 2739/3069/2448
f 2732/3059/2449 2731/3058/2449 2746/3083/2449 2747/3085/2449
f 2725/3052/2450 2724/3051/2450 2739/3069/2450 2740/3071/2450
f 2733/3060/2451 2732/3059/2451 2747/3085/2451 2748/3087/2451
f 2726/3053/2452 2725/3052/2452 2740/3071/2452 2741/3073/2452
f 2738/3068/2453 2737/3066/2453 2750/3091/2453 2751/3092/2453
f 2746/3084/2454 2745/3082/2454 2758/3099/2454 2759/3100/2454
f 2739/3070/2455 2738/3068/2455 2751/3092/2455 2752/3093/2455
f 2747/3086/2456 2746/3084/2456 2759/3100/2456 2760/3101/2456
f 2740/3072/2457 2739/3070/2457 2752/3093/2457 2753/3094/2457
f 2748/3088/2458 2747/3086/2458 2760/3101/2458 2761/3102/2458
f 2741/3074/2459 2740/3072/2459 2753/3094/2459 2754/3095/2459
f 2749/3090/2460 2748/3088/2460 2761/3102/2460 2762/3103/2460
f 2742/3076/2461 2741/3074/2461 2754/3095/2461 2755/3096/2461
f 2743/3078/2462 2742/3076/2462 2755/3096/2462 2756/3097/2462
f 2744/3080/2463 2743/3078/2463 2756/3097/2463 2757/3098/2463
f 2745/3082/2464 2744/3080/2464 2757/3098/2464 2758/3099/2464
f 2755/3096/2465 2754/3095/2465 2768/3109/2465 2769/3110/2465
f 2550/2873/2466 2564/2887/2466 2565/2888/2466 2522/2845/2466 2521/2844/2466 2536/2859/2466
f 2756/3097/2467 2755/3096/2467 2769/3110/2467 2770/3111/2467
f 2757/3098/2468 2756/3097/2468 2770/3111/2468 2771/3112/2468
f 2758/3099/2469 2757/3098/2469 2771/3112/2469 2772/3113/2469
f 2751/3092/2470 2750/3091/2470 2764/3105/2470 2765/3106/2470
f 2759/3100/2471 2758/3099/2471 2772/3113/2471 2773/3114/2471
f 2752/3093/2472 2751/3092/2472 2765/3106/2472 2766/3107/2472
f 2760/3101/2473 2759/3100/2473 2773/3114/2473 2774/3115/2473
f 2753/3094/2474 2752/3093/2474 2766/3107/2474 2767/3108/2474
f 2761/3102/2475 2760/3101/2475 2774/3115/2475 2775/3116/2475
f 2754/3095/2476 2753/3094/2476 2767/3108/2476 2768/3109/2476
f 2762/3103/2477 2761/3102/2477 2775/3116/2477 2776/3117/2477
f 2773/3114/2478 2772/3113/2478 2786/3127/2478 2787/3128/2478
f 2766/3107/2479 2765/3106/2479 2779/3120/2479 2780/3121/2479
f 2774/3115/2480 2773/3114/2480 2787/3128/2480 2788/3129/2480
f 2767/3108/2481 2766/3107/2481 2780/3121/2481 2781/3122/2481
f 2775/3116/2482 2774/3115/2482 2788/3129/2482 2789/3130/2482
f 2768/3109/2483 2767/3108/2483 2781/3122/2483 2782/3123/2483
f 2776/3117/2484 2775/3116/2484 2789/3130/2484 2790/3131/2484
f 2769/3110/2485 2768/3109/2485 2782/3123/2485 2783/3124/2485
f 2770/3111/2486 2769/3110/2486 2783/3124/2486 2784/3125/2486
f 2635/2958/2487 2607/2930/2487 2579/2902/2487 2551/2874/2487 2537/2860/2487 2480/2801/2487 2650/2973/2487
f 2771/3112/2488 2770/3111/2488 2784/3125/2488 2785/3126/2488
f 2736/3063/2489 2763/3104/2489 2764/3105/2489 2750/3091/2489 2737/3066/2489
f 2772/3113/2490 2771/3112/2490 2785/3126/2490 2786/3127/2490
f 2765/3106/2491 2764/3105/2491 2778/3119/2491 2779/3120/2491
f 2784/3125/2492 2783/3124/2492 2797/3138/2492 2798/3139/2492
f 2785/3126/2493 2784/3125/2493 2798/3139/2493 2799/3140/2493
f 2786/3127/2494 2785/3126/2494 2799/3140/2494 2800/3141/2494
f 2779/3120/2495 2778/3119/2495 2792/3133/2495 2793/3134/2495
f 2787/3128/2496 2786/3127/2496 2800/3141/2496 2801/3142/2496
f 2780/3121/2497 2779/3120/2497 2793/3134/2497 2794/3135/2497
f 2788/3129/2498 2787/3128/2498 2801/3142/2498 2802/3143/2498
f 2781/3122/2499 2780/3121/2499 2794/3135/2499 2795/3136/2499
f 2789/3130/2500 2788/3129/2500 2802/3143/2500 2803/3144/2500
f 2782/3123/2501 2781/3122/2501 2795/3136/2501 2796/3137/2501
f 2790/3131/2502 2789/3130/2502 2803/3144/2502 2804/3145/2502
f 2783/3124/2503 2782/3123/2503 2796/3137/2503 2797/3138/2503
f 2802/3143/2504 2801/3142/2504 2814/3155/2504 2815/3156/2504
f 2795/3136/2505 2794/3135/2505 2807/3148/2505 2808/3149/2505
f 2803/3144/2506 2802/3143/2506 2815/3156/2506 2816/3157/2506
f 2796/3137/2507 2795/3136/2507 2808/3149/2507 2809/3150/2507
f 2804/3145/2508 2803/3144/2508 2816/3157/2508 2817/3158/2508
f 2797/3138/2509 2796/3137/2509 2809/3150/2509 2810/3151/2509
f 2749/3090/2510 2762/3103/2510 2776/3117/2510 2777/3118/2510 2735/3062/2510 2734/3061/2510
f 2798/3139/2511 2797/3138/2511 2810/3151/2511 2811/3152/2511
f 2799/3140/2512 2798/3139/2512 2811/3152/2512 2812/3153/2512
f 2831/3172/2513 2845/3186/2513 2846/3187/2513 2818/3159/2513 2817/3158/2513
f 2800/3141/2514 2799/3140/2514 2812/3153/2514 2813/3154/2514
f 2793/3134/2515 2792/3133/2515 2805/3146/2515 2806/3147/2515
f 2801/3142/2516 2800/3141/2516 2813/3154/2516 2814/3155/2516
f 2794/3135/2517 2793/3134/2517 2806/3147/2517 2807/3148/2517
f 2495/2818/2518 2466/2785/2518 2438/2757/2518 2480/2802/2518 2537/2860/2518 2523/2846/2518
f 2812/3153/2519 2811/3152/2519 2825/3166/2519 2826/3167/2519
f 2813/3154/2520 2812/3153/2520 2826/3167/2520 2827/3168/2520
f 2806/3147/2521 2805/3146/2521 2819/3160/2521 2820/3161/2521
f 2814/3155/2522 2813/3154/2522 2827/3168/2522 2828/3169/2522
f 2807/3148/2523 2806/3147/2523 2820/3161/2523 2821/3162/2523
f 2815/3156/2524 2814/3155/2524 2828/3169/2524 2829/3170/2524
f 2808/3149/2525 2807/3148/2525 2821/3162/2525 2822/3163/2525
f 2816/3157/2526 2815/3156/2526 2829/3170/2526 2830/3171/2526
f 2809/3150/2527 2808/3149/2527 2822/3163/2527 2823/3164/2527
f 2817/3158/2528 2816/3157/2528 2830/3171/2528 2831/3172/2528
f 2810/3151/2529 2809/3150/2529 2823/3164/2529 2824/3165/2529
f 2811/3152/2530 2810/3151/2530 2824/3165/2530 2825/3166/2530
f 2822/3163/2531 2821/3162/2531 2835/3176/2531 2836/3177/2531
f 2830/3171/2532 2829/3170/2532 2843/3184/2532 2844/3185/2532
f 2823/3164/2533 2822/3163/2533 2836/3177/2533 2837/3178/2533
f 2831/3172/2534 2830/3171/2534 2844/3185/2534 2845/3186/2534
f 2824/3165/2535 2823/3164/2535 2837/3178/2535 2838/3179/2535
f 2825/3166/2536 2824/3165/2536 2838/3179/2536 2839/3180/2536
f 2707/3034/2537 2735/3062/2537 2777/3118/2537 2818/3159/2537 2693/3020/2537 2692/3015/2537
f 2480/2803/2538 2736/3064/2538 2708/3035/2538 2678/3001/2538 2650/2973/2538
f 2826/3167/2539 2825/3166/2539 2839/3180/2539 2840/3181/2539
f 2479/2798/2540 2493/2816/2540 2494/2817/2540 2452/2771/2540 2451/2770/2540 2465/2784/2540
f 2827/3168/2541 2826/3167/2541 2840/3181/2541 2841/3182/2541
f 2820/3161/2542 2819/3160/2542 2833/3174/2542 2834/3175/2542
f 2828/3169/2543 2827/3168/2543 2841/3182/2543 2842/3183/2543
f 2821/3162/2544 2820/3161/2544 2834/3175/2544 2835/3176/2544
f 2829/3170/2545 2828/3169/2545 2842/3183/2545 2843/3184/2545
f 2840/3181/2546 2839/3180/2546 2406/2725/2546 2407/2726/2546
f 2841/3182/2547 2840/3181/2547 2407/2726/2547 2850/3191/2547
f 2834/3175/2548 2833/3174/2548 2847/3188/2548 2403/2722/2548
f 2842/3183/2549 2841/3182/2549 2850/3191/2549 2408/2727/2549
f 2835/3176/2550 2834/3175/2550 2403/2722/2550 2848/3189/2550
f 2843/3184/2551 2842/3183/2551 2408/2727/2551 2851/3192/2551
f 2836/3177/2552 2835/3176/2552 2848/3189/2552 2404/2723/2552
f 2844/3185/2553 2843/3184/2553 2851/3192/2553 2852/3193/2553
f 2837/3178/2554 2836/3177/2554 2404/2723/2554 2849/3190/2554
f 2845/3186/2555 2844/3185/2555 2852/3193/2555 2853/3194/2555
f 2838/3179/2556 2837/3178/2556 2849/3190/2556 2405/2724/2556
f 2839/3180/2557 2838/3179/2557 2405/2724/2557 2406/2725/2557
f 2790/3131/2558 2804/3145/2558 2817/3158/2558 2818/3159/2558 2777/3118/2558 2776/3117/2558
o Cube.006
v 0.694943 1.069888 -0.950456
v 0.212353 1.069888 -0.950456
v 0.694943 1.511496 -0.950456
v 0.212353 1.511496 -0.950456
v 0.457940 1.286764 -1.035409
v 0.694943 1.069888 -0.993688
v 0.548637 1.203769 -1.032233
v 0.625526 1.133410 -1.023189
v 0.676902 1.086397 -1.009654
v 0.449355 1.286764 -1.035409
v 0.212353 1.069888 -0.993688
v 0.358658 1.203769 -1.032233
v 0.281769 1.133410 -1.023189
v 0.230393 1.086397 -1.009654
v 0.457940 1.294620 -1.035409
v 0.694943 1.511496 -0.993688
v 0.548637 1.377615 -1.032233
v 0.625526 1.447974 -1.023189
v 0.676902 1.494987 -1.009654
v 0.212353 1.511496 -0.993688
v 0.449355 1.294620 -1.035409
v 0.230393 1.494987 -1.009654
v 0.281769 1.447974 -1.023189
v 0.358658 1.377615 -1.032233
vn 0.0131 -0.0143 -0.9998
vn -0.0131 -0.0143 -0.9998
vn -0.0131 0.0143 -0.9998
vn 0.0131 0.0143 -0.9998
vn -0.8863 -0.0000 -0.4632
vn -1.0000 -0.0000 -0.0000
vn -0.0000 -0.0000 1.0000
vn -0.0000 -1.0000 -0.0000
vn -0.0000 -0.9021 -0.4314
vn -0.0000 0.9021 -0.4314
vn -0.0000 1.0000 -0.0000
vn 0.0466 -0.0509 -0.9976
vn -0.0466 -0.0509 -0.9976
vn -0.0000 -0.2206 -0.9754
vn -0.0000 -0.4737 -0.8807
vn 0.8863 -0.0000 -0.4632
vn 0.4416 -0.0000 -0.8972
vn 0.2027 -0.0000 -0.9792
vn 0.0466 0.0509 -0.9976
vn -0.4416 -0.0000 -0.8972
vn -0.2027 -0.0000 -0.9792
vn -0.0466 0.0509 -0.9976
vn -0.0000 0.4737 -0.8807
vn -0.0000 0.2206 -0.9754
vn 1.0000 -0.0000 -0.0000
vt 0.375000 1.000000
vt 0.375000 0.000000
vt 0.125000 0.750000
vt 0.875000 0.750000
vt 0.625000 1.000000
vt 0.625000 0.000000
vt 0.375000 0.750000
vt 0.625000 0.750000
vt 0.497776 0.372776
vt 0.375000 0.127224
vt 0.125000 0.622776
vt 0.450792 0.325792
vt 0.410960 0.250000
vt 0.160960 0.500000
vt 0.375000 0.285960
vt 0.384346 0.174208
vt 0.134346 0.575792
vt 0.502224 0.372776
vt 0.625000 0.127224
vt 0.875000 0.622776
vt 0.549208 0.325792
vt 0.589040 0.250000
vt 0.839040 0.500000
vt 0.625000 0.285960
vt 0.615654 0.174208
vt 0.865654 0.575792
vt 0.497776 0.377224
vt 0.375000 0.622776
vt 0.450792 0.424208
vt 0.339040 0.500000
vt 0.375000 0.464040
vt 0.410960 0.500000
vt 0.365654 0.575792
vt 0.384346 0.575792
vt 0.625000 0.622776
vt 0.502224 0.377224
vt 0.634346 0.575792
vt 0.615654 0.575792
vt 0.660960 0.500000
vt 0.625000 0.464040
vt 0.589040 0.500000
vt 0.549208 0.424208
s 1
usemtl black
f 2858/3203/2559 2863/3212/2560 2874/3230/2561 2868/3221/2562
f 2873/3229/2563 2864/3214/2563 2855/3198/2564 2857/3202/2564
f 2856/3201/2565 2857/3202/2565 2855/3199/2565 2854/3195/2565
f 2854/3196/2566 2855/3200/2566 2864/3213/2567 2859/3204/2567
f 2869/3222/2568 2873/3229/2568 2857/3202/2569 2856/3201/2569
f 2863/3212/2560 2858/3203/2559 2860/3206/2570 2865/3215/2571
f 2865/3215/2571 2860/3206/2570 2861/3207/2572 2866/3216/2572
f 2866/3216/2572 2861/3207/2572 2862/3210/2573 2867/3219/2573
f 2867/3219/2573 2862/3210/2573 2859/3204/2567 2864/3213/2567
f 2869/3222/2574 2859/3205/2574 2862/3211/2575 2872/3227/2575
f 2872/3227/2575 2862/3211/2575 2861/3208/2576 2871/3224/2576
f 2871/3225/2576 2861/3209/2576 2860/3206/2570 2870/3223/2577
f 2870/3223/2577 2860/3206/2570 2858/3203/2559 2868/3221/2562
f 2864/3214/2563 2873/3229/2563 2875/3231/2578 2867/3220/2578
f 2867/3220/2578 2875/3231/2578 2876/3233/2579 2866/3217/2579
f 2866/3218/2579 2876/3234/2579 2877/3236/2580 2865/3215/2571
f 2865/3215/2571 2877/3236/2580 2874/3230/2561 2863/3212/2560
f 2873/3229/2568 2869/3222/2568 2872/3228/2581 2875/3232/2581
f 2875/3232/2581 2872/3228/2581 2871/3226/2582 2876/3235/2582
f 2876/3235/2582 2871/3226/2582 2870/3223/2577 2877/3236/2580
f 2877/3236/2580 2870/3223/2577 2868/3221/2562 2874/3230/2561
f 2859/3205/2574 2869/3222/2574 2856/3201/2583 2854/3197/2583
o Cube.001
v -0.638949 1.505483 0.578306
v -0.638949 0.148442 0.578305
v 0.648928 1.505483 0.578306
v 0.648928 0.148442 0.578305
v -0.006466 0.839034 0.857977
v -0.638949 1.505483 0.720629
v -0.248507 1.094073 0.847522
v -0.453699 1.310285 0.817749
v -0.590804 1.454753 0.773190
v -0.006466 0.814892 0.857977
v -0.638949 0.148442 0.720629
v -0.248507 0.559853 0.847522
v -0.453699 0.343641 0.817749
v -0.590804 0.199173 0.773190
v 0.016445 0.839034 0.857977
v 0.648928 1.505483 0.720629
v 0.258486 1.094073 0.847522
v 0.463678 1.310285 0.817749
v 0.600783 1.454753 0.773190
v 0.648928 0.148442 0.720629
v 0.016445 0.814892 0.857977
v 0.600783 0.199173 0.773190
v 0.463678 0.343641 0.817749
v 0.258486 0.559853 0.847522
vn -0.0161 0.0153 0.9998
vn -0.0161 -0.0153 0.9998
vn 0.0161 -0.0153 0.9998
vn 0.0161 0.0153 0.9998
vn -0.0000 -0.9131 0.4076
vn -0.0000 -1.0000 -0.0000
vn -0.0000 -0.0000 -1.0000
vn -1.0000 -0.0000 -0.0000
vn -0.9208 -0.0000 0.3901
vn 0.9208 -0.0000 0.3901
vn 1.0000 -0.0000 -0.0000
vn -0.0574 0.0545 0.9969
vn -0.0574 -0.0545 0.9969
vn -0.2474 -0.0000 0.9689
vn -0.5190 -0.0000 0.8548
vn -0.0000 0.9131 0.4076
vn -0.0000 0.4992 0.8665
vn -0.0000 0.2355 0.9719
vn 0.0574 0.0545 0.9969
vn -0.0000 -0.4992 0.8665
vn -0.0000 -0.2355 0.9719
vn 0.0574 -0.0545 0.9969
vn 0.5190 -0.0000 0.8548
vn 0.2474 -0.0000 0.9689
vn -0.0000 1.0000 -0.0000
vt 0.375000 1.000000
vt 0.375000 0.000000
vt 0.125000 0.750000
vt 0.875000 0.750000
vt 0.625000 1.000000
vt 0.625000 0.000000
vt 0.375000 0.750000
vt 0.625000 0.750000
vt 0.497776 0.372776
vt 0.375000 0.127224
vt 0.125000 0.622776
vt 0.450792 0.325792
vt 0.410960 0.250000
vt 0.160960 0.500000
vt 0.375000 0.285960
vt 0.384346 0.174208
vt 0.134346 0.575792
vt 0.502224 0.372776
vt 0.625000 0.127224
vt 0.875000 0.622776
vt 0.549208 0.325792
vt 0.589040 0.250000
vt 0.839040 0.500000
vt 0.625000 0.285960
vt 0.615654 0.174208
vt 0.865654 0.575792
vt 0.497776 0.377224
vt 0.375000 0.622776
vt 0.450792 0.424208
vt 0.339040 0.500000
vt 0.375000 0.464040
vt 0.410960 0.500000
vt 0.365654 0.575792
vt 0.384346 0.575792
vt 0.625000 0.622776
vt 0.502224 0.377224
vt 0.634346 0.575792
vt 0.615654 0.575792
vt 0.660960 0.500000
vt 0.625000 0.464040
vt 0.589040 0.500000
vt 0.549208 0.424208
s 1
usemtl black.002
f 2882/3245/2584 2887/3254/2585 2898/3272/2586 2892/3263/2587
f 2897/3271/2588 2888/3256/2588 2879/3240/2589 2881/3244/2589
f 2880/3243/2590 2881/3244/2590 2879/3241/2590 2878/3237/2590
f 2878/3238/2591 2879/3242/2591 2888/3255/2592 2883/3246/2592
f 2893/3264/2593 2897/3271/2593 2881/3244/2594 2880/3243/2594
f 2887/3254/2585 2882/3245/2584 2884/3248/2595 2889/3257/2596
f 2889/3257/2596 2884/3248/2595 2885/3249/2597 2890/3258/2597
f 2890/3258/2597 2885/3249/2597 2886/3252/2598 2891/3261/2598
f 2891/3261/2598 2886/3252/2598 2883/3246/2592 2888/3255/2592
f 2893/3264/2599 2883/3247/2599 2886/3253/2600 2896/3269/2600
f 2896/3269/2600 2886/3253/2600 2885/3250/2601 2895/3266/2601
f 2895/3267/2601 2885/3251/2601 2884/3248/2595 2894/3265/2602
f 2894/3265/2602 2884/3248/2595 2882/3245/2584 2892/3263/2587
f 2888/3256/2588 2897/3271/2588 2899/3273/2603 2891/3262/2603
f 2891/3262/2603 2899/3273/2603 2900/3275/2604 2890/3259/2604
f 2890/3260/2604 2900/3276/2604 2901/3278/2605 2889/3257/2596
f 2889/3257/2596 2901/3278/2605 2898/3272/2586 2887/3254/2585
f 2897/3271/2593 2893/3264/2593 2896/3270/2606 2899/3274/2606
f 2899/3274/2606 2896/3270/2606 2895/3268/2607 2900/3277/2607
f 2900/3277/2607 2895/3268/2607 2894/3265/2602 2901/3278/2605
f 2901/3278/2605 2894/3265/2602 2892/3263/2587 2898/3272/2586
f 2883/3247/2599 2893/3264/2599 2880/3243/2608 2878/3239/2608
o Cube.005
v 0.083957 1.405349 -1.043843
v 0.083957 1.174312 -1.043843
v 0.083957 1.405349 -0.812806
v 0.012329 1.373680 -0.947861
v 0.083957 1.174312 -0.812806
v 0.012329 1.205981 -0.947861
v -0.052754 1.405349 -1.043843
v -0.052754 1.174312 -1.043843
v -0.052754 1.405349 -0.812806
v -0.020062 1.373680 -0.947861
v -0.052754 1.174312 -0.812806
v -0.020062 1.205981 -0.947861
v 0.012329 1.205981 -1.043843
v -0.020062 1.205981 -1.043843
v 0.012329 1.373680 -1.043843
v -0.020062 1.373680 -1.043843
vn 1.0000 -0.0000 -0.0000
vn -0.0000 -0.0000 1.0000
vn -1.0000 -0.0000 -0.0000
vn -0.0000 -0.0000 -1.0000
vn -0.0000 1.0000 -0.0000
vn -0.0000 -1.0000 -0.0000
vt 0.375000 0.000000
vt 0.375000 1.000000
vt 0.125000 0.750000
vt 0.625000 0.000000
vt 0.625000 1.000000
vt 0.875000 0.750000
vt 0.375000 0.250000
vt 0.125000 0.500000
vt 0.375000 0.250000
vt 0.125000 0.500000
vt 0.625000 0.250000
vt 0.875000 0.500000
vt 0.625000 0.250000
vt 0.875000 0.500000
vt 0.375000 0.750000
vt 0.625000 0.750000
vt 0.375000 0.500000
vt 0.375000 0.500000
vt 0.625000 0.500000
vt 0.625000 0.500000
vt 0.590732 0.869015
vt 0.625000 0.106913
vt 0.875000 0.643087
vt 0.590732 0.809782
vt 0.625000 0.643087
vt 0.409268 0.869015
vt 0.375000 0.106913
vt 0.125000 0.643087
vt 0.409268 0.809782
vt 0.375000 0.643087
s 0
usemtl orange
f 2902/3279/2609 2904/3285/2609 2906/3289/2609 2903/3282/2609
f 2904/3285/2610 2910/3295/2610 2912/3297/2610 2906/3289/2610
f 2910/3295/2611 2908/3293/2611 2909/3294/2611 2912/3297/2611
f 2915/3302/2612 2914/3299/2612 2916/3304/2612 2917/3307/2612 2908/3293/2612 2902/3280/2612 2903/3283/2612 2909/3294/2612
f 2917/3307/2612 2915/3302/2612 2909/3294/2612 2908/3293/2612
f 2904/3286/2613 2902/3281/2613 2908/3293/2613 2910/3295/2613
f 2912/3297/2614 2909/3294/2614 2903/3284/2614 2906/3290/2614
f 2905/3287/2611 2916/3305/2611 2914/3300/2611 2907/3291/2611
f 2905/3287/2612 2907/3291/2612 2913/3298/2612 2911/3296/2612
f 2913/3298/2609 2915/3303/2609 2917/3308/2609 2911/3296/2609
f 2917/3308/2614 2916/3306/2614 2905/3288/2614 2911/3296/2614
f 2914/3301/2613 2915/3303/2613 2913/3298/2613 2907/3292/2613
o Cube.007
v 0.243188 1.069888 -0.950456
v -0.239402 1.069888 -0.950456
v 0.243189 1.511496 -0.950456
v -0.239401 1.511496 -0.950456
v 0.006186 1.286764 -1.035409
v 0.243188 1.069888 -0.993688
v 0.096883 1.203769 -1.032233
v 0.173772 1.133410 -1.023189
v 0.225148 1.086397 -1.009654
v -0.002399 1.286764 -1.035409
v -0.239402 1.069888 -0.993688
v -0.093096 1.203769 -1.032233
v -0.169985 1.133410 -1.023189
v -0.221361 1.086397 -1.009654
v 0.006186 1.294620 -1.035409
v 0.243189 1.511496 -0.993688
v 0.096883 1.377615 -1.032233
v 0.173772 1.447974 -1.023189
v 0.225148 1.494987 -1.009654
v -0.239401 1.511496 -0.993688
v -0.002399 1.294620 -1.035409
v -0.221361 1.494987 -1.009654
v -0.169985 1.447974 -1.023189
v -0.093096 1.377615 -1.032233
vn 0.0131 -0.0143 -0.9998
vn -0.0131 -0.0143 -0.9998
vn -0.0131 0.0143 -0.9998
vn 0.0131 0.0143 -0.9998
vn -0.8863 -0.0000 -0.4632
vn -1.0000 -0.0000 -0.0000
vn -0.0000 -0.0000 1.0000
vn -0.0000 -1.0000 -0.0000
vn -0.0000 -0.9021 -0.4314
vn -0.0000 0.9021 -0.4314
vn -0.0000 1.0000 -0.0000
vn 0.0466 -0.0509 -0.9976
vn -0.0466 -0.0509 -0.9976
vn -0.0000 -0.2206 -0.9754
vn -0.0000 -0.4737 -0.8807
vn 0.8863 -0.0000 -0.4632
vn 0.4416 -0.0000 -0.8972
vn 0.2027 -0.0000 -0.9792
vn 0.0466 0.0509 -0.9976
vn -0.4416 -0.0000 -0.8972
vn -0.2027 -0.0000 -0.9792
vn -0.0466 0.0509 -0.9976
vn -0.0000 0.4737 -0.8807
vn -0.0000 0.2206 -0.9754
vn 1.0000 -0.0000 -0.0000
vt 0.375000 1.000000
vt 0.375000 0.000000
vt 0.125000 0.750000
vt 0.875000 0.750000
vt 0.625000 1.000000
vt 0.625000 0.000000
vt 0.375000 0.750000
vt 0.625000 0.750000
vt 0.497776 0.372776
vt 0.375000 0.127224
vt 0.125000 0.622776
vt 0.450792 0.325792
vt 0.410960 0.250000
vt 0.160960 0.500000
vt 0.375000 0.285960
vt 0.384346 0.174208
vt 0.134346 0.575792
vt 0.502224 0.372776
vt 0.625000 0.127224
vt 0.875000 0.622776
vt 0.549208 0.325792
vt 0.589040 0.250000
vt 0.839040 0.500000
vt 0.625000 0.285960
vt 0.615654 0.174208
vt 0.865654 0.575792
vt 0.497776 0.377224
vt 0.375000 0.622776
vt 0.450792 0.424208
vt 0.339040 0.500000
vt 0.375000 0.464040
vt 0.410960 0.500000
vt 0.365654 0.575792
vt 0.384346 0.575792
vt 0.625000 0.622776
vt 0.502224 0.377224
vt 0.634346 0.575792
vt 0.615654 0.575792
vt 0.660960 0.500000
vt 0.625000 0.464040
vt 0.589040 0.500000
vt 0.549208 0.424208
s 1
usemtl black
f 2922/3317/2615 2927/3326/2616 2938/3344/2617 2932/3335/2618
f 2937/3343/2619 2928/3328/2619 2919/3312/2620 2921/3316/2620
f 2920/3315/2621 2921/3316/2621 2919/3313/2621 2918/3309/2621
f 2918/3310/2622 2919/3314/2622 2928/3327/2623 2923/3318/2623
f 2933/3336/2624 2937/3343/2624 2921/3316/2625 2920/3315/2625
f 2927/3326/2616 2922/3317/2615 2924/3320/2626 2929/3329/2627
f 2929/3329/2627 2924/3320/2626 2925/3321/2628 2930/3330/2628
f 2930/3330/2628 2925/3321/2628 2926/3324/2629 2931/3333/2629
f 2931/3333/2629 2926/3324/2629 2923/3318/2623 2928/3327/2623
f 2933/3336/2630 2923/3319/2630 2926/3325/2631 2936/3341/2631
f 2936/3341/2631 2926/3325/2631 2925/3322/2632 2935/3338/2632
f 2935/3339/2632 2925/3323/2632 2924/3320/2626 2934/3337/2633
f 2934/3337/2633 2924/3320/2626 2922/3317/2615 2932/3335/2618
f 2928/3328/2619 2937/3343/2619 2939/3345/2634 2931/3334/2634
f 2931/3334/2634 2939/3345/2634 2940/3347/2635 2930/3331/2635
f 2930/3332/2635 2940/3348/2635 2941/3350/2636 2929/3329/2627
f 2929/3329/2627 2941/3350/2636 2938/3344/2617 2927/3326/2616
f 2937/3343/2624 2933/3336/2624 2936/3342/2637 2939/3346/2637
f 2939/3346/2637 2936/3342/2637 2935/3340/2638 2940/3349/2638
f 2940/3349/2638 2935/3340/2638 2934/3337/2633 2941/3350/2636
f 2941/3350/2636 2934/3337/2633 2932/3335/2618 2938/3344/2617
f 2923/3319/2630 2933/3336/2630 2920/3315/2639 2918/3311/2639
o Cylinder.005
v -0.424744 2.059405 -0.970763
v -0.440590 2.059050 -0.972283
v -0.455827 2.058000 -0.976784
v -0.469869 2.056296 -0.984094
v -0.482177 2.054001 -0.993931
v -0.492279 2.051205 -1.005918
v -0.499784 2.048016 -1.019593
v -0.504407 2.044555 -1.034432
v -0.505967 2.040956 -1.049863
v -0.504407 2.037356 -1.065295
v -0.499784 2.033895 -1.080134
v -0.492279 2.030706 -1.093809
v -0.482177 2.027910 -1.105796
v -0.469869 2.025616 -1.115633
v -0.455827 2.023911 -1.122942
v -0.440590 2.022861 -1.127444
v -0.424744 2.022506 -1.128964
v -0.408898 2.022861 -1.127444
v -0.393661 2.023911 -1.122942
v -0.379619 2.025616 -1.115633
v -0.367311 2.027910 -1.105796
v -0.357209 2.030706 -1.093809
v -0.349704 2.033895 -1.080134
v -0.345082 2.037356 -1.065295
v -0.343521 2.040956 -1.049863
v -0.345082 2.044555 -1.034432
v -0.349704 2.048016 -1.019593
v -0.357209 2.051205 -1.005918
v -0.367311 2.054001 -0.993931
v -0.379619 2.056296 -0.984094
v -0.393661 2.058000 -0.976784
v -0.408898 2.059050 -0.972283
v -0.424744 2.097363 -0.979617
v -0.424745 2.112861 -0.996276
v -0.424744 2.110092 -0.988772
v -0.424744 2.104637 -0.982921
v -0.436576 2.112330 -1.005431
v -0.440590 2.097009 -0.981137
v -0.438118 2.112822 -0.997583
v -0.439414 2.109764 -0.990179
v -0.440284 2.104289 -0.984412
v -0.455827 2.095959 -0.985638
v -0.450965 2.111677 -1.001355
v -0.453521 2.108792 -0.994347
v -0.455228 2.103260 -0.988826
v -0.469869 2.094254 -0.992947
v -0.462806 2.110176 -1.007515
v -0.466522 2.107213 -1.001114
v -0.468999 2.101588 -0.995995
v -0.482177 2.091960 -1.002785
v -0.473196 2.108303 -1.015821
v -0.477917 2.105089 -1.010221
v -0.481070 2.099338 -1.005642
v -0.475172 2.106477 -1.030547
v -0.492279 2.089164 -1.014771
v -0.481740 2.106157 -1.025962
v -0.487269 2.102501 -1.021319
v -0.490977 2.096596 -1.017398
v -0.499784 2.085974 -1.028447
v -0.488044 2.103238 -1.037465
v -0.494218 2.099548 -1.033980
v -0.498338 2.093467 -1.030810
v -0.504407 2.082514 -1.043285
v -0.491944 2.100318 -1.049984
v -0.498497 2.096344 -1.047718
v -0.502871 2.090073 -1.045362
v -0.485394 2.098833 -1.063363
v -0.505967 2.078914 -1.058717
v -0.493284 2.097424 -1.063032
v -0.499942 2.093011 -1.062005
v -0.504401 2.086544 -1.060496
v -0.504407 2.075315 -1.074149
v -0.491944 2.094255 -1.076021
v -0.498497 2.089679 -1.076292
v -0.502871 2.083014 -1.075630
v -0.480777 2.093557 -1.085964
v -0.499784 2.071854 -1.088987
v -0.488069 2.091508 -1.088594
v -0.494218 2.086475 -1.090030
v -0.498338 2.079619 -1.090183
v -0.492279 2.068665 -1.102663
v -0.481717 2.088651 -1.100076
v -0.487269 2.083522 -1.102691
v -0.490977 2.076491 -1.103595
v -0.482177 2.065869 -1.114649
v -0.473188 2.086233 -1.110168
v -0.477917 2.080933 -1.113788
v -0.481070 2.073750 -1.115350
v -0.469869 2.063575 -1.124486
v -0.462811 2.084357 -1.118488
v -0.466522 2.078809 -1.122896
v -0.468999 2.071499 -1.124998
v -0.447953 2.086101 -1.117930
v -0.455827 2.061870 -1.131796
v -0.450980 2.083084 -1.124714
v -0.453521 2.077231 -1.129663
v -0.455228 2.069827 -1.132167
v -0.440590 2.060820 -1.136297
v -0.438111 2.082027 -1.128447
v -0.439414 2.076259 -1.133830
v -0.440284 2.068798 -1.136581
v -0.424744 2.085057 -1.122428
v -0.424744 2.060465 -1.137817
v -0.424742 2.081855 -1.129783
v -0.424744 2.075931 -1.135238
v -0.424744 2.068450 -1.138072
v -0.408898 2.060820 -1.136297
v -0.411378 2.082018 -1.128444
v -0.410074 2.076259 -1.133830
v -0.409204 2.068798 -1.136581
v -0.393661 2.061870 -1.131796
v -0.398523 2.082904 -1.124647
v -0.395967 2.077231 -1.129663
v -0.394260 2.069827 -1.132167
v -0.391048 2.087379 -1.112473
v -0.379619 2.063575 -1.124486
v -0.386667 2.084479 -1.118535
v -0.382966 2.078809 -1.122896
v -0.380489 2.071499 -1.124998
v -0.367311 2.065869 -1.114649
v -0.376295 2.086286 -1.110185
v -0.371571 2.080933 -1.113788
v -0.368418 2.073750 -1.115350
v -0.374316 2.091180 -1.096178
v -0.357209 2.068665 -1.102663
v -0.367754 2.088775 -1.100116
v -0.362219 2.083522 -1.102691
v -0.358511 2.076491 -1.103595
v -0.349704 2.071854 -1.088987
v -0.361444 2.091326 -1.088536
v -0.355270 2.086475 -1.090030
v -0.351150 2.079619 -1.090183
v -0.345082 2.075315 -1.074149
v -0.357544 2.094246 -1.076017
v -0.350991 2.089679 -1.076292
v -0.346617 2.083014 -1.075630
v -0.364094 2.098834 -1.063362
v -0.343521 2.078914 -1.058717
v -0.356204 2.097423 -1.063036
v -0.349546 2.093011 -1.062005
v -0.345087 2.086544 -1.060496
v -0.345082 2.082514 -1.043285
v -0.357544 2.100327 -1.049985
v -0.350991 2.096344 -1.047718
v -0.346617 2.090073 -1.045362
v -0.368710 2.104105 -1.040760
v -0.349704 2.085974 -1.028447
v -0.361422 2.103382 -1.037488
v -0.355270 2.099548 -1.033980
v -0.351150 2.093467 -1.030810
v -0.357209 2.089164 -1.014771
v -0.367774 2.105928 -1.025931
v -0.362219 2.102501 -1.021319
v -0.358511 2.096596 -1.017398
v -0.367311 2.091960 -1.002785
v -0.376296 2.108286 -1.015818
v -0.371571 2.105089 -1.010221
v -0.368418 2.099338 -1.005642
v -0.391049 2.110278 -1.014251
v -0.379619 2.094254 -0.992947
v -0.386662 2.110453 -1.007544
v -0.382966 2.107213 -1.001114
v -0.380489 2.101588 -0.995995
v -0.393661 2.095959 -0.985638
v -0.398522 2.111676 -1.001356
v -0.395967 2.108792 -0.994347
v -0.394260 2.103260 -0.988826
v -0.408898 2.097009 -0.981137
v -0.411378 2.112499 -0.997552
v -0.410074 2.109764 -0.990179
v -0.409204 2.104289 -0.984412
v -0.092049 2.059405 -0.970763
v -0.107895 2.059050 -0.972283
v -0.123132 2.058000 -0.976784
v -0.137174 2.056296 -0.984094
v -0.149482 2.054001 -0.993931
v -0.159584 2.051205 -1.005918
v -0.167089 2.048016 -1.019593
v -0.171711 2.044555 -1.034432
v -0.173272 2.040956 -1.049863
v -0.171711 2.037356 -1.065295
v -0.167089 2.033895 -1.080134
v -0.159584 2.030706 -1.093809
v -0.149482 2.027910 -1.105796
v -0.137174 2.025616 -1.115633
v -0.123132 2.023911 -1.122942
v -0.107895 2.022861 -1.127444
v -0.092049 2.022506 -1.128964
v -0.076203 2.022861 -1.127444
v -0.060966 2.023911 -1.122942
v -0.046924 2.025616 -1.115633
v -0.034615 2.027910 -1.105796
v -0.024514 2.030706 -1.093809
v -0.017009 2.033895 -1.080134
v -0.012386 2.037356 -1.065295
v -0.010826 2.040956 -1.049863
v -0.012386 2.044555 -1.034432
v -0.017009 2.048016 -1.019593
v -0.024514 2.051205 -1.005918
v -0.034615 2.054001 -0.993931
v -0.046924 2.056296 -0.984094
v -0.060966 2.058000 -0.976784
v -0.076203 2.059050 -0.972283
v -0.092049 2.097363 -0.979617
v -0.092050 2.112861 -0.996276
v -0.092049 2.110092 -0.988772
v -0.092049 2.104637 -0.982921
v -0.103881 2.112330 -1.005431
v -0.107895 2.097009 -0.981137
v -0.105423 2.112822 -0.997583
v -0.106719 2.109764 -0.990179
v -0.107589 2.104289 -0.984412
v -0.123132 2.095959 -0.985638
v -0.118269 2.111677 -1.001355
v -0.120826 2.108792 -0.994347
v -0.122533 2.103260 -0.988826
v -0.137174 2.094254 -0.992947
v -0.130111 2.110176 -1.007515
v -0.133827 2.107213 -1.001114
v -0.136304 2.101588 -0.995995
v -0.149482 2.091960 -1.002785
v -0.140500 2.108303 -1.015821
v -0.145222 2.105089 -1.010221
v -0.148375 2.099338 -1.005642
v -0.142477 2.106477 -1.030547
v -0.159584 2.089164 -1.014771
v -0.149045 2.106157 -1.025962
v -0.154574 2.102501 -1.021319
v -0.158282 2.096596 -1.017398
v -0.167089 2.085974 -1.028447
v -0.155349 2.103238 -1.037465
v -0.161523 2.099548 -1.033980
v -0.165643 2.093468 -1.030810
v -0.171711 2.082514 -1.043285
v -0.159249 2.100318 -1.049984
v -0.165802 2.096344 -1.047718
v -0.170176 2.090073 -1.045362
v -0.152699 2.098833 -1.063363
v -0.173272 2.078914 -1.058717
v -0.160589 2.097424 -1.063032
v -0.167247 2.093011 -1.062005
v -0.171706 2.086544 -1.060496
v -0.171711 2.075315 -1.074149
v -0.159249 2.094255 -1.076021
v -0.165802 2.089679 -1.076292
v -0.170176 2.083014 -1.075630
v -0.148082 2.093557 -1.085964
v -0.167089 2.071854 -1.088987
v -0.155374 2.091508 -1.088594
v -0.161523 2.086475 -1.090030
v -0.165643 2.079619 -1.090183
v -0.159584 2.068665 -1.102663
v -0.149022 2.088651 -1.100076
v -0.154574 2.083522 -1.102691
v -0.158282 2.076491 -1.103595
v -0.149482 2.065869 -1.114649
v -0.140493 2.086233 -1.110168
v -0.145222 2.080933 -1.113788
v -0.148375 2.073750 -1.115350
v -0.137174 2.063575 -1.124486
v -0.130116 2.084357 -1.118488
v -0.133827 2.078809 -1.122896
v -0.136304 2.071499 -1.124998
v -0.115258 2.086101 -1.117930
v -0.123132 2.061870 -1.131796
v -0.118285 2.083084 -1.124714
v -0.120826 2.077231 -1.129663
v -0.122533 2.069827 -1.132167
v -0.107895 2.060820 -1.136297
v -0.105416 2.082027 -1.128447
v -0.106719 2.076259 -1.133830
v -0.107589 2.068798 -1.136581
v -0.092049 2.085057 -1.122428
v -0.092049 2.060465 -1.137817
v -0.092047 2.081855 -1.129783
v -0.092049 2.075931 -1.135238
v -0.092049 2.068450 -1.138072
v -0.076203 2.060820 -1.136297
v -0.078683 2.082018 -1.128444
v -0.077379 2.076259 -1.133830
v -0.076509 2.068798 -1.136581
v -0.060966 2.061870 -1.131796
v -0.065828 2.082904 -1.124647
v -0.063272 2.077231 -1.129663
v -0.061565 2.069827 -1.132167
v -0.058353 2.087379 -1.112473
v -0.046924 2.063575 -1.124486
v -0.053972 2.084479 -1.118535
v -0.050271 2.078809 -1.122896
v -0.047794 2.071499 -1.124998
v -0.034615 2.065869 -1.114649
v -0.043600 2.086286 -1.110185
v -0.038876 2.080933 -1.113788
v -0.035723 2.073750 -1.115350
v -0.041620 2.091180 -1.096178
v -0.024514 2.068665 -1.102663
v -0.035059 2.088775 -1.100116
v -0.029524 2.083522 -1.102691
v -0.025816 2.076491 -1.103595
v -0.017009 2.071854 -1.088987
v -0.028749 2.091326 -1.088536
v -0.022575 2.086475 -1.090030
v -0.018455 2.079619 -1.090183
v -0.012386 2.075315 -1.074149
v -0.024849 2.094246 -1.076017
v -0.018296 2.089679 -1.076292
v -0.013922 2.083014 -1.075630
v -0.031399 2.098834 -1.063362
v -0.010826 2.078914 -1.058717
v -0.023509 2.097423 -1.063036
v -0.016851 2.093011 -1.062005
v -0.012392 2.086544 -1.060496
v -0.012386 2.082514 -1.043285
v -0.024849 2.100327 -1.049985
v -0.018296 2.096344 -1.047718
v -0.013922 2.090073 -1.045362
v -0.036015 2.104105 -1.040760
v -0.017009 2.085974 -1.028447
v -0.028727 2.103382 -1.037488
v -0.022575 2.099548 -1.033980
v -0.018455 2.093468 -1.030810
v -0.024514 2.089164 -1.014771
v -0.035079 2.105928 -1.025931
v -0.029524 2.102501 -1.021319
v -0.025816 2.096596 -1.017398
v -0.034615 2.091960 -1.002785
v -0.043601 2.108287 -1.015818
v -0.038876 2.105089 -1.010221
v -0.035723 2.099338 -1.005642
v -0.058354 2.110278 -1.014251
v -0.046924 2.094254 -0.992947
v -0.053967 2.110453 -1.007544
v -0.050271 2.107213 -1.001114
v -0.047794 2.101588 -0.995995
v -0.060966 2.095959 -0.985638
v -0.065827 2.111676 -1.001356
v -0.063272 2.108792 -0.994347
v -0.061565 2.103260 -0.988826
v -0.076203 2.097009 -0.981137
v -0.078683 2.112499 -0.997552
v -0.077379 2.109764 -0.990179
v -0.076509 2.104289 -0.984412
v -0.424744 2.049356 -0.953471
v -0.443430 2.048938 -0.955263
v -0.461398 2.047700 -0.960571
v -0.477957 2.045690 -0.969191
v -0.492471 2.042984 -0.980791
v -0.504383 2.039687 -0.994926
v -0.513234 2.035926 -1.011053
v -0.518685 2.031845 -1.028551
v -0.520525 2.027600 -1.046749
v -0.518685 2.023356 -1.064946
v -0.513234 2.019275 -1.082444
v -0.504383 2.015513 -1.098571
v -0.492471 2.012217 -1.112705
v -0.477957 2.009511 -1.124306
v -0.461398 2.007500 -1.132926
v -0.443430 2.006263 -1.138234
v -0.424744 2.005844 -1.140026
v -0.406058 2.006263 -1.138234
v -0.388090 2.007500 -1.132926
v -0.371531 2.009511 -1.124306
v -0.357017 2.012217 -1.112705
v -0.345105 2.015513 -1.098571
v -0.336254 2.019275 -1.082444
v -0.330803 2.023356 -1.064946
v -0.328963 2.027600 -1.046749
v -0.330803 2.031845 -1.028551
v -0.336254 2.035926 -1.011053
v -0.345105 2.039687 -0.994926
v -0.357017 2.042984 -0.980791
v -0.371531 2.045690 -0.969191
v -0.388090 2.047700 -0.960571
v -0.406058 2.048938 -0.955263
v -0.424744 2.103791 -0.960678
v -0.424429 2.132641 -0.993331
v -0.424701 2.127001 -0.978092
v -0.424744 2.116238 -0.966630
v -0.436895 2.132106 -1.008399
v -0.444473 2.103349 -0.962570
v -0.439553 2.132573 -0.994786
v -0.442203 2.126570 -0.979701
v -0.443894 2.115810 -0.968466
v -0.463444 2.102042 -0.968174
v -0.454074 2.131301 -0.999073
v -0.459011 2.125451 -0.984738
v -0.462308 2.114541 -0.973906
v -0.480927 2.099920 -0.977275
v -0.466862 2.129689 -1.005841
v -0.474400 2.123626 -0.992835
v -0.479278 2.112481 -0.982740
v -0.496252 2.097063 -0.989523
v -0.478178 2.127644 -1.014777
v -0.487956 2.121064 -1.003586
v -0.494152 2.109708 -0.994628
v -0.476586 2.126109 -1.034092
v -0.508828 2.093582 -1.004447
v -0.487905 2.125182 -1.026137
v -0.499141 2.117942 -1.016777
v -0.506360 2.106329 -1.009114
v -0.518173 2.089611 -1.021473
v -0.495090 2.121890 -1.039037
v -0.507383 2.114459 -1.031893
v -0.515430 2.102475 -1.025640
v -0.523928 2.085302 -1.039948
v -0.499288 2.118734 -1.052609
v -0.512440 2.110674 -1.048192
v -0.521016 2.098292 -1.043573
v -0.487289 2.118242 -1.067804
v -0.525871 2.080821 -1.059162
v -0.500863 2.115463 -1.067177
v -0.514188 2.106682 -1.065192
v -0.522902 2.093942 -1.062222
v -0.523928 2.076339 -1.078375
v -0.499520 2.111883 -1.081664
v -0.512486 2.102704 -1.082181
v -0.521016 2.089593 -1.080871
v -0.482387 2.112768 -1.091288
v -0.518173 2.072031 -1.096850
v -0.494967 2.108889 -1.095687
v -0.507398 2.098887 -1.098529
v -0.515430 2.085410 -1.098804
v -0.508828 2.068059 -1.113876
v -0.487660 2.105777 -1.108524
v -0.499080 2.095411 -1.113606
v -0.506360 2.081556 -1.115330
v -0.496252 2.064579 -1.128800
v -0.478357 2.103189 -1.119431
v -0.487944 2.092391 -1.126757
v -0.494152 2.078177 -1.129816
v -0.480927 2.061722 -1.141048
v -0.467147 2.101118 -1.128501
v -0.474452 2.089817 -1.137591
v -0.479278 2.075404 -1.141704
v -0.448776 2.105134 -1.124021
v -0.463444 2.059599 -1.150149
v -0.453939 2.099570 -1.135642
v -0.458979 2.087889 -1.145682
v -0.462308 2.073344 -1.150538
v -0.444473 2.058292 -1.155753
v -0.439603 2.098274 -1.140015
v -0.442191 2.086737 -1.150638
v -0.443894 2.072075 -1.155978
v -0.424652 2.104014 -1.128803
v -0.424744 2.057851 -1.157645
v -0.424674 2.098155 -1.141373
v -0.424743 2.086366 -1.152300
v -0.424744 2.071647 -1.157815
v -0.405015 2.058292 -1.155753
v -0.409736 2.098388 -1.139816
v -0.407280 2.086788 -1.150603
v -0.405594 2.072075 -1.155978
v -0.386044 2.059599 -1.150149
v -0.395801 2.099348 -1.135700
v -0.390543 2.087941 -1.145659
v -0.387180 2.073344 -1.150538
v -0.390059 2.106395 -1.118588
v -0.368561 2.061722 -1.141048
v -0.382502 2.101057 -1.128918
v -0.375053 2.089789 -1.137620
v -0.370210 2.075404 -1.141704
v -0.353236 2.064579 -1.128800
v -0.370836 2.103014 -1.119693
v -0.361493 2.092309 -1.126790
v -0.355336 2.078177 -1.129816
v -0.372679 2.110343 -1.101663
v -0.340660 2.068059 -1.113876
v -0.361407 2.105849 -1.108375
v -0.350373 2.095395 -1.113586
v -0.343129 2.081556 -1.115330
v -0.331315 2.072031 -1.096850
v -0.354415 2.108749 -1.095395
v -0.342125 2.098939 -1.098506
v -0.334058 2.085410 -1.098804
v -0.325560 2.076339 -1.078375
v -0.350188 2.111914 -1.081824
v -0.337048 2.102741 -1.082207
v -0.328472 2.089593 -1.080871
v -0.362184 2.118202 -1.067967
v -0.323617 2.080821 -1.059162
v -0.348613 2.115429 -1.067300
v -0.335300 2.106682 -1.065194
v -0.326586 2.093942 -1.062222
v -0.325560 2.085302 -1.039948
v -0.349971 2.118637 -1.052709
v -0.337012 2.110639 -1.048197
v -0.328472 2.098292 -1.043573
v -0.366983 2.123676 -1.044504
v -0.331315 2.089611 -1.021473
v -0.354436 2.122075 -1.038816
v -0.342109 2.114457 -1.031858
v -0.334058 2.102475 -1.025640
v -0.340660 2.093582 -1.004447
v -0.361612 2.124955 -1.025939
v -0.350407 2.117995 -1.016804
v -0.343129 2.106329 -1.009114
v -0.353236 2.097063 -0.989523
v -0.370823 2.127504 -1.014965
v -0.361482 2.121051 -1.003630
v -0.355336 2.109708 -0.994628
v -0.390129 2.130015 -1.017344
v -0.368561 2.099920 -0.977275
v -0.382555 2.129942 -1.005729
v -0.375032 2.123549 -0.992736
v -0.370210 2.112481 -0.982740
v -0.386044 2.102042 -0.968174
v -0.395988 2.131357 -0.998856
v -0.390554 2.125465 -0.984718
v -0.387180 2.114541 -0.973906
v -0.405015 2.103349 -0.962570
v -0.409951 2.132260 -0.994817
v -0.407307 2.126658 -0.979838
v -0.405594 2.115810 -0.968466
v -0.092049 2.049356 -0.953471
v -0.110735 2.048938 -0.955263
v -0.128703 2.047700 -0.960571
v -0.145262 2.045690 -0.969191
v -0.159776 2.042984 -0.980791
v -0.171688 2.039687 -0.994926
v -0.180539 2.035926 -1.011053
v -0.185989 2.031845 -1.028551
v -0.187830 2.027600 -1.046749
v -0.185989 2.023356 -1.064946
v -0.180539 2.019275 -1.082444
v -0.171688 2.015513 -1.098571
v -0.159776 2.012217 -1.112706
v -0.145262 2.009511 -1.124306
v -0.128703 2.007500 -1.132926
v -0.110735 2.006263 -1.138234
v -0.092049 2.005844 -1.140026
v -0.073363 2.006263 -1.138234
v -0.055395 2.007500 -1.132926
v -0.038836 2.009511 -1.124306
v -0.024322 2.012217 -1.112706
v -0.012410 2.015513 -1.098571
v -0.003559 2.019275 -1.082444
v 0.001892 2.023356 -1.064946
v 0.003732 2.027600 -1.046749
v 0.001892 2.031845 -1.028551
v -0.003559 2.035926 -1.011053
v -0.012410 2.039687 -0.994926
v -0.024322 2.042984 -0.980791
v -0.038836 2.045690 -0.969191
v -0.055395 2.047700 -0.960571
v -0.073363 2.048938 -0.955263
v -0.092049 2.103791 -0.960678
v -0.091734 2.132641 -0.993331
v -0.092006 2.127001 -0.978092
v -0.092049 2.116238 -0.966630
v -0.104200 2.132106 -1.008399
v -0.111778 2.103349 -0.962570
v -0.106858 2.132573 -0.994786
v -0.109508 2.126570 -0.979701
v -0.111199 2.115810 -0.968466
v -0.130749 2.102042 -0.968174
v -0.121378 2.131301 -0.999073
v -0.126316 2.125451 -0.984738
v -0.129613 2.114541 -0.973906
v -0.148232 2.099920 -0.977275
v -0.134167 2.129689 -1.005841
v -0.141705 2.123626 -0.992835
v -0.146583 2.112481 -0.982740
v -0.163557 2.097063 -0.989523
v -0.145483 2.127644 -1.014777
v -0.155261 2.121064 -1.003586
v -0.161457 2.109708 -0.994628
v -0.143890 2.126109 -1.034092
v -0.176133 2.093582 -1.004447
v -0.155210 2.125182 -1.026137
v -0.166446 2.117942 -1.016777
v -0.173664 2.106329 -1.009114
v -0.185478 2.089611 -1.021473
v -0.162395 2.121890 -1.039037
v -0.174688 2.114459 -1.031893
v -0.182735 2.102475 -1.025640
v -0.191233 2.085302 -1.039948
v -0.166593 2.118734 -1.052609
v -0.179745 2.110674 -1.048192
v -0.188321 2.098292 -1.043573
v -0.154594 2.118242 -1.067804
v -0.193176 2.080821 -1.059162
v -0.168168 2.115463 -1.067177
v -0.181493 2.106682 -1.065192
v -0.190207 2.093942 -1.062222
v -0.191233 2.076339 -1.078375
v -0.166825 2.111883 -1.081664
v -0.179791 2.102704 -1.082181
v -0.188321 2.089593 -1.080871
v -0.149692 2.112768 -1.091288
v -0.185478 2.072031 -1.096850
v -0.162272 2.108889 -1.095687
v -0.174702 2.098887 -1.098529
v -0.182735 2.085410 -1.098804
v -0.176133 2.068059 -1.113876
v -0.154965 2.105777 -1.108524
v -0.166385 2.095411 -1.113606
v -0.173664 2.081556 -1.115330
v -0.163557 2.064579 -1.128800
v -0.145662 2.103189 -1.119431
v -0.155249 2.092391 -1.126757
v -0.161457 2.078177 -1.129816
v -0.148232 2.061722 -1.141048
v -0.134452 2.101118 -1.128501
v -0.141757 2.089817 -1.137591
v -0.146583 2.075404 -1.141704
v -0.116081 2.105134 -1.124021
v -0.130749 2.059599 -1.150149
v -0.121244 2.099570 -1.135642
v -0.126284 2.087889 -1.145682
v -0.129613 2.073344 -1.150538
v -0.111778 2.058292 -1.155753
v -0.106908 2.098274 -1.140015
v -0.109496 2.086737 -1.150638
v -0.111199 2.072075 -1.155978
v -0.091957 2.104014 -1.128803
v -0.092049 2.057851 -1.157645
v -0.091978 2.098155 -1.141373
v -0.092048 2.086366 -1.152300
v -0.092049 2.071647 -1.157815
v -0.072320 2.058292 -1.155753
v -0.077041 2.098388 -1.139816
v -0.074585 2.086788 -1.150603
v -0.072899 2.072075 -1.155978
v -0.053349 2.059599 -1.150149
v -0.063106 2.099348 -1.135700
v -0.057848 2.087941 -1.145659
v -0.054485 2.073344 -1.150538
v -0.057364 2.106395 -1.118588
v -0.035866 2.061722 -1.141048
v -0.049807 2.101057 -1.128918
v -0.042357 2.089789 -1.137620
v -0.037515 2.075404 -1.141704
v -0.020541 2.064579 -1.128800
v -0.038141 2.103014 -1.119693
v -0.028798 2.092309 -1.126790
v -0.022641 2.078177 -1.129816
v -0.039984 2.110343 -1.101663
v -0.007965 2.068059 -1.113876
v -0.028712 2.105849 -1.108375
v -0.017678 2.095395 -1.113586
v -0.010433 2.081556 -1.115330
v 0.001380 2.072031 -1.096850
v -0.021720 2.108749 -1.095395
v -0.009430 2.098939 -1.098506
v -0.001363 2.085410 -1.098804
v 0.007135 2.076339 -1.078375
v -0.017492 2.111914 -1.081824
v -0.004353 2.102741 -1.082207
v 0.004223 2.089593 -1.080871
v -0.029489 2.118202 -1.067967
v 0.009078 2.080821 -1.059162
v -0.015918 2.115429 -1.067300
v -0.002605 2.106682 -1.065194
v 0.006109 2.093942 -1.062222
v 0.007135 2.085302 -1.039948
v -0.017276 2.118637 -1.052709
v -0.004317 2.110639 -1.048197
v 0.004223 2.098292 -1.043573
v -0.034288 2.123676 -1.044504
v 0.001380 2.089611 -1.021473
v -0.021741 2.122075 -1.038816
v -0.009414 2.114457 -1.031858
v -0.001363 2.102475 -1.025640
v -0.007965 2.093582 -1.004447
v -0.028917 2.124955 -1.025939
v -0.017711 2.117995 -1.016804
v -0.010433 2.106329 -1.009114
v -0.020541 2.097063 -0.989523
v -0.038128 2.127504 -1.014965
v -0.028787 2.121051 -1.003630
v -0.022641 2.109708 -0.994628
v -0.057433 2.130015 -1.017344
v -0.035866 2.099920 -0.977275
v -0.049860 2.129942 -1.005729
v -0.042337 2.123549 -0.992736
v -0.037515 2.112481 -0.982740
v -0.053349 2.102042 -0.968174
v -0.063293 2.131357 -0.998856
v -0.057859 2.125465 -0.984718
v -0.054485 2.114541 -0.973906
v -0.072320 2.103349 -0.962570
v -0.077256 2.132260 -0.994817
v -0.074612 2.126658 -0.979838
v -0.072899 2.115810 -0.968466
vn -0.1942 -0.3170 -0.9283
vn -0.1951 -0.2228 -0.9551
vn -0.0000 -0.2271 -0.9739
vn -0.0000 -0.3214 -0.9470
vn 0.3808 -0.3042 -0.8732
vn 0.3827 -0.2099 -0.8997
vn 0.5556 -0.1889 -0.8097
vn 0.5529 -0.2833 -0.7836
vn 0.7071 -0.1606 -0.6886
vn 0.7037 -0.2552 -0.6631
vn 0.8315 -0.1262 -0.5410
vn 0.8275 -0.2209 -0.5162
vn 0.9239 -0.0869 -0.3727
vn 0.9194 -0.1818 -0.3487
vn 0.9808 -0.0443 -0.1900
vn 0.9761 -0.1394 -0.1668
vn 1.0000 -0.0000 -0.0000
vn 0.9952 -0.0953 0.0222
vn 0.9808 0.0443 0.1900
vn 0.9761 -0.0512 0.2113
vn 0.9239 0.0869 0.3727
vn 0.9194 -0.0088 0.3931
vn 0.8315 0.1262 0.5410
vn 0.8275 0.0303 0.5607
vn 0.7071 0.1606 0.6886
vn 0.7037 0.0645 0.7076
vn 0.5556 0.1889 0.8097
vn 0.5529 0.0926 0.8281
vn 0.3827 0.2099 0.8997
vn 0.3808 0.1135 0.9176
vn 0.1951 0.2228 0.9551
vn 0.1942 0.1264 0.9728
vn -0.0000 0.2271 0.9739
vn -0.0000 0.1307 0.9914
vn -0.1951 0.2228 0.9551
vn -0.1942 0.1264 0.9728
vn -0.3827 0.2099 0.8997
vn -0.3808 0.1135 0.9176
vn -0.5556 0.1889 0.8097
vn -0.5529 0.0926 0.8281
vn -0.7071 0.1606 0.6886
vn -0.7037 0.0645 0.7076
vn -0.8315 0.1262 0.5410
vn -0.8275 0.0303 0.5607
vn -0.9239 0.0869 0.3727
vn -0.9194 -0.0088 0.3931
vn -0.9808 0.0443 0.1900
vn -0.9761 -0.0512 0.2113
vn -1.0000 -0.0000 -0.0000
vn -0.9952 -0.0953 0.0222
vn -0.9808 -0.0443 -0.1900
vn -0.9761 -0.1394 -0.1668
vn -0.9239 -0.0869 -0.3727
vn -0.9194 -0.1818 -0.3487
vn -0.8315 -0.1262 -0.5410
vn -0.8275 -0.2209 -0.5162
vn -0.7071 -0.1606 -0.6886
vn -0.7037 -0.2552 -0.6631
vn -0.5556 -0.1889 -0.8097
vn -0.5529 -0.2833 -0.7836
vn -0.3827 -0.2099 -0.8997
vn -0.3808 -0.3042 -0.8732
vn -0.0000 0.9739 -0.2271
vn 0.1942 -0.3170 -0.9283
vn 0.1951 -0.2228 -0.9551
vn 0.1805 -0.5760 -0.7973
vn -0.0000 -0.5801 -0.8146
vn 0.1395 -0.8403 -0.5239
vn -0.0021 -0.8455 -0.5340
vn 0.0717 -0.9876 -0.1399
vn -0.0158 -0.9890 -0.1472
vn 0.3540 -0.5641 -0.7460
vn 0.2745 -0.8330 -0.4804
vn 0.1554 -0.9812 -0.1141
vn 0.5139 -0.5446 -0.6628
vn 0.3939 -0.8207 -0.4140
vn 0.2028 -0.9756 -0.0837
vn 0.6541 -0.5185 -0.5507
vn 0.5019 -0.7987 -0.3318
vn 0.2491 -0.9671 -0.0522
vn -0.2730 -0.8364 0.4754
vn -0.3173 -0.8537 0.4130
vn -0.0818 -0.9582 0.2743
vn -0.0495 -0.9508 0.3057
vn -0.2083 -0.8289 0.5192
vn 0.7691 -0.4867 -0.4142
vn 0.5936 -0.7720 -0.2271
vn 0.3083 -0.9513 0.0088
vn 0.8546 -0.4504 -0.2585
vn 0.6582 -0.7456 -0.1044
vn 0.3523 -0.9326 0.0786
vn 0.3788 -0.8814 0.2822
vn 0.3449 -0.8691 0.3546
vn 0.0805 -0.9605 0.2662
vn 0.0948 -0.9704 0.2220
vn 0.3789 -0.9019 0.2073
vn 0.9073 -0.4109 -0.0895
vn 0.6971 -0.7165 0.0237
vn 0.3672 -0.9208 0.1312
vn 0.9250 -0.3699 0.0863
vn 0.7123 -0.6836 0.1594
vn -0.2737 -0.9609 -0.0427
vn -0.2054 -0.9745 -0.0907
vn -0.0460 -0.9869 0.1547
vn -0.0864 -0.9785 0.1872
vn -0.3493 -0.9347 0.0664
vn -0.3081 -0.9513 0.0004
vn 0.9073 -0.3290 0.2620
vn 0.6994 -0.6513 0.2944
vn 0.8546 -0.2895 0.4310
vn 0.6590 -0.6206 0.4250
vn 0.7691 -0.2532 0.5868
vn 0.5905 -0.5945 0.5458
vn 0.2972 -0.8563 0.4224
vn -0.3678 -0.8834 0.2903
vn -0.3795 -0.9003 0.2132
vn -0.0955 -0.9684 0.2302
vn -0.3514 -0.8711 0.3429
vn 0.6541 -0.2214 0.7233
vn 0.5014 -0.5729 0.6484
vn 0.2584 -0.8478 0.4631
vn 0.5139 -0.1952 0.8353
vn 0.3965 -0.5504 0.7347
vn 0.2168 -0.8381 0.5006
vn 0.3540 -0.1758 0.9186
vn 0.2729 -0.5329 0.8010
vn 0.1480 -0.8243 0.5464
vn 0.1805 -0.1639 0.9698
vn 0.1388 -0.5239 0.8404
vn 0.0746 -0.8123 0.5784
vn -0.0000 -0.1598 0.9871
vn -0.0001 -0.5218 0.8531
vn -0.0034 -0.8150 0.5795
vn -0.1805 -0.1639 0.9698
vn -0.1397 -0.5265 0.8386
vn -0.0821 -0.8185 0.5686
vn 0.0707 -0.9816 0.1773
vn 0.0159 -0.9888 0.1484
vn -0.3540 -0.1758 0.9186
vn -0.2712 -0.5355 0.7998
vn -0.1361 -0.8222 0.5527
vn -0.3786 -0.9155 0.1362
vn -0.5139 -0.1952 0.8353
vn -0.3957 -0.5490 0.7362
vn -0.6541 -0.2214 0.7233
vn -0.5039 -0.5688 0.6501
vn -0.7691 -0.2532 0.5868
vn -0.5923 -0.5937 0.5448
vn -0.8546 -0.2895 0.4310
vn -0.6573 -0.6232 0.4238
vn -0.9073 -0.3290 0.2620
vn -0.6971 -0.6531 0.2958
vn -0.0046 -0.9478 0.3187
vn 0.0411 -0.9516 0.3045
vn -0.9250 -0.3699 0.0863
vn -0.7123 -0.6835 0.1595
vn -0.9073 -0.4109 -0.0895
vn -0.6989 -0.7148 0.0240
vn -0.8546 -0.4504 -0.2585
vn -0.6580 -0.7455 -0.1061
vn -0.7691 -0.4867 -0.4142
vn -0.5906 -0.7747 -0.2258
vn -0.6541 -0.5185 -0.5507
vn -0.5044 -0.7981 -0.3296
vn -0.0713 -0.9880 -0.1368
vn -0.1267 -0.9840 -0.1250
vn -0.5139 -0.5446 -0.6628
vn -0.3967 -0.8168 -0.4189
vn -0.3540 -0.5641 -0.7460
vn -0.2706 -0.8337 -0.4814
vn -0.1805 -0.5760 -0.7973
vn -0.1383 -0.8447 -0.5171
vn 0.1948 0.2799 0.9401
vn -0.0000 0.2843 0.9587
vn -0.0000 0.1312 0.9914
vn 0.1942 0.1269 0.9727
vn -0.3820 0.2670 0.8847
vn -0.5546 0.2461 0.7949
vn -0.5529 0.0931 0.8280
vn -0.3809 0.1140 0.9176
vn -0.7059 0.2179 0.6740
vn -0.7037 0.0650 0.7075
vn -0.8300 0.1835 0.5267
vn -0.8275 0.0308 0.5606
vn -0.9223 0.1443 0.3586
vn -0.9195 -0.0083 0.3930
vn -0.9791 0.1018 0.1762
vn -0.9761 -0.0507 0.2112
vn -0.9983 0.0575 -0.0134
vn -0.9952 -0.0948 0.0221
vn -0.9791 0.0133 -0.2031
vn -0.9761 -0.1389 -0.1670
vn -0.9223 -0.0292 -0.3854
vn -0.9195 -0.1813 -0.3488
vn -0.8300 -0.0684 -0.5535
vn -0.8275 -0.2204 -0.5164
vn -0.7059 -0.1028 -0.7008
vn -0.7037 -0.2547 -0.6632
vn -0.5546 -0.1310 -0.8217
vn -0.5529 -0.2828 -0.7838
vn -0.3820 -0.1520 -0.9116
vn -0.3809 -0.3037 -0.8733
vn -0.1948 -0.1649 -0.9669
vn -0.1942 -0.3165 -0.9285
vn -0.0000 -0.1692 -0.9856
vn -0.0000 -0.3209 -0.9471
vn 0.1948 -0.1649 -0.9669
vn 0.1942 -0.3165 -0.9285
vn 0.3820 -0.1520 -0.9116
vn 0.3809 -0.3037 -0.8733
vn 0.5546 -0.1310 -0.8217
vn 0.5529 -0.2828 -0.7838
vn 0.7059 -0.1028 -0.7008
vn 0.7037 -0.2547 -0.6632
vn 0.8300 -0.0684 -0.5535
vn 0.8275 -0.2204 -0.5164
vn 0.9223 -0.0292 -0.3854
vn 0.9195 -0.1813 -0.3488
vn 0.9791 0.0133 -0.2031
vn 0.9761 -0.1389 -0.1670
vn 0.9983 0.0575 -0.0134
vn 0.9952 -0.0948 0.0221
vn 0.9791 0.1018 0.1762
vn 0.9761 -0.0507 0.2112
vn 0.9223 0.1443 0.3586
vn 0.9195 -0.0083 0.3930
vn 0.8300 0.1835 0.5267
vn 0.8275 0.0308 0.5606
vn 0.7059 0.2179 0.6740
vn 0.7037 0.0650 0.7075
vn 0.5546 0.2461 0.7949
vn 0.5529 0.0931 0.8280
vn 0.3820 0.2670 0.8847
vn 0.3809 0.1140 0.9176
vn -0.0000 -0.9739 0.2271
vn -0.1948 0.2799 0.9401
vn -0.1942 0.1269 0.9727
vn 0.0002 0.5867 0.8098
vn -0.1799 0.5826 0.7926
vn 0.0022 0.8450 0.5348
vn -0.1394 0.8405 0.5236
vn 0.0189 0.9869 0.1603
vn -0.0736 0.9860 0.1499
vn -0.3530 0.5708 0.7414
vn -0.2748 0.8325 0.4811
vn -0.1630 0.9787 0.1251
vn -0.5121 0.5516 0.6584
vn -0.3947 0.8195 0.4154
vn -0.2103 0.9729 0.0959
vn -0.6517 0.5255 0.5469
vn -0.5023 0.7981 0.3327
vn -0.2554 0.9647 0.0640
vn 0.2824 0.8286 -0.4833
vn 0.2140 0.8215 -0.5285
vn 0.0574 0.9461 -0.3187
vn 0.0955 0.9548 -0.2816
vn 0.3281 0.8474 -0.4174
vn -0.7665 0.4936 0.4108
vn -0.5937 0.7718 0.2276
vn -0.3164 0.9486 -0.0011
vn -0.8518 0.4574 0.2555
vn -0.6595 0.7443 0.1054
vn -0.3651 0.9281 -0.0733
vn -0.3918 0.8752 -0.2837
vn -0.3909 0.8973 -0.2050
vn -0.1106 0.9691 -0.2207
vn -0.0944 0.9571 -0.2740
vn -0.3543 0.8631 -0.3599
vn -0.9042 0.4182 0.0871
vn -0.6990 0.7148 -0.0229
vn -0.3799 0.9164 -0.1259
vn -0.9219 0.3773 -0.0879
vn -0.7139 0.6820 -0.1586
vn 0.2839 0.9574 0.0524
vn 0.3182 0.9480 0.0093
vn 0.3600 0.9311 -0.0597
vn 0.1006 0.9785 -0.1800
vn 0.0544 0.9887 -0.1400
vn 0.2103 0.9724 0.1009
vn -0.9042 0.3363 -0.2631
vn -0.7010 0.6496 -0.2945
vn -0.8517 0.2971 -0.4316
vn -0.6596 0.6194 -0.4257
vn -0.7664 0.2611 -0.5869
vn -0.5912 0.5933 -0.5464
vn -0.3055 0.8491 -0.4309
vn 0.3808 0.8770 -0.2932
vn 0.3646 0.8648 -0.3452
vn 0.1113 0.9666 -0.2310
vn 0.3917 0.8951 -0.2132
vn -0.6518 0.2295 -0.7228
vn -0.5024 0.5712 -0.6491
vn -0.2683 0.8401 -0.4714
vn -0.5122 0.2034 -0.8344
vn -0.3973 0.5492 -0.7352
vn -0.2268 0.8312 -0.5076
vn -0.3529 0.1838 -0.9174
vn -0.2739 0.5318 -0.8013
vn -0.1545 0.8177 -0.5545
vn -0.1798 0.1718 -0.9686
vn -0.1393 0.5220 -0.8415
vn -0.0775 0.8038 -0.5898
vn 0.0001 0.1679 -0.9858
vn 0.0004 0.5198 -0.8543
vn 0.0046 0.8073 -0.5901
vn 0.1799 0.1721 -0.9685
vn 0.1401 0.5242 -0.8400
vn 0.0863 0.8101 -0.5799
vn -0.0193 0.9911 -0.1315
vn -0.0840 0.9824 -0.1668
vn 0.3528 0.1840 -0.9175
vn 0.2719 0.5333 -0.8011
vn 0.1398 0.8138 -0.5641
vn 0.3918 0.9105 -0.1323
vn 0.5121 0.2032 -0.8345
vn 0.3963 0.5470 -0.7374
vn 0.6519 0.2292 -0.7228
vn 0.5052 0.5666 -0.6509
vn 0.7666 0.2610 -0.5867
vn 0.5938 0.5919 -0.5450
vn 0.8517 0.2973 -0.4316
vn 0.6590 0.6212 -0.4241
vn 0.9041 0.3366 -0.2632
vn 0.6990 0.6511 -0.2957
vn -0.0494 0.9469 -0.3178
vn 0.0057 0.9426 -0.3338
vn 0.9219 0.3773 -0.0881
vn 0.7139 0.6818 -0.1594
vn 0.9042 0.4181 0.0872
vn 0.7007 0.7131 -0.0232
vn 0.8517 0.4575 0.2556
vn 0.6594 0.7441 0.1074
vn 0.7665 0.4937 0.4107
vn 0.5922 0.7731 0.2272
vn 0.6519 0.5254 0.5468
vn 0.5053 0.7969 0.3311
vn 0.0740 0.9858 0.1510
vn 0.1282 0.9820 0.1383
vn 0.5122 0.5514 0.6585
vn 0.3966 0.8165 0.4195
vn 0.3526 0.5709 0.7415
vn 0.2708 0.8330 0.4824
vn 0.1799 0.5829 0.7924
vn 0.1386 0.8436 0.5188
vn -0.6518 0.5255 0.5469
vn 0.1282 0.9821 0.1383
vt 0.000000 1.000000
vt 0.250000 0.490000
vt 1.000000 1.000000
vt 0.296822 0.485388
vt 0.968750 1.000000
vt 0.341844 0.471731
vt 0.937500 1.000000
vt 0.906250 1.000000
vt 0.383337 0.449553
vt 0.875000 1.000000
vt 0.419706 0.419706
vt 0.843750 1.000000
vt 0.449553 0.383337
vt 0.812500 1.000000
vt 0.471731 0.341844
vt 0.781250 1.000000
vt 0.485388 0.296822
vt 0.750000 1.000000
vt 0.490000 0.250000
vt 0.718750 1.000000
vt 0.485388 0.203178
vt 0.687500 1.000000
vt 0.471731 0.158156
vt 0.656250 1.000000
vt 0.449553 0.116663
vt 0.625000 1.000000
vt 0.419706 0.080294
vt 0.593750 1.000000
vt 0.383337 0.050447
vt 0.562500 1.000000
vt 0.341844 0.028269
vt 0.531250 1.000000
vt 0.296822 0.014612
vt 0.500000 1.000000
vt 0.250000 0.010000
vt 0.468750 1.000000
vt 0.203178 0.014612
vt 0.437500 1.000000
vt 0.158156 0.028269
vt 0.406250 1.000000
vt 0.116663 0.050447
vt 0.375000 1.000000
vt 0.080294 0.080294
vt 0.343750 1.000000
vt 0.050447 0.116663
vt 0.312500 1.000000
vt 0.028269 0.158156
vt 0.281250 1.000000
vt 0.014612 0.203178
vt 0.250000 1.000000
vt 0.010000 0.250000
vt 0.218750 1.000000
vt 0.014612 0.296822
vt 0.187500 1.000000
vt 0.028269 0.341844
vt 0.156250 1.000000
vt 0.050447 0.383337
vt 0.125000 1.000000
vt 0.080294 0.419706
vt 0.093750 1.000000
vt 0.116663 0.449553
vt 0.062500 1.000000
vt 0.158156 0.471731
vt 0.031250 1.000000
vt 0.203178 0.485388
vt 1.000000 0.672175
vt 0.000000 0.672175
vt 0.750000 0.452479
vt 0.998841 0.500000
vt 0.751737 0.489829
vt 0.001159 0.500000
vt 0.748263 0.489829
vt 0.999699 0.606287
vt 0.000301 0.606287
vt 0.784964 0.425775
vt 0.968750 0.672175
vt 0.789502 0.448588
vt 0.969909 0.500000
vt 0.795085 0.485559
vt 0.967591 0.500000
vt 0.798491 0.484882
vt 0.969051 0.606287
vt 0.968449 0.606287
vt 0.937500 0.672175
vt 0.827486 0.437066
vt 0.938659 0.500000
vt 0.840174 0.472238
vt 0.936341 0.500000
vt 0.843383 0.470908
vt 0.937801 0.606287
vt 0.937199 0.606286
vt 0.906250 0.672175
vt 0.862491 0.418355
vt 0.907409 0.500000
vt 0.881798 0.450375
vt 0.905091 0.500000
vt 0.884686 0.448446
vt 0.906551 0.606286
vt 0.905949 0.606286
vt 0.875000 0.672175
vt 0.893174 0.393174
vt 0.876159 0.500000
vt 0.918357 0.420813
vt 0.873841 0.500000
vt 0.920813 0.418357
vt 0.875301 0.606286
vt 0.874699 0.606286
vt 0.899015 0.349569
vt 0.843750 0.672175
vt 0.918355 0.362491
vt 0.844909 0.500000
vt 0.948446 0.384686
vt 0.842591 0.500000
vt 0.950375 0.381798
vt 0.844051 0.606287
vt 0.843449 0.606287
vt 0.812500 0.672175
vt 0.937066 0.327485
vt 0.813659 0.500000
vt 0.970909 0.343383
vt 0.811341 0.500000
vt 0.972238 0.340174
vt 0.812801 0.606286
vt 0.812199 0.606287
vt 0.781250 0.672175
vt 0.948588 0.289502
vt 0.782409 0.500000
vt 0.984882 0.298491
vt 0.780091 0.500000
vt 0.985560 0.295085
vt 0.781551 0.606287
vt 0.780949 0.606287
vt 0.929219 0.250000
vt 0.750000 0.672175
vt 0.952479 0.250000
vt 0.751159 0.500000
vt 0.989829 0.251737
vt 0.748841 0.500000
vt 0.989829 0.248263
vt 0.750301 0.606287
vt 0.749699 0.606287
vt 0.718750 0.672175
vt 0.948588 0.210499
vt 0.719909 0.500000
vt 0.985560 0.204915
vt 0.717591 0.500000
vt 0.984882 0.201509
vt 0.719051 0.606287
vt 0.718449 0.606287
vt 0.915576 0.181416
vt 0.687500 0.672175
vt 0.937066 0.172515
vt 0.688659 0.500000
vt 0.972238 0.159826
vt 0.686341 0.500000
vt 0.970909 0.156617
vt 0.687801 0.606287
vt 0.687199 0.606286
vt 0.656250 0.672175
vt 0.918355 0.137509
vt 0.657409 0.500000
vt 0.950375 0.118202
vt 0.655091 0.500000
vt 0.948446 0.115314
vt 0.656551 0.606286
vt 0.655949 0.606286
vt 0.625000 0.672175
vt 0.893174 0.106826
vt 0.626159 0.500000
vt 0.920813 0.081643
vt 0.623841 0.500000
vt 0.918357 0.079187
vt 0.625301 0.606286
vt 0.624699 0.606286
vt 0.593750 0.672175
vt 0.862491 0.081645
vt 0.594909 0.500000
vt 0.884686 0.051554
vt 0.592591 0.500000
vt 0.881798 0.049625
vt 0.594051 0.606286
vt 0.593449 0.606286
vt 0.818584 0.084424
vt 0.562500 0.672175
vt 0.827486 0.062934
vt 0.563659 0.500000
vt 0.843383 0.029092
vt 0.561341 0.500000
vt 0.840174 0.027762
vt 0.562801 0.606287
vt 0.562199 0.606287
vt 0.531250 0.672175
vt 0.789502 0.051412
vt 0.532409 0.500000
vt 0.798491 0.015118
vt 0.530091 0.500000
vt 0.795085 0.014441
vt 0.531551 0.606287
vt 0.530949 0.606287
vt 0.750000 0.070781
vt 0.500000 0.672175
vt 0.750000 0.047521
vt 0.501159 0.500000
vt 0.751737 0.010171
vt 0.498841 0.500000
vt 0.748263 0.010171
vt 0.500301 0.606287
vt 0.499699 0.606287
vt 0.468750 0.672175
vt 0.710499 0.051412
vt 0.469909 0.500000
vt 0.704915 0.014441
vt 0.467591 0.500000
vt 0.701509 0.015118
vt 0.469051 0.606287
vt 0.468449 0.606287
vt 0.437500 0.672175
vt 0.672514 0.062934
vt 0.438659 0.500000
vt 0.659826 0.027762
vt 0.436341 0.500000
vt 0.656617 0.029092
vt 0.437801 0.606287
vt 0.437199 0.606286
vt 0.650432 0.100985
vt 0.406250 0.672175
vt 0.637509 0.081645
vt 0.407409 0.500000
vt 0.618202 0.049625
vt 0.405091 0.500000
vt 0.615314 0.051554
vt 0.406551 0.606287
vt 0.405949 0.606286
vt 0.375000 0.672175
vt 0.606826 0.106826
vt 0.376159 0.500000
vt 0.581643 0.079187
vt 0.373841 0.500000
vt 0.579187 0.081643
vt 0.375301 0.606286
vt 0.374699 0.606286
vt 0.600985 0.150431
vt 0.343750 0.672175
vt 0.581645 0.137509
vt 0.344909 0.500000
vt 0.551554 0.115314
vt 0.342591 0.500000
vt 0.549625 0.118202
vt 0.344051 0.606287
vt 0.343449 0.606287
vt 0.312500 0.672175
vt 0.562934 0.172515
vt 0.313659 0.500000
vt 0.529092 0.156617
vt 0.311341 0.500000
vt 0.527762 0.159826
vt 0.312801 0.606286
vt 0.312199 0.606287
vt 0.281250 0.672175
vt 0.551412 0.210498
vt 0.282409 0.500000
vt 0.515118 0.201509
vt 0.280091 0.500000
vt 0.514441 0.204915
vt 0.281551 0.606287
vt 0.280949 0.606287
vt 0.570781 0.250000
vt 0.250000 0.672175
vt 0.547521 0.250000
vt 0.251159 0.500000
vt 0.510171 0.248263
vt 0.248841 0.500000
vt 0.510171 0.251737
vt 0.250301 0.606287
vt 0.249699 0.606287
vt 0.218750 0.672175
vt 0.551412 0.289502
vt 0.219909 0.500000
vt 0.514440 0.295085
vt 0.217591 0.500000
vt 0.515118 0.298492
vt 0.219051 0.606287
vt 0.218449 0.606287
vt 0.584423 0.318584
vt 0.187500 0.672175
vt 0.562934 0.327485
vt 0.188659 0.500000
vt 0.527762 0.340174
vt 0.186341 0.500000
vt 0.529092 0.343383
vt 0.187801 0.606287
vt 0.187199 0.606286
vt 0.156250 0.672175
vt 0.581645 0.362491
vt 0.157409 0.500000
vt 0.549625 0.381798
vt 0.155091 0.500000
vt 0.551554 0.384686
vt 0.156551 0.606286
vt 0.155949 0.606286
vt 0.125000 0.672175
vt 0.606826 0.393174
vt 0.126159 0.500000
vt 0.579187 0.418357
vt 0.123841 0.500000
vt 0.581643 0.420813
vt 0.125301 0.606286
vt 0.124699 0.606286
vt 0.650432 0.399015
vt 0.093750 0.672175
vt 0.637509 0.418355
vt 0.094909 0.500000
vt 0.615314 0.448446
vt 0.092591 0.500000
vt 0.618202 0.450375
vt 0.094051 0.606286
vt 0.093449 0.606286
vt 0.062500 0.672175
vt 0.672514 0.437066
vt 0.063659 0.500000
vt 0.656617 0.470908
vt 0.061341 0.500000
vt 0.659826 0.472238
vt 0.062801 0.606287
vt 0.062199 0.606287
vt 0.031250 0.672175
vt 0.710499 0.448588
vt 0.032409 0.500000
vt 0.701509 0.484882
vt 0.030091 0.500000
vt 0.704915 0.485559
vt 0.031551 0.606287
vt 0.030949 0.606287
vt 0.000000 1.000000
vt 0.250000 0.490000
vt 1.000000 1.000000
vt 0.296822 0.485388
vt 0.968750 1.000000
vt 0.341844 0.471731
vt 0.937500 1.000000
vt 0.906250 1.000000
vt 0.383337 0.449553
vt 0.875000 1.000000
vt 0.419706 0.419706
vt 0.843750 1.000000
vt 0.449553 0.383337
vt 0.812500 1.000000
vt 0.471731 0.341844
vt 0.781250 1.000000
vt 0.485388 0.296822
vt 0.750000 1.000000
vt 0.490000 0.250000
vt 0.718750 1.000000
vt 0.485388 0.203178
vt 0.687500 1.000000
vt 0.471731 0.158156
vt 0.656250 1.000000
vt 0.449553 0.116663
vt 0.625000 1.000000
vt 0.419706 0.080294
vt 0.593750 1.000000
vt 0.383337 0.050447
vt 0.562500 1.000000
vt 0.341844 0.028269
vt 0.531250 1.000000
vt 0.296822 0.014612
vt 0.500000 1.000000
vt 0.250000 0.010000
vt 0.468750 1.000000
vt 0.203178 0.014612
vt 0.437500 1.000000
vt 0.158156 0.028269
vt 0.406250 1.000000
vt 0.116663 0.050447
vt 0.375000 1.000000
vt 0.080294 0.080294
vt 0.343750 1.000000
vt 0.050447 0.116663
vt 0.312500 1.000000
vt 0.028269 0.158156
vt 0.281250 1.000000
vt 0.014612 0.203178
vt 0.250000 1.000000
vt 0.010000 0.250000
vt 0.218750 1.000000
vt 0.014612 0.296822
vt 0.187500 1.000000
vt 0.028269 0.341844
vt 0.156250 1.000000
vt 0.050447 0.383337
vt 0.125000 1.000000
vt 0.080294 0.419706
vt 0.093750 1.000000
vt 0.116663 0.449553
vt 0.062500 1.000000
vt 0.158156 0.471731
vt 0.031250 1.000000
vt 0.203178 0.485388
vt 1.000000 0.672175
vt 0.000000 0.672175
vt 0.750000 0.452479
vt 0.998841 0.500000
vt 0.751737 0.489829
vt 0.001159 0.500000
vt 0.748263 0.489829
vt 0.999699 0.606287
vt 0.000301 0.606287
vt 0.784964 0.425775
vt 0.968750 0.672175
vt 0.789502 0.448588
vt 0.969909 0.500000
vt 0.795085 0.485559
vt 0.967591 0.500000
vt 0.798491 0.484882
vt 0.969051 0.606287
vt 0.968449 0.606287
vt 0.937500 0.672175
vt 0.827486 0.437066
vt 0.938659 0.500000
vt 0.840174 0.472238
vt 0.936341 0.500000
vt 0.843383 0.470908
vt 0.937801 0.606287
vt 0.937199 0.606286
vt 0.906250 0.672175
vt 0.862491 0.418355
vt 0.907409 0.500000
vt 0.881798 0.450375
vt 0.905091 0.500000
vt 0.884686 0.448446
vt 0.906551 0.606286
vt 0.905949 0.606286
vt 0.875000 0.672175
vt 0.893174 0.393174
vt 0.876159 0.500000
vt 0.918357 0.420813
vt 0.873841 0.500000
vt 0.920813 0.418357
vt 0.875301 0.606286
vt 0.874699 0.606286
vt 0.899015 0.349569
vt 0.843750 0.672175
vt 0.918355 0.362491
vt 0.844909 0.500000
vt 0.948446 0.384686
vt 0.842591 0.500000
vt 0.950375 0.381798
vt 0.844051 0.606287
vt 0.843449 0.606287
vt 0.812500 0.672175
vt 0.937066 0.327485
vt 0.813659 0.500000
vt 0.970909 0.343383
vt 0.811341 0.500000
vt 0.972238 0.340174
vt 0.812801 0.606286
vt 0.812199 0.606287
vt 0.781250 0.672175
vt 0.948588 0.289502
vt 0.782409 0.500000
vt 0.984882 0.298491
vt 0.780091 0.500000
vt 0.985560 0.295085
vt 0.781551 0.606287
vt 0.780949 0.606287
vt 0.929219 0.250000
vt 0.750000 0.672175
vt 0.952479 0.250000
vt 0.751159 0.500000
vt 0.989829 0.251737
vt 0.748841 0.500000
vt 0.989829 0.248263
vt 0.750301 0.606287
vt 0.749699 0.606287
vt 0.718750 0.672175
vt 0.948588 0.210499
vt 0.719909 0.500000
vt 0.985560 0.204915
vt 0.717591 0.500000
vt 0.984882 0.201509
vt 0.719051 0.606287
vt 0.718449 0.606287
vt 0.915576 0.181416
vt 0.687500 0.672175
vt 0.937066 0.172515
vt 0.688659 0.500000
vt 0.972238 0.159826
vt 0.686341 0.500000
vt 0.970909 0.156617
vt 0.687801 0.606287
vt 0.687199 0.606286
vt 0.656250 0.672175
vt 0.918355 0.137509
vt 0.657409 0.500000
vt 0.950375 0.118202
vt 0.655091 0.500000
vt 0.948446 0.115314
vt 0.656551 0.606286
vt 0.655949 0.606286
vt 0.625000 0.672175
vt 0.893174 0.106826
vt 0.626159 0.500000
vt 0.920813 0.081643
vt 0.623841 0.500000
vt 0.918357 0.079187
vt 0.625301 0.606286
vt 0.624699 0.606286
vt 0.593750 0.672175
vt 0.862491 0.081645
vt 0.594909 0.500000
vt 0.884686 0.051554
vt 0.592591 0.500000
vt 0.881798 0.049625
vt 0.594051 0.606286
vt 0.593449 0.606286
vt 0.818584 0.084424
vt 0.562500 0.672175
vt 0.827486 0.062934
vt 0.563659 0.500000
vt 0.843383 0.029092
vt 0.561341 0.500000
vt 0.840174 0.027762
vt 0.562801 0.606287
vt 0.562199 0.606287
vt 0.531250 0.672175
vt 0.789502 0.051412
vt 0.532409 0.500000
vt 0.798491 0.015118
vt 0.530091 0.500000
vt 0.795085 0.014441
vt 0.531551 0.606287
vt 0.530949 0.606287
vt 0.750000 0.070781
vt 0.500000 0.672175
vt 0.750000 0.047521
vt 0.501159 0.500000
vt 0.751737 0.010171
vt 0.498841 0.500000
vt 0.748263 0.010171
vt 0.500301 0.606287
vt 0.499699 0.606287
vt 0.468750 0.672175
vt 0.710499 0.051412
vt 0.469909 0.500000
vt 0.704915 0.014441
vt 0.467591 0.500000
vt 0.701509 0.015118
vt 0.469051 0.606287
vt 0.468449 0.606287
vt 0.437500 0.672175
vt 0.672514 0.062934
vt 0.438659 0.500000
vt 0.659826 0.027762
vt 0.436341 0.500000
vt 0.656617 0.029092
vt 0.437801 0.606287
vt 0.437199 0.606286
vt 0.650432 0.100985
vt 0.406250 0.672175
vt 0.637509 0.081645
vt 0.407409 0.500000
vt 0.618202 0.049625
vt 0.405091 0.500000
vt 0.615314 0.051554
vt 0.406551 0.606287
vt 0.405949 0.606286
vt 0.375000 0.672175
vt 0.606826 0.106826
vt 0.376159 0.500000
vt 0.581643 0.079187
vt 0.373841 0.500000
vt 0.579187 0.081643
vt 0.375301 0.606286
vt 0.374699 0.606286
vt 0.600985 0.150431
vt 0.343750 0.672175
vt 0.581645 0.137509
vt 0.344909 0.500000
vt 0.551554 0.115314
vt 0.342591 0.500000
vt 0.549625 0.118202
vt 0.344051 0.606287
vt 0.343449 0.606287
vt 0.312500 0.672175
vt 0.562934 0.172515
vt 0.313659 0.500000
vt 0.529092 0.156617
vt 0.311341 0.500000
vt 0.527762 0.159826
vt 0.312801 0.606286
vt 0.312199 0.606287
vt 0.281250 0.672175
vt 0.551412 0.210498
vt 0.282409 0.500000
vt 0.515118 0.201509
vt 0.280091 0.500000
vt 0.514441 0.204915
vt 0.281551 0.606287
vt 0.280949 0.606287
vt 0.570781 0.250000
vt 0.250000 0.672175
vt 0.547521 0.250000
vt 0.251159 0.500000
vt 0.510171 0.248263
vt 0.248841 0.500000
vt 0.510171 0.251737
vt 0.250301 0.606287
vt 0.249699 0.606287
vt 0.218750 0.672175
vt 0.551412 0.289502
vt 0.219909 0.500000
vt 0.514440 0.295085
vt 0.217591 0.500000
vt 0.515118 0.298492
vt 0.219051 0.606287
vt 0.218449 0.606287
vt 0.584423 0.318584
vt 0.187500 0.672175
vt 0.562934 0.327485
vt 0.188659 0.500000
vt 0.527762 0.340174
vt 0.186341 0.500000
vt 0.529092 0.343383
vt 0.187801 0.606287
vt 0.187199 0.606286
vt 0.156250 0.672175
vt 0.581645 0.362491
vt 0.157409 0.500000
vt 0.549625 0.381798
vt 0.155091 0.500000
vt 0.551554 0.384686
vt 0.156551 0.606286
vt 0.155949 0.606286
vt 0.125000 0.672175
vt 0.606826 0.393174
vt 0.126159 0.500000
vt 0.579187 0.418357
vt 0.123841 0.500000
vt 0.581643 0.420813
vt 0.125301 0.606286
vt 0.124699 0.606286
vt 0.650432 0.399015
vt 0.093750 0.672175
vt 0.637509 0.418355
vt 0.094909 0.500000
vt 0.615314 0.448446
vt 0.092591 0.500000
vt 0.618202 0.450375
vt 0.094051 0.606286
vt 0.093449 0.606286
vt 0.062500 0.672175
vt 0.672514 0.437066
vt 0.063659 0.500000
vt 0.656617 0.470908
vt 0.061341 0.500000
vt 0.659826 0.472238
vt 0.062801 0.606287
vt 0.062199 0.606287
vt 0.031250 0.672175
vt 0.710499 0.448588
vt 0.032409 0.500000
vt 0.701509 0.484882
vt 0.030091 0.500000
vt 0.704915 0.485559
vt 0.031551 0.606287
vt 0.030949 0.606287
vt 0.000000 1.000000
vt 0.250000 0.490000
vt 1.000000 1.000000
vt 0.296822 0.485388
vt 0.968750 1.000000
vt 0.341844 0.471731
vt 0.937500 1.000000
vt 0.906250 1.000000
vt 0.383337 0.449553
vt 0.875000 1.000000
vt 0.419706 0.419706
vt 0.843750 1.000000
vt 0.449553 0.383337
vt 0.812500 1.000000
vt 0.471731 0.341844
vt 0.781250 1.000000
vt 0.485388 0.296822
vt 0.750000 1.000000
vt 0.490000 0.250000
vt 0.718750 1.000000
vt 0.485388 0.203178
vt 0.687500 1.000000
vt 0.471731 0.158156
vt 0.656250 1.000000
vt 0.449553 0.116663
vt 0.625000 1.000000
vt 0.419706 0.080294
vt 0.593750 1.000000
vt 0.383337 0.050447
vt 0.562500 1.000000
vt 0.341844 0.028269
vt 0.531250 1.000000
vt 0.296822 0.014612
vt 0.500000 1.000000
vt 0.250000 0.010000
vt 0.468750 1.000000
vt 0.203178 0.014612
vt 0.437500 1.000000
vt 0.158156 0.028269
vt 0.406250 1.000000
vt 0.116663 0.050447
vt 0.375000 1.000000
vt 0.080294 0.080294
vt 0.343750 1.000000
vt 0.050447 0.116663
vt 0.312500 1.000000
vt 0.028269 0.158156
vt 0.281250 1.000000
vt 0.014612 0.203178
vt 0.250000 1.000000
vt 0.010000 0.250000
vt 0.218750 1.000000
vt 0.014612 0.296822
vt 0.187500 1.000000
vt 0.028269 0.341844
vt 0.156250 1.000000
vt 0.050447 0.383337
vt 0.125000 1.000000
vt 0.080294 0.419706
vt 0.093750 1.000000
vt 0.116663 0.449553
vt 0.062500 1.000000
vt 0.158156 0.471731
vt 0.031250 1.000000
vt 0.203178 0.485388
vt 1.000000 0.672175
vt 0.000000 0.672175
vt 0.750000 0.452479
vt 0.998841 0.500000
vt 0.751737 0.489829
vt 0.001159 0.500000
vt 0.748263 0.489829
vt 0.999699 0.606287
vt 0.000301 0.606287
vt 0.784964 0.425775
vt 0.968750 0.672175
vt 0.789502 0.448588
vt 0.969909 0.500000
vt 0.795085 0.485559
vt 0.967591 0.500000
vt 0.798491 0.484882
vt 0.969051 0.606287
vt 0.968449 0.606287
vt 0.937500 0.672175
vt 0.827486 0.437066
vt 0.938659 0.500000
vt 0.840174 0.472238
vt 0.936341 0.500000
vt 0.843383 0.470908
vt 0.937801 0.606287
vt 0.937199 0.606286
vt 0.906250 0.672175
vt 0.862491 0.418355
vt 0.907409 0.500000
vt 0.881798 0.450375
vt 0.905091 0.500000
vt 0.884686 0.448446
vt 0.906551 0.606286
vt 0.905949 0.606286
vt 0.875000 0.672175
vt 0.893174 0.393174
vt 0.876159 0.500000
vt 0.918357 0.420813
vt 0.873841 0.500000
vt 0.920813 0.418357
vt 0.875301 0.606286
vt 0.874699 0.606286
vt 0.899015 0.349569
vt 0.843750 0.672175
vt 0.918355 0.362491
vt 0.844909 0.500000
vt 0.948446 0.384686
vt 0.842591 0.500000
vt 0.950375 0.381798
vt 0.844051 0.606287
vt 0.843449 0.606287
vt 0.812500 0.672175
vt 0.937066 0.327485
vt 0.813659 0.500000
vt 0.970909 0.343383
vt 0.811341 0.500000
vt 0.972238 0.340174
vt 0.812801 0.606286
vt 0.812199 0.606287
vt 0.781250 0.672175
vt 0.948588 0.289502
vt 0.782409 0.500000
vt 0.984882 0.298491
vt 0.780091 0.500000
vt 0.985560 0.295085
vt 0.781551 0.606287
vt 0.780949 0.606287
vt 0.929219 0.250000
vt 0.750000 0.672175
vt 0.952479 0.250000
vt 0.751159 0.500000
vt 0.989829 0.251737
vt 0.748841 0.500000
vt 0.989829 0.248263
vt 0.750301 0.606287
vt 0.749699 0.606287
vt 0.718750 0.672175
vt 0.948588 0.210499
vt 0.719909 0.500000
vt 0.985560 0.204915
vt 0.717591 0.500000
vt 0.984882 0.201509
vt 0.719051 0.606287
vt 0.718449 0.606287
vt 0.915576 0.181416
vt 0.687500 0.672175
vt 0.937066 0.172515
vt 0.688659 0.500000
vt 0.972238 0.159826
vt 0.686341 0.500000
vt 0.970909 0.156617
vt 0.687801 0.606287
vt 0.687199 0.606286
vt 0.656250 0.672175
vt 0.918355 0.137509
vt 0.657409 0.500000
vt 0.950375 0.118202
vt 0.655091 0.500000
vt 0.948446 0.115314
vt 0.656551 0.606286
vt 0.655949 0.606286
vt 0.625000 0.672175
vt 0.893174 0.106826
vt 0.626159 0.500000
vt 0.920813 0.081643
vt 0.623841 0.500000
vt 0.918357 0.079187
vt 0.625301 0.606286
vt 0.624699 0.606286
vt 0.593750 0.672175
vt 0.862491 0.081645
vt 0.594909 0.500000
vt 0.884686 0.051554
vt 0.592591 0.500000
vt 0.881798 0.049625
vt 0.594051 0.606286
vt 0.593449 0.606286
vt 0.818584 0.084424
vt 0.562500 0.672175
vt 0.827486 0.062934
vt 0.563659 0.500000
vt 0.843383 0.029092
vt 0.561341 0.500000
vt 0.840174 0.027762
vt 0.562801 0.606287
vt 0.562199 0.606287
vt 0.531250 0.672175
vt 0.789502 0.051412
vt 0.532409 0.500000
vt 0.798491 0.015118
vt 0.530091 0.500000
vt 0.795085 0.014441
vt 0.531551 0.606287
vt 0.530949 0.606287
vt 0.750000 0.070781
vt 0.500000 0.672175
vt 0.750000 0.047521
vt 0.501159 0.500000
vt 0.751737 0.010171
vt 0.498841 0.500000
vt 0.748263 0.010171
vt 0.500301 0.606287
vt 0.499699 0.606287
vt 0.468750 0.672175
vt 0.710499 0.051412
vt 0.469909 0.500000
vt 0.704915 0.014441
vt 0.467591 0.500000
vt 0.701509 0.015118
vt 0.469051 0.606287
vt 0.468449 0.606287
vt 0.437500 0.672175
vt 0.672514 0.062934
vt 0.438659 0.500000
vt 0.659826 0.027762
vt 0.436341 0.500000
vt 0.656617 0.029092
vt 0.437801 0.606287
vt 0.437199 0.606286
vt 0.650432 0.100985
vt 0.406250 0.672175
vt 0.637509 0.081645
vt 0.407409 0.500000
vt 0.618202 0.049625
vt 0.405091 0.500000
vt 0.615314 0.051554
vt 0.406551 0.606287
vt 0.405949 0.606286
vt 0.375000 0.672175
vt 0.606826 0.106826
vt 0.376159 0.500000
vt 0.581643 0.079187
vt 0.373841 0.500000
vt 0.579187 0.081643
vt 0.375301 0.606286
vt 0.374699 0.606286
vt 0.600985 0.150431
vt 0.343750 0.672175
vt 0.581645 0.137509
vt 0.344909 0.500000
vt 0.551554 0.115314
vt 0.342591 0.500000
vt 0.549625 0.118202
vt 0.344051 0.606287
vt 0.343449 0.606287
vt 0.312500 0.672175
vt 0.562934 0.172515
vt 0.313659 0.500000
vt 0.529092 0.156617
vt 0.311341 0.500000
vt 0.527762 0.159826
vt 0.312801 0.606286
vt 0.312199 0.606287
vt 0.281250 0.672175
vt 0.551412 0.210498
vt 0.282409 0.500000
vt 0.515118 0.201509
vt 0.280091 0.500000
vt 0.514441 0.204915
vt 0.281551 0.606287
vt 0.280949 0.606287
vt 0.570781 0.250000
vt 0.250000 0.672175
vt 0.547521 0.250000
vt 0.251159 0.500000
vt 0.510171 0.248263
vt 0.248841 0.500000
vt 0.510171 0.251737
vt 0.250301 0.606287
vt 0.249699 0.606287
vt 0.218750 0.672175
vt 0.551412 0.289502
vt 0.219909 0.500000
vt 0.514440 0.295085
vt 0.217591 0.500000
vt 0.515118 0.298492
vt 0.219051 0.606287
vt 0.218449 0.606287
vt 0.584423 0.318584
vt 0.187500 0.672175
vt 0.562934 0.327485
vt 0.188659 0.500000
vt 0.527762 0.340174
vt 0.186341 0.500000
vt 0.529092 0.343383
vt 0.187801 0.606287
vt 0.187199 0.606286
vt 0.156250 0.672175
vt 0.581645 0.362491
vt 0.157409 0.500000
vt 0.549625 0.381798
vt 0.155091 0.500000
vt 0.551554 0.384686
vt 0.156551 0.606286
vt 0.155949 0.606286
vt 0.125000 0.672175
vt 0.606826 0.393174
vt 0.126159 0.500000
vt 0.579187 0.418357
vt 0.123841 0.500000
vt 0.581643 0.420813
vt 0.125301 0.606286
vt 0.124699 0.606286
vt 0.650432 0.399015
vt 0.093750 0.672175
vt 0.637509 0.418355
vt 0.094909 0.500000
vt 0.615314 0.448446
vt 0.092591 0.500000
vt 0.618202 0.450375
vt 0.094051 0.606286
vt 0.093449 0.606286
vt 0.062500 0.672175
vt 0.672514 0.437066
vt 0.063659 0.500000
vt 0.656617 0.470908
vt 0.061341 0.500000
vt 0.659826 0.472238
vt 0.062801 0.606287
vt 0.062199 0.606287
vt 0.031250 0.672175
vt 0.710499 0.448588
vt 0.032409 0.500000
vt 0.701509 0.484882
vt 0.030091 0.500000
vt 0.704915 0.485559
vt 0.031551 0.606287
vt 0.030949 0.606287
vt 0.000000 1.000000
vt 0.250000 0.490000
vt 1.000000 1.000000
vt 0.296822 0.485388
vt 0.968750 1.000000
vt 0.341844 0.471731
vt 0.937500 1.000000
vt 0.906250 1.000000
vt 0.383337 0.449553
vt 0.875000 1.000000
vt 0.419706 0.419706
vt 0.843750 1.000000
vt 0.449553 0.383337
vt 0.812500 1.000000
vt 0.471731 0.341844
vt 0.781250 1.000000
vt 0.485388 0.296822
vt 0.750000 1.000000
vt 0.490000 0.250000
vt 0.718750 1.000000
vt 0.485388 0.203178
vt 0.687500 1.000000
vt 0.471731 0.158156
vt 0.656250 1.000000
vt 0.449553 0.116663
vt 0.625000 1.000000
vt 0.419706 0.080294
vt 0.593750 1.000000
vt 0.383337 0.050447
vt 0.562500 1.000000
vt 0.341844 0.028269
vt 0.531250 1.000000
vt 0.296822 0.014612
vt 0.500000 1.000000
vt 0.250000 0.010000
vt 0.468750 1.000000
vt 0.203178 0.014612
vt 0.437500 1.000000
vt 0.158156 0.028269
vt 0.406250 1.000000
vt 0.116663 0.050447
vt 0.375000 1.000000
vt 0.080294 0.080294
vt 0.343750 1.000000
vt 0.050447 0.116663
vt 0.312500 1.000000
vt 0.028269 0.158156
vt 0.281250 1.000000
vt 0.014612 0.203178
vt 0.250000 1.000000
vt 0.010000 0.250000
vt 0.218750 1.000000
vt 0.014612 0.296822
vt 0.187500 1.000000
vt 0.028269 0.341844
vt 0.156250 1.000000
vt 0.050447 0.383337
vt 0.125000 1.000000
vt 0.080294 0.419706
vt 0.093750 1.000000
vt 0.116663 0.449553
vt 0.062500 1.000000
vt 0.158156 0.471731
vt 0.031250 1.000000
vt 0.203178 0.485388
vt 1.000000 0.672175
vt 0.000000 0.672175
vt 0.750000 0.452479
vt 0.998841 0.500000
vt 0.751737 0.489829
vt 0.001159 0.500000
vt 0.748263 0.489829
vt 0.999699 0.606287
vt 0.000301 0.606287
vt 0.784964 0.425775
vt 0.968750 0.672175
vt 0.789502 0.448588
vt 0.969909 0.500000
vt 0.795085 0.485559
vt 0.967591 0.500000
vt 0.798491 0.484882
vt 0.969051 0.606287
vt 0.968449 0.606287
vt 0.937500 0.672175
vt 0.827486 0.437066
vt 0.938659 0.500000
vt 0.840174 0.472238
vt 0.936341 0.500000
vt 0.843383 0.470908
vt 0.937801 0.606287
vt 0.937199 0.606286
vt 0.906250 0.672175
vt 0.862491 0.418355
vt 0.907409 0.500000
vt 0.881798 0.450375
vt 0.905091 0.500000
vt 0.884686 0.448446
vt 0.906551 0.606286
vt 0.905949 0.606286
vt 0.875000 0.672175
vt 0.893174 0.393174
vt 0.876159 0.500000
vt 0.918357 0.420813
vt 0.873841 0.500000
vt 0.920813 0.418357
vt 0.875301 0.606286
vt 0.874699 0.606286
vt 0.899015 0.349569
vt 0.843750 0.672175
vt 0.918355 0.362491
vt 0.844909 0.500000
vt 0.948446 0.384686
vt 0.842591 0.500000
vt 0.950375 0.381798
vt 0.844051 0.606287
vt 0.843449 0.606287
vt 0.812500 0.672175
vt 0.937066 0.327485
vt 0.813659 0.500000
vt 0.970909 0.343383
vt 0.811341 0.500000
vt 0.972238 0.340174
vt 0.812801 0.606286
vt 0.812199 0.606287
vt 0.781250 0.672175
vt 0.948588 0.289502
vt 0.782409 0.500000
vt 0.984882 0.298491
vt 0.780091 0.500000
vt 0.985560 0.295085
vt 0.781551 0.606287
vt 0.780949 0.606287
vt 0.929219 0.250000
vt 0.750000 0.672175
vt 0.952479 0.250000
vt 0.751159 0.500000
vt 0.989829 0.251737
vt 0.748841 0.500000
vt 0.989829 0.248263
vt 0.750301 0.606287
vt 0.749699 0.606287
vt 0.718750 0.672175
vt 0.948588 0.210499
vt 0.719909 0.500000
vt 0.985560 0.204915
vt 0.717591 0.500000
vt 0.984882 0.201509
vt 0.719051 0.606287
vt 0.718449 0.606287
vt 0.915576 0.181416
vt 0.687500 0.672175
vt 0.937066 0.172515
vt 0.688659 0.500000
vt 0.972238 0.159826
vt 0.686341 0.500000
vt 0.970909 0.156617
vt 0.687801 0.606287
vt 0.687199 0.606286
vt 0.656250 0.672175
vt 0.918355 0.137509
vt 0.657409 0.500000
vt 0.950375 0.118202
vt 0.655091 0.500000
vt 0.948446 0.115314
vt 0.656551 0.606286
vt 0.655949 0.606286
vt 0.625000 0.672175
vt 0.893174 0.106826
vt 0.626159 0.500000
vt 0.920813 0.081643
vt 0.623841 0.500000
vt 0.918357 0.079187
vt 0.625301 0.606286
vt 0.624699 0.606286
vt 0.593750 0.672175
vt 0.862491 0.081645
vt 0.594909 0.500000
vt 0.884686 0.051554
vt 0.592591 0.500000
vt 0.881798 0.049625
vt 0.594051 0.606286
vt 0.593449 0.606286
vt 0.818584 0.084424
vt 0.562500 0.672175
vt 0.827486 0.062934
vt 0.563659 0.500000
vt 0.843383 0.029092
vt 0.561341 0.500000
vt 0.840174 0.027762
vt 0.562801 0.606287
vt 0.562199 0.606287
vt 0.531250 0.672175
vt 0.789502 0.051412
vt 0.532409 0.500000
vt 0.798491 0.015118
vt 0.530091 0.500000
vt 0.795085 0.014441
vt 0.531551 0.606287
vt 0.530949 0.606287
vt 0.750000 0.070781
vt 0.500000 0.672175
vt 0.750000 0.047521
vt 0.501159 0.500000
vt 0.751737 0.010171
vt 0.498841 0.500000
vt 0.748263 0.010171
vt 0.500301 0.606287
vt 0.499699 0.606287
vt 0.468750 0.672175
vt 0.710499 0.051412
vt 0.469909 0.500000
vt 0.704915 0.014441
vt 0.467591 0.500000
vt 0.701509 0.015118
vt 0.469051 0.606287
vt 0.468449 0.606287
vt 0.437500 0.672175
vt 0.672514 0.062934
vt 0.438659 0.500000
vt 0.659826 0.027762
vt 0.436341 0.500000
vt 0.656617 0.029092
vt 0.437801 0.606287
vt 0.437199 0.606286
vt 0.650432 0.100985
vt 0.406250 0.672175
vt 0.637509 0.081645
vt 0.407409 0.500000
vt 0.618202 0.049625
vt 0.405091 0.500000
vt 0.615314 0.051554
vt 0.406551 0.606287
vt 0.405949 0.606286
vt 0.375000 0.672175
vt 0.606826 0.106826
vt 0.376159 0.500000
vt 0.581643 0.079187
vt 0.373841 0.500000
vt 0.579187 0.081643
vt 0.375301 0.606286
vt 0.374699 0.606286
vt 0.600985 0.150431
vt 0.343750 0.672175
vt 0.581645 0.137509
vt 0.344909 0.500000
vt 0.551554 0.115314
vt 0.342591 0.500000
vt 0.549625 0.118202
vt 0.344051 0.606287
vt 0.343449 0.606287
vt 0.312500 0.672175
vt 0.562934 0.172515
vt 0.313659 0.500000
vt 0.529092 0.156617
vt 0.311341 0.500000
vt 0.527762 0.159826
vt 0.312801 0.606286
vt 0.312199 0.606287
vt 0.281250 0.672175
vt 0.551412 0.210498
vt 0.282409 0.500000
vt 0.515118 0.201509
vt 0.280091 0.500000
vt 0.514441 0.204915
vt 0.281551 0.606287
vt 0.280949 0.606287
vt 0.570781 0.250000
vt 0.250000 0.672175
vt 0.547521 0.250000
vt 0.251159 0.500000
vt 0.510171 0.248263
vt 0.248841 0.500000
vt 0.510171 0.251737
vt 0.250301 0.606287
vt 0.249699 0.606287
vt 0.218750 0.672175
vt 0.551412 0.289502
vt 0.219909 0.500000
vt 0.514440 0.295085
vt 0.217591 0.500000
vt 0.515118 0.298492
vt 0.219051 0.606287
vt 0.218449 0.606287
vt 0.584423 0.318584
vt 0.187500 0.672175
vt 0.562934 0.327485
vt 0.188659 0.500000
vt 0.527762 0.340174
vt 0.186341 0.500000
vt 0.529092 0.343383
vt 0.187801 0.606287
vt 0.187199 0.606286
vt 0.156250 0.672175
vt 0.581645 0.362491
vt 0.157409 0.500000
vt 0.549625 0.381798
vt 0.155091 0.500000
vt 0.551554 0.384686
vt 0.156551 0.606286
vt 0.155949 0.606286
vt 0.125000 0.672175
vt 0.606826 0.393174
vt 0.126159 0.500000
vt 0.579187 0.418357
vt 0.123841 0.500000
vt 0.581643 0.420813
vt 0.125301 0.606286
vt 0.124699 0.606286
vt 0.650432 0.399015
vt 0.093750 0.672175
vt 0.637509 0.418355
vt 0.094909 0.500000
vt 0.615314 0.448446
vt 0.092591 0.500000
vt 0.618202 0.450375
vt 0.094051 0.606286
vt 0.093449 0.606286
vt 0.062500 0.672175
vt 0.672514 0.437066
vt 0.063659 0.500000
vt 0.656617 0.470908
vt 0.061341 0.500000
vt 0.659826 0.472238
vt 0.062801 0.606287
vt 0.062199 0.606287
vt 0.031250 0.672175
vt 0.710499 0.448588
vt 0.032409 0.500000
vt 0.701509 0.484882
vt 0.030091 0.500000
vt 0.704915 0.485559
vt 0.031551 0.606287
vt 0.030949 0.606287
s 1
usemtl blue.001
f 3109/3676/2640 2973/3414/2641 2942/3351/2642 2974/3417/2643
f 2983/3434/2644 2944/3357/2645 2945/3358/2646 2987/3442/2647
f 2987/3442/2647 2945/3358/2646 2946/3360/2648 2991/3450/2649
f 2991/3450/2649 2946/3360/2648 2947/3362/2650 2996/3459/2651
f 2996/3459/2651 2947/3362/2650 2948/3364/2652 3000/3467/2653
f 3000/3467/2653 2948/3364/2652 2949/3366/2654 3004/3475/2655
f 3004/3475/2655 2949/3366/2654 2950/3368/2656 3009/3484/2657
f 3009/3484/2657 2950/3368/2656 2951/3370/2658 3013/3492/2659
f 3013/3492/2659 2951/3370/2658 2952/3372/2660 3018/3501/2661
f 3018/3501/2661 2952/3372/2660 2953/3374/2662 3022/3509/2663
f 3022/3509/2663 2953/3374/2662 2954/3376/2664 3026/3517/2665
f 3026/3517/2665 2954/3376/2664 2955/3378/2666 3030/3525/2667
f 3030/3525/2667 2955/3378/2666 2956/3380/2668 3035/3534/2669
f 3035/3534/2669 2956/3380/2668 2957/3382/2670 3039/3542/2671
f 3039/3542/2671 2957/3382/2670 2958/3384/2672 3044/3551/2673
f 3044/3551/2673 2958/3384/2672 2959/3386/2674 3048/3559/2675
f 3048/3559/2675 2959/3386/2674 2960/3388/2676 3052/3567/2677
f 3052/3567/2677 2960/3388/2676 2961/3390/2678 3057/3576/2679
f 3057/3576/2679 2961/3390/2678 2962/3392/2680 3061/3584/2681
f 3061/3584/2681 2962/3392/2680 2963/3394/2682 3066/3593/2683
f 3066/3593/2683 2963/3394/2682 2964/3396/2684 3070/3601/2685
f 3070/3601/2685 2964/3396/2684 2965/3398/2686 3074/3609/2687
f 3074/3609/2687 2965/3398/2686 2966/3400/2688 3079/3618/2689
f 3079/3618/2689 2966/3400/2688 2967/3402/2690 3083/3626/2691
f 3083/3626/2691 2967/3402/2690 2968/3404/2692 3088/3635/2693
f 3088/3635/2693 2968/3404/2692 2969/3406/2694 3092/3643/2695
f 3092/3643/2695 2969/3406/2694 2970/3408/2696 3096/3651/2697
f 3096/3651/2697 2970/3408/2696 2971/3410/2698 3101/3660/2699
f 3101/3660/2699 2971/3410/2698 2972/3412/2700 3105/3668/2701
f 3105/3668/2701 2972/3412/2700 2973/3414/2641 3109/3676/2640
f 2943/3354/2702 2942/3352/2702 2973/3415/2702 2972/3413/2702 2971/3411/2702 2970/3409/2702 2969/3407/2702 2968/3405/2702 2967/3403/2702 2966/3401/2702 2965/3399/2702 2964/3397/2702 2963/3395/2702 2962/3393/2702 2961/3391/2702 2960/3389/2702 2959/3387/2702 2958/3385/2702 2957/3383/2702 2956/3381/2702 2955/3379/2702 2954/3377/2702 2953/3375/2702 2952/3373/2702 2951/3371/2702 2950/3369/2702 2949/3367/2702 2948/3365/2702 2947/3363/2702 2946/3361/2702 2945/3359/2702 2944/3356/2702
f 2979/3426/2703 2943/3355/2704 2944/3357/2645 2983/3434/2644
f 2974/3416/2643 2942/3353/2642 2943/3355/2704 2979/3426/2703
f 2974/3416/2643 2979/3426/2703 2982/3432/2705 2977/3423/2706
f 2977/3423/2706 2982/3432/2705 2981/3428/2707 2976/3419/2708
f 2976/3420/2708 2981/3429/2707 2980/3427/2709 2975/3418/2710
f 2979/3426/2703 2983/3434/2644 2986/3440/2711 2982/3433/2705
f 2982/3433/2705 2986/3440/2711 2985/3436/2712 2981/3430/2707
f 2981/3431/2707 2985/3437/2712 2984/3435/2713 2980/3427/2709
f 2983/3434/2644 2987/3442/2647 2990/3448/2714 2986/3441/2711
f 2986/3441/2711 2990/3448/2714 2989/3444/2715 2985/3438/2712
f 2985/3439/2712 2989/3445/2715 2988/3443/2716 2984/3435/2713
f 2987/3442/2647 2991/3450/2649 2994/3456/2717 2990/3449/2714
f 2990/3449/2714 2994/3456/2717 2993/3452/2718 2989/3446/2715
f 2989/3447/2715 2993/3453/2718 2992/3451/2719 2988/3443/2716
f 3062/3585/2720 3067/3594/2721 3065/3592/2722 3056/3575/2723 3058/3577/2724
f 2991/3450/2649 2996/3459/2651 2999/3465/2725 2994/3457/2717
f 2994/3457/2717 2999/3465/2725 2998/3461/2726 2993/3454/2718
f 2993/3455/2718 2998/3462/2726 2997/3460/2727 2992/3451/2719
f 2996/3459/2651 3000/3467/2653 3003/3473/2728 2999/3466/2725
f 2999/3466/2725 3003/3473/2728 3002/3469/2729 2998/3463/2726
f 2998/3464/2726 3002/3470/2729 3001/3468/2730 2997/3460/2727
f 3014/3493/2731 3019/3502/2732 3017/3500/2733 3008/3483/2734 3010/3485/2735
f 3000/3467/2653 3004/3475/2655 3007/3481/2736 3003/3474/2728
f 3003/3474/2728 3007/3481/2736 3006/3477/2737 3002/3471/2729
f 3002/3472/2729 3006/3478/2737 3005/3476/2738 3001/3468/2730
f 3004/3475/2655 3009/3484/2657 3012/3490/2739 3007/3482/2736
f 3007/3482/2736 3012/3490/2739 3011/3486/2740 3006/3479/2737
f 3006/3480/2737 3011/3487/2740 3010/3485/2735 3005/3476/2738
f 3097/3652/2741 3102/3661/2742 3100/3659/2743 3087/3634/2744 3089/3636/2745 3093/3644/2746
f 3009/3484/2657 3013/3492/2659 3016/3498/2747 3012/3491/2739
f 3012/3491/2739 3016/3498/2747 3015/3494/2748 3011/3488/2740
f 3011/3489/2740 3015/3495/2748 3014/3493/2731 3010/3485/2735
f 3013/3492/2659 3018/3501/2661 3021/3507/2749 3016/3499/2747
f 3016/3499/2747 3021/3507/2749 3020/3503/2750 3015/3496/2748
f 3015/3497/2748 3020/3504/2750 3019/3502/2732 3014/3493/2731
f 3018/3501/2661 3022/3509/2663 3025/3515/2751 3021/3508/2749
f 3021/3508/2749 3025/3515/2751 3024/3511/2752 3020/3505/2750
f 3020/3506/2750 3024/3512/2752 3023/3510/2753 3019/3502/2732
f 3075/3610/2754 3080/3619/2755 3078/3617/2756 3065/3592/2722 3067/3594/2721 3071/3602/2757
f 3022/3509/2663 3026/3517/2665 3029/3523/2758 3025/3516/2751
f 3025/3516/2751 3029/3523/2758 3028/3519/2759 3024/3513/2752
f 3024/3514/2752 3028/3520/2759 3027/3518/2760 3023/3510/2753
f 3026/3517/2665 3030/3525/2667 3033/3531/2761 3029/3524/2758
f 3029/3524/2758 3033/3531/2761 3032/3527/2762 3028/3521/2759
f 3028/3522/2759 3032/3528/2762 3031/3526/2763 3027/3518/2760
f 3030/3525/2667 3035/3534/2669 3038/3540/2764 3033/3532/2761
f 3033/3532/2761 3038/3540/2764 3037/3536/2765 3032/3529/2762
f 3032/3530/2762 3037/3537/2765 3036/3535/2766 3031/3526/2763
f 3035/3534/2669 3039/3542/2671 3042/3548/2767 3038/3541/2764
f 3038/3541/2764 3042/3548/2767 3041/3544/2768 3037/3538/2765
f 3037/3539/2765 3041/3545/2768 3040/3543/2769 3036/3535/2766
f 3039/3542/2671 3044/3551/2673 3047/3557/2770 3042/3549/2767
f 3042/3549/2767 3047/3557/2770 3046/3553/2771 3041/3546/2768
f 3041/3547/2768 3046/3554/2771 3045/3552/2772 3040/3543/2769
f 3044/3551/2673 3048/3559/2675 3051/3565/2773 3047/3558/2770
f 3047/3558/2770 3051/3565/2773 3050/3561/2774 3046/3555/2771
f 3046/3556/2771 3050/3562/2774 3049/3560/2775 3045/3552/2772
f 2984/3435/2713 2988/3443/2716 2992/3451/2719 2997/3460/2727 2995/3458/2776 2978/3425/2777 2980/3427/2709
f 3048/3559/2675 3052/3567/2677 3055/3573/2778 3051/3566/2773
f 3051/3566/2773 3055/3573/2778 3054/3569/2779 3050/3563/2774
f 3050/3564/2774 3054/3570/2779 3053/3568/2780 3049/3560/2775
f 3084/3627/2781 3089/3636/2745 3087/3634/2744 3078/3617/2756 3080/3619/2755
f 3052/3567/2677 3057/3576/2679 3060/3582/2782 3055/3574/2778
f 3055/3574/2778 3060/3582/2782 3059/3578/2783 3054/3571/2779
f 3054/3572/2779 3059/3579/2783 3058/3577/2724 3053/3568/2780
f 3057/3576/2679 3061/3584/2681 3064/3590/2784 3060/3583/2782
f 3060/3583/2782 3064/3590/2784 3063/3586/2785 3059/3580/2783
f 3059/3581/2783 3063/3587/2785 3062/3585/2720 3058/3577/2724
f 3061/3584/2681 3066/3593/2683 3069/3599/2786 3064/3591/2784
f 3064/3591/2784 3069/3599/2786 3068/3595/2787 3063/3588/2785
f 3063/3589/2785 3068/3596/2787 3067/3594/2721 3062/3585/2720
f 3066/3593/2683 3070/3601/2685 3073/3607/2788 3069/3600/2786
f 3069/3600/2786 3073/3607/2788 3072/3603/2789 3068/3597/2787
f 3068/3598/2787 3072/3604/2789 3071/3602/2757 3067/3594/2721
f 3001/3468/2730 3005/3476/2738 3010/3485/2735 3008/3483/2734 2995/3458/2776 2997/3460/2727
f 3070/3601/2685 3074/3609/2687 3077/3615/2790 3073/3608/2788
f 3073/3608/2788 3077/3615/2790 3076/3611/2791 3072/3605/2789
f 3072/3606/2789 3076/3612/2791 3075/3610/2754 3071/3602/2757
f 3040/3543/2769 3045/3552/2772 3043/3550/2792 3034/3533/2793 3036/3535/2766
f 3074/3609/2687 3079/3618/2689 3082/3624/2794 3077/3616/2790
f 3077/3616/2790 3082/3624/2794 3081/3620/2795 3076/3613/2791
f 3076/3614/2791 3081/3621/2795 3080/3619/2755 3075/3610/2754
f 3079/3618/2689 3083/3626/2691 3086/3632/2796 3082/3625/2794
f 3082/3625/2794 3086/3632/2796 3085/3628/2797 3081/3622/2795
f 3081/3623/2795 3085/3629/2797 3084/3627/2781 3080/3619/2755
f 3083/3626/2691 3088/3635/2693 3091/3641/2798 3086/3633/2796
f 3086/3633/2796 3091/3641/2798 3090/3637/2799 3085/3630/2797
f 3085/3631/2797 3090/3638/2799 3089/3636/2745 3084/3627/2781
f 3088/3635/2693 3092/3643/2695 3095/3649/2800 3091/3642/2798
f 3091/3642/2798 3095/3649/2800 3094/3645/2801 3090/3639/2799
f 3090/3640/2799 3094/3646/2801 3093/3644/2746 3089/3636/2745
f 3053/3568/2780 3058/3577/2724 3056/3575/2723 3043/3550/2792 3045/3552/2772 3049/3560/2775
f 3092/3643/2695 3096/3651/2697 3099/3657/2802 3095/3650/2800
f 3095/3650/2800 3099/3657/2802 3098/3653/2803 3094/3647/2801
f 3094/3648/2801 3098/3654/2803 3097/3652/2741 3093/3644/2746
f 3110/3677/2804 2975/3418/2710 2980/3427/2709 2978/3425/2777 3100/3659/2743 3102/3661/2742 3106/3669/2805
f 3096/3651/2697 3101/3660/2699 3104/3666/2806 3099/3658/2802
f 3099/3658/2802 3104/3666/2806 3103/3662/2807 3098/3655/2803
f 3098/3656/2803 3103/3663/2807 3102/3661/2742 3097/3652/2741
f 3101/3660/2699 3105/3668/2701 3108/3674/2808 3104/3667/2806
f 3104/3667/2806 3108/3674/2808 3107/3670/2809 3103/3664/2807
f 3103/3665/2807 3107/3671/2809 3106/3669/2805 3102/3661/2742
f 3105/3668/2701 3109/3676/2640 3112/3682/2810 3108/3675/2808
f 3108/3675/2808 3112/3682/2810 3111/3678/2811 3107/3672/2809
f 3107/3673/2809 3111/3679/2811 3110/3677/2804 3106/3669/2805
f 3109/3676/2640 2974/3417/2643 2977/3424/2706 3112/3683/2810
f 3112/3683/2810 2977/3424/2706 2976/3421/2708 3111/3680/2811
f 3111/3681/2811 2976/3422/2708 2975/3418/2710 3110/3677/2804
f 2978/3425/2777 2995/3458/2776 3008/3483/2734 3017/3500/2733 3034/3533/2793 3043/3550/2792 3056/3575/2723 3065/3592/2722 3078/3617/2756 3087/3634/2744 3100/3659/2743
f 3023/3510/2753 3027/3518/2760 3031/3526/2763 3036/3535/2766 3034/3533/2793 3017/3500/2733 3019/3502/2732
f 3280/4009/2640 3144/3747/2641 3113/3684/2642 3145/3750/2643
f 3154/3767/2644 3115/3690/2645 3116/3691/2646 3158/3775/2647
f 3158/3775/2647 3116/3691/2646 3117/3693/2648 3162/3783/2649
f 3162/3783/2649 3117/3693/2648 3118/3695/2650 3167/3792/2651
f 3167/3792/2651 3118/3695/2650 3119/3697/2652 3171/3800/2653
f 3171/3800/2653 3119/3697/2652 3120/3699/2654 3175/3808/2655
f 3175/3808/2655 3120/3699/2654 3121/3701/2656 3180/3817/2657
f 3180/3817/2657 3121/3701/2656 3122/3703/2658 3184/3825/2659
f 3184/3825/2659 3122/3703/2658 3123/3705/2660 3189/3834/2661
f 3189/3834/2661 3123/3705/2660 3124/3707/2662 3193/3842/2663
f 3193/3842/2663 3124/3707/2662 3125/3709/2664 3197/3850/2665
f 3197/3850/2665 3125/3709/2664 3126/3711/2666 3201/3858/2667
f 3201/3858/2667 3126/3711/2666 3127/3713/2668 3206/3867/2669
f 3206/3867/2669 3127/3713/2668 3128/3715/2670 3210/3875/2671
f 3210/3875/2671 3128/3715/2670 3129/3717/2672 3215/3884/2673
f 3215/3884/2673 3129/3717/2672 3130/3719/2674 3219/3892/2675
f 3219/3892/2675 3130/3719/2674 3131/3721/2676 3223/3900/2677
f 3223/3900/2677 3131/3721/2676 3132/3723/2678 3228/3909/2679
f 3228/3909/2679 3132/3723/2678 3133/3725/2680 3232/3917/2681
f 3232/3917/2681 3133/3725/2680 3134/3727/2682 3237/3926/2683
f 3237/3926/2683 3134/3727/2682 3135/3729/2684 3241/3934/2685
f 3241/3934/2685 3135/3729/2684 3136/3731/2686 3245/3942/2687
f 3245/3942/2687 3136/3731/2686 3137/3733/2688 3250/3951/2689
f 3250/3951/2689 3137/3733/2688 3138/3735/2690 3254/3959/2691
f 3254/3959/2691 3138/3735/2690 3139/3737/2692 3259/3968/2693
f 3259/3968/2693 3139/3737/2692 3140/3739/2694 3263/3976/2695
f 3263/3976/2695 3140/3739/2694 3141/3741/2696 3267/3984/2697
f 3267/3984/2697 3141/3741/2696 3142/3743/2698 3272/3993/2699
f 3272/3993/2699 3142/3743/2698 3143/3745/2700 3276/4001/2701
f 3276/4001/2701 3143/3745/2700 3144/3747/2641 3280/4009/2640
f 3114/3687/2702 3113/3685/2702 3144/3748/2702 3143/3746/2702 3142/3744/2702 3141/3742/2702 3140/3740/2702 3139/3738/2702 3138/3736/2702 3137/3734/2702 3136/3732/2702 3135/3730/2702 3134/3728/2702 3133/3726/2702 3132/3724/2702 3131/3722/2702 3130/3720/2702 3129/3718/2702 3128/3716/2702 3127/3714/2702 3126/3712/2702 3125/3710/2702 3124/3708/2702 3123/3706/2702 3122/3704/2702 3121/3702/2702 3120/3700/2702 3119/3698/2702 3118/3696/2702 3117/3694/2702 3116/3692/2702 3115/3689/2702
f 3150/3759/2703 3114/3688/2704 3115/3690/2645 3154/3767/2644
f 3145/3749/2643 3113/3686/2642 3114/3688/2704 3150/3759/2703
f 3145/3749/2643 3150/3759/2703 3153/3765/2705 3148/3756/2706
f 3148/3756/2706 3153/3765/2705 3152/3761/2707 3147/3752/2708
f 3147/3753/2708 3152/3762/2707 3151/3760/2709 3146/3751/2710
f 3150/3759/2703 3154/3767/2644 3157/3773/2711 3153/3766/2705
f 3153/3766/2705 3157/3773/2711 3156/3769/2712 3152/3763/2707
f 3152/3764/2707 3156/3770/2712 3155/3768/2713 3151/3760/2709
f 3154/3767/2644 3158/3775/2647 3161/3781/2714 3157/3774/2711
f 3157/3774/2711 3161/3781/2714 3160/3777/2715 3156/3771/2712
f 3156/3772/2712 3160/3778/2715 3159/3776/2716 3155/3768/2713
f 3158/3775/2647 3162/3783/2649 3165/3789/2717 3161/3782/2714
f 3161/3782/2714 3165/3789/2717 3164/3785/2718 3160/3779/2715
f 3160/3780/2715 3164/3786/2718 3163/3784/2719 3159/3776/2716
f 3233/3918/2720 3238/3927/2721 3236/3925/2722 3227/3908/2723 3229/3910/2724
f 3162/3783/2649 3167/3792/2651 3170/3798/2725 3165/3790/2717
f 3165/3790/2717 3170/3798/2725 3169/3794/2726 3164/3787/2718
f 3164/3788/2718 3169/3795/2726 3168/3793/2727 3163/3784/2719
f 3167/3792/2651 3171/3800/2653 3174/3806/2728 3170/3799/2725
f 3170/3799/2725 3174/3806/2728 3173/3802/2729 3169/3796/2726
f 3169/3797/2726 3173/3803/2729 3172/3801/2730 3168/3793/2727
f 3185/3826/2731 3190/3835/2732 3188/3833/2733 3179/3816/2734 3181/3818/2735
f 3171/3800/2653 3175/3808/2655 3178/3814/2736 3174/3807/2728
f 3174/3807/2728 3178/3814/2736 3177/3810/2737 3173/3804/2729
f 3173/3805/2729 3177/3811/2737 3176/3809/2738 3172/3801/2730
f 3175/3808/2655 3180/3817/2657 3183/3823/2739 3178/3815/2736
f 3178/3815/2736 3183/3823/2739 3182/3819/2740 3177/3812/2737
f 3177/3813/2737 3182/3820/2740 3181/3818/2735 3176/3809/2738
f 3268/3985/2741 3273/3994/2742 3271/3992/2743 3258/3967/2744 3260/3969/2745 3264/3977/2746
f 3180/3817/2657 3184/3825/2659 3187/3831/2747 3183/3824/2739
f 3183/3824/2739 3187/3831/2747 3186/3827/2748 3182/3821/2740
f 3182/3822/2740 3186/3828/2748 3185/3826/2731 3181/3818/2735
f 3184/3825/2659 3189/3834/2661 3192/3840/2749 3187/3832/2747
f 3187/3832/2747 3192/3840/2749 3191/3836/2750 3186/3829/2748
f 3186/3830/2748 3191/3837/2750 3190/3835/2732 3185/3826/2731
f 3189/3834/2661 3193/3842/2663 3196/3848/2751 3192/3841/2749
f 3192/3841/2749 3196/3848/2751 3195/3844/2752 3191/3838/2750
f 3191/3839/2750 3195/3845/2752 3194/3843/2753 3190/3835/2732
f 3246/3943/2754 3251/3952/2755 3249/3950/2756 3236/3925/2722 3238/3927/2721 3242/3935/2757
f 3193/3842/2663 3197/3850/2665 3200/3856/2758 3196/3849/2751
f 3196/3849/2751 3200/3856/2758 3199/3852/2759 3195/3846/2752
f 3195/3847/2752 3199/3853/2759 3198/3851/2760 3194/3843/2753
f 3197/3850/2665 3201/3858/2667 3204/3864/2761 3200/3857/2758
f 3200/3857/2758 3204/3864/2761 3203/3860/2762 3199/3854/2759
f 3199/3855/2759 3203/3861/2762 3202/3859/2763 3198/3851/2760
f 3201/3858/2667 3206/3867/2669 3209/3873/2764 3204/3865/2761
f 3204/3865/2761 3209/3873/2764 3208/3869/2765 3203/3862/2762
f 3203/3863/2762 3208/3870/2765 3207/3868/2766 3202/3859/2763
f 3206/3867/2669 3210/3875/2671 3213/3881/2767 3209/3874/2764
f 3209/3874/2764 3213/3881/2767 3212/3877/2768 3208/3871/2765
f 3208/3872/2765 3212/3878/2768 3211/3876/2769 3207/3868/2766
f 3210/3875/2671 3215/3884/2673 3218/3890/2770 3213/3882/2767
f 3213/3882/2767 3218/3890/2770 3217/3886/2771 3212/3879/2768
f 3212/3880/2768 3217/3887/2771 3216/3885/2772 3211/3876/2769
f 3215/3884/2673 3219/3892/2675 3222/3898/2773 3218/3891/2770
f 3218/3891/2770 3222/3898/2773 3221/3894/2774 3217/3888/2771
f 3217/3889/2771 3221/3895/2774 3220/3893/2775 3216/3885/2772
f 3155/3768/2713 3159/3776/2716 3163/3784/2719 3168/3793/2727 3166/3791/2776 3149/3758/2777 3151/3760/2709
f 3219/3892/2675 3223/3900/2677 3226/3906/2778 3222/3899/2773
f 3222/3899/2773 3226/3906/2778 3225/3902/2779 3221/3896/2774
f 3221/3897/2774 3225/3903/2779 3224/3901/2780 3220/3893/2775
f 3255/3960/2781 3260/3969/2745 3258/3967/2744 3249/3950/2756 3251/3952/2755
f 3223/3900/2677 3228/3909/2679 3231/3915/2782 3226/3907/2778
f 3226/3907/2778 3231/3915/2782 3230/3911/2783 3225/3904/2779
f 3225/3905/2779 3230/3912/2783 3229/3910/2724 3224/3901/2780
f 3228/3909/2679 3232/3917/2681 3235/3923/2784 3231/3916/2782
f 3231/3916/2782 3235/3923/2784 3234/3919/2785 3230/3913/2783
f 3230/3914/2783 3234/3920/2785 3233/3918/2720 3229/3910/2724
f 3232/3917/2681 3237/3926/2683 3240/3932/2786 3235/3924/2784
f 3235/3924/2784 3240/3932/2786 3239/3928/2787 3234/3921/2785
f 3234/3922/2785 3239/3929/2787 3238/3927/2721 3233/3918/2720
f 3237/3926/2683 3241/3934/2685 3244/3940/2788 3240/3933/2786
f 3240/3933/2786 3244/3940/2788 3243/3936/2789 3239/3930/2787
f 3239/3931/2787 3243/3937/2789 3242/3935/2757 3238/3927/2721
f 3172/3801/2730 3176/3809/2738 3181/3818/2735 3179/3816/2734 3166/3791/2776 3168/3793/2727
f 3241/3934/2685 3245/3942/2687 3248/3948/2790 3244/3941/2788
f 3244/3941/2788 3248/3948/2790 3247/3944/2791 3243/3938/2789
f 3243/3939/2789 3247/3945/2791 3246/3943/2754 3242/3935/2757
f 3211/3876/2769 3216/3885/2772 3214/3883/2792 3205/3866/2793 3207/3868/2766
f 3245/3942/2687 3250/3951/2689 3253/3957/2794 3248/3949/2790
f 3248/3949/2790 3253/3957/2794 3252/3953/2795 3247/3946/2791
f 3247/3947/2791 3252/3954/2795 3251/3952/2755 3246/3943/2754
f 3250/3951/2689 3254/3959/2691 3257/3965/2796 3253/3958/2794
f 3253/3958/2794 3257/3965/2796 3256/3961/2797 3252/3955/2795
f 3252/3956/2795 3256/3962/2797 3255/3960/2781 3251/3952/2755
f 3254/3959/2691 3259/3968/2693 3262/3974/2798 3257/3966/2796
f 3257/3966/2796 3262/3974/2798 3261/3970/2799 3256/3963/2797
f 3256/3964/2797 3261/3971/2799 3260/3969/2745 3255/3960/2781
f 3259/3968/2693 3263/3976/2695 3266/3982/2800 3262/3975/2798
f 3262/3975/2798 3266/3982/2800 3265/3978/2801 3261/3972/2799
f 3261/3973/2799 3265/3979/2801 3264/3977/2746 3260/3969/2745
f 3224/3901/2780 3229/3910/2724 3227/3908/2723 3214/3883/2792 3216/3885/2772 3220/3893/2775
f 3263/3976/2695 3267/3984/2697 3270/3990/2802 3266/3983/2800
f 3266/3983/2800 3270/3990/2802 3269/3986/2803 3265/3980/2801
f 3265/3981/2801 3269/3987/2803 3268/3985/2741 3264/3977/2746
f 3281/4010/2804 3146/3751/2710 3151/3760/2709 3149/3758/2777 3271/3992/2743 3273/3994/2742 3277/4002/2805
f 3267/3984/2697 3272/3993/2699 3275/3999/2806 3270/3991/2802
f 3270/3991/2802 3275/3999/2806 3274/3995/2807 3269/3988/2803
f 3269/3989/2803 3274/3996/2807 3273/3994/2742 3268/3985/2741
f 3272/3993/2699 3276/4001/2701 3279/4007/2808 3275/4000/2806
f 3275/4000/2806 3279/4007/2808 3278/4003/2809 3274/3997/2807
f 3274/3998/2807 3278/4004/2809 3277/4002/2805 3273/3994/2742
f 3276/4001/2701 3280/4009/2640 3283/4015/2810 3279/4008/2808
f 3279/4008/2808 3283/4015/2810 3282/4011/2811 3278/4005/2809
f 3278/4006/2809 3282/4012/2811 3281/4010/2804 3277/4002/2805
f 3280/4009/2640 3145/3750/2643 3148/3757/2706 3283/4016/2810
f 3283/4016/2810 3148/3757/2706 3147/3754/2708 3282/4013/2811
f 3282/4014/2811 3147/3755/2708 3146/3751/2710 3281/4010/2804
f 3149/3758/2777 3166/3791/2776 3179/3816/2734 3188/3833/2733 3205/3866/2793 3214/3883/2792 3227/3908/2723 3236/3925/2722 3249/3950/2756 3258/3967/2744 3271/3992/2743
f 3194/3843/2753 3198/3851/2760 3202/3859/2763 3207/3868/2766 3205/3866/2793 3188/3833/2733 3190/3835/2732
f 3451/4342/2812 3316/4083/2813 3284/4017/2814 3315/4080/2815
f 3325/4100/2816 3329/4108/2817 3287/4024/2818 3286/4023/2819
f 3329/4108/2817 3333/4116/2820 3288/4026/2821 3287/4024/2818
f 3333/4116/2820 3338/4125/2822 3289/4028/2823 3288/4026/2821
f 3338/4125/2822 3342/4133/2824 3290/4030/2825 3289/4028/2823
f 3342/4133/2824 3346/4141/2826 3291/4032/2827 3290/4030/2825
f 3346/4141/2826 3351/4150/2828 3292/4034/2829 3291/4032/2827
f 3351/4150/2828 3355/4158/2830 3293/4036/2831 3292/4034/2829
f 3355/4158/2830 3360/4167/2832 3294/4038/2833 3293/4036/2831
f 3360/4167/2832 3364/4175/2834 3295/4040/2835 3294/4038/2833
f 3364/4175/2834 3368/4183/2836 3296/4042/2837 3295/4040/2835
f 3368/4183/2836 3372/4191/2838 3297/4044/2839 3296/4042/2837
f 3372/4191/2838 3377/4200/2840 3298/4046/2841 3297/4044/2839
f 3377/4200/2840 3381/4208/2842 3299/4048/2843 3298/4046/2841
f 3381/4208/2842 3386/4217/2844 3300/4050/2845 3299/4048/2843
f 3386/4217/2844 3390/4225/2846 3301/4052/2847 3300/4050/2845
f 3390/4225/2846 3394/4233/2848 3302/4054/2849 3301/4052/2847
f 3394/4233/2848 3399/4242/2850 3303/4056/2851 3302/4054/2849
f 3399/4242/2850 3403/4250/2852 3304/4058/2853 3303/4056/2851
f 3403/4250/2852 3408/4259/2854 3305/4060/2855 3304/4058/2853
f 3408/4259/2854 3412/4267/2856 3306/4062/2857 3305/4060/2855
f 3412/4267/2856 3416/4275/2858 3307/4064/2859 3306/4062/2857
f 3416/4275/2858 3421/4284/2860 3308/4066/2861 3307/4064/2859
f 3421/4284/2860 3425/4292/2862 3309/4068/2863 3308/4066/2861
f 3425/4292/2862 3430/4301/2864 3310/4070/2865 3309/4068/2863
f 3430/4301/2864 3434/4309/2866 3311/4072/2867 3310/4070/2865
f 3434/4309/2866 3438/4317/2868 3312/4074/2869 3311/4072/2867
f 3438/4317/2868 3443/4326/2870 3313/4076/2871 3312/4074/2869
f 3443/4326/2870 3447/4334/2872 3314/4078/2873 3313/4076/2871
f 3447/4334/2872 3451/4342/2812 3315/4080/2815 3314/4078/2873
f 3285/4020/2874 3286/4022/2874 3287/4025/2874 3288/4027/2874 3289/4029/2874 3290/4031/2874 3291/4033/2874 3292/4035/2874 3293/4037/2874 3294/4039/2874 3295/4041/2874 3296/4043/2874 3297/4045/2874 3298/4047/2874 3299/4049/2874 3300/4051/2874 3301/4053/2874 3302/4055/2874 3303/4057/2874 3304/4059/2874 3305/4061/2874 3306/4063/2874 3307/4065/2874 3308/4067/2874 3309/4069/2874 3310/4071/2874 3311/4073/2874 3312/4075/2874 3313/4077/2874 3314/4079/2874 3315/4081/2874 3284/4018/2874
f 3321/4092/2875 3325/4100/2816 3286/4023/2819 3285/4021/2876
f 3316/4082/2813 3321/4092/2875 3285/4021/2876 3284/4019/2814
f 3316/4082/2813 3319/4089/2877 3324/4098/2878 3321/4092/2875
f 3319/4089/2877 3318/4085/2879 3323/4094/2880 3324/4098/2878
f 3318/4086/2879 3317/4084/2881 3322/4093/2882 3323/4095/2880
f 3321/4092/2875 3324/4099/2878 3328/4106/2883 3325/4100/2816
f 3324/4099/2878 3323/4096/2880 3327/4102/2884 3328/4106/2883
f 3323/4097/2880 3322/4093/2882 3326/4101/2885 3327/4103/2884
f 3325/4100/2816 3328/4107/2883 3332/4114/2886 3329/4108/2817
f 3328/4107/2883 3327/4104/2884 3331/4110/2887 3332/4114/2886
f 3327/4105/2884 3326/4101/2885 3330/4109/2888 3331/4111/2887
f 3329/4108/2817 3332/4115/2886 3336/4122/2889 3333/4116/2820
f 3332/4115/2886 3331/4112/2887 3335/4118/2890 3336/4122/2889
f 3331/4113/2887 3330/4109/2888 3334/4117/2891 3335/4119/2890
f 3404/4251/2892 3400/4243/2893 3398/4241/2894 3407/4258/2895 3409/4260/2896
f 3333/4116/2820 3336/4123/2889 3341/4131/2897 3338/4125/2822
f 3336/4123/2889 3335/4120/2890 3340/4127/2898 3341/4131/2897
f 3335/4121/2890 3334/4117/2891 3339/4126/2899 3340/4128/2898
f 3338/4125/2822 3341/4132/2897 3345/4139/2900 3342/4133/2824
f 3341/4132/2897 3340/4129/2898 3344/4135/2901 3345/4139/2900
f 3340/4130/2898 3339/4126/2899 3343/4134/2902 3344/4136/2901
f 3356/4159/2903 3352/4151/2904 3350/4149/2905 3359/4166/2906 3361/4168/2907
f 3342/4133/2824 3345/4140/2900 3349/4147/2908 3346/4141/2826
f 3345/4140/2900 3344/4137/2901 3348/4143/2909 3349/4147/2908
f 3344/4138/2901 3343/4134/2902 3347/4142/2910 3348/4144/2909
f 3346/4141/2826 3349/4148/2908 3354/4156/2911 3351/4150/2828
f 3349/4148/2908 3348/4145/2909 3353/4152/2912 3354/4156/2911
f 3348/4146/2909 3347/4142/2910 3352/4151/2904 3353/4153/2912
f 3439/4318/2913 3435/4310/2914 3431/4302/2915 3429/4300/2916 3442/4325/2917 3444/4327/2918
f 3351/4150/2828 3354/4157/2911 3358/4164/2919 3355/4158/2830
f 3354/4157/2911 3353/4154/2912 3357/4160/2920 3358/4164/2919
f 3353/4155/2912 3352/4151/2904 3356/4159/2903 3357/4161/2920
f 3355/4158/2830 3358/4165/2919 3363/4173/2921 3360/4167/2832
f 3358/4165/2919 3357/4162/2920 3362/4169/2922 3363/4173/2921
f 3357/4163/2920 3356/4159/2903 3361/4168/2907 3362/4170/2922
f 3360/4167/2832 3363/4174/2921 3367/4181/2923 3364/4175/2834
f 3363/4174/2921 3362/4171/2922 3366/4177/2924 3367/4181/2923
f 3362/4172/2922 3361/4168/2907 3365/4176/2925 3366/4178/2924
f 3417/4276/2926 3413/4268/2927 3409/4260/2896 3407/4258/2895 3420/4283/2928 3422/4285/2929
f 3364/4175/2834 3367/4182/2923 3371/4189/2930 3368/4183/2836
f 3367/4182/2923 3366/4179/2924 3370/4185/2931 3371/4189/2930
f 3366/4180/2924 3365/4176/2925 3369/4184/2932 3370/4186/2931
f 3368/4183/2836 3371/4190/2930 3375/4197/2933 3372/4191/2838
f 3371/4190/2930 3370/4187/2931 3374/4193/2934 3375/4197/2933
f 3370/4188/2931 3369/4184/2932 3373/4192/2935 3374/4194/2934
f 3372/4191/2838 3375/4198/2933 3380/4206/2936 3377/4200/2840
f 3375/4198/2933 3374/4195/2934 3379/4202/2937 3380/4206/2936
f 3374/4196/2934 3373/4192/2935 3378/4201/2938 3379/4203/2937
f 3377/4200/2840 3380/4207/2936 3384/4214/2939 3381/4208/2842
f 3380/4207/2936 3379/4204/2937 3383/4210/2940 3384/4214/2939
f 3379/4205/2937 3378/4201/2938 3382/4209/2941 3383/4211/2940
f 3381/4208/2842 3384/4215/2939 3389/4223/2942 3386/4217/2844
f 3384/4215/2939 3383/4212/2940 3388/4219/2943 3389/4223/2942
f 3383/4213/2940 3382/4209/2941 3387/4218/2944 3388/4220/2943
f 3386/4217/2844 3389/4224/2942 3393/4231/2945 3390/4225/2846
f 3389/4224/2942 3388/4221/2943 3392/4227/2946 3393/4231/2945
f 3388/4222/2943 3387/4218/2944 3391/4226/2947 3392/4228/2946
f 3326/4101/2885 3322/4093/2882 3320/4091/2948 3337/4124/2949 3339/4126/2899 3334/4117/2891 3330/4109/2888
f 3390/4225/2846 3393/4232/2945 3397/4239/2950 3394/4233/2848
f 3393/4232/2945 3392/4229/2946 3396/4235/2951 3397/4239/2950
f 3392/4230/2946 3391/4226/2947 3395/4234/2952 3396/4236/2951
f 3426/4293/2953 3422/4285/2929 3420/4283/2928 3429/4300/2916 3431/4302/2915
f 3394/4233/2848 3397/4240/2950 3402/4248/2954 3399/4242/2850
f 3397/4240/2950 3396/4237/2951 3401/4244/2955 3402/4248/2954
f 3396/4238/2951 3395/4234/2952 3400/4243/2893 3401/4245/2955
f 3399/4242/2850 3402/4249/2954 3406/4256/2956 3403/4250/2852
f 3402/4249/2954 3401/4246/2955 3405/4252/2957 3406/4256/2956
f 3401/4247/2955 3400/4243/2893 3404/4251/2892 3405/4253/2957
f 3403/4250/2852 3406/4257/2956 3411/4265/2958 3408/4259/2854
f 3406/4257/2956 3405/4254/2957 3410/4261/2959 3411/4265/2958
f 3405/4255/2957 3404/4251/2892 3409/4260/2896 3410/4262/2959
f 3408/4259/2854 3411/4266/2958 3415/4273/2960 3412/4267/2856
f 3411/4266/2958 3410/4263/2959 3414/4269/2961 3415/4273/2960
f 3410/4264/2959 3409/4260/2896 3413/4268/2927 3414/4270/2961
f 3343/4134/2902 3339/4126/2899 3337/4124/2949 3350/4149/2905 3352/4151/2904 3347/4142/2910
f 3412/4267/2856 3415/4274/2960 3419/4281/2962 3416/4275/2858
f 3415/4274/2960 3414/4271/2961 3418/4277/2963 3419/4281/2962
f 3414/4272/2961 3413/4268/2927 3417/4276/2926 3418/4278/2963
f 3382/4209/2941 3378/4201/2938 3376/4199/2964 3385/4216/2965 3387/4218/2944
f 3416/4275/2858 3419/4282/2962 3424/4290/2966 3421/4284/2860
f 3419/4282/2962 3418/4279/2963 3423/4286/2967 3424/4290/2966
f 3418/4280/2963 3417/4276/2926 3422/4285/2929 3423/4287/2967
f 3421/4284/2860 3424/4291/2966 3428/4298/2968 3425/4292/2862
f 3424/4291/2966 3423/4288/2967 3427/4294/2969 3428/4298/2968
f 3423/4289/2967 3422/4285/2929 3426/4293/2953 3427/4295/2969
f 3425/4292/2862 3428/4299/2968 3433/4307/2970 3430/4301/2864
f 3428/4299/2968 3427/4296/2969 3432/4303/2971 3433/4307/2970
f 3427/4297/2969 3426/4293/2953 3431/4302/2915 3432/4304/2971
f 3430/4301/2864 3433/4308/2970 3437/4315/2972 3434/4309/2866
f 3433/4308/2970 3432/4305/2971 3436/4311/2973 3437/4315/2972
f 3432/4306/2971 3431/4302/2915 3435/4310/2914 3436/4312/2973
f 3395/4234/2952 3391/4226/2947 3387/4218/2944 3385/4216/2965 3398/4241/2894 3400/4243/2893
f 3434/4309/2866 3437/4316/2972 3441/4323/2974 3438/4317/2868
f 3437/4316/2972 3436/4313/2973 3440/4319/2975 3441/4323/2974
f 3436/4314/2973 3435/4310/2914 3439/4318/2913 3440/4320/2975
f 3452/4343/2976 3448/4335/2977 3444/4327/2918 3442/4325/2917 3320/4091/2948 3322/4093/2882 3317/4084/2881
f 3438/4317/2868 3441/4324/2974 3446/4332/2978 3443/4326/2870
f 3441/4324/2974 3440/4321/2975 3445/4328/2979 3446/4332/2978
f 3440/4322/2975 3439/4318/2913 3444/4327/2918 3445/4329/2979
f 3443/4326/2870 3446/4333/2978 3450/4340/2980 3447/4334/2872
f 3446/4333/2978 3445/4330/2979 3449/4336/2981 3450/4340/2980
f 3445/4331/2979 3444/4327/2918 3448/4335/2977 3449/4337/2981
f 3447/4334/2872 3450/4341/2980 3454/4348/2982 3451/4342/2812
f 3450/4341/2980 3449/4338/2981 3453/4344/2983 3454/4348/2982
f 3449/4339/2981 3448/4335/2977 3452/4343/2976 3453/4345/2983
f 3451/4342/2812 3454/4349/2982 3319/4090/2877 3316/4083/2813
f 3454/4349/2982 3453/4346/2983 3318/4087/2879 3319/4090/2877
f 3453/4347/2983 3452/4343/2976 3317/4084/2881 3318/4088/2879
f 3320/4091/2948 3442/4325/2917 3429/4300/2916 3420/4283/2928 3407/4258/2895 3398/4241/2894 3385/4216/2965 3376/4199/2964 3359/4166/2906 3350/4149/2905 3337/4124/2949
f 3365/4176/2925 3361/4168/2907 3359/4166/2906 3376/4199/2964 3378/4201/2938 3373/4192/2935 3369/4184/2932
f 3622/4675/2812 3487/4416/2813 3455/4350/2814 3486/4413/2815
f 3496/4433/2816 3500/4441/2817 3458/4357/2818 3457/4356/2819
f 3500/4441/2817 3504/4449/2820 3459/4359/2821 3458/4357/2818
f 3504/4449/2820 3509/4458/2822 3460/4361/2823 3459/4359/2821
f 3509/4458/2822 3513/4466/2824 3461/4363/2825 3460/4361/2823
f 3513/4466/2824 3517/4474/2826 3462/4365/2827 3461/4363/2825
f 3517/4474/2826 3522/4483/2828 3463/4367/2829 3462/4365/2827
f 3522/4483/2828 3526/4491/2830 3464/4369/2831 3463/4367/2829
f 3526/4491/2830 3531/4500/2832 3465/4371/2833 3464/4369/2831
f 3531/4500/2832 3535/4508/2834 3466/4373/2835 3465/4371/2833
f 3535/4508/2834 3539/4516/2836 3467/4375/2837 3466/4373/2835
f 3539/4516/2836 3543/4524/2838 3468/4377/2839 3467/4375/2837
f 3543/4524/2838 3548/4533/2840 3469/4379/2841 3468/4377/2839
f 3548/4533/2840 3552/4541/2842 3470/4381/2843 3469/4379/2841
f 3552/4541/2842 3557/4550/2844 3471/4383/2845 3470/4381/2843
f 3557/4550/2844 3561/4558/2846 3472/4385/2847 3471/4383/2845
f 3561/4558/2846 3565/4566/2848 3473/4387/2849 3472/4385/2847
f 3565/4566/2848 3570/4575/2850 3474/4389/2851 3473/4387/2849
f 3570/4575/2850 3574/4583/2852 3475/4391/2853 3474/4389/2851
f 3574/4583/2852 3579/4592/2854 3476/4393/2855 3475/4391/2853
f 3579/4592/2854 3583/4600/2856 3477/4395/2857 3476/4393/2855
f 3583/4600/2856 3587/4608/2858 3478/4397/2859 3477/4395/2857
f 3587/4608/2858 3592/4617/2860 3479/4399/2861 3478/4397/2859
f 3592/4617/2860 3596/4625/2862 3480/4401/2863 3479/4399/2861
f 3596/4625/2862 3601/4634/2864 3481/4403/2865 3480/4401/2863
f 3601/4634/2864 3605/4642/2866 3482/4405/2867 3481/4403/2865
f 3605/4642/2866 3609/4650/2868 3483/4407/2869 3482/4405/2867
f 3609/4650/2868 3614/4659/2870 3484/4409/2871 3483/4407/2869
f 3614/4659/2870 3618/4667/2872 3485/4411/2873 3484/4409/2871
f 3618/4667/2872 3622/4675/2812 3486/4413/2815 3485/4411/2873
f 3456/4353/2874 3457/4355/2874 3458/4358/2874 3459/4360/2874 3460/4362/2874 3461/4364/2874 3462/4366/2874 3463/4368/2874 3464/4370/2874 3465/4372/2874 3466/4374/2874 3467/4376/2874 3468/4378/2874 3469/4380/2874 3470/4382/2874 3471/4384/2874 3472/4386/2874 3473/4388/2874 3474/4390/2874 3475/4392/2874 3476/4394/2874 3477/4396/2874 3478/4398/2874 3479/4400/2874 3480/4402/2874 3481/4404/2874 3482/4406/2874 3483/4408/2874 3484/4410/2874 3485/4412/2874 3486/4414/2874 3455/4351/2874
f 3492/4425/2875 3496/4433/2816 3457/4356/2819 3456/4354/2876
f 3487/4415/2813 3492/4425/2875 3456/4354/2876 3455/4352/2814
f 3487/4415/2813 3490/4422/2877 3495/4431/2878 3492/4425/2875
f 3490/4422/2877 3489/4418/2879 3494/4427/2880 3495/4431/2878
f 3489/4419/2879 3488/4417/2881 3493/4426/2882 3494/4428/2880
f 3492/4425/2875 3495/4432/2878 3499/4439/2883 3496/4433/2816
f 3495/4432/2878 3494/4429/2880 3498/4435/2884 3499/4439/2883
f 3494/4430/2880 3493/4426/2882 3497/4434/2885 3498/4436/2884
f 3496/4433/2816 3499/4440/2883 3503/4447/2886 3500/4441/2817
f 3499/4440/2883 3498/4437/2884 3502/4443/2887 3503/4447/2886
f 3498/4438/2884 3497/4434/2885 3501/4442/2888 3502/4444/2887
f 3500/4441/2817 3503/4448/2886 3507/4455/2984 3504/4449/2820
f 3503/4448/2886 3502/4445/2887 3506/4451/2890 3507/4455/2984
f 3502/4446/2887 3501/4442/2888 3505/4450/2891 3506/4452/2890
f 3575/4584/2892 3571/4576/2893 3569/4574/2894 3578/4591/2895 3580/4593/2896
f 3504/4449/2820 3507/4456/2984 3512/4464/2897 3509/4458/2822
f 3507/4456/2984 3506/4453/2890 3511/4460/2898 3512/4464/2897
f 3506/4454/2890 3505/4450/2891 3510/4459/2899 3511/4461/2898
f 3509/4458/2822 3512/4465/2897 3516/4472/2900 3513/4466/2824
f 3512/4465/2897 3511/4462/2898 3515/4468/2901 3516/4472/2900
f 3511/4463/2898 3510/4459/2899 3514/4467/2902 3515/4469/2901
f 3527/4492/2903 3523/4484/2904 3521/4482/2905 3530/4499/2906 3532/4501/2907
f 3513/4466/2824 3516/4473/2900 3520/4480/2908 3517/4474/2826
f 3516/4473/2900 3515/4470/2901 3519/4476/2909 3520/4480/2908
f 3515/4471/2901 3514/4467/2902 3518/4475/2910 3519/4477/2909
f 3517/4474/2826 3520/4481/2908 3525/4489/2911 3522/4483/2828
f 3520/4481/2908 3519/4478/2909 3524/4485/2912 3525/4489/2911
f 3519/4479/2909 3518/4475/2910 3523/4484/2904 3524/4486/2912
f 3610/4651/2913 3606/4643/2914 3602/4635/2915 3600/4633/2916 3613/4658/2917 3615/4660/2918
f 3522/4483/2828 3525/4490/2911 3529/4497/2919 3526/4491/2830
f 3525/4490/2911 3524/4487/2912 3528/4493/2920 3529/4497/2919
f 3524/4488/2912 3523/4484/2904 3527/4492/2903 3528/4494/2920
f 3526/4491/2830 3529/4498/2919 3534/4506/2921 3531/4500/2832
f 3529/4498/2919 3528/4495/2920 3533/4502/2922 3534/4506/2921
f 3528/4496/2920 3527/4492/2903 3532/4501/2907 3533/4503/2922
f 3531/4500/2832 3534/4507/2921 3538/4514/2923 3535/4508/2834
f 3534/4507/2921 3533/4504/2922 3537/4510/2924 3538/4514/2923
f 3533/4505/2922 3532/4501/2907 3536/4509/2925 3537/4511/2924
f 3588/4609/2926 3584/4601/2927 3580/4593/2896 3578/4591/2895 3591/4616/2928 3593/4618/2929
f 3535/4508/2834 3538/4515/2923 3542/4522/2930 3539/4516/2836
f 3538/4515/2923 3537/4512/2924 3541/4518/2931 3542/4522/2930
f 3537/4513/2924 3536/4509/2925 3540/4517/2932 3541/4519/2931
f 3539/4516/2836 3542/4523/2930 3546/4530/2933 3543/4524/2838
f 3542/4523/2930 3541/4520/2931 3545/4526/2934 3546/4530/2933
f 3541/4521/2931 3540/4517/2932 3544/4525/2935 3545/4527/2934
f 3543/4524/2838 3546/4531/2933 3551/4539/2936 3548/4533/2840
f 3546/4531/2933 3545/4528/2934 3550/4535/2937 3551/4539/2936
f 3545/4529/2934 3544/4525/2935 3549/4534/2938 3550/4536/2937
f 3548/4533/2840 3551/4540/2936 3555/4547/2939 3552/4541/2842
f 3551/4540/2936 3550/4537/2937 3554/4543/2940 3555/4547/2939
f 3550/4538/2937 3549/4534/2938 3553/4542/2941 3554/4544/2940
f 3552/4541/2842 3555/4548/2939 3560/4556/2942 3557/4550/2844
f 3555/4548/2939 3554/4545/2940 3559/4552/2943 3560/4556/2942
f 3554/4546/2940 3553/4542/2941 3558/4551/2944 3559/4553/2943
f 3557/4550/2844 3560/4557/2942 3564/4564/2945 3561/4558/2846
f 3560/4557/2942 3559/4554/2943 3563/4560/2946 3564/4564/2945
f 3559/4555/2943 3558/4551/2944 3562/4559/2947 3563/4561/2946
f 3497/4434/2885 3493/4426/2882 3491/4424/2948 3508/4457/2949 3510/4459/2899 3505/4450/2891 3501/4442/2888
f 3561/4558/2846 3564/4565/2945 3568/4572/2950 3565/4566/2848
f 3564/4565/2945 3563/4562/2946 3567/4568/2951 3568/4572/2950
f 3563/4563/2946 3562/4559/2947 3566/4567/2952 3567/4569/2951
f 3597/4626/2953 3593/4618/2929 3591/4616/2928 3600/4633/2916 3602/4635/2915
f 3565/4566/2848 3568/4573/2950 3573/4581/2954 3570/4575/2850
f 3568/4573/2950 3567/4570/2951 3572/4577/2955 3573/4581/2954
f 3567/4571/2951 3566/4567/2952 3571/4576/2893 3572/4578/2955
f 3570/4575/2850 3573/4582/2954 3577/4589/2956 3574/4583/2852
f 3573/4582/2954 3572/4579/2955 3576/4585/2957 3577/4589/2956
f 3572/4580/2955 3571/4576/2893 3575/4584/2892 3576/4586/2957
f 3574/4583/2852 3577/4590/2956 3582/4598/2958 3579/4592/2854
f 3577/4590/2956 3576/4587/2957 3581/4594/2959 3582/4598/2958
f 3576/4588/2957 3575/4584/2892 3580/4593/2896 3581/4595/2959
f 3579/4592/2854 3582/4599/2958 3586/4606/2960 3583/4600/2856
f 3582/4599/2958 3581/4596/2959 3585/4602/2961 3586/4606/2960
f 3581/4597/2959 3580/4593/2896 3584/4601/2927 3585/4603/2961
f 3514/4467/2902 3510/4459/2899 3508/4457/2949 3521/4482/2905 3523/4484/2904 3518/4475/2910
f 3583/4600/2856 3586/4607/2960 3590/4614/2962 3587/4608/2858
f 3586/4607/2960 3585/4604/2961 3589/4610/2963 3590/4614/2962
f 3585/4605/2961 3584/4601/2927 3588/4609/2926 3589/4611/2963
f 3553/4542/2941 3549/4534/2938 3547/4532/2964 3556/4549/2965 3558/4551/2944
f 3587/4608/2858 3590/4615/2962 3595/4623/2966 3592/4617/2860
f 3590/4615/2962 3589/4612/2963 3594/4619/2967 3595/4623/2966
f 3589/4613/2963 3588/4609/2926 3593/4618/2929 3594/4620/2967
f 3592/4617/2860 3595/4624/2966 3599/4631/2968 3596/4625/2862
f 3595/4624/2966 3594/4621/2967 3598/4627/2969 3599/4631/2968
f 3594/4622/2967 3593/4618/2929 3597/4626/2953 3598/4628/2969
f 3596/4625/2862 3599/4632/2968 3604/4640/2970 3601/4634/2864
f 3599/4632/2968 3598/4629/2969 3603/4636/2971 3604/4640/2970
f 3598/4630/2969 3597/4626/2953 3602/4635/2915 3603/4637/2971
f 3601/4634/2864 3604/4641/2970 3608/4648/2972 3605/4642/2866
f 3604/4641/2970 3603/4638/2971 3607/4644/2973 3608/4648/2972
f 3603/4639/2971 3602/4635/2915 3606/4643/2914 3607/4645/2973
f 3566/4567/2952 3562/4559/2947 3558/4551/2944 3556/4549/2965 3569/4574/2894 3571/4576/2893
f 3605/4642/2866 3608/4649/2972 3612/4656/2974 3609/4650/2868
f 3608/4649/2972 3607/4646/2973 3611/4652/2975 3612/4656/2974
f 3607/4647/2973 3606/4643/2914 3610/4651/2913 3611/4653/2975
f 3623/4676/2976 3619/4668/2985 3615/4660/2918 3613/4658/2917 3491/4424/2948 3493/4426/2882 3488/4417/2881
f 3609/4650/2868 3612/4657/2974 3617/4665/2978 3614/4659/2870
f 3612/4657/2974 3611/4654/2975 3616/4661/2979 3617/4665/2978
f 3611/4655/2975 3610/4651/2913 3615/4660/2918 3616/4662/2979
f 3614/4659/2870 3617/4666/2978 3621/4673/2980 3618/4667/2872
f 3617/4666/2978 3616/4663/2979 3620/4669/2981 3621/4673/2980
f 3616/4664/2979 3615/4660/2918 3619/4668/2985 3620/4670/2981
f 3618/4667/2872 3621/4674/2980 3625/4681/2982 3622/4675/2812
f 3621/4674/2980 3620/4671/2981 3624/4677/2983 3625/4681/2982
f 3620/4672/2981 3619/4668/2985 3623/4676/2976 3624/4678/2983
f 3622/4675/2812 3625/4682/2982 3490/4423/2877 3487/4416/2813
f 3625/4682/2982 3624/4679/2983 3489/4420/2879 3490/4423/2877
f 3624/4680/2983 3623/4676/2976 3488/4417/2881 3489/4421/2879
f 3491/4424/2948 3613/4658/2917 3600/4633/2916 3591/4616/2928 3578/4591/2895 3569/4574/2894 3556/4549/2965 3547/4532/2964 3530/4499/2906 3521/4482/2905 3508/4457/2949
f 3536/4509/2925 3532/4501/2907 3530/4499/2906 3547/4532/2964 3549/4534/2938 3544/4525/2935 3540/4517/2932
o Cylinder.004
v -0.246157 2.104599 -0.783033
v -0.262003 2.104244 -0.784553
v -0.277240 2.103194 -0.789055
v -0.291283 2.101490 -0.796364
v -0.303591 2.099195 -0.806201
v -0.313692 2.096400 -0.818188
v -0.321198 2.093210 -0.831863
v -0.325820 2.089749 -0.846702
v -0.327381 2.086150 -0.862133
v -0.325820 2.082551 -0.877565
v -0.321198 2.079090 -0.892404
v -0.313692 2.075900 -0.906079
v -0.303591 2.073104 -0.918066
v -0.291283 2.070810 -0.927903
v -0.277240 2.069105 -0.935212
v -0.262003 2.068055 -0.939714
v -0.246157 2.067701 -0.941234
v -0.230312 2.068055 -0.939714
v -0.215075 2.069105 -0.935212
v -0.201032 2.070810 -0.927903
v -0.188724 2.073104 -0.918066
v -0.178623 2.075900 -0.906079
v -0.171117 2.079090 -0.892404
v -0.166495 2.082551 -0.877565
v -0.164934 2.086150 -0.862133
v -0.166495 2.089749 -0.846702
v -0.171117 2.093210 -0.831863
v -0.178623 2.096400 -0.818188
v -0.188724 2.099195 -0.806201
v -0.201032 2.101490 -0.796364
v -0.215075 2.103194 -0.789055
v -0.230312 2.104244 -0.784553
v -0.246157 2.142558 -0.791887
v -0.246158 2.158055 -0.808546
v -0.246157 2.155286 -0.801042
v -0.246157 2.149831 -0.795191
v -0.257989 2.157524 -0.817701
v -0.262003 2.142203 -0.793407
v -0.259532 2.158016 -0.809853
v -0.260828 2.154958 -0.802449
v -0.261698 2.149483 -0.796682
v -0.277240 2.141153 -0.797908
v -0.272378 2.156871 -0.813625
v -0.274935 2.153986 -0.806617
v -0.276641 2.148454 -0.801096
v -0.291283 2.139448 -0.805217
v -0.284220 2.155370 -0.819785
v -0.287935 2.152407 -0.813384
v -0.290413 2.146782 -0.808265
v -0.303591 2.137154 -0.815055
v -0.294609 2.153497 -0.828091
v -0.299331 2.150283 -0.822491
v -0.302484 2.144532 -0.817912
v -0.296585 2.151671 -0.842817
v -0.313692 2.134358 -0.827041
v -0.303153 2.151351 -0.838232
v -0.308683 2.147695 -0.833589
v -0.312390 2.141790 -0.829668
v -0.321198 2.131169 -0.840717
v -0.309458 2.148432 -0.849735
v -0.315632 2.144742 -0.846250
v -0.319751 2.138662 -0.843080
v -0.325820 2.127708 -0.855555
v -0.313357 2.145512 -0.862254
v -0.319911 2.141538 -0.859988
v -0.324284 2.135267 -0.857632
v -0.306808 2.144027 -0.875633
v -0.327381 2.124109 -0.870987
v -0.314698 2.142618 -0.875302
v -0.321356 2.138205 -0.874275
v -0.325815 2.131738 -0.872766
v -0.325820 2.120509 -0.886419
v -0.313358 2.139449 -0.888291
v -0.319911 2.134873 -0.888562
v -0.324284 2.128208 -0.887900
v -0.302191 2.138751 -0.898234
v -0.321198 2.117048 -0.901257
v -0.309482 2.136702 -0.900864
v -0.315632 2.131669 -0.902300
v -0.319751 2.124814 -0.902453
v -0.313692 2.113859 -0.914933
v -0.303130 2.133845 -0.912346
v -0.308683 2.128716 -0.914961
v -0.312390 2.121686 -0.915865
v -0.303591 2.111063 -0.926919
v -0.294602 2.131427 -0.922438
v -0.299331 2.126127 -0.926058
v -0.302484 2.118944 -0.927620
v -0.291283 2.108769 -0.936756
v -0.284224 2.129551 -0.930758
v -0.287935 2.124003 -0.935166
v -0.290413 2.116693 -0.937268
v -0.269367 2.131295 -0.930200
v -0.277240 2.107064 -0.944066
v -0.272393 2.128278 -0.936984
v -0.274935 2.122425 -0.941933
v -0.276641 2.115021 -0.944436
v -0.262003 2.106014 -0.948567
v -0.259524 2.127221 -0.940717
v -0.260828 2.121453 -0.946100
v -0.261698 2.113992 -0.948851
v -0.246158 2.130251 -0.934698
v -0.246157 2.105659 -0.950087
v -0.246155 2.127049 -0.942053
v -0.246157 2.121125 -0.947508
v -0.246157 2.113644 -0.950342
v -0.230312 2.106014 -0.948567
v -0.232791 2.127212 -0.940714
v -0.231487 2.121453 -0.946100
v -0.230617 2.113992 -0.948851
v -0.215075 2.107064 -0.944066
v -0.219936 2.128098 -0.936917
v -0.217380 2.122425 -0.941933
v -0.215674 2.115021 -0.944436
v -0.212462 2.132573 -0.924743
v -0.201032 2.108769 -0.936756
v -0.208080 2.129673 -0.930805
v -0.204380 2.124003 -0.935166
v -0.201902 2.116693 -0.937268
v -0.188724 2.111063 -0.926919
v -0.197709 2.131480 -0.922455
v -0.192984 2.126127 -0.926058
v -0.189831 2.118944 -0.927620
v -0.195729 2.136374 -0.908448
v -0.178623 2.113859 -0.914933
v -0.189167 2.133969 -0.912386
v -0.183632 2.128716 -0.914961
v -0.179925 2.121686 -0.915865
v -0.171117 2.117048 -0.901257
v -0.182857 2.136520 -0.900806
v -0.176683 2.131669 -0.902300
v -0.172564 2.124814 -0.902453
v -0.166495 2.120509 -0.886419
v -0.178958 2.139440 -0.888287
v -0.172404 2.134873 -0.888562
v -0.168031 2.128208 -0.887900
v -0.185507 2.144028 -0.875632
v -0.164934 2.124109 -0.870987
v -0.177617 2.142617 -0.875306
v -0.170959 2.138205 -0.874275
v -0.166500 2.131738 -0.872766
v -0.166495 2.127708 -0.855555
v -0.178957 2.145521 -0.862255
v -0.172404 2.141538 -0.859988
v -0.168031 2.135267 -0.857632
v -0.190124 2.149299 -0.853030
v -0.171117 2.131169 -0.840717
v -0.182835 2.148576 -0.849758
v -0.176683 2.144742 -0.846250
v -0.172564 2.138662 -0.843080
v -0.178623 2.134358 -0.827041
v -0.189188 2.151122 -0.838201
v -0.183632 2.147695 -0.833589
v -0.179925 2.141790 -0.829668
v -0.188724 2.137154 -0.815055
v -0.197710 2.153481 -0.828088
v -0.192984 2.150283 -0.822491
v -0.189831 2.144532 -0.817912
v -0.212462 2.155472 -0.826521
v -0.201032 2.139448 -0.805217
v -0.208075 2.155647 -0.819814
v -0.204380 2.152407 -0.813384
v -0.201902 2.146782 -0.808265
v -0.215075 2.141153 -0.797908
v -0.219935 2.156871 -0.813626
v -0.217380 2.153986 -0.806617
v -0.215674 2.148454 -0.801096
v -0.230312 2.142203 -0.793407
v -0.232792 2.157694 -0.809822
v -0.231487 2.154958 -0.802449
v -0.230617 2.149483 -0.796682
v 0.086538 2.104599 -0.783033
v 0.070692 2.104244 -0.784553
v 0.055455 2.103194 -0.789054
v 0.041412 2.101490 -0.796364
v 0.029104 2.099195 -0.806201
v 0.019003 2.096400 -0.818188
v 0.011497 2.093210 -0.831863
v 0.006875 2.089749 -0.846702
v 0.005314 2.086150 -0.862133
v 0.006875 2.082551 -0.877565
v 0.011497 2.079090 -0.892404
v 0.019003 2.075900 -0.906079
v 0.029104 2.073104 -0.918066
v 0.041412 2.070810 -0.927903
v 0.055455 2.069105 -0.935212
v 0.070692 2.068055 -0.939714
v 0.086538 2.067701 -0.941234
v 0.102384 2.068055 -0.939714
v 0.117620 2.069105 -0.935212
v 0.131663 2.070810 -0.927903
v 0.143971 2.073104 -0.918066
v 0.154072 2.075900 -0.906079
v 0.161578 2.079090 -0.892404
v 0.166200 2.082551 -0.877565
v 0.167761 2.086150 -0.862133
v 0.166200 2.089749 -0.846702
v 0.161578 2.093210 -0.831863
v 0.154072 2.096400 -0.818188
v 0.143971 2.099195 -0.806201
v 0.131663 2.101490 -0.796364
v 0.117620 2.103194 -0.789054
v 0.102384 2.104244 -0.784553
v 0.086538 2.142558 -0.791887
v 0.086537 2.158055 -0.808546
v 0.086538 2.155286 -0.801042
v 0.086538 2.149831 -0.795191
v 0.074706 2.157524 -0.817701
v 0.070692 2.142203 -0.793407
v 0.073163 2.158016 -0.809853
v 0.071867 2.154958 -0.802449
v 0.070997 2.149483 -0.796682
v 0.055455 2.141153 -0.797908
v 0.060317 2.156871 -0.813625
v 0.057760 2.153986 -0.806617
v 0.056054 2.148454 -0.801096
v 0.041412 2.139448 -0.805217
v 0.048475 2.155370 -0.819785
v 0.044760 2.152407 -0.813384
v 0.042282 2.146782 -0.808265
v 0.029104 2.137154 -0.815055
v 0.038086 2.153497 -0.828091
v 0.033364 2.150283 -0.822491
v 0.030211 2.144532 -0.817912
v 0.036110 2.151671 -0.842817
v 0.019003 2.134358 -0.827041
v 0.029542 2.151351 -0.838232
v 0.024013 2.147695 -0.833589
v 0.020305 2.141790 -0.829668
v 0.011497 2.131169 -0.840717
v 0.023237 2.148432 -0.849735
v 0.017063 2.144742 -0.846250
v 0.012944 2.138662 -0.843080
v 0.006875 2.127708 -0.855555
v 0.019338 2.145512 -0.862254
v 0.012784 2.141538 -0.859988
v 0.008411 2.135267 -0.857632
v 0.025888 2.144027 -0.875633
v 0.005314 2.124109 -0.870987
v 0.017997 2.142618 -0.875302
v 0.011339 2.138205 -0.874275
v 0.006880 2.131738 -0.872766
v 0.006875 2.120509 -0.886419
v 0.019337 2.139449 -0.888291
v 0.012784 2.134873 -0.888562
v 0.008411 2.128208 -0.887900
v 0.030504 2.138751 -0.898234
v 0.011497 2.117048 -0.901257
v 0.023213 2.136702 -0.900864
v 0.017063 2.131669 -0.902300
v 0.012944 2.124814 -0.902453
v 0.019003 2.113859 -0.914933
v 0.029565 2.133845 -0.912346
v 0.024013 2.128716 -0.914961
v 0.020305 2.121686 -0.915865
v 0.029104 2.111063 -0.926919
v 0.038093 2.131427 -0.922438
v 0.033364 2.126127 -0.926058
v 0.030211 2.118944 -0.927620
v 0.041412 2.108769 -0.936756
v 0.048471 2.129551 -0.930758
v 0.044760 2.124003 -0.935166
v 0.042282 2.116693 -0.937268
v 0.063328 2.131295 -0.930200
v 0.055455 2.107064 -0.944066
v 0.060302 2.128278 -0.936984
v 0.057760 2.122425 -0.941933
v 0.056054 2.115021 -0.944436
v 0.070692 2.106014 -0.948567
v 0.073171 2.127221 -0.940717
v 0.071867 2.121453 -0.946100
v 0.070997 2.113992 -0.948851
v 0.086537 2.130251 -0.934698
v 0.086538 2.105659 -0.950087
v 0.086540 2.127049 -0.942053
v 0.086538 2.121125 -0.947508
v 0.086538 2.113644 -0.950342
v 0.102384 2.106014 -0.948567
v 0.099904 2.127212 -0.940714
v 0.101208 2.121453 -0.946100
v 0.102078 2.113992 -0.948851
v 0.117620 2.107064 -0.944066
v 0.112759 2.128098 -0.936917
v 0.115315 2.122425 -0.941933
v 0.117021 2.115021 -0.944436
v 0.120233 2.132573 -0.924743
v 0.131663 2.108769 -0.936756
v 0.124615 2.129673 -0.930805
v 0.128316 2.124003 -0.935166
v 0.130793 2.116693 -0.937268
v 0.143971 2.111063 -0.926919
v 0.134986 2.131480 -0.922455
v 0.139711 2.126127 -0.926058
v 0.142864 2.118944 -0.927620
v 0.136966 2.136374 -0.908448
v 0.154072 2.113859 -0.914933
v 0.143528 2.133969 -0.912386
v 0.149063 2.128716 -0.914961
v 0.152770 2.121686 -0.915865
v 0.161578 2.117048 -0.901257
v 0.149838 2.136520 -0.900806
v 0.156012 2.131669 -0.902300
v 0.160131 2.124814 -0.902453
v 0.166200 2.120509 -0.886419
v 0.153738 2.139440 -0.888287
v 0.160291 2.134873 -0.888562
v 0.164664 2.128208 -0.887900
v 0.147188 2.144028 -0.875632
v 0.167761 2.124109 -0.870987
v 0.155078 2.142617 -0.875306
v 0.161736 2.138205 -0.874275
v 0.166195 2.131738 -0.872766
v 0.166200 2.127708 -0.855555
v 0.153738 2.145521 -0.862255
v 0.160291 2.141538 -0.859988
v 0.164664 2.135267 -0.857632
v 0.142571 2.149299 -0.853030
v 0.161578 2.131169 -0.840717
v 0.149860 2.148576 -0.849758
v 0.156012 2.144742 -0.846250
v 0.160131 2.138662 -0.843080
v 0.154072 2.134358 -0.827041
v 0.143507 2.151122 -0.838201
v 0.149063 2.147695 -0.833589
v 0.152770 2.141790 -0.829668
v 0.143971 2.137154 -0.815055
v 0.134985 2.153481 -0.828088
v 0.139711 2.150283 -0.822491
v 0.142864 2.144532 -0.817912
v 0.120233 2.155472 -0.826521
v 0.131663 2.139448 -0.805217
v 0.124620 2.155647 -0.819814
v 0.128316 2.152407 -0.813384
v 0.130793 2.146782 -0.808265
v 0.117620 2.141153 -0.797908
v 0.112760 2.156871 -0.813626
v 0.115315 2.153986 -0.806617
v 0.117021 2.148454 -0.801096
v 0.102384 2.142203 -0.793407
v 0.099903 2.157694 -0.809822
v 0.101208 2.154958 -0.802449
v 0.102078 2.149483 -0.796682
v -0.246157 2.094550 -0.765741
v -0.264843 2.094132 -0.767533
v -0.282811 2.092894 -0.772841
v -0.299370 2.090884 -0.781461
v -0.313885 2.088178 -0.793061
v -0.325796 2.084881 -0.807196
v -0.334647 2.081120 -0.823323
v -0.340098 2.077039 -0.840821
v -0.341938 2.072794 -0.859019
v -0.340098 2.068550 -0.877216
v -0.334647 2.064469 -0.894714
v -0.325796 2.060708 -0.910841
v -0.313885 2.057411 -0.924976
v -0.299370 2.054705 -0.936576
v -0.282811 2.052695 -0.945195
v -0.264843 2.051457 -0.950504
v -0.246157 2.051039 -0.952296
v -0.227471 2.051457 -0.950504
v -0.209504 2.052695 -0.945195
v -0.192944 2.054705 -0.936576
v -0.178430 2.057411 -0.924976
v -0.166518 2.060708 -0.910841
v -0.157667 2.064469 -0.894714
v -0.152217 2.068550 -0.877216
v -0.150376 2.072794 -0.859019
v -0.152217 2.077039 -0.840821
v -0.157667 2.081120 -0.823323
v -0.166518 2.084881 -0.807196
v -0.178430 2.088178 -0.793061
v -0.192944 2.090884 -0.781461
v -0.209504 2.092894 -0.772841
v -0.227471 2.094132 -0.767533
v -0.246157 2.148985 -0.772948
v -0.245842 2.177835 -0.805601
v -0.246115 2.172195 -0.790362
v -0.246157 2.161432 -0.778899
v -0.258308 2.177300 -0.820669
v -0.265886 2.148544 -0.774840
v -0.260966 2.177767 -0.807056
v -0.263617 2.171764 -0.791971
v -0.265307 2.161004 -0.780736
v -0.284857 2.147237 -0.780444
v -0.275487 2.176496 -0.811343
v -0.280424 2.170645 -0.797008
v -0.283721 2.159735 -0.786176
v -0.302341 2.145114 -0.789545
v -0.288275 2.174883 -0.818111
v -0.295814 2.168820 -0.805105
v -0.300691 2.157675 -0.795010
v -0.317665 2.142257 -0.801793
v -0.299592 2.172838 -0.827047
v -0.309369 2.166258 -0.815856
v -0.315566 2.154902 -0.806898
v -0.297999 2.171303 -0.846362
v -0.330242 2.138777 -0.816717
v -0.309318 2.170377 -0.838407
v -0.320555 2.163136 -0.829047
v -0.327773 2.151523 -0.821384
v -0.339587 2.134805 -0.833743
v -0.316503 2.167084 -0.851307
v -0.328796 2.159653 -0.844163
v -0.336844 2.147669 -0.837910
v -0.345341 2.130496 -0.852218
v -0.320702 2.163929 -0.864879
v -0.333854 2.155869 -0.860462
v -0.342429 2.143486 -0.855843
v -0.308703 2.163436 -0.880074
v -0.347285 2.126015 -0.871432
v -0.322276 2.160657 -0.879447
v -0.335601 2.151876 -0.877462
v -0.344316 2.139137 -0.874492
v -0.345341 2.121534 -0.890645
v -0.320934 2.157077 -0.893934
v -0.333899 2.147898 -0.894451
v -0.342429 2.134787 -0.893141
v -0.303800 2.157962 -0.903558
v -0.339587 2.117225 -0.909120
v -0.316380 2.154083 -0.907957
v -0.328811 2.144081 -0.910799
v -0.336844 2.130604 -0.911074
v -0.330242 2.113253 -0.926146
v -0.309074 2.150971 -0.920794
v -0.320493 2.140605 -0.925876
v -0.327773 2.126750 -0.927600
v -0.317665 2.109773 -0.941070
v -0.299770 2.148383 -0.931700
v -0.309358 2.137585 -0.939027
v -0.315566 2.123371 -0.942086
v -0.302341 2.106916 -0.953318
v -0.288561 2.146312 -0.940771
v -0.295865 2.135011 -0.949861
v -0.300691 2.120598 -0.953974
v -0.270189 2.150328 -0.936291
v -0.284857 2.104793 -0.962419
v -0.275353 2.144764 -0.947912
v -0.280392 2.133083 -0.957952
v -0.283721 2.118538 -0.962808
v -0.265886 2.103486 -0.968023
v -0.261017 2.143468 -0.952285
v -0.263604 2.131931 -0.962908
v -0.265307 2.117269 -0.968248
v -0.246066 2.149208 -0.941072
v -0.246157 2.103045 -0.969915
v -0.246087 2.143349 -0.953643
v -0.246156 2.131560 -0.964570
v -0.246157 2.116841 -0.970084
v -0.226428 2.103486 -0.968023
v -0.231150 2.143582 -0.952086
v -0.228693 2.131982 -0.962873
v -0.227008 2.117269 -0.968248
v -0.207458 2.104793 -0.962419
v -0.217215 2.144542 -0.947970
v -0.211957 2.133136 -0.957929
v -0.208594 2.118538 -0.962808
v -0.211472 2.151590 -0.930858
v -0.189974 2.106916 -0.953318
v -0.203915 2.146251 -0.941188
v -0.196466 2.134984 -0.949890
v -0.191624 2.120598 -0.953974
v -0.174650 2.109773 -0.941070
v -0.192249 2.148208 -0.931963
v -0.182906 2.137503 -0.939060
v -0.176749 2.123371 -0.942086
v -0.194093 2.155537 -0.913933
v -0.162073 2.113253 -0.926146
v -0.182821 2.151043 -0.920645
v -0.171787 2.140589 -0.925856
v -0.164542 2.126750 -0.927600
v -0.152728 2.117225 -0.909120
v -0.175828 2.153943 -0.907665
v -0.163538 2.144133 -0.910776
v -0.155471 2.130604 -0.911074
v -0.146973 2.121534 -0.890645
v -0.171601 2.157108 -0.894094
v -0.158461 2.147935 -0.894477
v -0.149885 2.134787 -0.893141
v -0.183597 2.163396 -0.880237
v -0.145030 2.126015 -0.871432
v -0.170026 2.160623 -0.879570
v -0.156713 2.151876 -0.877464
v -0.147999 2.139137 -0.874492
v -0.146973 2.130496 -0.852218
v -0.171384 2.163831 -0.864979
v -0.158425 2.155833 -0.860467
v -0.149885 2.143486 -0.855843
v -0.188396 2.168870 -0.856774
v -0.152728 2.134805 -0.833743
v -0.175849 2.167269 -0.851086
v -0.163522 2.159651 -0.844128
v -0.155471 2.147669 -0.837910
v -0.162073 2.138777 -0.816717
v -0.183025 2.170149 -0.838209
v -0.171820 2.163189 -0.829074
v -0.164542 2.151523 -0.821384
v -0.174650 2.142257 -0.801793
v -0.192236 2.172698 -0.827235
v -0.182896 2.166245 -0.815900
v -0.176749 2.154902 -0.806898
v -0.211542 2.175210 -0.829614
v -0.189974 2.145114 -0.789545
v -0.203968 2.175136 -0.817999
v -0.196446 2.168743 -0.805006
v -0.191624 2.157675 -0.795010
v -0.207458 2.147237 -0.780444
v -0.217402 2.176551 -0.811126
v -0.211968 2.170659 -0.796988
v -0.208594 2.159735 -0.786176
v -0.226428 2.148544 -0.774840
v -0.231365 2.177454 -0.807087
v -0.228720 2.171852 -0.792108
v -0.227008 2.161004 -0.780736
v 0.086538 2.094550 -0.765741
v 0.067852 2.094132 -0.767533
v 0.049884 2.092894 -0.772841
v 0.033325 2.090884 -0.781461
v 0.018810 2.088178 -0.793061
v 0.006899 2.084881 -0.807196
v -0.001952 2.081120 -0.823323
v -0.007403 2.077039 -0.840821
v -0.009243 2.072794 -0.859019
v -0.007403 2.068550 -0.877216
v -0.001952 2.064469 -0.894714
v 0.006899 2.060708 -0.910841
v 0.018810 2.057411 -0.924976
v 0.033325 2.054705 -0.936576
v 0.049884 2.052695 -0.945195
v 0.067852 2.051457 -0.950504
v 0.086538 2.051039 -0.952296
v 0.105224 2.051457 -0.950504
v 0.123191 2.052695 -0.945195
v 0.139751 2.054705 -0.936576
v 0.154265 2.057411 -0.924976
v 0.166177 2.060708 -0.910841
v 0.175028 2.064469 -0.894714
v 0.180478 2.068550 -0.877216
v 0.182319 2.072794 -0.859019
v 0.180478 2.077039 -0.840821
v 0.175028 2.081120 -0.823323
v 0.166177 2.084881 -0.807196
v 0.154265 2.088178 -0.793061
v 0.139751 2.090884 -0.781461
v 0.123191 2.092894 -0.772841
v 0.105224 2.094132 -0.767533
v 0.086538 2.148985 -0.772948
v 0.086853 2.177835 -0.805601
v 0.086581 2.172195 -0.790362
v 0.086538 2.161432 -0.778899
v 0.074387 2.177300 -0.820669
v 0.066809 2.148544 -0.774840
v 0.071729 2.177767 -0.807056
v 0.069078 2.171764 -0.791971
v 0.067388 2.161004 -0.780736
v 0.047838 2.147237 -0.780444
v 0.057208 2.176496 -0.811343
v 0.052271 2.170645 -0.797008
v 0.048974 2.159735 -0.786176
v 0.030354 2.145114 -0.789545
v 0.044420 2.174883 -0.818111
v 0.036881 2.168820 -0.805105
v 0.032004 2.157675 -0.795010
v 0.015030 2.142257 -0.801793
v 0.033103 2.172838 -0.827047
v 0.023326 2.166258 -0.815856
v 0.017129 2.154902 -0.806898
v 0.034696 2.171303 -0.846362
v 0.002454 2.138777 -0.816717
v 0.023377 2.170377 -0.838407
v 0.012140 2.163136 -0.829047
v 0.004922 2.151523 -0.821384
v -0.006892 2.134805 -0.833743
v 0.016192 2.167084 -0.851307
v 0.003899 2.159653 -0.844163
v -0.004149 2.147669 -0.837910
v -0.012646 2.130496 -0.852218
v 0.011993 2.163929 -0.864879
v -0.001159 2.155869 -0.860462
v -0.009734 2.143486 -0.855843
v 0.023992 2.163436 -0.880074
v -0.014590 2.126015 -0.871432
v 0.010419 2.160657 -0.879447
v -0.002906 2.151876 -0.877462
v -0.011620 2.139137 -0.874492
v -0.012646 2.121534 -0.890645
v 0.011761 2.157077 -0.893934
v -0.001204 2.147898 -0.894451
v -0.009734 2.134787 -0.893141
v 0.028895 2.157962 -0.903558
v -0.006892 2.117225 -0.909120
v 0.016315 2.154083 -0.907957
v 0.003884 2.144081 -0.910799
v -0.004149 2.130604 -0.911074
v 0.002454 2.113253 -0.926146
v 0.023621 2.150971 -0.920794
v 0.012202 2.140605 -0.925876
v 0.004922 2.126750 -0.927600
v 0.015030 2.109773 -0.941070
v 0.032925 2.148383 -0.931700
v 0.023337 2.137585 -0.939027
v 0.017129 2.123371 -0.942086
v 0.030354 2.106916 -0.953318
v 0.044134 2.146312 -0.940771
v 0.036830 2.135011 -0.949861
v 0.032004 2.120598 -0.953974
v 0.062506 2.150328 -0.936291
v 0.047838 2.104793 -0.962419
v 0.057343 2.144764 -0.947912
v 0.052303 2.133083 -0.957952
v 0.048974 2.118538 -0.962808
v 0.066809 2.103486 -0.968023
v 0.071678 2.143468 -0.952285
v 0.069091 2.131931 -0.962908
v 0.067388 2.117269 -0.968248
v 0.086629 2.149208 -0.941072
v 0.086538 2.103045 -0.969915
v 0.086608 2.143349 -0.953643
v 0.086539 2.131560 -0.964570
v 0.086538 2.116841 -0.970084
v 0.106267 2.103486 -0.968023
v 0.101545 2.143582 -0.952086
v 0.104002 2.131982 -0.962873
v 0.105687 2.117269 -0.968248
v 0.125237 2.104793 -0.962419
v 0.115481 2.144542 -0.947970
v 0.120738 2.133136 -0.957929
v 0.124101 2.118538 -0.962808
v 0.121223 2.151590 -0.930858
v 0.142721 2.106916 -0.953318
v 0.128780 2.146251 -0.941188
v 0.136229 2.134984 -0.949890
v 0.141071 2.120598 -0.953974
v 0.158045 2.109773 -0.941070
v 0.140446 2.148208 -0.931963
v 0.149789 2.137503 -0.939060
v 0.155946 2.123371 -0.942086
v 0.138602 2.155537 -0.913933
v 0.170622 2.113253 -0.926146
v 0.149874 2.151043 -0.920645
v 0.160908 2.140589 -0.925856
v 0.168153 2.126750 -0.927600
v 0.179967 2.117225 -0.909120
v 0.156867 2.153943 -0.907665
v 0.169157 2.144133 -0.910776
v 0.177224 2.130604 -0.911074
v 0.185722 2.121534 -0.890645
v 0.161094 2.157108 -0.894094
v 0.174234 2.147935 -0.894477
v 0.182810 2.134787 -0.893141
v 0.149098 2.163396 -0.880237
v 0.187665 2.126015 -0.871432
v 0.162669 2.160623 -0.879570
v 0.175982 2.151876 -0.877464
v 0.184696 2.139137 -0.874492
v 0.185722 2.130496 -0.852218
v 0.161311 2.163831 -0.864979
v 0.174270 2.155833 -0.860467
v 0.182810 2.143486 -0.855843
v 0.144299 2.168870 -0.856774
v 0.179967 2.134805 -0.833743
v 0.156846 2.167269 -0.851086
v 0.169173 2.159651 -0.844128
v 0.177224 2.147669 -0.837910
v 0.170622 2.138777 -0.816717
v 0.149670 2.170149 -0.838209
v 0.160875 2.163189 -0.829074
v 0.168153 2.151523 -0.821384
v 0.158045 2.142257 -0.801793
v 0.140459 2.172698 -0.827235
v 0.149799 2.166245 -0.815900
v 0.155946 2.154902 -0.806898
v 0.121153 2.175210 -0.829614
v 0.142721 2.145114 -0.789545
v 0.128727 2.175136 -0.817999
v 0.136250 2.168743 -0.805006
v 0.141071 2.157675 -0.795010
v 0.125237 2.147237 -0.780444
v 0.115293 2.176551 -0.811126
v 0.120727 2.170659 -0.796988
v 0.124101 2.159735 -0.786176
v 0.106267 2.148544 -0.774840
v 0.101330 2.177454 -0.807087
v 0.103975 2.171852 -0.792108
v 0.105687 2.161004 -0.780736
vn -0.1942 -0.3170 -0.9283
vn -0.1951 -0.2228 -0.9551
vn -0.0000 -0.2271 -0.9739
vn -0.0000 -0.3214 -0.9470
vn 0.3808 -0.3042 -0.8732
vn 0.3827 -0.2099 -0.8997
vn 0.5556 -0.1889 -0.8097
vn 0.5529 -0.2833 -0.7836
vn 0.7071 -0.1606 -0.6886
vn 0.7037 -0.2552 -0.6631
vn 0.8315 -0.1262 -0.5410
vn 0.8275 -0.2209 -0.5162
vn 0.9239 -0.0869 -0.3727
vn 0.9194 -0.1818 -0.3487
vn 0.9808 -0.0443 -0.1900
vn 0.9761 -0.1394 -0.1668
vn 1.0000 -0.0000 -0.0000
vn 0.9952 -0.0953 0.0222
vn 0.9808 0.0443 0.1900
vn 0.9761 -0.0512 0.2113
vn 0.9239 0.0869 0.3727
vn 0.9194 -0.0088 0.3931
vn 0.8315 0.1262 0.5410
vn 0.8275 0.0303 0.5607
vn 0.7071 0.1606 0.6886
vn 0.7037 0.0645 0.7076
vn 0.5556 0.1889 0.8097
vn 0.5529 0.0926 0.8281
vn 0.3827 0.2099 0.8997
vn 0.3808 0.1135 0.9176
vn 0.1951 0.2228 0.9551
vn 0.1942 0.1264 0.9728
vn -0.0000 0.2271 0.9739
vn -0.0000 0.1307 0.9914
vn -0.1951 0.2228 0.9551
vn -0.1942 0.1264 0.9728
vn -0.3827 0.2099 0.8997
vn -0.3808 0.1135 0.9176
vn -0.5556 0.1889 0.8097
vn -0.5529 0.0926 0.8281
vn -0.7071 0.1606 0.6886
vn -0.7037 0.0645 0.7076
vn -0.8315 0.1262 0.5410
vn -0.8275 0.0303 0.5607
vn -0.9239 0.0869 0.3727
vn -0.9194 -0.0088 0.3931
vn -0.9808 0.0443 0.1900
vn -0.9761 -0.0512 0.2113
vn -1.0000 -0.0000 -0.0000
vn -0.9952 -0.0953 0.0222
vn -0.9808 -0.0443 -0.1900
vn -0.9761 -0.1394 -0.1668
vn -0.9239 -0.0869 -0.3727
vn -0.9194 -0.1818 -0.3487
vn -0.8315 -0.1262 -0.5410
vn -0.8275 -0.2209 -0.5162
vn -0.7071 -0.1606 -0.6886
vn -0.7037 -0.2552 -0.6631
vn -0.5556 -0.1889 -0.8097
vn -0.5529 -0.2833 -0.7836
vn -0.3827 -0.2099 -0.8997
vn -0.3808 -0.3042 -0.8732
vn -0.0000 0.9739 -0.2271
vn 0.1942 -0.3170 -0.9283
vn 0.1951 -0.2228 -0.9551
vn 0.1805 -0.5760 -0.7973
vn -0.0000 -0.5801 -0.8146
vn 0.1395 -0.8403 -0.5239
vn -0.0021 -0.8455 -0.5340
vn 0.0717 -0.9876 -0.1399
vn -0.0158 -0.9890 -0.1472
vn 0.3540 -0.5641 -0.7460
vn 0.2745 -0.8330 -0.4804
vn 0.1554 -0.9812 -0.1141
vn 0.5139 -0.5446 -0.6628
vn 0.3939 -0.8207 -0.4140
vn 0.2028 -0.9756 -0.0837
vn 0.6541 -0.5185 -0.5507
vn 0.5019 -0.7987 -0.3318
vn 0.2491 -0.9671 -0.0522
vn -0.2730 -0.8364 0.4754
vn -0.3173 -0.8537 0.4130
vn -0.0818 -0.9582 0.2743
vn -0.0495 -0.9508 0.3057
vn -0.2083 -0.8289 0.5192
vn 0.7691 -0.4867 -0.4142
vn 0.5936 -0.7720 -0.2271
vn 0.3083 -0.9513 0.0088
vn 0.8546 -0.4504 -0.2585
vn 0.6582 -0.7456 -0.1044
vn 0.3523 -0.9326 0.0786
vn 0.3788 -0.8814 0.2822
vn 0.3449 -0.8691 0.3546
vn 0.0805 -0.9605 0.2662
vn 0.0948 -0.9704 0.2220
vn 0.3789 -0.9019 0.2073
vn 0.9073 -0.4109 -0.0895
vn 0.6971 -0.7165 0.0237
vn 0.3672 -0.9208 0.1312
vn 0.9250 -0.3699 0.0863
vn 0.7123 -0.6836 0.1594
vn -0.2737 -0.9609 -0.0427
vn -0.2054 -0.9745 -0.0907
vn -0.0460 -0.9869 0.1547
vn -0.0864 -0.9785 0.1872
vn -0.3493 -0.9347 0.0664
vn -0.3081 -0.9513 0.0004
vn 0.9073 -0.3290 0.2620
vn 0.6994 -0.6513 0.2944
vn 0.8546 -0.2895 0.4310
vn 0.6590 -0.6206 0.4250
vn 0.7691 -0.2532 0.5868
vn 0.5905 -0.5945 0.5458
vn 0.2972 -0.8563 0.4224
vn -0.3678 -0.8834 0.2903
vn -0.3795 -0.9003 0.2132
vn -0.0955 -0.9684 0.2302
vn -0.3514 -0.8711 0.3429
vn 0.6541 -0.2214 0.7233
vn 0.5014 -0.5729 0.6484
vn 0.2584 -0.8478 0.4631
vn 0.5139 -0.1952 0.8353
vn 0.3965 -0.5504 0.7347
vn 0.2168 -0.8381 0.5006
vn 0.3540 -0.1758 0.9186
vn 0.2729 -0.5329 0.8010
vn 0.1480 -0.8243 0.5464
vn 0.1805 -0.1639 0.9698
vn 0.1388 -0.5239 0.8404
vn 0.0746 -0.8123 0.5784
vn -0.0000 -0.1598 0.9871
vn -0.0001 -0.5218 0.8531
vn -0.0034 -0.8150 0.5795
vn -0.1805 -0.1639 0.9698
vn -0.1397 -0.5265 0.8386
vn -0.0821 -0.8185 0.5686
vn 0.0707 -0.9816 0.1773
vn 0.0159 -0.9888 0.1484
vn -0.3540 -0.1758 0.9186
vn -0.2712 -0.5355 0.7998
vn -0.1361 -0.8222 0.5527
vn -0.3786 -0.9155 0.1362
vn -0.5139 -0.1952 0.8353
vn -0.3957 -0.5490 0.7362
vn -0.6541 -0.2214 0.7233
vn -0.5039 -0.5688 0.6501
vn -0.7691 -0.2532 0.5868
vn -0.5923 -0.5937 0.5448
vn -0.8546 -0.2895 0.4310
vn -0.6573 -0.6232 0.4238
vn -0.9073 -0.3290 0.2620
vn -0.6971 -0.6531 0.2958
vn -0.0046 -0.9478 0.3187
vn 0.0411 -0.9516 0.3045
vn -0.9250 -0.3699 0.0863
vn -0.7123 -0.6835 0.1595
vn -0.9073 -0.4109 -0.0895
vn -0.6989 -0.7148 0.0240
vn -0.8546 -0.4504 -0.2585
vn -0.6580 -0.7455 -0.1061
vn -0.7691 -0.4867 -0.4142
vn -0.5906 -0.7747 -0.2258
vn -0.6541 -0.5185 -0.5507
vn -0.5044 -0.7981 -0.3296
vn -0.0713 -0.9880 -0.1368
vn -0.1267 -0.9840 -0.1250
vn -0.5139 -0.5446 -0.6628
vn -0.3967 -0.8168 -0.4189
vn -0.3540 -0.5641 -0.7460
vn -0.2706 -0.8337 -0.4814
vn -0.1805 -0.5760 -0.7973
vn -0.1383 -0.8447 -0.5171
vn 0.1948 0.2799 0.9401
vn -0.0000 0.2843 0.9587
vn -0.0000 0.1312 0.9914
vn 0.1942 0.1269 0.9727
vn -0.3820 0.2670 0.8847
vn -0.5546 0.2461 0.7949
vn -0.5529 0.0931 0.8280
vn -0.3809 0.1140 0.9176
vn -0.7059 0.2179 0.6740
vn -0.7037 0.0650 0.7075
vn -0.8300 0.1835 0.5267
vn -0.8275 0.0308 0.5606
vn -0.9223 0.1443 0.3586
vn -0.9195 -0.0083 0.3930
vn -0.9791 0.1018 0.1762
vn -0.9761 -0.0507 0.2112
vn -0.9983 0.0575 -0.0134
vn -0.9952 -0.0948 0.0221
vn -0.9791 0.0133 -0.2031
vn -0.9761 -0.1389 -0.1670
vn -0.9223 -0.0292 -0.3854
vn -0.9195 -0.1813 -0.3488
vn -0.8300 -0.0684 -0.5535
vn -0.8275 -0.2204 -0.5164
vn -0.7059 -0.1028 -0.7008
vn -0.7037 -0.2547 -0.6632
vn -0.5546 -0.1310 -0.8217
vn -0.5529 -0.2828 -0.7838
vn -0.3820 -0.1520 -0.9116
vn -0.3809 -0.3037 -0.8733
vn -0.1948 -0.1649 -0.9669
vn -0.1942 -0.3165 -0.9285
vn -0.0000 -0.1692 -0.9856
vn -0.0000 -0.3209 -0.9471
vn 0.1948 -0.1649 -0.9669
vn 0.1942 -0.3165 -0.9285
vn 0.3820 -0.1520 -0.9116
vn 0.3809 -0.3037 -0.8733
vn 0.5546 -0.1310 -0.8217
vn 0.5529 -0.2828 -0.7838
vn 0.7059 -0.1028 -0.7008
vn 0.7037 -0.2547 -0.6632
vn 0.8300 -0.0684 -0.5535
vn 0.8275 -0.2204 -0.5164
vn 0.9223 -0.0292 -0.3854
vn 0.9195 -0.1813 -0.3488
vn 0.9791 0.0133 -0.2031
vn 0.9761 -0.1389 -0.1670
vn 0.9983 0.0575 -0.0134
vn 0.9952 -0.0948 0.0221
vn 0.9791 0.1018 0.1762
vn 0.9761 -0.0507 0.2112
vn 0.9223 0.1443 0.3586
vn 0.9195 -0.0083 0.3930
vn 0.8300 0.1835 0.5267
vn 0.8275 0.0308 0.5606
vn 0.7059 0.2179 0.6740
vn 0.7037 0.0650 0.7075
vn 0.5546 0.2461 0.7949
vn 0.5529 0.0931 0.8280
vn 0.3820 0.2670 0.8847
vn 0.3809 0.1140 0.9176
vn -0.0000 -0.9739 0.2271
vn -0.1948 0.2799 0.9401
vn -0.1942 0.1269 0.9727
vn 0.0002 0.5867 0.8098
vn -0.1799 0.5826 0.7926
vn 0.0022 0.8450 0.5348
vn -0.1394 0.8405 0.5236
vn 0.0189 0.9869 0.1603
vn -0.0736 0.9860 0.1499
vn -0.3530 0.5708 0.7414
vn -0.2748 0.8325 0.4811
vn -0.1630 0.9787 0.1251
vn -0.5121 0.5516 0.6584
vn -0.3947 0.8195 0.4154
vn -0.2103 0.9729 0.0959
vn -0.6517 0.5255 0.5469
vn -0.5023 0.7981 0.3327
vn -0.2554 0.9647 0.0640
vn 0.2824 0.8286 -0.4833
vn 0.2140 0.8215 -0.5285
vn 0.0574 0.9461 -0.3187
vn 0.0955 0.9548 -0.2816
vn 0.3281 0.8474 -0.4174
vn -0.7665 0.4936 0.4108
vn -0.5937 0.7718 0.2276
vn -0.3164 0.9486 -0.0011
vn -0.8518 0.4574 0.2555
vn -0.6595 0.7443 0.1054
vn -0.3651 0.9281 -0.0733
vn -0.3918 0.8752 -0.2837
vn -0.3909 0.8973 -0.2050
vn -0.1106 0.9691 -0.2207
vn -0.0944 0.9571 -0.2740
vn -0.3543 0.8631 -0.3599
vn -0.9042 0.4182 0.0871
vn -0.6990 0.7148 -0.0229
vn -0.3799 0.9164 -0.1259
vn -0.9219 0.3773 -0.0879
vn -0.7139 0.6820 -0.1586
vn 0.2839 0.9574 0.0524
vn 0.3182 0.9480 0.0093
vn 0.3600 0.9311 -0.0597
vn 0.1006 0.9785 -0.1800
vn 0.0544 0.9887 -0.1400
vn 0.2103 0.9724 0.1009
vn -0.9042 0.3363 -0.2631
vn -0.7010 0.6496 -0.2945
vn -0.8517 0.2971 -0.4316
vn -0.6596 0.6194 -0.4257
vn -0.7664 0.2611 -0.5869
vn -0.5912 0.5933 -0.5464
vn -0.3055 0.8491 -0.4309
vn 0.3808 0.8770 -0.2932
vn 0.3646 0.8648 -0.3452
vn 0.1113 0.9666 -0.2310
vn 0.3917 0.8951 -0.2132
vn -0.6518 0.2295 -0.7228
vn -0.5024 0.5712 -0.6491
vn -0.2683 0.8401 -0.4714
vn -0.5122 0.2034 -0.8344
vn -0.3973 0.5492 -0.7352
vn -0.2268 0.8312 -0.5076
vn -0.3529 0.1838 -0.9174
vn -0.2739 0.5318 -0.8013
vn -0.1545 0.8177 -0.5545
vn -0.1798 0.1718 -0.9686
vn -0.1393 0.5220 -0.8415
vn -0.0775 0.8038 -0.5898
vn 0.0001 0.1679 -0.9858
vn 0.0004 0.5198 -0.8543
vn 0.0046 0.8073 -0.5901
vn 0.1799 0.1721 -0.9685
vn 0.1401 0.5242 -0.8400
vn 0.0863 0.8101 -0.5799
vn -0.0193 0.9911 -0.1315
vn -0.0840 0.9824 -0.1668
vn 0.3528 0.1840 -0.9175
vn 0.2719 0.5333 -0.8011
vn 0.1398 0.8138 -0.5641
vn 0.3918 0.9105 -0.1323
vn 0.5121 0.2032 -0.8345
vn 0.3963 0.5470 -0.7374
vn 0.6519 0.2292 -0.7228
vn 0.5052 0.5666 -0.6509
vn 0.7666 0.2610 -0.5867
vn 0.5938 0.5919 -0.5450
vn 0.8517 0.2973 -0.4316
vn 0.6590 0.6212 -0.4241
vn 0.9041 0.3366 -0.2632
vn 0.6990 0.6511 -0.2957
vn -0.0494 0.9469 -0.3178
vn 0.0057 0.9426 -0.3338
vn 0.9219 0.3773 -0.0881
vn 0.7139 0.6818 -0.1594
vn 0.9042 0.4181 0.0872
vn 0.7007 0.7131 -0.0232
vn 0.8517 0.4575 0.2556
vn 0.6594 0.7441 0.1074
vn 0.7665 0.4937 0.4107
vn 0.5922 0.7731 0.2272
vn 0.6519 0.5254 0.5468
vn 0.5053 0.7969 0.3311
vn 0.0740 0.9858 0.1510
vn 0.1282 0.9820 0.1383
vn 0.5122 0.5514 0.6585
vn 0.3966 0.8165 0.4195
vn 0.3526 0.5709 0.7415
vn 0.2708 0.8330 0.4824
vn 0.1799 0.5829 0.7924
vn 0.1386 0.8436 0.5188
vn -0.6518 0.5255 0.5469
vn 0.1282 0.9821 0.1383
vt 0.000000 1.000000
vt 0.250000 0.490000
vt 1.000000 1.000000
vt 0.296822 0.485388
vt 0.968750 1.000000
vt 0.341844 0.471731
vt 0.937500 1.000000
vt 0.906250 1.000000
vt 0.383337 0.449553
vt 0.875000 1.000000
vt 0.419706 0.419706
vt 0.843750 1.000000
vt 0.449553 0.383337
vt 0.812500 1.000000
vt 0.471731 0.341844
vt 0.781250 1.000000
vt 0.485388 0.296822
vt 0.750000 1.000000
vt 0.490000 0.250000
vt 0.718750 1.000000
vt 0.485388 0.203178
vt 0.687500 1.000000
vt 0.471731 0.158156
vt 0.656250 1.000000
vt 0.449553 0.116663
vt 0.625000 1.000000
vt 0.419706 0.080294
vt 0.593750 1.000000
vt 0.383337 0.050447
vt 0.562500 1.000000
vt 0.341844 0.028269
vt 0.531250 1.000000
vt 0.296822 0.014612
vt 0.500000 1.000000
vt 0.250000 0.010000
vt 0.468750 1.000000
vt 0.203178 0.014612
vt 0.437500 1.000000
vt 0.158156 0.028269
vt 0.406250 1.000000
vt 0.116663 0.050447
vt 0.375000 1.000000
vt 0.080294 0.080294
vt 0.343750 1.000000
vt 0.050447 0.116663
vt 0.312500 1.000000
vt 0.028269 0.158156
vt 0.281250 1.000000
vt 0.014612 0.203178
vt 0.250000 1.000000
vt 0.010000 0.250000
vt 0.218750 1.000000
vt 0.014612 0.296822
vt 0.187500 1.000000
vt 0.028269 0.341844
vt 0.156250 1.000000
vt 0.050447 0.383337
vt 0.125000 1.000000
vt 0.080294 0.419706
vt 0.093750 1.000000
vt 0.116663 0.449553
vt 0.062500 1.000000
vt 0.158156 0.471731
vt 0.031250 1.000000
vt 0.203178 0.485388
vt 1.000000 0.672175
vt 0.000000 0.672175
vt 0.750000 0.452479
vt 0.998841 0.500000
vt 0.751737 0.489829
vt 0.001159 0.500000
vt 0.748263 0.489829
vt 0.999699 0.606287
vt 0.000301 0.606287
vt 0.784964 0.425775
vt 0.968750 0.672175
vt 0.789502 0.448588
vt 0.969909 0.500000
vt 0.795085 0.485559
vt 0.967591 0.500000
vt 0.798491 0.484882
vt 0.969051 0.606287
vt 0.968449 0.606287
vt 0.937500 0.672175
vt 0.827486 0.437066
vt 0.938659 0.500000
vt 0.840174 0.472238
vt 0.936341 0.500000
vt 0.843383 0.470908
vt 0.937801 0.606287
vt 0.937199 0.606286
vt 0.906250 0.672175
vt 0.862491 0.418355
vt 0.907409 0.500000
vt 0.881798 0.450375
vt 0.905091 0.500000
vt 0.884686 0.448446
vt 0.906551 0.606286
vt 0.905949 0.606286
vt 0.875000 0.672175
vt 0.893174 0.393174
vt 0.876159 0.500000
vt 0.918357 0.420813
vt 0.873841 0.500000
vt 0.920813 0.418357
vt 0.875301 0.606286
vt 0.874699 0.606286
vt 0.899015 0.349569
vt 0.843750 0.672175
vt 0.918355 0.362491
vt 0.844909 0.500000
vt 0.948446 0.384686
vt 0.842591 0.500000
vt 0.950375 0.381798
vt 0.844051 0.606287
vt 0.843449 0.606287
vt 0.812500 0.672175
vt 0.937066 0.327485
vt 0.813659 0.500000
vt 0.970909 0.343383
vt 0.811341 0.500000
vt 0.972238 0.340174
vt 0.812801 0.606286
vt 0.812199 0.606287
vt 0.781250 0.672175
vt 0.948588 0.289502
vt 0.782409 0.500000
vt 0.984882 0.298491
vt 0.780091 0.500000
vt 0.985560 0.295085
vt 0.781551 0.606287
vt 0.780949 0.606287
vt 0.929219 0.250000
vt 0.750000 0.672175
vt 0.952479 0.250000
vt 0.751159 0.500000
vt 0.989829 0.251737
vt 0.748841 0.500000
vt 0.989829 0.248263
vt 0.750301 0.606287
vt 0.749699 0.606287
vt 0.718750 0.672175
vt 0.948588 0.210499
vt 0.719909 0.500000
vt 0.985560 0.204915
vt 0.717591 0.500000
vt 0.984882 0.201509
vt 0.719051 0.606287
vt 0.718449 0.606287
vt 0.915576 0.181416
vt 0.687500 0.672175
vt 0.937066 0.172515
vt 0.688659 0.500000
vt 0.972238 0.159826
vt 0.686341 0.500000
vt 0.970909 0.156617
vt 0.687801 0.606287
vt 0.687199 0.606286
vt 0.656250 0.672175
vt 0.918355 0.137509
vt 0.657409 0.500000
vt 0.950375 0.118202
vt 0.655091 0.500000
vt 0.948446 0.115314
vt 0.656551 0.606286
vt 0.655949 0.606286
vt 0.625000 0.672175
vt 0.893174 0.106826
vt 0.626159 0.500000
vt 0.920813 0.081643
vt 0.623841 0.500000
vt 0.918357 0.079187
vt 0.625301 0.606286
vt 0.624699 0.606286
vt 0.593750 0.672175
vt 0.862491 0.081645
vt 0.594909 0.500000
vt 0.884686 0.051554
vt 0.592591 0.500000
vt 0.881798 0.049625
vt 0.594051 0.606286
vt 0.593449 0.606286
vt 0.818584 0.084424
vt 0.562500 0.672175
vt 0.827486 0.062934
vt 0.563659 0.500000
vt 0.843383 0.029092
vt 0.561341 0.500000
vt 0.840174 0.027762
vt 0.562801 0.606287
vt 0.562199 0.606287
vt 0.531250 0.672175
vt 0.789502 0.051412
vt 0.532409 0.500000
vt 0.798491 0.015118
vt 0.530091 0.500000
vt 0.795085 0.014441
vt 0.531551 0.606287
vt 0.530949 0.606287
vt 0.750000 0.070781
vt 0.500000 0.672175
vt 0.750000 0.047521
vt 0.501159 0.500000
vt 0.751737 0.010171
vt 0.498841 0.500000
vt 0.748263 0.010171
vt 0.500301 0.606287
vt 0.499699 0.606287
vt 0.468750 0.672175
vt 0.710499 0.051412
vt 0.469909 0.500000
vt 0.704915 0.014441
vt 0.467591 0.500000
vt 0.701509 0.015118
vt 0.469051 0.606287
vt 0.468449 0.606287
vt 0.437500 0.672175
vt 0.672514 0.062934
vt 0.438659 0.500000
vt 0.659826 0.027762
vt 0.436341 0.500000
vt 0.656617 0.029092
vt 0.437801 0.606287
vt 0.437199 0.606286
vt 0.650432 0.100985
vt 0.406250 0.672175
vt 0.637509 0.081645
vt 0.407409 0.500000
vt 0.618202 0.049625
vt 0.405091 0.500000
vt 0.615314 0.051554
vt 0.406551 0.606287
vt 0.405949 0.606286
vt 0.375000 0.672175
vt 0.606826 0.106826
vt 0.376159 0.500000
vt 0.581643 0.079187
vt 0.373841 0.500000
vt 0.579187 0.081643
vt 0.375301 0.606286
vt 0.374699 0.606286
vt 0.600985 0.150431
vt 0.343750 0.672175
vt 0.581645 0.137509
vt 0.344909 0.500000
vt 0.551554 0.115314
vt 0.342591 0.500000
vt 0.549625 0.118202
vt 0.344051 0.606287
vt 0.343449 0.606287
vt 0.312500 0.672175
vt 0.562934 0.172515
vt 0.313659 0.500000
vt 0.529092 0.156617
vt 0.311341 0.500000
vt 0.527762 0.159826
vt 0.312801 0.606286
vt 0.312199 0.606287
vt 0.281250 0.672175
vt 0.551412 0.210498
vt 0.282409 0.500000
vt 0.515118 0.201509
vt 0.280091 0.500000
vt 0.514441 0.204915
vt 0.281551 0.606287
vt 0.280949 0.606287
vt 0.570781 0.250000
vt 0.250000 0.672175
vt 0.547521 0.250000
vt 0.251159 0.500000
vt 0.510171 0.248263
vt 0.248841 0.500000
vt 0.510171 0.251737
vt 0.250301 0.606287
vt 0.249699 0.606287
vt 0.218750 0.672175
vt 0.551412 0.289502
vt 0.219909 0.500000
vt 0.514440 0.295085
vt 0.217591 0.500000
vt 0.515118 0.298492
vt 0.219051 0.606287
vt 0.218449 0.606287
vt 0.584423 0.318584
vt 0.187500 0.672175
vt 0.562934 0.327485
vt 0.188659 0.500000
vt 0.527762 0.340174
vt 0.186341 0.500000
vt 0.529092 0.343383
vt 0.187801 0.606287
vt 0.187199 0.606286
vt 0.156250 0.672175
vt 0.581645 0.362491
vt 0.157409 0.500000
vt 0.549625 0.381798
vt 0.155091 0.500000
vt 0.551554 0.384686
vt 0.156551 0.606286
vt 0.155949 0.606286
vt 0.125000 0.672175
vt 0.606826 0.393174
vt 0.126159 0.500000
vt 0.579187 0.418357
vt 0.123841 0.500000
vt 0.581643 0.420813
vt 0.125301 0.606286
vt 0.124699 0.606286
vt 0.650432 0.399015
vt 0.093750 0.672175
vt 0.637509 0.418355
vt 0.094909 0.500000
vt 0.615314 0.448446
vt 0.092591 0.500000
vt 0.618202 0.450375
vt 0.094051 0.606286
vt 0.093449 0.606286
vt 0.062500 0.672175
vt 0.672514 0.437066
vt 0.063659 0.500000
vt 0.656617 0.470908
vt 0.061341 0.500000
vt 0.659826 0.472238
vt 0.062801 0.606287
vt 0.062199 0.606287
vt 0.031250 0.672175
vt 0.710499 0.448588
vt 0.032409 0.500000
vt 0.701509 0.484882
vt 0.030091 0.500000
vt 0.704915 0.485559
vt 0.031551 0.606287
vt 0.030949 0.606287
vt 0.000000 1.000000
vt 0.250000 0.490000
vt 1.000000 1.000000
vt 0.296822 0.485388
vt 0.968750 1.000000
vt 0.341844 0.471731
vt 0.937500 1.000000
vt 0.906250 1.000000
vt 0.383337 0.449553
vt 0.875000 1.000000
vt 0.419706 0.419706
vt 0.843750 1.000000
vt 0.449553 0.383337
vt 0.812500 1.000000
vt 0.471731 0.341844
vt 0.781250 1.000000
vt 0.485388 0.296822
vt 0.750000 1.000000
vt 0.490000 0.250000
vt 0.718750 1.000000
vt 0.485388 0.203178
vt 0.687500 1.000000
vt 0.471731 0.158156
vt 0.656250 1.000000
vt 0.449553 0.116663
vt 0.625000 1.000000
vt 0.419706 0.080294
vt 0.593750 1.000000
vt 0.383337 0.050447
vt 0.562500 1.000000
vt 0.341844 0.028269
vt 0.531250 1.000000
vt 0.296822 0.014612
vt 0.500000 1.000000
vt 0.250000 0.010000
vt 0.468750 1.000000
vt 0.203178 0.014612
vt 0.437500 1.000000
vt 0.158156 0.028269
vt 0.406250 1.000000
vt 0.116663 0.050447
vt 0.375000 1.000000
vt 0.080294 0.080294
vt 0.343750 1.000000
vt 0.050447 0.116663
vt 0.312500 1.000000
vt 0.028269 0.158156
vt 0.281250 1.000000
vt 0.014612 0.203178
vt 0.250000 1.000000
vt 0.010000 0.250000
vt 0.218750 1.000000
vt 0.014612 0.296822
vt 0.187500 1.000000
vt 0.028269 0.341844
vt 0.156250 1.000000
vt 0.050447 0.383337
vt 0.125000 1.000000
vt 0.080294 0.419706
vt 0.093750 1.000000
vt 0.116663 0.449553
vt 0.062500 1.000000
vt 0.158156 0.471731
vt 0.031250 1.000000
vt 0.203178 0.485388
vt 1.000000 0.672175
vt 0.000000 0.672175
vt 0.750000 0.452479
vt 0.998841 0.500000
vt 0.751737 0.489829
vt 0.001159 0.500000
vt 0.748263 0.489829
vt 0.999699 0.606287
vt 0.000301 0.606287
vt 0.784964 0.425775
vt 0.968750 0.672175
vt 0.789502 0.448588
vt 0.969909 0.500000
vt 0.795085 0.485559
vt 0.967591 0.500000
vt 0.798491 0.484882
vt 0.969051 0.606287
vt 0.968449 0.606287
vt 0.937500 0.672175
vt 0.827486 0.437066
vt 0.938659 0.500000
vt 0.840174 0.472238
vt 0.936341 0.500000
vt 0.843383 0.470908
vt 0.937801 0.606287
vt 0.937199 0.606286
vt 0.906250 0.672175
vt 0.862491 0.418355
vt 0.907409 0.500000
vt 0.881798 0.450375
vt 0.905091 0.500000
vt 0.884686 0.448446
vt 0.906551 0.606286
vt 0.905949 0.606286
vt 0.875000 0.672175
vt 0.893174 0.393174
vt 0.876159 0.500000
vt 0.918357 0.420813
vt 0.873841 0.500000
vt 0.920813 0.418357
vt 0.875301 0.606286
vt 0.874699 0.606286
vt 0.899015 0.349569
vt 0.843750 0.672175
vt 0.918355 0.362491
vt 0.844909 0.500000
vt 0.948446 0.384686
vt 0.842591 0.500000
vt 0.950375 0.381798
vt 0.844051 0.606287
vt 0.843449 0.606287
vt 0.812500 0.672175
vt 0.937066 0.327485
vt 0.813659 0.500000
vt 0.970909 0.343383
vt 0.811341 0.500000
vt 0.972238 0.340174
vt 0.812801 0.606286
vt 0.812199 0.606287
vt 0.781250 0.672175
vt 0.948588 0.289502
vt 0.782409 0.500000
vt 0.984882 0.298491
vt 0.780091 0.500000
vt 0.985560 0.295085
vt 0.781551 0.606287
vt 0.780949 0.606287
vt 0.929219 0.250000
vt 0.750000 0.672175
vt 0.952479 0.250000
vt 0.751159 0.500000
vt 0.989829 0.251737
vt 0.748841 0.500000
vt 0.989829 0.248263
vt 0.750301 0.606287
vt 0.749699 0.606287
vt 0.718750 0.672175
vt 0.948588 0.210499
vt 0.719909 0.500000
vt 0.985560 0.204915
vt 0.717591 0.500000
vt 0.984882 0.201509
vt 0.719051 0.606287
vt 0.718449 0.606287
vt 0.915576 0.181416
vt 0.687500 0.672175
vt 0.937066 0.172515
vt 0.688659 0.500000
vt 0.972238 0.159826
vt 0.686341 0.500000
vt 0.970909 0.156617
vt 0.687801 0.606287
vt 0.687199 0.606286
vt 0.656250 0.672175
vt 0.918355 0.137509
vt 0.657409 0.500000
vt 0.950375 0.118202
vt 0.655091 0.500000
vt 0.948446 0.115314
vt 0.656551 0.606286
vt 0.655949 0.606286
vt 0.625000 0.672175
vt 0.893174 0.106826
vt 0.626159 0.500000
vt 0.920813 0.081643
vt 0.623841 0.500000
vt 0.918357 0.079187
vt 0.625301 0.606286
vt 0.624699 0.606286
vt 0.593750 0.672175
vt 0.862491 0.081645
vt 0.594909 0.500000
vt 0.884686 0.051554
vt 0.592591 0.500000
vt 0.881798 0.049625
vt 0.594051 0.606286
vt 0.593449 0.606286
vt 0.818584 0.084424
vt 0.562500 0.672175
vt 0.827486 0.062934
vt 0.563659 0.500000
vt 0.843383 0.029092
vt 0.561341 0.500000
vt 0.840174 0.027762
vt 0.562801 0.606287
vt 0.562199 0.606287
vt 0.531250 0.672175
vt 0.789502 0.051412
vt 0.532409 0.500000
vt 0.798491 0.015118
vt 0.530091 0.500000
vt 0.795085 0.014441
vt 0.531551 0.606287
vt 0.530949 0.606287
vt 0.750000 0.070781
vt 0.500000 0.672175
vt 0.750000 0.047521
vt 0.501159 0.500000
vt 0.751737 0.010171
vt 0.498841 0.500000
vt 0.748263 0.010171
vt 0.500301 0.606287
vt 0.499699 0.606287
vt 0.468750 0.672175
vt 0.710499 0.051412
vt 0.469909 0.500000
vt 0.704915 0.014441
vt 0.467591 0.500000
vt 0.701509 0.015118
vt 0.469051 0.606287
vt 0.468449 0.606287
vt 0.437500 0.672175
vt 0.672514 0.062934
vt 0.438659 0.500000
vt 0.659826 0.027762
vt 0.436341 0.500000
vt 0.656617 0.029092
vt 0.437801 0.606287
vt 0.437199 0.606286
vt 0.650432 0.100985
vt 0.406250 0.672175
vt 0.637509 0.081645
vt 0.407409 0.500000
vt 0.618202 0.049625
vt 0.405091 0.500000
vt 0.615314 0.051554
vt 0.406551 0.606287
vt 0.405949 0.606286
vt 0.375000 0.672175
vt 0.606826 0.106826
vt 0.376159 0.500000
vt 0.581643 0.079187
vt 0.373841 0.500000
vt 0.579187 0.081643
vt 0.375301 0.606286
vt 0.374699 0.606286
vt 0.600985 0.150431
vt 0.343750 0.672175
vt 0.581645 0.137509
vt 0.344909 0.500000
vt 0.551554 0.115314
vt 0.342591 0.500000
vt 0.549625 0.118202
vt 0.344051 0.606287
vt 0.343449 0.606287
vt 0.312500 0.672175
vt 0.562934 0.172515
vt 0.313659 0.500000
vt 0.529092 0.156617
vt 0.311341 0.500000
vt 0.527762 0.159826
vt 0.312801 0.606286
vt 0.312199 0.606287
vt 0.281250 0.672175
vt 0.551412 0.210498
vt 0.282409 0.500000
vt 0.515118 0.201509
vt 0.280091 0.500000
vt 0.514441 0.204915
vt 0.281551 0.606287
vt 0.280949 0.606287
vt 0.570781 0.250000
vt 0.250000 0.672175
vt 0.547521 0.250000
vt 0.251159 0.500000
vt 0.510171 0.248263
vt 0.248841 0.500000
vt 0.510171 0.251737
vt 0.250301 0.606287
vt 0.249699 0.606287
vt 0.218750 0.672175
vt 0.551412 0.289502
vt 0.219909 0.500000
vt 0.514440 0.295085
vt 0.217591 0.500000
vt 0.515118 0.298492
vt 0.219051 0.606287
vt 0.218449 0.606287
vt 0.584423 0.318584
vt 0.187500 0.672175
vt 0.562934 0.327485
vt 0.188659 0.500000
vt 0.527762 0.340174
vt 0.186341 0.500000
vt 0.529092 0.343383
vt 0.187801 0.606287
vt 0.187199 0.606286
vt 0.156250 0.672175
vt 0.581645 0.362491
vt 0.157409 0.500000
vt 0.549625 0.381798
vt 0.155091 0.500000
vt 0.551554 0.384686
vt 0.156551 0.606286
vt 0.155949 0.606286
vt 0.125000 0.672175
vt 0.606826 0.393174
vt 0.126159 0.500000
vt 0.579187 0.418357
vt 0.123841 0.500000
vt 0.581643 0.420813
vt 0.125301 0.606286
vt 0.124699 0.606286
vt 0.650432 0.399015
vt 0.093750 0.672175
vt 0.637509 0.418355
vt 0.094909 0.500000
vt 0.615314 0.448446
vt 0.092591 0.500000
vt 0.618202 0.450375
vt 0.094051 0.606286
vt 0.093449 0.606286
vt 0.062500 0.672175
vt 0.672514 0.437066
vt 0.063659 0.500000
vt 0.656617 0.470908
vt 0.061341 0.500000
vt 0.659826 0.472238
vt 0.062801 0.606287
vt 0.062199 0.606287
vt 0.031250 0.672175
vt 0.710499 0.448588
vt 0.032409 0.500000
vt 0.701509 0.484882
vt 0.030091 0.500000
vt 0.704915 0.485559
vt 0.031551 0.606287
vt 0.030949 0.606287
vt 0.000000 1.000000
vt 0.250000 0.490000
vt 1.000000 1.000000
vt 0.296822 0.485388
vt 0.968750 1.000000
vt 0.341844 0.471731
vt 0.937500 1.000000
vt 0.906250 1.000000
vt 0.383337 0.449553
vt 0.875000 1.000000
vt 0.419706 0.419706
vt 0.843750 1.000000
vt 0.449553 0.383337
vt 0.812500 1.000000
vt 0.471731 0.341844
vt 0.781250 1.000000
vt 0.485388 0.296822
vt 0.750000 1.000000
vt 0.490000 0.250000
vt 0.718750 1.000000
vt 0.485388 0.203178
vt 0.687500 1.000000
vt 0.471731 0.158156
vt 0.656250 1.000000
vt 0.449553 0.116663
vt 0.625000 1.000000
vt 0.419706 0.080294
vt 0.593750 1.000000
vt 0.383337 0.050447
vt 0.562500 1.000000
vt 0.341844 0.028269
vt 0.531250 1.000000
vt 0.296822 0.014612
vt 0.500000 1.000000
vt 0.250000 0.010000
vt 0.468750 1.000000
vt 0.203178 0.014612
vt 0.437500 1.000000
vt 0.158156 0.028269
vt 0.406250 1.000000
vt 0.116663 0.050447
vt 0.375000 1.000000
vt 0.080294 0.080294
vt 0.343750 1.000000
vt 0.050447 0.116663
vt 0.312500 1.000000
vt 0.028269 0.158156
vt 0.281250 1.000000
vt 0.014612 0.203178
vt 0.250000 1.000000
vt 0.010000 0.250000
vt 0.218750 1.000000
vt 0.014612 0.296822
vt 0.187500 1.000000
vt 0.028269 0.341844
vt 0.156250 1.000000
vt 0.050447 0.383337
vt 0.125000 1.000000
vt 0.080294 0.419706
vt 0.093750 1.000000
vt 0.116663 0.449553
vt 0.062500 1.000000
vt 0.158156 0.471731
vt 0.031250 1.000000
vt 0.203178 0.485388
vt 1.000000 0.672175
vt 0.000000 0.672175
vt 0.750000 0.452479
vt 0.998841 0.500000
vt 0.751737 0.489829
vt 0.001159 0.500000
vt 0.748263 0.489829
vt 0.999699 0.606287
vt 0.000301 0.606287
vt 0.784964 0.425775
vt 0.968750 0.672175
vt 0.789502 0.448588
vt 0.969909 0.500000
vt 0.795085 0.485559
vt 0.967591 0.500000
vt 0.798491 0.484882
vt 0.969051 0.606287
vt 0.968449 0.606287
vt 0.937500 0.672175
vt 0.827486 0.437066
vt 0.938659 0.500000
vt 0.840174 0.472238
vt 0.936341 0.500000
vt 0.843383 0.470908
vt 0.937801 0.606287
vt 0.937199 0.606286
vt 0.906250 0.672175
vt 0.862491 0.418355
vt 0.907409 0.500000
vt 0.881798 0.450375
vt 0.905091 0.500000
vt 0.884686 0.448446
vt 0.906551 0.606286
vt 0.905949 0.606286
vt 0.875000 0.672175
vt 0.893174 0.393174
vt 0.876159 0.500000
vt 0.918357 0.420813
vt 0.873841 0.500000
vt 0.920813 0.418357
vt 0.875301 0.606286
vt 0.874699 0.606286
vt 0.899015 0.349569
vt 0.843750 0.672175
vt 0.918355 0.362491
vt 0.844909 0.500000
vt 0.948446 0.384686
vt 0.842591 0.500000
vt 0.950375 0.381798
vt 0.844051 0.606287
vt 0.843449 0.606287
vt 0.812500 0.672175
vt 0.937066 0.327485
vt 0.813659 0.500000
vt 0.970909 0.343383
vt 0.811341 0.500000
vt 0.972238 0.340174
vt 0.812801 0.606286
vt 0.812199 0.606287
vt 0.781250 0.672175
vt 0.948588 0.289502
vt 0.782409 0.500000
vt 0.984882 0.298491
vt 0.780091 0.500000
vt 0.985560 0.295085
vt 0.781551 0.606287
vt 0.780949 0.606287
vt 0.929219 0.250000
vt 0.750000 0.672175
vt 0.952479 0.250000
vt 0.751159 0.500000
vt 0.989829 0.251737
vt 0.748841 0.500000
vt 0.989829 0.248263
vt 0.750301 0.606287
vt 0.749699 0.606287
vt 0.718750 0.672175
vt 0.948588 0.210499
vt 0.719909 0.500000
vt 0.985560 0.204915
vt 0.717591 0.500000
vt 0.984882 0.201509
vt 0.719051 0.606287
vt 0.718449 0.606287
vt 0.915576 0.181416
vt 0.687500 0.672175
vt 0.937066 0.172515
vt 0.688659 0.500000
vt 0.972238 0.159826
vt 0.686341 0.500000
vt 0.970909 0.156617
vt 0.687801 0.606287
vt 0.687199 0.606286
vt 0.656250 0.672175
vt 0.918355 0.137509
vt 0.657409 0.500000
vt 0.950375 0.118202
vt 0.655091 0.500000
vt 0.948446 0.115314
vt 0.656551 0.606286
vt 0.655949 0.606286
vt 0.625000 0.672175
vt 0.893174 0.106826
vt 0.626159 0.500000
vt 0.920813 0.081643
vt 0.623841 0.500000
vt 0.918357 0.079187
vt 0.625301 0.606286
vt 0.624699 0.606286
vt 0.593750 0.672175
vt 0.862491 0.081645
vt 0.594909 0.500000
vt 0.884686 0.051554
vt 0.592591 0.500000
vt 0.881798 0.049625
vt 0.594051 0.606286
vt 0.593449 0.606286
vt 0.818584 0.084424
vt 0.562500 0.672175
vt 0.827486 0.062934
vt 0.563659 0.500000
vt 0.843383 0.029092
vt 0.561341 0.500000
vt 0.840174 0.027762
vt 0.562801 0.606287
vt 0.562199 0.606287
vt 0.531250 0.672175
vt 0.789502 0.051412
vt 0.532409 0.500000
vt 0.798491 0.015118
vt 0.530091 0.500000
vt 0.795085 0.014441
vt 0.531551 0.606287
vt 0.530949 0.606287
vt 0.750000 0.070781
vt 0.500000 0.672175
vt 0.750000 0.047521
vt 0.501159 0.500000
vt 0.751737 0.010171
vt 0.498841 0.500000
vt 0.748263 0.010171
vt 0.500301 0.606287
vt 0.499699 0.606287
vt 0.468750 0.672175
vt 0.710499 0.051412
vt 0.469909 0.500000
vt 0.704915 0.014441
vt 0.467591 0.500000
vt 0.701509 0.015118
vt 0.469051 0.606287
vt 0.468449 0.606287
vt 0.437500 0.672175
vt 0.672514 0.062934
vt 0.438659 0.500000
vt 0.659826 0.027762
vt 0.436341 0.500000
vt 0.656617 0.029092
vt 0.437801 0.606287
vt 0.437199 0.606286
vt 0.650432 0.100985
vt 0.406250 0.672175
vt 0.637509 0.081645
vt 0.407409 0.500000
vt 0.618202 0.049625
vt 0.405091 0.500000
vt 0.615314 0.051554
vt 0.406551 0.606287
vt 0.405949 0.606286
vt 0.375000 0.672175
vt 0.606826 0.106826
vt 0.376159 0.500000
vt 0.581643 0.079187
vt 0.373841 0.500000
vt 0.579187 0.081643
vt 0.375301 0.606286
vt 0.374699 0.606286
vt 0.600985 0.150431
vt 0.343750 0.672175
vt 0.581645 0.137509
vt 0.344909 0.500000
vt 0.551554 0.115314
vt 0.342591 0.500000
vt 0.549625 0.118202
vt 0.344051 0.606287
vt 0.343449 0.606287
vt 0.312500 0.672175
vt 0.562934 0.172515
vt 0.313659 0.500000
vt 0.529092 0.156617
vt 0.311341 0.500000
vt 0.527762 0.159826
vt 0.312801 0.606286
vt 0.312199 0.606287
vt 0.281250 0.672175
vt 0.551412 0.210498
vt 0.282409 0.500000
vt 0.515118 0.201509
vt 0.280091 0.500000
vt 0.514441 0.204915
vt 0.281551 0.606287
vt 0.280949 0.606287
vt 0.570781 0.250000
vt 0.250000 0.672175
vt 0.547521 0.250000
vt 0.251159 0.500000
vt 0.510171 0.248263
vt 0.248841 0.500000
vt 0.510171 0.251737
vt 0.250301 0.606287
vt 0.249699 0.606287
vt 0.218750 0.672175
vt 0.551412 0.289502
vt 0.219909 0.500000
vt 0.514440 0.295085
vt 0.217591 0.500000
vt 0.515118 0.298492
vt 0.219051 0.606287
vt 0.218449 0.606287
vt 0.584423 0.318584
vt 0.187500 0.672175
vt 0.562934 0.327485
vt 0.188659 0.500000
vt 0.527762 0.340174
vt 0.186341 0.500000
vt 0.529092 0.343383
vt 0.187801 0.606287
vt 0.187199 0.606286
vt 0.156250 0.672175
vt 0.581645 0.362491
vt 0.157409 0.500000
vt 0.549625 0.381798
vt 0.155091 0.500000
vt 0.551554 0.384686
vt 0.156551 0.606286
vt 0.155949 0.606286
vt 0.125000 0.672175
vt 0.606826 0.393174
vt 0.126159 0.500000
vt 0.579187 0.418357
vt 0.123841 0.500000
vt 0.581643 0.420813
vt 0.125301 0.606286
vt 0.124699 0.606286
vt 0.650432 0.399015
vt 0.093750 0.672175
vt 0.637509 0.418355
vt 0.094909 0.500000
vt 0.615314 0.448446
vt 0.092591 0.500000
vt 0.618202 0.450375
vt 0.094051 0.606286
vt 0.093449 0.606286
vt 0.062500 0.672175
vt 0.672514 0.437066
vt 0.063659 0.500000
vt 0.656617 0.470908
vt 0.061341 0.500000
vt 0.659826 0.472238
vt 0.062801 0.606287
vt 0.062199 0.606287
vt 0.031250 0.672175
vt 0.710499 0.448588
vt 0.032409 0.500000
vt 0.701509 0.484882
vt 0.030091 0.500000
vt 0.704915 0.485559
vt 0.031551 0.606287
vt 0.030949 0.606287
vt 0.000000 1.000000
vt 0.250000 0.490000
vt 1.000000 1.000000
vt 0.296822 0.485388
vt 0.968750 1.000000
vt 0.341844 0.471731
vt 0.937500 1.000000
vt 0.906250 1.000000
vt 0.383337 0.449553
vt 0.875000 1.000000
vt 0.419706 0.419706
vt 0.843750 1.000000
vt 0.449553 0.383337
vt 0.812500 1.000000
vt 0.471731 0.341844
vt 0.781250 1.000000
vt 0.485388 0.296822
vt 0.750000 1.000000
vt 0.490000 0.250000
vt 0.718750 1.000000
vt 0.485388 0.203178
vt 0.687500 1.000000
vt 0.471731 0.158156
vt 0.656250 1.000000
vt 0.449553 0.116663
vt 0.625000 1.000000
vt 0.419706 0.080294
vt 0.593750 1.000000
vt 0.383337 0.050447
vt 0.562500 1.000000
vt 0.341844 0.028269
vt 0.531250 1.000000
vt 0.296822 0.014612
vt 0.500000 1.000000
vt 0.250000 0.010000
vt 0.468750 1.000000
vt 0.203178 0.014612
vt 0.437500 1.000000
vt 0.158156 0.028269
vt 0.406250 1.000000
vt 0.116663 0.050447
vt 0.375000 1.000000
vt 0.080294 0.080294
vt 0.343750 1.000000
vt 0.050447 0.116663
vt 0.312500 1.000000
vt 0.028269 0.158156
vt 0.281250 1.000000
vt 0.014612 0.203178
vt 0.250000 1.000000
vt 0.010000 0.250000
vt 0.218750 1.000000
vt 0.014612 0.296822
vt 0.187500 1.000000
vt 0.028269 0.341844
vt 0.156250 1.000000
vt 0.050447 0.383337
vt 0.125000 1.000000
vt 0.080294 0.419706
vt 0.093750 1.000000
vt 0.116663 0.449553
vt 0.062500 1.000000
vt 0.158156 0.471731
vt 0.031250 1.000000
vt 0.203178 0.485388
vt 1.000000 0.672175
vt 0.000000 0.672175
vt 0.750000 0.452479
vt 0.998841 0.500000
vt 0.751737 0.489829
vt 0.001159 0.500000
vt 0.748263 0.489829
vt 0.999699 0.606287
vt 0.000301 0.606287
vt 0.784964 0.425775
vt 0.968750 0.672175
vt 0.789502 0.448588
vt 0.969909 0.500000
vt 0.795085 0.485559
vt 0.967591 0.500000
vt 0.798491 0.484882
vt 0.969051 0.606287
vt 0.968449 0.606287
vt 0.937500 0.672175
vt 0.827486 0.437066
vt 0.938659 0.500000
vt 0.840174 0.472238
vt 0.936341 0.500000
vt 0.843383 0.470908
vt 0.937801 0.606287
vt 0.937199 0.606286
vt 0.906250 0.672175
vt 0.862491 0.418355
vt 0.907409 0.500000
vt 0.881798 0.450375
vt 0.905091 0.500000
vt 0.884686 0.448446
vt 0.906551 0.606286
vt 0.905949 0.606286
vt 0.875000 0.672175
vt 0.893174 0.393174
vt 0.876159 0.500000
vt 0.918357 0.420813
vt 0.873841 0.500000
vt 0.920813 0.418357
vt 0.875301 0.606286
vt 0.874699 0.606286
vt 0.899015 0.349569
vt 0.843750 0.672175
vt 0.918355 0.362491
vt 0.844909 0.500000
vt 0.948446 0.384686
vt 0.842591 0.500000
vt 0.950375 0.381798
vt 0.844051 0.606287
vt 0.843449 0.606287
vt 0.812500 0.672175
vt 0.937066 0.327485
vt 0.813659 0.500000
vt 0.970909 0.343383
vt 0.811341 0.500000
vt 0.972238 0.340174
vt 0.812801 0.606286
vt 0.812199 0.606287
vt 0.781250 0.672175
vt 0.948588 0.289502
vt 0.782409 0.500000
vt 0.984882 0.298491
vt 0.780091 0.500000
vt 0.985560 0.295085
vt 0.781551 0.606287
vt 0.780949 0.606287
vt 0.929219 0.250000
vt 0.750000 0.672175
vt 0.952479 0.250000
vt 0.751159 0.500000
vt 0.989829 0.251737
vt 0.748841 0.500000
vt 0.989829 0.248263
vt 0.750301 0.606287
vt 0.749699 0.606287
vt 0.718750 0.672175
vt 0.948588 0.210499
vt 0.719909 0.500000
vt 0.985560 0.204915
vt 0.717591 0.500000
vt 0.984882 0.201509
vt 0.719051 0.606287
vt 0.718449 0.606287
vt 0.915576 0.181416
vt 0.687500 0.672175
vt 0.937066 0.172515
vt 0.688659 0.500000
vt 0.972238 0.159826
vt 0.686341 0.500000
vt 0.970909 0.156617
vt 0.687801 0.606287
vt 0.687199 0.606286
vt 0.656250 0.672175
vt 0.918355 0.137509
vt 0.657409 0.500000
vt 0.950375 0.118202
vt 0.655091 0.500000
vt 0.948446 0.115314
vt 0.656551 0.606286
vt 0.655949 0.606286
vt 0.625000 0.672175
vt 0.893174 0.106826
vt 0.626159 0.500000
vt 0.920813 0.081643
vt 0.623841 0.500000
vt 0.918357 0.079187
vt 0.625301 0.606286
vt 0.624699 0.606286
vt 0.593750 0.672175
vt 0.862491 0.081645
vt 0.594909 0.500000
vt 0.884686 0.051554
vt 0.592591 0.500000
vt 0.881798 0.049625
vt 0.594051 0.606286
vt 0.593449 0.606286
vt 0.818584 0.084424
vt 0.562500 0.672175
vt 0.827486 0.062934
vt 0.563659 0.500000
vt 0.843383 0.029092
vt 0.561341 0.500000
vt 0.840174 0.027762
vt 0.562801 0.606287
vt 0.562199 0.606287
vt 0.531250 0.672175
vt 0.789502 0.051412
vt 0.532409 0.500000
vt 0.798491 0.015118
vt 0.530091 0.500000
vt 0.795085 0.014441
vt 0.531551 0.606287
vt 0.530949 0.606287
vt 0.750000 0.070781
vt 0.500000 0.672175
vt 0.750000 0.047521
vt 0.501159 0.500000
vt 0.751737 0.010171
vt 0.498841 0.500000
vt 0.748263 0.010171
vt 0.500301 0.606287
vt 0.499699 0.606287
vt 0.468750 0.672175
vt 0.710499 0.051412
vt 0.469909 0.500000
vt 0.704915 0.014441
vt 0.467591 0.500000
vt 0.701509 0.015118
vt 0.469051 0.606287
vt 0.468449 0.606287
vt 0.437500 0.672175
vt 0.672514 0.062934
vt 0.438659 0.500000
vt 0.659826 0.027762
vt 0.436341 0.500000
vt 0.656617 0.029092
vt 0.437801 0.606287
vt 0.437199 0.606286
vt 0.650432 0.100985
vt 0.406250 0.672175
vt 0.637509 0.081645
vt 0.407409 0.500000
vt 0.618202 0.049625
vt 0.405091 0.500000
vt 0.615314 0.051554
vt 0.406551 0.606287
vt 0.405949 0.606286
vt 0.375000 0.672175
vt 0.606826 0.106826
vt 0.376159 0.500000
vt 0.581643 0.079187
vt 0.373841 0.500000
vt 0.579187 0.081643
vt 0.375301 0.606286
vt 0.374699 0.606286
vt 0.600985 0.150431
vt 0.343750 0.672175
vt 0.581645 0.137509
vt 0.344909 0.500000
vt 0.551554 0.115314
vt 0.342591 0.500000
vt 0.549625 0.118202
vt 0.344051 0.606287
vt 0.343449 0.606287
vt 0.312500 0.672175
vt 0.562934 0.172515
vt 0.313659 0.500000
vt 0.529092 0.156617
vt 0.311341 0.500000
vt 0.527762 0.159826
vt 0.312801 0.606286
vt 0.312199 0.606287
vt 0.281250 0.672175
vt 0.551412 0.210498
vt 0.282409 0.500000
vt 0.515118 0.201509
vt 0.280091 0.500000
vt 0.514441 0.204915
vt 0.281551 0.606287
vt 0.280949 0.606287
vt 0.570781 0.250000
vt 0.250000 0.672175
vt 0.547521 0.250000
vt 0.251159 0.500000
vt 0.510171 0.248263
vt 0.248841 0.500000
vt 0.510171 0.251737
vt 0.250301 0.606287
vt 0.249699 0.606287
vt 0.218750 0.672175
vt 0.551412 0.289502
vt 0.219909 0.500000
vt 0.514440 0.295085
vt 0.217591 0.500000
vt 0.515118 0.298492
vt 0.219051 0.606287
vt 0.218449 0.606287
vt 0.584423 0.318584
vt 0.187500 0.672175
vt 0.562934 0.327485
vt 0.188659 0.500000
vt 0.527762 0.340174
vt 0.186341 0.500000
vt 0.529092 0.343383
vt 0.187801 0.606287
vt 0.187199 0.606286
vt 0.156250 0.672175
vt 0.581645 0.362491
vt 0.157409 0.500000
vt 0.549625 0.381798
vt 0.155091 0.500000
vt 0.551554 0.384686
vt 0.156551 0.606286
vt 0.155949 0.606286
vt 0.125000 0.672175
vt 0.606826 0.393174
vt 0.126159 0.500000
vt 0.579187 0.418357
vt 0.123841 0.500000
vt 0.581643 0.420813
vt 0.125301 0.606286
vt 0.124699 0.606286
vt 0.650432 0.399015
vt 0.093750 0.672175
vt 0.637509 0.418355
vt 0.094909 0.500000
vt 0.615314 0.448446
vt 0.092591 0.500000
vt 0.618202 0.450375
vt 0.094051 0.606286
vt 0.093449 0.606286
vt 0.062500 0.672175
vt 0.672514 0.437066
vt 0.063659 0.500000
vt 0.656617 0.470908
vt 0.061341 0.500000
vt 0.659826 0.472238
vt 0.062801 0.606287
vt 0.062199 0.606287
vt 0.031250 0.672175
vt 0.710499 0.448588
vt 0.032409 0.500000
vt 0.701509 0.484882
vt 0.030091 0.500000
vt 0.704915 0.485559
vt 0.031551 0.606287
vt 0.030949 0.606287
s 1
usemtl red.001
f 3793/5008/2986 3657/4746/2987 3626/4683/2988 3658/4749/2989
f 3667/4766/2990 3628/4689/2991 3629/4690/2992 3671/4774/2993
f 3671/4774/2993 3629/4690/2992 3630/4692/2994 3675/4782/2995
f 3675/4782/2995 3630/4692/2994 3631/4694/2996 3680/4791/2997
f 3680/4791/2997 3631/4694/2996 3632/4696/2998 3684/4799/2999
f 3684/4799/2999 3632/4696/2998 3633/4698/3000 3688/4807/3001
f 3688/4807/3001 3633/4698/3000 3634/4700/3002 3693/4816/3003
f 3693/4816/3003 3634/4700/3002 3635/4702/3004 3697/4824/3005
f 3697/4824/3005 3635/4702/3004 3636/4704/3006 3702/4833/3007
f 3702/4833/3007 3636/4704/3006 3637/4706/3008 3706/4841/3009
f 3706/4841/3009 3637/4706/3008 3638/4708/3010 3710/4849/3011
f 3710/4849/3011 3638/4708/3010 3639/4710/3012 3714/4857/3013
f 3714/4857/3013 3639/4710/3012 3640/4712/3014 3719/4866/3015
f 3719/4866/3015 3640/4712/3014 3641/4714/3016 3723/4874/3017
f 3723/4874/3017 3641/4714/3016 3642/4716/3018 3728/4883/3019
f 3728/4883/3019 3642/4716/3018 3643/4718/3020 3732/4891/3021
f 3732/4891/3021 3643/4718/3020 3644/4720/3022 3736/4899/3023
f 3736/4899/3023 3644/4720/3022 3645/4722/3024 3741/4908/3025
f 3741/4908/3025 3645/4722/3024 3646/4724/3026 3745/4916/3027
f 3745/4916/3027 3646/4724/3026 3647/4726/3028 3750/4925/3029
f 3750/4925/3029 3647/4726/3028 3648/4728/3030 3754/4933/3031
f 3754/4933/3031 3648/4728/3030 3649/4730/3032 3758/4941/3033
f 3758/4941/3033 3649/4730/3032 3650/4732/3034 3763/4950/3035
f 3763/4950/3035 3650/4732/3034 3651/4734/3036 3767/4958/3037
f 3767/4958/3037 3651/4734/3036 3652/4736/3038 3772/4967/3039
f 3772/4967/3039 3652/4736/3038 3653/4738/3040 3776/4975/3041
f 3776/4975/3041 3653/4738/3040 3654/4740/3042 3780/4983/3043
f 3780/4983/3043 3654/4740/3042 3655/4742/3044 3785/4992/3045
f 3785/4992/3045 3655/4742/3044 3656/4744/3046 3789/5000/3047
f 3789/5000/3047 3656/4744/3046 3657/4746/2987 3793/5008/2986
f 3627/4686/3048 3626/4684/3048 3657/4747/3048 3656/4745/3048 3655/4743/3048 3654/4741/3048 3653/4739/3048 3652/4737/3048 3651/4735/3048 3650/4733/3048 3649/4731/3048 3648/4729/3048 3647/4727/3048 3646/4725/3048 3645/4723/3048 3644/4721/3048 3643/4719/3048 3642/4717/3048 3641/4715/3048 3640/4713/3048 3639/4711/3048 3638/4709/3048 3637/4707/3048 3636/4705/3048 3635/4703/3048 3634/4701/3048 3633/4699/3048 3632/4697/3048 3631/4695/3048 3630/4693/3048 3629/4691/3048 3628/4688/3048
f 3663/4758/3049 3627/4687/3050 3628/4689/2991 3667/4766/2990
f 3658/4748/2989 3626/4685/2988 3627/4687/3050 3663/4758/3049
f 3658/4748/2989 3663/4758/3049 3666/4764/3051 3661/4755/3052
f 3661/4755/3052 3666/4764/3051 3665/4760/3053 3660/4751/3054
f 3660/4752/3054 3665/4761/3053 3664/4759/3055 3659/4750/3056
f 3663/4758/3049 3667/4766/2990 3670/4772/3057 3666/4765/3051
f 3666/4765/3051 3670/4772/3057 3669/4768/3058 3665/4762/3053
f 3665/4763/3053 3669/4769/3058 3668/4767/3059 3664/4759/3055
f 3667/4766/2990 3671/4774/2993 3674/4780/3060 3670/4773/3057
f 3670/4773/3057 3674/4780/3060 3673/4776/3061 3669/4770/3058
f 3669/4771/3058 3673/4777/3061 3672/4775/3062 3668/4767/3059
f 3671/4774/2993 3675/4782/2995 3678/4788/3063 3674/4781/3060
f 3674/4781/3060 3678/4788/3063 3677/4784/3064 3673/4778/3061
f 3673/4779/3061 3677/4785/3064 3676/4783/3065 3672/4775/3062
f 3746/4917/3066 3751/4926/3067 3749/4924/3068 3740/4907/3069 3742/4909/3070
f 3675/4782/2995 3680/4791/2997 3683/4797/3071 3678/4789/3063
f 3678/4789/3063 3683/4797/3071 3682/4793/3072 3677/4786/3064
f 3677/4787/3064 3682/4794/3072 3681/4792/3073 3676/4783/3065
f 3680/4791/2997 3684/4799/2999 3687/4805/3074 3683/4798/3071
f 3683/4798/3071 3687/4805/3074 3686/4801/3075 3682/4795/3072
f 3682/4796/3072 3686/4802/3075 3685/4800/3076 3681/4792/3073
f 3698/4825/3077 3703/4834/3078 3701/4832/3079 3692/4815/3080 3694/4817/3081
f 3684/4799/2999 3688/4807/3001 3691/4813/3082 3687/4806/3074
f 3687/4806/3074 3691/4813/3082 3690/4809/3083 3686/4803/3075
f 3686/4804/3075 3690/4810/3083 3689/4808/3084 3685/4800/3076
f 3688/4807/3001 3693/4816/3003 3696/4822/3085 3691/4814/3082
f 3691/4814/3082 3696/4822/3085 3695/4818/3086 3690/4811/3083
f 3690/4812/3083 3695/4819/3086 3694/4817/3081 3689/4808/3084
f 3781/4984/3087 3786/4993/3088 3784/4991/3089 3771/4966/3090 3773/4968/3091 3777/4976/3092
f 3693/4816/3003 3697/4824/3005 3700/4830/3093 3696/4823/3085
f 3696/4823/3085 3700/4830/3093 3699/4826/3094 3695/4820/3086
f 3695/4821/3086 3699/4827/3094 3698/4825/3077 3694/4817/3081
f 3697/4824/3005 3702/4833/3007 3705/4839/3095 3700/4831/3093
f 3700/4831/3093 3705/4839/3095 3704/4835/3096 3699/4828/3094
f 3699/4829/3094 3704/4836/3096 3703/4834/3078 3698/4825/3077
f 3702/4833/3007 3706/4841/3009 3709/4847/3097 3705/4840/3095
f 3705/4840/3095 3709/4847/3097 3708/4843/3098 3704/4837/3096
f 3704/4838/3096 3708/4844/3098 3707/4842/3099 3703/4834/3078
f 3759/4942/3100 3764/4951/3101 3762/4949/3102 3749/4924/3068 3751/4926/3067 3755/4934/3103
f 3706/4841/3009 3710/4849/3011 3713/4855/3104 3709/4848/3097
f 3709/4848/3097 3713/4855/3104 3712/4851/3105 3708/4845/3098
f 3708/4846/3098 3712/4852/3105 3711/4850/3106 3707/4842/3099
f 3710/4849/3011 3714/4857/3013 3717/4863/3107 3713/4856/3104
f 3713/4856/3104 3717/4863/3107 3716/4859/3108 3712/4853/3105
f 3712/4854/3105 3716/4860/3108 3715/4858/3109 3711/4850/3106
f 3714/4857/3013 3719/4866/3015 3722/4872/3110 3717/4864/3107
f 3717/4864/3107 3722/4872/3110 3721/4868/3111 3716/4861/3108
f 3716/4862/3108 3721/4869/3111 3720/4867/3112 3715/4858/3109
f 3719/4866/3015 3723/4874/3017 3726/4880/3113 3722/4873/3110
f 3722/4873/3110 3726/4880/3113 3725/4876/3114 3721/4870/3111
f 3721/4871/3111 3725/4877/3114 3724/4875/3115 3720/4867/3112
f 3723/4874/3017 3728/4883/3019 3731/4889/3116 3726/4881/3113
f 3726/4881/3113 3731/4889/3116 3730/4885/3117 3725/4878/3114
f 3725/4879/3114 3730/4886/3117 3729/4884/3118 3724/4875/3115
f 3728/4883/3019 3732/4891/3021 3735/4897/3119 3731/4890/3116
f 3731/4890/3116 3735/4897/3119 3734/4893/3120 3730/4887/3117
f 3730/4888/3117 3734/4894/3120 3733/4892/3121 3729/4884/3118
f 3668/4767/3059 3672/4775/3062 3676/4783/3065 3681/4792/3073 3679/4790/3122 3662/4757/3123 3664/4759/3055
f 3732/4891/3021 3736/4899/3023 3739/4905/3124 3735/4898/3119
f 3735/4898/3119 3739/4905/3124 3738/4901/3125 3734/4895/3120
f 3734/4896/3120 3738/4902/3125 3737/4900/3126 3733/4892/3121
f 3768/4959/3127 3773/4968/3091 3771/4966/3090 3762/4949/3102 3764/4951/3101
f 3736/4899/3023 3741/4908/3025 3744/4914/3128 3739/4906/3124
f 3739/4906/3124 3744/4914/3128 3743/4910/3129 3738/4903/3125
f 3738/4904/3125 3743/4911/3129 3742/4909/3070 3737/4900/3126
f 3741/4908/3025 3745/4916/3027 3748/4922/3130 3744/4915/3128
f 3744/4915/3128 3748/4922/3130 3747/4918/3131 3743/4912/3129
f 3743/4913/3129 3747/4919/3131 3746/4917/3066 3742/4909/3070
f 3745/4916/3027 3750/4925/3029 3753/4931/3132 3748/4923/3130
f 3748/4923/3130 3753/4931/3132 3752/4927/3133 3747/4920/3131
f 3747/4921/3131 3752/4928/3133 3751/4926/3067 3746/4917/3066
f 3750/4925/3029 3754/4933/3031 3757/4939/3134 3753/4932/3132
f 3753/4932/3132 3757/4939/3134 3756/4935/3135 3752/4929/3133
f 3752/4930/3133 3756/4936/3135 3755/4934/3103 3751/4926/3067
f 3685/4800/3076 3689/4808/3084 3694/4817/3081 3692/4815/3080 3679/4790/3122 3681/4792/3073
f 3754/4933/3031 3758/4941/3033 3761/4947/3136 3757/4940/3134
f 3757/4940/3134 3761/4947/3136 3760/4943/3137 3756/4937/3135
f 3756/4938/3135 3760/4944/3137 3759/4942/3100 3755/4934/3103
f 3724/4875/3115 3729/4884/3118 3727/4882/3138 3718/4865/3139 3720/4867/3112
f 3758/4941/3033 3763/4950/3035 3766/4956/3140 3761/4948/3136
f 3761/4948/3136 3766/4956/3140 3765/4952/3141 3760/4945/3137
f 3760/4946/3137 3765/4953/3141 3764/4951/3101 3759/4942/3100
f 3763/4950/3035 3767/4958/3037 3770/4964/3142 3766/4957/3140
f 3766/4957/3140 3770/4964/3142 3769/4960/3143 3765/4954/3141
f 3765/4955/3141 3769/4961/3143 3768/4959/3127 3764/4951/3101
f 3767/4958/3037 3772/4967/3039 3775/4973/3144 3770/4965/3142
f 3770/4965/3142 3775/4973/3144 3774/4969/3145 3769/4962/3143
f 3769/4963/3143 3774/4970/3145 3773/4968/3091 3768/4959/3127
f 3772/4967/3039 3776/4975/3041 3779/4981/3146 3775/4974/3144
f 3775/4974/3144 3779/4981/3146 3778/4977/3147 3774/4971/3145
f 3774/4972/3145 3778/4978/3147 3777/4976/3092 3773/4968/3091
f 3737/4900/3126 3742/4909/3070 3740/4907/3069 3727/4882/3138 3729/4884/3118 3733/4892/3121
f 3776/4975/3041 3780/4983/3043 3783/4989/3148 3779/4982/3146
f 3779/4982/3146 3783/4989/3148 3782/4985/3149 3778/4979/3147
f 3778/4980/3147 3782/4986/3149 3781/4984/3087 3777/4976/3092
f 3794/5009/3150 3659/4750/3056 3664/4759/3055 3662/4757/3123 3784/4991/3089 3786/4993/3088 3790/5001/3151
f 3780/4983/3043 3785/4992/3045 3788/4998/3152 3783/4990/3148
f 3783/4990/3148 3788/4998/3152 3787/4994/3153 3782/4987/3149
f 3782/4988/3149 3787/4995/3153 3786/4993/3088 3781/4984/3087
f 3785/4992/3045 3789/5000/3047 3792/5006/3154 3788/4999/3152
f 3788/4999/3152 3792/5006/3154 3791/5002/3155 3787/4996/3153
f 3787/4997/3153 3791/5003/3155 3790/5001/3151 3786/4993/3088
f 3789/5000/3047 3793/5008/2986 3796/5014/3156 3792/5007/3154
f 3792/5007/3154 3796/5014/3156 3795/5010/3157 3791/5004/3155
f 3791/5005/3155 3795/5011/3157 3794/5009/3150 3790/5001/3151
f 3793/5008/2986 3658/4749/2989 3661/4756/3052 3796/5015/3156
f 3796/5015/3156 3661/4756/3052 3660/4753/3054 3795/5012/3157
f 3795/5013/3157 3660/4754/3054 3659/4750/3056 3794/5009/3150
f 3662/4757/3123 3679/4790/3122 3692/4815/3080 3701/4832/3079 3718/4865/3139 3727/4882/3138 3740/4907/3069 3749/4924/3068 3762/4949/3102 3771/4966/3090 3784/4991/3089
f 3707/4842/3099 3711/4850/3106 3715/4858/3109 3720/4867/3112 3718/4865/3139 3701/4832/3079 3703/4834/3078
f 3964/5341/2986 3828/5079/2987 3797/5016/2988 3829/5082/2989
f 3838/5099/2990 3799/5022/2991 3800/5023/2992 3842/5107/2993
f 3842/5107/2993 3800/5023/2992 3801/5025/2994 3846/5115/2995
f 3846/5115/2995 3801/5025/2994 3802/5027/2996 3851/5124/2997
f 3851/5124/2997 3802/5027/2996 3803/5029/2998 3855/5132/2999
f 3855/5132/2999 3803/5029/2998 3804/5031/3000 3859/5140/3001
f 3859/5140/3001 3804/5031/3000 3805/5033/3002 3864/5149/3003
f 3864/5149/3003 3805/5033/3002 3806/5035/3004 3868/5157/3005
f 3868/5157/3005 3806/5035/3004 3807/5037/3006 3873/5166/3007
f 3873/5166/3007 3807/5037/3006 3808/5039/3008 3877/5174/3009
f 3877/5174/3009 3808/5039/3008 3809/5041/3010 3881/5182/3011
f 3881/5182/3011 3809/5041/3010 3810/5043/3012 3885/5190/3013
f 3885/5190/3013 3810/5043/3012 3811/5045/3014 3890/5199/3015
f 3890/5199/3015 3811/5045/3014 3812/5047/3016 3894/5207/3017
f 3894/5207/3017 3812/5047/3016 3813/5049/3018 3899/5216/3019
f 3899/5216/3019 3813/5049/3018 3814/5051/3020 3903/5224/3021
f 3903/5224/3021 3814/5051/3020 3815/5053/3022 3907/5232/3023
f 3907/5232/3023 3815/5053/3022 3816/5055/3024 3912/5241/3025
f 3912/5241/3025 3816/5055/3024 3817/5057/3026 3916/5249/3027
f 3916/5249/3027 3817/5057/3026 3818/5059/3028 3921/5258/3029
f 3921/5258/3029 3818/5059/3028 3819/5061/3030 3925/5266/3031
f 3925/5266/3031 3819/5061/3030 3820/5063/3032 3929/5274/3033
f 3929/5274/3033 3820/5063/3032 3821/5065/3034 3934/5283/3035
f 3934/5283/3035 3821/5065/3034 3822/5067/3036 3938/5291/3037
f 3938/5291/3037 3822/5067/3036 3823/5069/3038 3943/5300/3039
f 3943/5300/3039 3823/5069/3038 3824/5071/3040 3947/5308/3041
f 3947/5308/3041 3824/5071/3040 3825/5073/3042 3951/5316/3043
f 3951/5316/3043 3825/5073/3042 3826/5075/3044 3956/5325/3045
f 3956/5325/3045 3826/5075/3044 3827/5077/3046 3960/5333/3047
f 3960/5333/3047 3827/5077/3046 3828/5079/2987 3964/5341/2986
f 3798/5019/3048 3797/5017/3048 3828/5080/3048 3827/5078/3048 3826/5076/3048 3825/5074/3048 3824/5072/3048 3823/5070/3048 3822/5068/3048 3821/5066/3048 3820/5064/3048 3819/5062/3048 3818/5060/3048 3817/5058/3048 3816/5056/3048 3815/5054/3048 3814/5052/3048 3813/5050/3048 3812/5048/3048 3811/5046/3048 3810/5044/3048 3809/5042/3048 3808/5040/3048 3807/5038/3048 3806/5036/3048 3805/5034/3048 3804/5032/3048 3803/5030/3048 3802/5028/3048 3801/5026/3048 3800/5024/3048 3799/5021/3048
f 3834/5091/3049 3798/5020/3050 3799/5022/2991 3838/5099/2990
f 3829/5081/2989 3797/5018/2988 3798/5020/3050 3834/5091/3049
f 3829/5081/2989 3834/5091/3049 3837/5097/3051 3832/5088/3052
f 3832/5088/3052 3837/5097/3051 3836/5093/3053 3831/5084/3054
f 3831/5085/3054 3836/5094/3053 3835/5092/3055 3830/5083/3056
f 3834/5091/3049 3838/5099/2990 3841/5105/3057 3837/5098/3051
f 3837/5098/3051 3841/5105/3057 3840/5101/3058 3836/5095/3053
f 3836/5096/3053 3840/5102/3058 3839/5100/3059 3835/5092/3055
f 3838/5099/2990 3842/5107/2993 3845/5113/3060 3841/5106/3057
f 3841/5106/3057 3845/5113/3060 3844/5109/3061 3840/5103/3058
f 3840/5104/3058 3844/5110/3061 3843/5108/3062 3839/5100/3059
f 3842/5107/2993 3846/5115/2995 3849/5121/3063 3845/5114/3060
f 3845/5114/3060 3849/5121/3063 3848/5117/3064 3844/5111/3061
f 3844/5112/3061 3848/5118/3064 3847/5116/3065 3843/5108/3062
f 3917/5250/3066 3922/5259/3067 3920/5257/3068 3911/5240/3069 3913/5242/3070
f 3846/5115/2995 3851/5124/2997 3854/5130/3071 3849/5122/3063
f 3849/5122/3063 3854/5130/3071 3853/5126/3072 3848/5119/3064
f 3848/5120/3064 3853/5127/3072 3852/5125/3073 3847/5116/3065
f 3851/5124/2997 3855/5132/2999 3858/5138/3074 3854/5131/3071
f 3854/5131/3071 3858/5138/3074 3857/5134/3075 3853/5128/3072
f 3853/5129/3072 3857/5135/3075 3856/5133/3076 3852/5125/3073
f 3869/5158/3077 3874/5167/3078 3872/5165/3079 3863/5148/3080 3865/5150/3081
f 3855/5132/2999 3859/5140/3001 3862/5146/3082 3858/5139/3074
f 3858/5139/3074 3862/5146/3082 3861/5142/3083 3857/5136/3075
f 3857/5137/3075 3861/5143/3083 3860/5141/3084 3856/5133/3076
f 3859/5140/3001 3864/5149/3003 3867/5155/3085 3862/5147/3082
f 3862/5147/3082 3867/5155/3085 3866/5151/3086 3861/5144/3083
f 3861/5145/3083 3866/5152/3086 3865/5150/3081 3860/5141/3084
f 3952/5317/3087 3957/5326/3088 3955/5324/3089 3942/5299/3090 3944/5301/3091 3948/5309/3092
f 3864/5149/3003 3868/5157/3005 3871/5163/3093 3867/5156/3085
f 3867/5156/3085 3871/5163/3093 3870/5159/3094 3866/5153/3086
f 3866/5154/3086 3870/5160/3094 3869/5158/3077 3865/5150/3081
f 3868/5157/3005 3873/5166/3007 3876/5172/3095 3871/5164/3093
f 3871/5164/3093 3876/5172/3095 3875/5168/3096 3870/5161/3094
f 3870/5162/3094 3875/5169/3096 3874/5167/3078 3869/5158/3077
f 3873/5166/3007 3877/5174/3009 3880/5180/3097 3876/5173/3095
f 3876/5173/3095 3880/5180/3097 3879/5176/3098 3875/5170/3096
f 3875/5171/3096 3879/5177/3098 3878/5175/3099 3874/5167/3078
f 3930/5275/3100 3935/5284/3101 3933/5282/3102 3920/5257/3068 3922/5259/3067 3926/5267/3103
f 3877/5174/3009 3881/5182/3011 3884/5188/3104 3880/5181/3097
f 3880/5181/3097 3884/5188/3104 3883/5184/3105 3879/5178/3098
f 3879/5179/3098 3883/5185/3105 3882/5183/3106 3878/5175/3099
f 3881/5182/3011 3885/5190/3013 3888/5196/3107 3884/5189/3104
f 3884/5189/3104 3888/5196/3107 3887/5192/3108 3883/5186/3105
f 3883/5187/3105 3887/5193/3108 3886/5191/3109 3882/5183/3106
f 3885/5190/3013 3890/5199/3015 3893/5205/3110 3888/5197/3107
f 3888/5197/3107 3893/5205/3110 3892/5201/3111 3887/5194/3108
f 3887/5195/3108 3892/5202/3111 3891/5200/3112 3886/5191/3109
f 3890/5199/3015 3894/5207/3017 3897/5213/3113 3893/5206/3110
f 3893/5206/3110 3897/5213/3113 3896/5209/3114 3892/5203/3111
f 3892/5204/3111 3896/5210/3114 3895/5208/3115 3891/5200/3112
f 3894/5207/3017 3899/5216/3019 3902/5222/3116 3897/5214/3113
f 3897/5214/3113 3902/5222/3116 3901/5218/3117 3896/5211/3114
f 3896/5212/3114 3901/5219/3117 3900/5217/3118 3895/5208/3115
f 3899/5216/3019 3903/5224/3021 3906/5230/3119 3902/5223/3116
f 3902/5223/3116 3906/5230/3119 3905/5226/3120 3901/5220/3117
f 3901/5221/3117 3905/5227/3120 3904/5225/3121 3900/5217/3118
f 3839/5100/3059 3843/5108/3062 3847/5116/3065 3852/5125/3073 3850/5123/3122 3833/5090/3123 3835/5092/3055
f 3903/5224/3021 3907/5232/3023 3910/5238/3124 3906/5231/3119
f 3906/5231/3119 3910/5238/3124 3909/5234/3125 3905/5228/3120
f 3905/5229/3120 3909/5235/3125 3908/5233/3126 3904/5225/3121
f 3939/5292/3127 3944/5301/3091 3942/5299/3090 3933/5282/3102 3935/5284/3101
f 3907/5232/3023 3912/5241/3025 3915/5247/3128 3910/5239/3124
f 3910/5239/3124 3915/5247/3128 3914/5243/3129 3909/5236/3125
f 3909/5237/3125 3914/5244/3129 3913/5242/3070 3908/5233/3126
f 3912/5241/3025 3916/5249/3027 3919/5255/3130 3915/5248/3128
f 3915/5248/3128 3919/5255/3130 3918/5251/3131 3914/5245/3129
f 3914/5246/3129 3918/5252/3131 3917/5250/3066 3913/5242/3070
f 3916/5249/3027 3921/5258/3029 3924/5264/3132 3919/5256/3130
f 3919/5256/3130 3924/5264/3132 3923/5260/3133 3918/5253/3131
f 3918/5254/3131 3923/5261/3133 3922/5259/3067 3917/5250/3066
f 3921/5258/3029 3925/5266/3031 3928/5272/3134 3924/5265/3132
f 3924/5265/3132 3928/5272/3134 3927/5268/3135 3923/5262/3133
f 3923/5263/3133 3927/5269/3135 3926/5267/3103 3922/5259/3067
f 3856/5133/3076 3860/5141/3084 3865/5150/3081 3863/5148/3080 3850/5123/3122 3852/5125/3073
f 3925/5266/3031 3929/5274/3033 3932/5280/3136 3928/5273/3134
f 3928/5273/3134 3932/5280/3136 3931/5276/3137 3927/5270/3135
f 3927/5271/3135 3931/5277/3137 3930/5275/3100 3926/5267/3103
f 3895/5208/3115 3900/5217/3118 3898/5215/3138 3889/5198/3139 3891/5200/3112
f 3929/5274/3033 3934/5283/3035 3937/5289/3140 3932/5281/3136
f 3932/5281/3136 3937/5289/3140 3936/5285/3141 3931/5278/3137
f 3931/5279/3137 3936/5286/3141 3935/5284/3101 3930/5275/3100
f 3934/5283/3035 3938/5291/3037 3941/5297/3142 3937/5290/3140
f 3937/5290/3140 3941/5297/3142 3940/5293/3143 3936/5287/3141
f 3936/5288/3141 3940/5294/3143 3939/5292/3127 3935/5284/3101
f 3938/5291/3037 3943/5300/3039 3946/5306/3144 3941/5298/3142
f 3941/5298/3142 3946/5306/3144 3945/5302/3145 3940/5295/3143
f 3940/5296/3143 3945/5303/3145 3944/5301/3091 3939/5292/3127
f 3943/5300/3039 3947/5308/3041 3950/5314/3146 3946/5307/3144
f 3946/5307/3144 3950/5314/3146 3949/5310/3147 3945/5304/3145
f 3945/5305/3145 3949/5311/3147 3948/5309/3092 3944/5301/3091
f 3908/5233/3126 3913/5242/3070 3911/5240/3069 3898/5215/3138 3900/5217/3118 3904/5225/3121
f 3947/5308/3041 3951/5316/3043 3954/5322/3148 3950/5315/3146
f 3950/5315/3146 3954/5322/3148 3953/5318/3149 3949/5312/3147
f 3949/5313/3147 3953/5319/3149 3952/5317/3087 3948/5309/3092
f 3965/5342/3150 3830/5083/3056 3835/5092/3055 3833/5090/3123 3955/5324/3089 3957/5326/3088 3961/5334/3151
f 3951/5316/3043 3956/5325/3045 3959/5331/3152 3954/5323/3148
f 3954/5323/3148 3959/5331/3152 3958/5327/3153 3953/5320/3149
f 3953/5321/3149 3958/5328/3153 3957/5326/3088 3952/5317/3087
f 3956/5325/3045 3960/5333/3047 3963/5339/3154 3959/5332/3152
f 3959/5332/3152 3963/5339/3154 3962/5335/3155 3958/5329/3153
f 3958/5330/3153 3962/5336/3155 3961/5334/3151 3957/5326/3088
f 3960/5333/3047 3964/5341/2986 3967/5347/3156 3963/5340/3154
f 3963/5340/3154 3967/5347/3156 3966/5343/3157 3962/5337/3155
f 3962/5338/3155 3966/5344/3157 3965/5342/3150 3961/5334/3151
f 3964/5341/2986 3829/5082/2989 3832/5089/3052 3967/5348/3156
f 3967/5348/3156 3832/5089/3052 3831/5086/3054 3966/5345/3157
f 3966/5346/3157 3831/5087/3054 3830/5083/3056 3965/5342/3150
f 3833/5090/3123 3850/5123/3122 3863/5148/3080 3872/5165/3079 3889/5198/3139 3898/5215/3138 3911/5240/3069 3920/5257/3068 3933/5282/3102 3942/5299/3090 3955/5324/3089
f 3878/5175/3099 3882/5183/3106 3886/5191/3109 3891/5200/3112 3889/5198/3139 3872/5165/3079 3874/5167/3078
f 4135/5674/3158 4000/5415/3159 3968/5349/3160 3999/5412/3161
f 4009/5432/3162 4013/5440/3163 3971/5356/3164 3970/5355/3165
f 4013/5440/3163 4017/5448/3166 3972/5358/3167 3971/5356/3164
f 4017/5448/3166 4022/5457/3168 3973/5360/3169 3972/5358/3167
f 4022/5457/3168 4026/5465/3170 3974/5362/3171 3973/5360/3169
f 4026/5465/3170 4030/5473/3172 3975/5364/3173 3974/5362/3171
f 4030/5473/3172 4035/5482/3174 3976/5366/3175 3975/5364/3173
f 4035/5482/3174 4039/5490/3176 3977/5368/3177 3976/5366/3175
f 4039/5490/3176 4044/5499/3178 3978/5370/3179 3977/5368/3177
f 4044/5499/3178 4048/5507/3180 3979/5372/3181 3978/5370/3179
f 4048/5507/3180 4052/5515/3182 3980/5374/3183 3979/5372/3181
f 4052/5515/3182 4056/5523/3184 3981/5376/3185 3980/5374/3183
f 4056/5523/3184 4061/5532/3186 3982/5378/3187 3981/5376/3185
f 4061/5532/3186 4065/5540/3188 3983/5380/3189 3982/5378/3187
f 4065/5540/3188 4070/5549/3190 3984/5382/3191 3983/5380/3189
f 4070/5549/3190 4074/5557/3192 3985/5384/3193 3984/5382/3191
f 4074/5557/3192 4078/5565/3194 3986/5386/3195 3985/5384/3193
f 4078/5565/3194 4083/5574/3196 3987/5388/3197 3986/5386/3195
f 4083/5574/3196 4087/5582/3198 3988/5390/3199 3987/5388/3197
f 4087/5582/3198 4092/5591/3200 3989/5392/3201 3988/5390/3199
f 4092/5591/3200 4096/5599/3202 3990/5394/3203 3989/5392/3201
f 4096/5599/3202 4100/5607/3204 3991/5396/3205 3990/5394/3203
f 4100/5607/3204 4105/5616/3206 3992/5398/3207 3991/5396/3205
f 4105/5616/3206 4109/5624/3208 3993/5400/3209 3992/5398/3207
f 4109/5624/3208 4114/5633/3210 3994/5402/3211 3993/5400/3209
f 4114/5633/3210 4118/5641/3212 3995/5404/3213 3994/5402/3211
f 4118/5641/3212 4122/5649/3214 3996/5406/3215 3995/5404/3213
f 4122/5649/3214 4127/5658/3216 3997/5408/3217 3996/5406/3215
f 4127/5658/3216 4131/5666/3218 3998/5410/3219 3997/5408/3217
f 4131/5666/3218 4135/5674/3158 3999/5412/3161 3998/5410/3219
f 3969/5352/3220 3970/5354/3220 3971/5357/3220 3972/5359/3220 3973/5361/3220 3974/5363/3220 3975/5365/3220 3976/5367/3220 3977/5369/3220 3978/5371/3220 3979/5373/3220 3980/5375/3220 3981/5377/3220 3982/5379/3220 3983/5381/3220 3984/5383/3220 3985/5385/3220 3986/5387/3220 3987/5389/3220 3988/5391/3220 3989/5393/3220 3990/5395/3220 3991/5397/3220 3992/5399/3220 3993/5401/3220 3994/5403/3220 3995/5405/3220 3996/5407/3220 3997/5409/3220 3998/5411/3220 3999/5413/3220 3968/5350/3220
f 4005/5424/3221 4009/5432/3162 3970/5355/3165 3969/5353/3222
f 4000/5414/3159 4005/5424/3221 3969/5353/3222 3968/5351/3160
f 4000/5414/3159 4003/5421/3223 4008/5430/3224 4005/5424/3221
f 4003/5421/3223 4002/5417/3225 4007/5426/3226 4008/5430/3224
f 4002/5418/3225 4001/5416/3227 4006/5425/3228 4007/5427/3226
f 4005/5424/3221 4008/5431/3224 4012/5438/3229 4009/5432/3162
f 4008/5431/3224 4007/5428/3226 4011/5434/3230 4012/5438/3229
f 4007/5429/3226 4006/5425/3228 4010/5433/3231 4011/5435/3230
f 4009/5432/3162 4012/5439/3229 4016/5446/3232 4013/5440/3163
f 4012/5439/3229 4011/5436/3230 4015/5442/3233 4016/5446/3232
f 4011/5437/3230 4010/5433/3231 4014/5441/3234 4015/5443/3233
f 4013/5440/3163 4016/5447/3232 4020/5454/3235 4017/5448/3166
f 4016/5447/3232 4015/5444/3233 4019/5450/3236 4020/5454/3235
f 4015/5445/3233 4014/5441/3234 4018/5449/3237 4019/5451/3236
f 4088/5583/3238 4084/5575/3239 4082/5573/3240 4091/5590/3241 4093/5592/3242
f 4017/5448/3166 4020/5455/3235 4025/5463/3243 4022/5457/3168
f 4020/5455/3235 4019/5452/3236 4024/5459/3244 4025/5463/3243
f 4019/5453/3236 4018/5449/3237 4023/5458/3245 4024/5460/3244
f 4022/5457/3168 4025/5464/3243 4029/5471/3246 4026/5465/3170
f 4025/5464/3243 4024/5461/3244 4028/5467/3247 4029/5471/3246
f 4024/5462/3244 4023/5458/3245 4027/5466/3248 4028/5468/3247
f 4040/5491/3249 4036/5483/3250 4034/5481/3251 4043/5498/3252 4045/5500/3253
f 4026/5465/3170 4029/5472/3246 4033/5479/3254 4030/5473/3172
f 4029/5472/3246 4028/5469/3247 4032/5475/3255 4033/5479/3254
f 4028/5470/3247 4027/5466/3248 4031/5474/3256 4032/5476/3255
f 4030/5473/3172 4033/5480/3254 4038/5488/3257 4035/5482/3174
f 4033/5480/3254 4032/5477/3255 4037/5484/3258 4038/5488/3257
f 4032/5478/3255 4031/5474/3256 4036/5483/3250 4037/5485/3258
f 4123/5650/3259 4119/5642/3260 4115/5634/3261 4113/5632/3262 4126/5657/3263 4128/5659/3264
f 4035/5482/3174 4038/5489/3257 4042/5496/3265 4039/5490/3176
f 4038/5489/3257 4037/5486/3258 4041/5492/3266 4042/5496/3265
f 4037/5487/3258 4036/5483/3250 4040/5491/3249 4041/5493/3266
f 4039/5490/3176 4042/5497/3265 4047/5505/3267 4044/5499/3178
f 4042/5497/3265 4041/5494/3266 4046/5501/3268 4047/5505/3267
f 4041/5495/3266 4040/5491/3249 4045/5500/3253 4046/5502/3268
f 4044/5499/3178 4047/5506/3267 4051/5513/3269 4048/5507/3180
f 4047/5506/3267 4046/5503/3268 4050/5509/3270 4051/5513/3269
f 4046/5504/3268 4045/5500/3253 4049/5508/3271 4050/5510/3270
f 4101/5608/3272 4097/5600/3273 4093/5592/3242 4091/5590/3241 4104/5615/3274 4106/5617/3275
f 4048/5507/3180 4051/5514/3269 4055/5521/3276 4052/5515/3182
f 4051/5514/3269 4050/5511/3270 4054/5517/3277 4055/5521/3276
f 4050/5512/3270 4049/5508/3271 4053/5516/3278 4054/5518/3277
f 4052/5515/3182 4055/5522/3276 4059/5529/3279 4056/5523/3184
f 4055/5522/3276 4054/5519/3277 4058/5525/3280 4059/5529/3279
f 4054/5520/3277 4053/5516/3278 4057/5524/3281 4058/5526/3280
f 4056/5523/3184 4059/5530/3279 4064/5538/3282 4061/5532/3186
f 4059/5530/3279 4058/5527/3280 4063/5534/3283 4064/5538/3282
f 4058/5528/3280 4057/5524/3281 4062/5533/3284 4063/5535/3283
f 4061/5532/3186 4064/5539/3282 4068/5546/3285 4065/5540/3188
f 4064/5539/3282 4063/5536/3283 4067/5542/3286 4068/5546/3285
f 4063/5537/3283 4062/5533/3284 4066/5541/3287 4067/5543/3286
f 4065/5540/3188 4068/5547/3285 4073/5555/3288 4070/5549/3190
f 4068/5547/3285 4067/5544/3286 4072/5551/3289 4073/5555/3288
f 4067/5545/3286 4066/5541/3287 4071/5550/3290 4072/5552/3289
f 4070/5549/3190 4073/5556/3288 4077/5563/3291 4074/5557/3192
f 4073/5556/3288 4072/5553/3289 4076/5559/3292 4077/5563/3291
f 4072/5554/3289 4071/5550/3290 4075/5558/3293 4076/5560/3292
f 4010/5433/3231 4006/5425/3228 4004/5423/3294 4021/5456/3295 4023/5458/3245 4018/5449/3237 4014/5441/3234
f 4074/5557/3192 4077/5564/3291 4081/5571/3296 4078/5565/3194
f 4077/5564/3291 4076/5561/3292 4080/5567/3297 4081/5571/3296
f 4076/5562/3292 4075/5558/3293 4079/5566/3298 4080/5568/3297
f 4110/5625/3299 4106/5617/3275 4104/5615/3274 4113/5632/3262 4115/5634/3261
f 4078/5565/3194 4081/5572/3296 4086/5580/3300 4083/5574/3196
f 4081/5572/3296 4080/5569/3297 4085/5576/3301 4086/5580/3300
f 4080/5570/3297 4079/5566/3298 4084/5575/3239 4085/5577/3301
f 4083/5574/3196 4086/5581/3300 4090/5588/3302 4087/5582/3198
f 4086/5581/3300 4085/5578/3301 4089/5584/3303 4090/5588/3302
f 4085/5579/3301 4084/5575/3239 4088/5583/3238 4089/5585/3303
f 4087/5582/3198 4090/5589/3302 4095/5597/3304 4092/5591/3200
f 4090/5589/3302 4089/5586/3303 4094/5593/3305 4095/5597/3304
f 4089/5587/3303 4088/5583/3238 4093/5592/3242 4094/5594/3305
f 4092/5591/3200 4095/5598/3304 4099/5605/3306 4096/5599/3202
f 4095/5598/3304 4094/5595/3305 4098/5601/3307 4099/5605/3306
f 4094/5596/3305 4093/5592/3242 4097/5600/3273 4098/5602/3307
f 4027/5466/3248 4023/5458/3245 4021/5456/3295 4034/5481/3251 4036/5483/3250 4031/5474/3256
f 4096/5599/3202 4099/5606/3306 4103/5613/3308 4100/5607/3204
f 4099/5606/3306 4098/5603/3307 4102/5609/3309 4103/5613/3308
f 4098/5604/3307 4097/5600/3273 4101/5608/3272 4102/5610/3309
f 4066/5541/3287 4062/5533/3284 4060/5531/3310 4069/5548/3311 4071/5550/3290
f 4100/5607/3204 4103/5614/3308 4108/5622/3312 4105/5616/3206
f 4103/5614/3308 4102/5611/3309 4107/5618/3313 4108/5622/3312
f 4102/5612/3309 4101/5608/3272 4106/5617/3275 4107/5619/3313
f 4105/5616/3206 4108/5623/3312 4112/5630/3314 4109/5624/3208
f 4108/5623/3312 4107/5620/3313 4111/5626/3315 4112/5630/3314
f 4107/5621/3313 4106/5617/3275 4110/5625/3299 4111/5627/3315
f 4109/5624/3208 4112/5631/3314 4117/5639/3316 4114/5633/3210
f 4112/5631/3314 4111/5628/3315 4116/5635/3317 4117/5639/3316
f 4111/5629/3315 4110/5625/3299 4115/5634/3261 4116/5636/3317
f 4114/5633/3210 4117/5640/3316 4121/5647/3318 4118/5641/3212
f 4117/5640/3316 4116/5637/3317 4120/5643/3319 4121/5647/3318
f 4116/5638/3317 4115/5634/3261 4119/5642/3260 4120/5644/3319
f 4079/5566/3298 4075/5558/3293 4071/5550/3290 4069/5548/3311 4082/5573/3240 4084/5575/3239
f 4118/5641/3212 4121/5648/3318 4125/5655/3320 4122/5649/3214
f 4121/5648/3318 4120/5645/3319 4124/5651/3321 4125/5655/3320
f 4120/5646/3319 4119/5642/3260 4123/5650/3259 4124/5652/3321
f 4136/5675/3322 4132/5667/3323 4128/5659/3264 4126/5657/3263 4004/5423/3294 4006/5425/3228 4001/5416/3227
f 4122/5649/3214 4125/5656/3320 4130/5664/3324 4127/5658/3216
f 4125/5656/3320 4124/5653/3321 4129/5660/3325 4130/5664/3324
f 4124/5654/3321 4123/5650/3259 4128/5659/3264 4129/5661/3325
f 4127/5658/3216 4130/5665/3324 4134/5672/3326 4131/5666/3218
f 4130/5665/3324 4129/5662/3325 4133/5668/3327 4134/5672/3326
f 4129/5663/3325 4128/5659/3264 4132/5667/3323 4133/5669/3327
f 4131/5666/3218 4134/5673/3326 4138/5680/3328 4135/5674/3158
f 4134/5673/3326 4133/5670/3327 4137/5676/3329 4138/5680/3328
f 4133/5671/3327 4132/5667/3323 4136/5675/3322 4137/5677/3329
f 4135/5674/3158 4138/5681/3328 4003/5422/3223 4000/5415/3159
f 4138/5681/3328 4137/5678/3329 4002/5419/3225 4003/5422/3223
f 4137/5679/3329 4136/5675/3322 4001/5416/3227 4002/5420/3225
f 4004/5423/3294 4126/5657/3263 4113/5632/3262 4104/5615/3274 4091/5590/3241 4082/5573/3240 4069/5548/3311 4060/5531/3310 4043/5498/3252 4034/5481/3251 4021/5456/3295
f 4049/5508/3271 4045/5500/3253 4043/5498/3252 4060/5531/3310 4062/5533/3284 4057/5524/3281 4053/5516/3278
f 4306/6007/3158 4171/5748/3159 4139/5682/3160 4170/5745/3161
f 4180/5765/3162 4184/5773/3163 4142/5689/3164 4141/5688/3165
f 4184/5773/3163 4188/5781/3166 4143/5691/3167 4142/5689/3164
f 4188/5781/3166 4193/5790/3168 4144/5693/3169 4143/5691/3167
f 4193/5790/3168 4197/5798/3170 4145/5695/3171 4144/5693/3169
f 4197/5798/3170 4201/5806/3172 4146/5697/3173 4145/5695/3171
f 4201/5806/3172 4206/5815/3174 4147/5699/3175 4146/5697/3173
f 4206/5815/3174 4210/5823/3176 4148/5701/3177 4147/5699/3175
f 4210/5823/3176 4215/5832/3178 4149/5703/3179 4148/5701/3177
f 4215/5832/3178 4219/5840/3180 4150/5705/3181 4149/5703/3179
f 4219/5840/3180 4223/5848/3182 4151/5707/3183 4150/5705/3181
f 4223/5848/3182 4227/5856/3184 4152/5709/3185 4151/5707/3183
f 4227/5856/3184 4232/5865/3186 4153/5711/3187 4152/5709/3185
f 4232/5865/3186 4236/5873/3188 4154/5713/3189 4153/5711/3187
f 4236/5873/3188 4241/5882/3190 4155/5715/3191 4154/5713/3189
f 4241/5882/3190 4245/5890/3192 4156/5717/3193 4155/5715/3191
f 4245/5890/3192 4249/5898/3194 4157/5719/3195 4156/5717/3193
f 4249/5898/3194 4254/5907/3196 4158/5721/3197 4157/5719/3195
f 4254/5907/3196 4258/5915/3198 4159/5723/3199 4158/5721/3197
f 4258/5915/3198 4263/5924/3200 4160/5725/3201 4159/5723/3199
f 4263/5924/3200 4267/5932/3202 4161/5727/3203 4160/5725/3201
f 4267/5932/3202 4271/5940/3204 4162/5729/3205 4161/5727/3203
f 4271/5940/3204 4276/5949/3206 4163/5731/3207 4162/5729/3205
f 4276/5949/3206 4280/5957/3208 4164/5733/3209 4163/5731/3207
f 4280/5957/3208 4285/5966/3210 4165/5735/3211 4164/5733/3209
f 4285/5966/3210 4289/5974/3212 4166/5737/3213 4165/5735/3211
f 4289/5974/3212 4293/5982/3214 4167/5739/3215 4166/5737/3213
f 4293/5982/3214 4298/5991/3216 4168/5741/3217 4167/5739/3215
f 4298/5991/3216 4302/5999/3218 4169/5743/3219 4168/5741/3217
f 4302/5999/3218 4306/6007/3158 4170/5745/3161 4169/5743/3219
f 4140/5685/3220 4141/5687/3220 4142/5690/3220 4143/5692/3220 4144/5694/3220 4145/5696/3220 4146/5698/3220 4147/5700/3220 4148/5702/3220 4149/5704/3220 4150/5706/3220 4151/5708/3220 4152/5710/3220 4153/5712/3220 4154/5714/3220 4155/5716/3220 4156/5718/3220 4157/5720/3220 4158/5722/3220 4159/5724/3220 4160/5726/3220 4161/5728/3220 4162/5730/3220 4163/5732/3220 4164/5734/3220 4165/5736/3220 4166/5738/3220 4167/5740/3220 4168/5742/3220 4169/5744/3220 4170/5746/3220 4139/5683/3220
f 4176/5757/3221 4180/5765/3162 4141/5688/3165 4140/5686/3222
f 4171/5747/3159 4176/5757/3221 4140/5686/3222 4139/5684/3160
f 4171/5747/3159 4174/5754/3223 4179/5763/3224 4176/5757/3221
f 4174/5754/3223 4173/5750/3225 4178/5759/3226 4179/5763/3224
f 4173/5751/3225 4172/5749/3227 4177/5758/3228 4178/5760/3226
f 4176/5757/3221 4179/5764/3224 4183/5771/3229 4180/5765/3162
f 4179/5764/3224 4178/5761/3226 4182/5767/3230 4183/5771/3229
f 4178/5762/3226 4177/5758/3228 4181/5766/3231 4182/5768/3230
f 4180/5765/3162 4183/5772/3229 4187/5779/3232 4184/5773/3163
f 4183/5772/3229 4182/5769/3230 4186/5775/3233 4187/5779/3232
f 4182/5770/3230 4181/5766/3231 4185/5774/3234 4186/5776/3233
f 4184/5773/3163 4187/5780/3232 4191/5787/3330 4188/5781/3166
f 4187/5780/3232 4186/5777/3233 4190/5783/3236 4191/5787/3330
f 4186/5778/3233 4185/5774/3234 4189/5782/3237 4190/5784/3236
f 4259/5916/3238 4255/5908/3239 4253/5906/3240 4262/5923/3241 4264/5925/3242
f 4188/5781/3166 4191/5788/3330 4196/5796/3243 4193/5790/3168
f 4191/5788/3330 4190/5785/3236 4195/5792/3244 4196/5796/3243
f 4190/5786/3236 4189/5782/3237 4194/5791/3245 4195/5793/3244
f 4193/5790/3168 4196/5797/3243 4200/5804/3246 4197/5798/3170
f 4196/5797/3243 4195/5794/3244 4199/5800/3247 4200/5804/3246
f 4195/5795/3244 4194/5791/3245 4198/5799/3248 4199/5801/3247
f 4211/5824/3249 4207/5816/3250 4205/5814/3251 4214/5831/3252 4216/5833/3253
f 4197/5798/3170 4200/5805/3246 4204/5812/3254 4201/5806/3172
f 4200/5805/3246 4199/5802/3247 4203/5808/3255 4204/5812/3254
f 4199/5803/3247 4198/5799/3248 4202/5807/3256 4203/5809/3255
f 4201/5806/3172 4204/5813/3254 4209/5821/3257 4206/5815/3174
f 4204/5813/3254 4203/5810/3255 4208/5817/3258 4209/5821/3257
f 4203/5811/3255 4202/5807/3256 4207/5816/3250 4208/5818/3258
f 4294/5983/3259 4290/5975/3260 4286/5967/3261 4284/5965/3262 4297/5990/3263 4299/5992/3264
f 4206/5815/3174 4209/5822/3257 4213/5829/3265 4210/5823/3176
f 4209/5822/3257 4208/5819/3258 4212/5825/3266 4213/5829/3265
f 4208/5820/3258 4207/5816/3250 4211/5824/3249 4212/5826/3266
f 4210/5823/3176 4213/5830/3265 4218/5838/3267 4215/5832/3178
f 4213/5830/3265 4212/5827/3266 4217/5834/3268 4218/5838/3267
f 4212/5828/3266 4211/5824/3249 4216/5833/3253 4217/5835/3268
f 4215/5832/3178 4218/5839/3267 4222/5846/3269 4219/5840/3180
f 4218/5839/3267 4217/5836/3268 4221/5842/3270 4222/5846/3269
f 4217/5837/3268 4216/5833/3253 4220/5841/3271 4221/5843/3270
f 4272/5941/3272 4268/5933/3273 4264/5925/3242 4262/5923/3241 4275/5948/3274 4277/5950/3275
f 4219/5840/3180 4222/5847/3269 4226/5854/3276 4223/5848/3182
f 4222/5847/3269 4221/5844/3270 4225/5850/3277 4226/5854/3276
f 4221/5845/3270 4220/5841/3271 4224/5849/3278 4225/5851/3277
f 4223/5848/3182 4226/5855/3276 4230/5862/3279 4227/5856/3184
f 4226/5855/3276 4225/5852/3277 4229/5858/3280 4230/5862/3279
f 4225/5853/3277 4224/5849/3278 4228/5857/3281 4229/5859/3280
f 4227/5856/3184 4230/5863/3279 4235/5871/3282 4232/5865/3186
f 4230/5863/3279 4229/5860/3280 4234/5867/3283 4235/5871/3282
f 4229/5861/3280 4228/5857/3281 4233/5866/3284 4234/5868/3283
f 4232/5865/3186 4235/5872/3282 4239/5879/3285 4236/5873/3188
f 4235/5872/3282 4234/5869/3283 4238/5875/3286 4239/5879/3285
f 4234/5870/3283 4233/5866/3284 4237/5874/3287 4238/5876/3286
f 4236/5873/3188 4239/5880/3285 4244/5888/3288 4241/5882/3190
f 4239/5880/3285 4238/5877/3286 4243/5884/3289 4244/5888/3288
f 4238/5878/3286 4237/5874/3287 4242/5883/3290 4243/5885/3289
f 4241/5882/3190 4244/5889/3288 4248/5896/3291 4245/5890/3192
f 4244/5889/3288 4243/5886/3289 4247/5892/3292 4248/5896/3291
f 4243/5887/3289 4242/5883/3290 4246/5891/3293 4247/5893/3292
f 4181/5766/3231 4177/5758/3228 4175/5756/3294 4192/5789/3295 4194/5791/3245 4189/5782/3237 4185/5774/3234
f 4245/5890/3192 4248/5897/3291 4252/5904/3296 4249/5898/3194
f 4248/5897/3291 4247/5894/3292 4251/5900/3297 4252/5904/3296
f 4247/5895/3292 4246/5891/3293 4250/5899/3298 4251/5901/3297
f 4281/5958/3299 4277/5950/3275 4275/5948/3274 4284/5965/3262 4286/5967/3261
f 4249/5898/3194 4252/5905/3296 4257/5913/3300 4254/5907/3196
f 4252/5905/3296 4251/5902/3297 4256/5909/3301 4257/5913/3300
f 4251/5903/3297 4250/5899/3298 4255/5908/3239 4256/5910/3301
f 4254/5907/3196 4257/5914/3300 4261/5921/3302 4258/5915/3198
f 4257/5914/3300 4256/5911/3301 4260/5917/3303 4261/5921/3302
f 4256/5912/3301 4255/5908/3239 4259/5916/3238 4260/5918/3303
f 4258/5915/3198 4261/5922/3302 4266/5930/3304 4263/5924/3200
f 4261/5922/3302 4260/5919/3303 4265/5926/3305 4266/5930/3304
f 4260/5920/3303 4259/5916/3238 4264/5925/3242 4265/5927/3305
f 4263/5924/3200 4266/5931/3304 4270/5938/3306 4267/5932/3202
f 4266/5931/3304 4265/5928/3305 4269/5934/3307 4270/5938/3306
f 4265/5929/3305 4264/5925/3242 4268/5933/3273 4269/5935/3307
f 4198/5799/3248 4194/5791/3245 4192/5789/3295 4205/5814/3251 4207/5816/3250 4202/5807/3256
f 4267/5932/3202 4270/5939/3306 4274/5946/3308 4271/5940/3204
f 4270/5939/3306 4269/5936/3307 4273/5942/3309 4274/5946/3308
f 4269/5937/3307 4268/5933/3273 4272/5941/3272 4273/5943/3309
f 4237/5874/3287 4233/5866/3284 4231/5864/3310 4240/5881/3311 4242/5883/3290
f 4271/5940/3204 4274/5947/3308 4279/5955/3312 4276/5949/3206
f 4274/5947/3308 4273/5944/3309 4278/5951/3313 4279/5955/3312
f 4273/5945/3309 4272/5941/3272 4277/5950/3275 4278/5952/3313
f 4276/5949/3206 4279/5956/3312 4283/5963/3314 4280/5957/3208
f 4279/5956/3312 4278/5953/3313 4282/5959/3315 4283/5963/3314
f 4278/5954/3313 4277/5950/3275 4281/5958/3299 4282/5960/3315
f 4280/5957/3208 4283/5964/3314 4288/5972/3316 4285/5966/3210
f 4283/5964/3314 4282/5961/3315 4287/5968/3317 4288/5972/3316
f 4282/5962/3315 4281/5958/3299 4286/5967/3261 4287/5969/3317
f 4285/5966/3210 4288/5973/3316 4292/5980/3318 4289/5974/3212
f 4288/5973/3316 4287/5970/3317 4291/5976/3319 4292/5980/3318
f 4287/5971/3317 4286/5967/3261 4290/5975/3260 4291/5977/3319
f 4250/5899/3298 4246/5891/3293 4242/5883/3290 4240/5881/3311 4253/5906/3240 4255/5908/3239
f 4289/5974/3212 4292/5981/3318 4296/5988/3320 4293/5982/3214
f 4292/5981/3318 4291/5978/3319 4295/5984/3321 4296/5988/3320
f 4291/5979/3319 4290/5975/3260 4294/5983/3259 4295/5985/3321
f 4307/6008/3322 4303/6000/3331 4299/5992/3264 4297/5990/3263 4175/5756/3294 4177/5758/3228 4172/5749/3227
f 4293/5982/3214 4296/5989/3320 4301/5997/3324 4298/5991/3216
f 4296/5989/3320 4295/5986/3321 4300/5993/3325 4301/5997/3324
f 4295/5987/3321 4294/5983/3259 4299/5992/3264 4300/5994/3325
f 4298/5991/3216 4301/5998/3324 4305/6005/3326 4302/5999/3218
f 4301/5998/3324 4300/5995/3325 4304/6001/3327 4305/6005/3326
f 4300/5996/3325 4299/5992/3264 4303/6000/3331 4304/6002/3327
f 4302/5999/3218 4305/6006/3326 4309/6013/3328 4306/6007/3158
f 4305/6006/3326 4304/6003/3327 4308/6009/3329 4309/6013/3328
f 4304/6004/3327 4303/6000/3331 4307/6008/3322 4308/6010/3329
f 4306/6007/3158 4309/6014/3328 4174/5755/3223 4171/5748/3159
f 4309/6014/3328 4308/6011/3329 4173/5752/3225 4174/5755/3223
f 4308/6012/3329 4307/6008/3322 4172/5749/3227 4173/5753/3225
f 4175/5756/3294 4297/5990/3263 4284/5965/3262 4275/5948/3274 4262/5923/3241 4253/5906/3240 4240/5881/3311 4231/5864/3310 4214/5831/3252 4205/5814/3251 4192/5789/3295
f 4220/5841/3271 4216/5833/3253 4214/5831/3252 4231/5864/3310 4233/5866/3284 4228/5857/3281 4224/5849/3278
o Torus.002
v 0.203250 2.092268 -0.864327
v 0.202158 2.096236 -0.865252
v 0.199176 2.099142 -0.865930
v 0.195155 2.099934 -0.866120
v 0.191085 2.098939 -0.865889
v 0.188043 2.096236 -0.865252
v 0.186951 2.092268 -0.864327
v 0.188043 2.088300 -0.863401
v 0.191065 2.085530 -0.862755
v 0.195106 2.084621 -0.862543
v 0.199148 2.085506 -0.862749
v 0.202158 2.088300 -0.863401
v 0.202274 2.088886 -0.878830
v 0.201192 2.092886 -0.879616
v 0.198198 2.095733 -0.879873
v 0.190138 2.096177 -0.878887
v 0.187197 2.093305 -0.877822
v 0.186114 2.089369 -0.876758
v 0.187197 2.085368 -0.875971
v 0.190137 2.082315 -0.875655
v 0.198224 2.082175 -0.876718
v 0.201192 2.084950 -0.877765
v 0.199363 2.085561 -0.893085
v 0.198308 2.089593 -0.893735
v 0.195390 2.092526 -0.893619
v 0.191348 2.093969 -0.892845
v 0.187515 2.093287 -0.891627
v 0.184673 2.090423 -0.890177
v 0.183619 2.086519 -0.888976
v 0.184673 2.082486 -0.888326
v 0.187537 2.079347 -0.888383
v 0.191509 2.077839 -0.889120
v 0.195472 2.078735 -0.890417
v 0.198308 2.081657 -0.891884
v 0.194565 2.082351 -0.906847
v 0.193557 2.086414 -0.907366
v 0.190801 2.089578 -0.906932
v 0.183255 2.090342 -0.903903
v 0.180516 2.087641 -0.902106
v 0.179507 2.083768 -0.900773
v 0.180516 2.079704 -0.900254
v 0.183324 2.076734 -0.900764
v 0.187076 2.075418 -0.902052
v 0.190788 2.075886 -0.903732
v 0.193557 2.078477 -0.905515
v 0.187965 2.079310 -0.919883
v 0.187019 2.083403 -0.920277
v 0.184503 2.086956 -0.919603
v 0.181014 2.088179 -0.917819
v 0.177455 2.087278 -0.915514
v 0.174794 2.085006 -0.913403
v 0.173849 2.081161 -0.911946
v 0.174794 2.077069 -0.911552
v 0.177365 2.073773 -0.912305
v 0.184423 2.072955 -0.916302
v 0.187019 2.075466 -0.918426
v 0.179673 2.076492 -0.931968
v 0.178807 2.080611 -0.932246
v 0.176434 2.083892 -0.931140
v 0.173129 2.085635 -0.928925
v 0.169960 2.085118 -0.926323
v 0.167608 2.082563 -0.923877
v 0.166742 2.078746 -0.922305
v 0.167608 2.074626 -0.922026
v 0.169942 2.071182 -0.923062
v 0.173197 2.069333 -0.925202
v 0.176474 2.069984 -0.927935
v 0.178807 2.072675 -0.930395
v 0.169833 2.073943 -0.942895
v 0.169061 2.078087 -0.943069
v 0.166935 2.081373 -0.941653
v 0.161152 2.082934 -0.936079
v 0.159079 2.080354 -0.933348
v 0.158307 2.076561 -0.931671
v 0.159079 2.072417 -0.931497
v 0.161175 2.068981 -0.932851
v 0.166945 2.067768 -0.938488
v 0.169061 2.070150 -0.941218
v 0.158612 2.071708 -0.952478
v 0.157947 2.075873 -0.952560
v 0.156126 2.079279 -0.950918
v 0.151156 2.080846 -0.944636
v 0.149354 2.078417 -0.941654
v 0.148690 2.074645 -0.939885
v 0.149354 2.070480 -0.939803
v 0.151218 2.067290 -0.941553
v 0.153684 2.065680 -0.944477
v 0.156115 2.065685 -0.947731
v 0.157947 2.067936 -0.950709
v 0.146203 2.069825 -0.960553
v 0.145657 2.074008 -0.960558
v 0.144189 2.077673 -0.958795
v 0.142164 2.079367 -0.955576
v 0.140131 2.078915 -0.951849
v 0.138599 2.076784 -0.948653
v 0.138053 2.073031 -0.946806
v 0.138599 2.068848 -0.946802
v 0.140084 2.065305 -0.948612
v 0.144159 2.063797 -0.955515
v 0.145657 2.066071 -0.958706
v 0.132818 2.068325 -0.966981
v 0.132400 2.072523 -0.966924
v 0.131254 2.076003 -0.964893
v 0.128135 2.077809 -0.957584
v 0.126998 2.075485 -0.954224
v 0.126580 2.071746 -0.952316
v 0.126998 2.067548 -0.952373
v 0.128124 2.063894 -0.954312
v 0.129700 2.061752 -0.957706
v 0.131280 2.062107 -0.961707
v 0.132400 2.064586 -0.965073
v 0.118685 2.067236 -0.971653
v 0.118403 2.071444 -0.971552
v 0.117626 2.074953 -0.969398
v 0.116570 2.076754 -0.965815
v 0.115525 2.076600 -0.961775
v 0.114749 2.074541 -0.958273
v 0.114467 2.070812 -0.956321
v 0.114749 2.066604 -0.956422
v 0.115515 2.062994 -0.958523
v 0.117628 2.061313 -0.966216
v 0.118403 2.063507 -0.969700
v 0.104048 2.066574 -0.974489
v 0.103905 2.070789 -0.974360
v 0.103514 2.074602 -0.972270
v 0.102982 2.076715 -0.968556
v 0.102452 2.076264 -0.964282
v 0.102063 2.073967 -0.960731
v 0.101920 2.070245 -0.958751
v 0.102063 2.066031 -0.958880
v 0.102467 2.062642 -0.961186
v 0.102997 2.060764 -0.964882
v 0.103513 2.060675 -0.968950
v 0.103905 2.062852 -0.972509
v 0.089156 2.066353 -0.975439
v 0.089156 2.070569 -0.975301
v 0.089156 2.074152 -0.973074
v 0.089156 2.076160 -0.965121
v 0.089156 2.073775 -0.961555
v 0.089156 2.070055 -0.959566
v 0.089156 2.065839 -0.959704
v 0.089157 2.062200 -0.961900
v 0.089153 2.059999 -0.965608
v 0.089151 2.060204 -0.969868
v 0.089156 2.062632 -0.973450
v 0.074263 2.066574 -0.974488
v 0.074406 2.070789 -0.974360
v 0.074801 2.074239 -0.972098
v 0.075859 2.076264 -0.964282
v 0.076248 2.073967 -0.960731
v 0.076391 2.070245 -0.958751
v 0.076248 2.066031 -0.958880
v 0.075860 2.062398 -0.961051
v 0.074798 2.060663 -0.968951
v 0.074406 2.062852 -0.972509
v 0.059626 2.067236 -0.971653
v 0.059908 2.071444 -0.971552
v 0.060686 2.074876 -0.969364
v 0.061720 2.076476 -0.965767
v 0.062769 2.076488 -0.961777
v 0.063562 2.074541 -0.958273
v 0.063844 2.070812 -0.956321
v 0.063562 2.066604 -0.956422
v 0.062779 2.063171 -0.958619
v 0.061734 2.061376 -0.962209
v 0.060687 2.061373 -0.966217
v 0.059908 2.063507 -0.969700
v 0.045493 2.068325 -0.966981
v 0.045911 2.072523 -0.966924
v 0.047053 2.076054 -0.964918
v 0.050180 2.077822 -0.957584
v 0.051313 2.075485 -0.954224
v 0.051731 2.071746 -0.952316
v 0.051313 2.067548 -0.952373
v 0.050179 2.063961 -0.954350
v 0.047055 2.062351 -0.961712
v 0.045911 2.064586 -0.965073
v 0.032108 2.069825 -0.960553
v 0.032654 2.074008 -0.960558
v 0.034107 2.077849 -0.958869
v 0.036175 2.079860 -0.955661
v 0.038241 2.079243 -0.951843
v 0.039712 2.076784 -0.948653
v 0.040258 2.073031 -0.946806
v 0.039712 2.068848 -0.946802
v 0.038228 2.065300 -0.948610
v 0.036177 2.063224 -0.951784
v 0.034126 2.063553 -0.955510
v 0.032654 2.066071 -0.958706
v 0.019699 2.071708 -0.952478
v 0.020364 2.075873 -0.952560
v 0.022180 2.079316 -0.950933
v 0.027149 2.080842 -0.944635
v 0.028957 2.078417 -0.941654
v 0.029621 2.074645 -0.939885
v 0.028957 2.070480 -0.939803
v 0.027100 2.067229 -0.941519
v 0.024627 2.065533 -0.944432
v 0.022189 2.065625 -0.947729
v 0.020364 2.067936 -0.950709
v 0.008478 2.073943 -0.942895
v 0.009250 2.078087 -0.943069
v 0.011382 2.081342 -0.941642
v 0.014253 2.082841 -0.939063
v 0.017073 2.082546 -0.936082
v 0.019232 2.080354 -0.933348
v 0.020004 2.076561 -0.931671
v 0.019232 2.072417 -0.931497
v 0.017136 2.068981 -0.932851
v 0.011369 2.067780 -0.938488
v 0.009250 2.070150 -0.941218
v -0.001362 2.076492 -0.931968
v -0.000496 2.080611 -0.932246
v 0.001893 2.083800 -0.931105
v 0.008359 2.085129 -0.926325
v 0.010703 2.082563 -0.923877
v 0.011569 2.078746 -0.922305
v 0.010703 2.074626 -0.922026
v 0.008369 2.071182 -0.923062
v 0.005122 2.069395 -0.925204
v 0.001844 2.070043 -0.927937
v -0.000496 2.072675 -0.930395
v -0.009653 2.079310 -0.919883
v -0.008708 2.083403 -0.920277
v -0.006124 2.086647 -0.919502
v 0.000956 2.087645 -0.915535
v 0.003517 2.085006 -0.913403
v 0.004462 2.081161 -0.911946
v 0.003517 2.077069 -0.911552
v 0.000947 2.073773 -0.912305
v -0.006112 2.072955 -0.916302
v -0.008708 2.075466 -0.918426
v -0.016254 2.082351 -0.906847
v -0.015245 2.086414 -0.907366
v -0.012532 2.089813 -0.907017
v -0.008810 2.090923 -0.905667
v -0.005073 2.089952 -0.903842
v -0.002204 2.087641 -0.902106
v -0.001196 2.083768 -0.900773
v -0.002204 2.079704 -0.900254
v -0.005145 2.076974 -0.900826
v -0.008848 2.075558 -0.902088
v -0.012477 2.075886 -0.903732
v -0.015245 2.078477 -0.905515
v -0.021051 2.085561 -0.893085
v -0.019997 2.089593 -0.893735
v -0.017106 2.092631 -0.893649
v -0.009236 2.093175 -0.891611
v -0.006362 2.090423 -0.890177
v -0.005308 2.086519 -0.888976
v -0.006362 2.082486 -0.888326
v -0.009232 2.079382 -0.888394
v -0.013074 2.077809 -0.889110
v -0.017147 2.078765 -0.890424
v -0.019997 2.081657 -0.891884
v -0.023963 2.088886 -0.878830
v -0.022881 2.092886 -0.879616
v -0.019914 2.095837 -0.879903
v -0.011775 2.096317 -0.878920
v -0.008886 2.093305 -0.877822
v -0.007803 2.089369 -0.876758
v -0.008886 2.085368 -0.875971
v -0.011723 2.082133 -0.875608
v -0.019918 2.082161 -0.876715
v -0.022881 2.084950 -0.877765
v -0.024939 2.092268 -0.864327
v -0.023847 2.096236 -0.865252
v -0.020915 2.099385 -0.865976
v -0.016725 2.100649 -0.866262
v -0.012647 2.099337 -0.865971
v -0.009732 2.096236 -0.865252
v -0.008640 2.092268 -0.864327
v -0.009732 2.088300 -0.863401
v -0.012595 2.085153 -0.862659
v -0.020850 2.085474 -0.862742
v -0.023847 2.088300 -0.863401
v -0.023963 2.095651 -0.849823
v -0.022881 2.099587 -0.850888
v -0.019923 2.102403 -0.851945
v -0.011835 2.102184 -0.852985
v -0.008886 2.099168 -0.852682
v -0.007803 2.095168 -0.851895
v -0.008886 2.091232 -0.850831
v -0.011831 2.088391 -0.849768
v -0.019918 2.088685 -0.848745
v -0.022881 2.091650 -0.849037
v -0.021051 2.098976 -0.835569
v -0.019997 2.102880 -0.836769
v -0.017087 2.105474 -0.838177
v -0.013301 2.105732 -0.839280
v -0.009397 2.104660 -0.840101
v -0.006362 2.102050 -0.840327
v -0.005308 2.098017 -0.839677
v -0.006362 2.094113 -0.838476
v -0.009427 2.091783 -0.837134
v -0.013255 2.090722 -0.835816
v -0.017143 2.091712 -0.834952
v -0.019997 2.094943 -0.834918
v -0.016254 2.102186 -0.821806
v -0.015245 2.106059 -0.823138
v -0.012461 2.108569 -0.824906
v -0.004954 2.108018 -0.827974
v -0.002204 2.104832 -0.828399
v -0.001196 2.100769 -0.827880
v -0.002204 2.096895 -0.826548
v -0.004936 2.094177 -0.824754
v -0.012481 2.095001 -0.821735
v -0.015245 2.098123 -0.821287
v -0.009653 2.105226 -0.808770
v -0.008708 2.109070 -0.810228
v -0.006124 2.111637 -0.812358
v 0.000990 2.110897 -0.816408
v 0.003517 2.107467 -0.817101
v 0.004462 2.103375 -0.816707
v 0.003517 2.099531 -0.815250
v 0.000958 2.096892 -0.813115
v -0.006116 2.097932 -0.809165
v -0.008708 2.101134 -0.808376
v -0.001362 2.108045 -0.796686
v -0.000496 2.111862 -0.798258
v 0.001810 2.114730 -0.800744
v 0.005130 2.115460 -0.803522
v 0.008393 2.113414 -0.805618
v 0.010703 2.109910 -0.806627
v 0.011569 2.105791 -0.806349
v 0.010703 2.101974 -0.804776
v 0.008282 2.099668 -0.802331
v 0.005098 2.098919 -0.799643
v 0.001844 2.100441 -0.797433
v -0.000496 2.103925 -0.796407
v 0.008478 2.110593 -0.785758
v 0.009250 2.114386 -0.787436
v 0.011360 2.116812 -0.790167
v 0.017129 2.115525 -0.795789
v 0.019232 2.112119 -0.797156
v 0.020004 2.107975 -0.796982
v 0.019232 2.104182 -0.795305
v 0.017140 2.101682 -0.792577
v 0.011365 2.103102 -0.786976
v 0.009250 2.106450 -0.785585
v 0.019699 2.112828 -0.776175
v 0.020364 2.116600 -0.777944
v 0.022196 2.118829 -0.780919
v 0.024594 2.118731 -0.784136
v 0.027051 2.117131 -0.787039
v 0.028957 2.114056 -0.788850
v 0.029621 2.109891 -0.788768
v 0.028957 2.106120 -0.786999
v 0.027159 2.103678 -0.784021
v 0.022193 2.105318 -0.777761
v 0.020364 2.108663 -0.776093
v 0.032108 2.114712 -0.768100
v 0.032654 2.118465 -0.769947
v 0.034162 2.120645 -0.773133
v 0.038228 2.119235 -0.780046
v 0.039712 2.115689 -0.781852
v 0.040258 2.111506 -0.781847
v 0.039712 2.107752 -0.780001
v 0.038183 2.105774 -0.776784
v 0.036182 2.105545 -0.773143
v 0.034151 2.107073 -0.769949
v 0.032654 2.110529 -0.768096
v 0.045493 2.116211 -0.761672
v 0.045911 2.119950 -0.763580
v 0.047053 2.122229 -0.766941
v 0.050191 2.120654 -0.774354
v 0.051313 2.116988 -0.776280
v 0.051731 2.112791 -0.776337
v 0.051313 2.109051 -0.774429
v 0.050173 2.106749 -0.771069
v 0.048604 2.106326 -0.767092
v 0.047034 2.108265 -0.763637
v 0.045911 2.112014 -0.761729
v 0.059626 2.117301 -0.757000
v 0.059908 2.121030 -0.758953
v 0.060658 2.123590 -0.762448
v 0.061734 2.123838 -0.766607
v 0.062798 2.121547 -0.770135
v 0.063562 2.117933 -0.772231
v 0.063844 2.113725 -0.772332
v 0.063562 2.109996 -0.770380
v 0.062802 2.107545 -0.766912
v 0.061764 2.107318 -0.762916
v 0.060681 2.109569 -0.759247
v 0.059908 2.113093 -0.757102
v 0.074263 2.117962 -0.754165
v 0.074406 2.121685 -0.756144
v 0.074795 2.123878 -0.759702
v 0.075310 2.123844 -0.763817
v 0.075841 2.121862 -0.767434
v 0.076248 2.118506 -0.769773
v 0.076391 2.114292 -0.769902
v 0.076248 2.110569 -0.767922
v 0.075871 2.108135 -0.764380
v 0.074798 2.110267 -0.756541
v 0.074406 2.113748 -0.754293
v 0.089156 2.118184 -0.753214
v 0.089156 2.121904 -0.755203
v 0.089156 2.124025 -0.758784
v 0.089154 2.122344 -0.766765
v 0.089156 2.118698 -0.768950
v 0.089156 2.114482 -0.769087
v 0.089156 2.110761 -0.767098
v 0.089157 2.108510 -0.763518
v 0.089157 2.110421 -0.755596
v 0.089156 2.113967 -0.753352
v 0.104048 2.117962 -0.754165
v 0.103905 2.121685 -0.756144
v 0.103516 2.123878 -0.759702
v 0.102451 2.122146 -0.767614
v 0.102063 2.118506 -0.769773
v 0.101920 2.114292 -0.769902
v 0.102063 2.110569 -0.767922
v 0.102458 2.108742 -0.764333
v 0.102988 2.108386 -0.760105
v 0.103522 2.109954 -0.756395
v 0.103905 2.113748 -0.754293
v 0.118685 2.117301 -0.757000
v 0.118403 2.121030 -0.758953
v 0.117636 2.123461 -0.762441
v 0.116575 2.123515 -0.766522
v 0.115539 2.121329 -0.769997
v 0.114749 2.117933 -0.772231
v 0.114467 2.113725 -0.772332
v 0.114749 2.109996 -0.770380
v 0.115514 2.107682 -0.766901
v 0.117628 2.109569 -0.759246
v 0.118403 2.113093 -0.757102
v 0.132818 2.116211 -0.761672
v 0.132400 2.119950 -0.763580
v 0.131254 2.122184 -0.766939
v 0.128128 2.120583 -0.774314
v 0.126998 2.116988 -0.776280
v 0.126580 2.112791 -0.776337
v 0.126998 2.109051 -0.774429
v 0.128120 2.106616 -0.771080
v 0.131250 2.108579 -0.763779
v 0.132400 2.112014 -0.761729
v 0.146203 2.114712 -0.768100
v 0.145657 2.118465 -0.769947
v 0.144161 2.120739 -0.773138
v 0.140079 2.119245 -0.780054
v 0.138599 2.115689 -0.781852
v 0.138053 2.111506 -0.781847
v 0.138599 2.107752 -0.780001
v 0.140083 2.105371 -0.776812
v 0.142086 2.105087 -0.773208
v 0.144162 2.107073 -0.769950
v 0.145657 2.110529 -0.768096
v 0.158612 2.112828 -0.776175
v 0.157947 2.116600 -0.777944
v 0.156146 2.119089 -0.780935
v 0.153676 2.119204 -0.784283
v 0.151228 2.117274 -0.787105
v 0.149354 2.114056 -0.788850
v 0.148690 2.109891 -0.788768
v 0.149354 2.106120 -0.786999
v 0.151223 2.104052 -0.784011
v 0.153731 2.103425 -0.780531
v 0.156183 2.104917 -0.777597
v 0.157947 2.108663 -0.776093
v 0.169833 2.110593 -0.785758
v 0.169061 2.114386 -0.787436
v 0.166944 2.116768 -0.790163
v 0.161172 2.115559 -0.795805
v 0.159079 2.112119 -0.797156
v 0.158307 2.107975 -0.796982
v 0.159079 2.104182 -0.795305
v 0.161175 2.101700 -0.792570
v 0.166951 2.103065 -0.786961
v 0.169061 2.106450 -0.785584
v 0.179673 2.108045 -0.796686
v 0.178807 2.111862 -0.798258
v 0.176433 2.114310 -0.800700
v 0.169934 2.113366 -0.805600
v 0.167608 2.109910 -0.806627
v 0.166742 2.105791 -0.806349
v 0.167608 2.101974 -0.804776
v 0.169942 2.099343 -0.802323
v 0.173089 2.098977 -0.799753
v 0.176409 2.100752 -0.797553
v 0.178807 2.103925 -0.796407
v 0.187965 2.105226 -0.808770
v 0.187019 2.109070 -0.810228
v 0.184461 2.111765 -0.812374
v 0.180880 2.112431 -0.814662
v 0.177361 2.110767 -0.816352
v 0.174794 2.107467 -0.817101
v 0.173849 2.103375 -0.816707
v 0.174794 2.099531 -0.815250
v 0.177365 2.096908 -0.813117
v 0.184405 2.098034 -0.809206
v 0.187019 2.101134 -0.808376
v 0.194565 2.102186 -0.821806
v 0.193557 2.106059 -0.823138
v 0.190788 2.108650 -0.824919
v 0.187073 2.109145 -0.826606
v 0.183333 2.107787 -0.827879
v 0.180516 2.104832 -0.828399
v 0.179507 2.100769 -0.827880
v 0.180516 2.096895 -0.826548
v 0.183324 2.094457 -0.824777
v 0.187084 2.093816 -0.823029
v 0.190801 2.094958 -0.821721
v 0.193557 2.098123 -0.821287
v 0.199363 2.098976 -0.835569
v 0.198308 2.102880 -0.836769
v 0.195414 2.105555 -0.838191
v 0.187537 2.105190 -0.840270
v 0.184673 2.102050 -0.840327
v 0.183619 2.098017 -0.839677
v 0.184673 2.094113 -0.838476
v 0.187537 2.091323 -0.837036
v 0.191541 2.090141 -0.835648
v 0.195499 2.091544 -0.834890
v 0.198308 2.094943 -0.834918
v 0.202274 2.095651 -0.849823
v 0.201192 2.099587 -0.850888
v 0.198300 2.102671 -0.852011
v 0.194238 2.103709 -0.852806
v 0.190137 2.102221 -0.852998
v 0.187197 2.099168 -0.852682
v 0.186114 2.095168 -0.851895
v 0.187197 2.091232 -0.850831
v 0.190137 2.088354 -0.849764
v 0.198224 2.088699 -0.848748
v 0.201192 2.091650 -0.849037
vn 1.0000 -0.0000 -0.0000
vn 0.9914 -0.0296 -0.1271
vn 0.9577 0.2234 -0.1816
vn 0.8702 0.4793 -0.1146
vn 0.6837 0.6842 -0.2540
vn 0.6837 0.6842 -0.2539
vn 0.7115 0.6832 -0.1646
vn 0.1523 0.9155 -0.3724
vn 0.1146 0.9083 -0.4024
vn -0.0147 0.9760 -0.2171
vn -0.0162 0.9783 -0.2064
vn 0.1883 0.9285 -0.3200
vn -0.4940 0.8478 -0.1929
vn -0.4996 0.8596 -0.1076
vn -0.8560 0.5169 -0.0011
vn -0.6954 0.6998 -0.1634
vn -0.9659 0.2521 -0.0588
vn -0.9914 0.0296 0.1271
vn -1.0000 -0.0000 -0.0000
vn -0.8563 -0.4643 0.2262
vn -0.9659 -0.2521 0.0588
vn -0.7010 -0.6945 0.1620
vn -0.5050 -0.8195 0.2708
vn -0.5002 -0.8435 0.1956
vn 0.6954 -0.6998 0.1632
vn 0.7014 -0.7089 0.0744
vn 0.8614 -0.5078 0.0040
vn 0.9659 -0.2521 0.0588
vn 0.9659 -0.0588 -0.2521
vn 0.9330 0.1953 -0.3023
vn 0.6668 0.6649 -0.3365
vn 0.6668 0.6649 -0.3366
vn 0.0276 0.9723 -0.2322
vn 0.4702 0.8824 -0.0170
vn 0.4431 0.8938 0.0699
vn 0.4233 0.9000 0.1040
vn 0.3530 0.9233 0.1515
vn 0.0295 0.9826 -0.1832
vn -0.6971 0.7166 0.0247
vn -0.8390 0.5336 0.1064
vn -0.9659 0.0588 0.2521
vn -0.8344 -0.4418 0.3296
vn -0.4950 -0.8110 0.3119
vn 0.0239 -0.9058 0.4231
vn 0.0242 -0.9058 0.4231
vn -0.0285 -0.8982 0.4386
vn -0.0729 -0.9115 0.4049
vn -0.0087 -0.9848 0.1732
vn 0.6930 -0.7206 -0.0227
vn 0.8424 -0.5277 -0.1088
vn 0.9239 -0.0869 -0.3727
vn 0.8056 0.4039 -0.4335
vn 0.6610 0.6219 -0.4199
vn -0.4747 0.8797 -0.0260
vn -0.7987 0.5666 0.2025
vn -0.9239 0.0869 0.3727
vn -0.8924 -0.1681 0.4188
vn -0.6425 -0.6394 0.4223
vn -0.4540 -0.8035 0.3851
vn -0.1907 -0.9654 0.1779
vn -0.1759 -0.9484 0.2638
vn -0.1758 -0.9481 0.2648
vn -0.1795 -0.9575 0.2258
vn -0.1914 -0.9658 0.1751
vn 0.6532 -0.7497 -0.1063
vn 0.8023 -0.5576 -0.2129
vn 0.8660 -0.1136 -0.4869
vn 0.7583 0.3705 -0.5363
vn 0.6304 0.5848 -0.5105
vn -0.4292 0.9018 0.0510
vn -0.5959 0.7848 0.1704
vn -0.8365 0.3618 0.4116
vn -0.8660 0.1136 0.4869
vn -0.7464 -0.3917 0.5381
vn -0.4334 -0.7735 0.4624
vn 0.0766 -0.9105 0.4063
vn -0.0081 -0.9793 0.2021
vn 0.1328 -0.9165 0.3773
vn 0.6148 -0.7674 -0.1820
vn 0.7534 -0.5802 -0.3095
vn 0.7934 -0.1383 -0.5928
vn 0.6889 0.3586 -0.6299
vn 0.5620 0.5842 -0.5855
vn -0.4066 0.9020 0.1455
vn -0.6818 0.6120 0.4006
vn -0.7934 0.1383 0.5928
vn -0.6891 -0.3624 0.6275
vn -0.4147 -0.7591 0.5018
vn -0.0172 0.9695 -0.2443
vn -0.0287 0.9687 -0.2465
vn -0.5105 0.8156 -0.2723
vn -0.5018 0.8066 -0.3123
vn -0.4650 0.7937 -0.3922
vn -0.2763 0.8967 -0.3458
vn 0.5692 -0.7776 -0.2670
vn 0.6920 -0.5970 -0.4059
vn 0.7071 -0.1606 -0.6886
vn 0.6830 0.0969 -0.7239
vn 0.4926 0.5867 -0.6427
vn -0.3853 0.9040 0.1853
vn -0.6147 0.6209 0.4864
vn -0.7071 0.1606 0.6886
vn -0.6133 -0.3541 0.7060
vn -0.3787 -0.7590 0.5296
vn 0.4973 -0.8029 -0.3287
vn 0.6128 -0.6223 -0.4870
vn 0.6088 -0.1802 -0.7726
vn 0.5303 0.3260 -0.7826
vn 0.4333 0.5614 -0.7050
vn -0.3468 0.9147 0.2075
vn -0.5292 0.6446 0.5517
vn -0.6088 0.1802 0.7726
vn -0.5880 -0.0780 0.8051
vn -0.4199 -0.5809 0.6974
vn -0.2982 -0.7607 0.5765
vn 0.4234 -0.8251 -0.3741
vn 0.5880 -0.4261 -0.6875
vn 0.5000 -0.1967 -0.8434
vn 0.4359 0.3053 -0.8467
vn 0.3582 0.5380 -0.7630
vn -0.2660 0.9374 0.2247
vn -0.3485 0.8358 0.4242
vn -0.4830 0.4421 0.7559
vn -0.5000 0.1967 0.8434
vn -0.4277 -0.3218 0.8447
vn -0.2337 -0.7337 0.6380
vn 0.3567 -0.8274 -0.4338
vn 0.4360 -0.6532 -0.6191
vn 0.3827 -0.2099 -0.8997
vn 0.3311 0.2995 -0.8948
vn 0.2682 0.5391 -0.7984
vn 0.2280 0.9633 -0.1414
vn 0.2262 0.9525 -0.2042
vn 0.1909 0.9752 -0.1123
vn 0.1923 0.9748 -0.1134
vn -0.1950 0.9465 0.2570
vn -0.2665 0.8451 0.4635
vn -0.3696 0.4547 0.8103
vn -0.3827 0.2099 0.8997
vn -0.3324 -0.3002 0.8941
vn -0.1981 -0.7213 0.6636
vn 0.2744 -0.8290 -0.4873
vn 0.3337 -0.6595 -0.6736
vn 0.2588 -0.2194 -0.9407
vn 0.2270 0.2899 -0.9298
vn 0.1873 0.5299 -0.8271
vn -0.1206 0.9527 0.2790
vn -0.1800 0.8517 0.4922
vn -0.2500 0.4640 0.8498
vn -0.2588 0.2194 0.9407
vn -0.2271 -0.3012 0.9261
vn -0.1531 -0.7247 0.6719
vn -0.4270 -0.9014 -0.0718
vn -0.4552 -0.8903 0.0091
vn -0.0351 -0.9714 0.2347
vn -0.0130 -0.9784 0.2064
vn -0.2991 -0.9354 -0.1885
vn -0.3718 -0.9180 -0.1380
vn -0.2137 -0.9755 0.0529
vn 0.1804 -0.8431 -0.5066
vn 0.2234 -0.6725 -0.7055
vn 0.1305 -0.2252 -0.9655
vn 0.1145 0.2764 -0.9542
vn 0.0949 0.5102 -0.8548
vn -0.0472 0.9461 0.3205
vn -0.1093 0.6841 0.7211
vn -0.1305 0.2252 0.9655
vn -0.1261 -0.0345 0.9914
vn -0.0906 -0.5432 0.8347
vn -0.0684 -0.7363 0.6732
vn 0.0954 -0.8469 -0.5231
vn 0.1150 -0.6774 -0.7265
vn -0.0000 -0.2271 -0.9739
vn -0.0024 0.2823 -0.9593
vn -0.0046 0.5229 -0.8524
vn 0.0385 -0.9783 0.2037
vn -0.1446 -0.9304 0.3368
vn -0.1720 -0.9373 0.3031
vn -0.0029 0.9433 0.3318
vn -0.0000 0.6788 0.7344
vn -0.0000 0.2271 0.9739
vn 0.0028 -0.2959 0.9552
vn 0.0127 -0.7225 0.6913
vn 0.0001 -0.8414 -0.5404
vn 0.0001 -0.6745 -0.7382
vn -0.1305 -0.2252 -0.9655
vn -0.1261 0.0345 -0.9914
vn -0.0920 0.5472 -0.8319
vn -0.0919 0.5472 -0.8319
vn -0.1895 0.9686 -0.1610
vn -0.1518 0.9824 -0.1091
vn 0.0363 0.9690 -0.2444
vn 0.0593 0.9713 -0.2302
vn -0.2068 0.9542 -0.2162
vn -0.2065 0.9545 -0.2152
vn 0.0400 0.9473 0.3178
vn 0.1079 0.6863 0.7192
vn 0.1305 0.2252 0.9655
vn 0.1107 -0.2957 0.9488
vn 0.0557 -0.7218 0.6899
vn 0.0020 -0.9692 0.2463
vn 0.0009 -0.9716 0.2368
vn -0.0158 -0.9689 0.2471
vn -0.0959 -0.8479 -0.5215
vn -0.1153 -0.6781 -0.7259
vn -0.2588 -0.2194 -0.9407
vn -0.2500 0.0401 -0.9674
vn -0.1775 0.5511 -0.8153
vn 0.1275 0.9532 0.2743
vn 0.1780 0.8576 0.4825
vn 0.2500 0.4640 0.8498
vn 0.2588 0.2194 0.9407
vn 0.2500 -0.0401 0.9674
vn 0.1814 -0.5408 0.8214
vn 0.1283 -0.7370 0.6636
vn -0.1800 -0.8524 -0.4910
vn -0.2500 -0.4640 -0.8498
vn -0.3827 -0.2099 -0.8997
vn -0.3306 0.2945 -0.8967
vn -0.2683 0.5299 -0.8045
vn -0.2369 0.9714 0.0176
vn 0.2221 0.9394 0.2612
vn 0.3343 0.6732 0.6596
vn 0.3827 0.2099 0.8997
vn 0.3326 -0.3092 0.8909
vn 0.2057 -0.7309 0.6507
vn -0.0246 -0.9722 0.2329
vn 0.2141 -0.9348 0.2833
vn 0.1886 -0.9188 0.3467
vn 0.4145 -0.7952 0.4426
vn 0.3886 -0.7863 0.4802
vn -0.2671 -0.8374 -0.4768
vn -0.3306 -0.6650 -0.6697
vn -0.5000 -0.1967 -0.8434
vn -0.4386 0.2949 -0.8489
vn -0.3662 0.5190 -0.7724
vn 0.2656 0.9305 0.2523
vn 0.4343 0.6534 0.6201
vn 0.5000 0.1967 0.8434
vn 0.4291 -0.3218 0.8440
vn 0.2436 -0.7366 0.6310
vn -0.3588 -0.8195 -0.4468
vn -0.4362 -0.6480 -0.6244
vn -0.6088 -0.1802 -0.7726
vn -0.5330 0.3210 -0.7829
vn -0.4402 0.5524 -0.7079
vn 0.2980 0.9288 0.2203
vn 0.5226 0.6473 0.5549
vn 0.6088 0.1802 0.7726
vn 0.5880 -0.0780 0.8051
vn 0.4232 -0.5745 0.7006
vn 0.3031 -0.7590 0.5762
vn -0.0196 -0.9730 0.2301
vn -0.0098 -0.9734 0.2288
vn 0.1771 -0.9808 0.0820
vn 0.2159 -0.9693 0.1173
vn 0.2276 -0.9591 0.1682
vn -0.0083 -0.9745 0.2242
vn -0.4335 -0.8147 -0.3851
vn -0.5303 -0.6382 -0.5582
vn -0.7071 -0.1606 -0.6886
vn -0.6830 0.0969 -0.7239
vn -0.4905 0.5922 -0.6393
vn -0.4905 0.5921 -0.6394
vn 0.4908 0.8128 0.3138
vn 0.6830 0.4072 0.6064
vn 0.7071 0.1606 0.6886
vn 0.6134 -0.3523 0.7068
vn 0.3768 -0.7572 0.5335
vn -0.4977 -0.8033 -0.3270
vn -0.6132 -0.6226 -0.4862
vn -0.7934 -0.1383 -0.5928
vn -0.7663 0.1185 -0.6314
vn -0.5480 0.6070 -0.5755
vn 0.0405 0.9646 -0.2606
vn 0.3040 0.7565 -0.5791
vn 0.3945 0.7526 -0.5272
vn 0.4367 0.7455 -0.5036
vn 0.4621 0.7542 -0.4666
vn 0.4632 0.7783 -0.4239
vn 0.4785 0.8185 -0.3179
vn 0.6869 0.6103 0.3946
vn 0.7934 0.1383 0.5928
vn 0.6891 -0.3624 0.6275
vn 0.4122 -0.7588 0.5044
vn 0.0080 -0.9692 0.2461
vn 0.0004 -0.9713 0.2377
vn 0.0057 -0.9688 0.2476
vn -0.5656 -0.7815 -0.2634
vn -0.6907 -0.5994 -0.4044
vn -0.8660 -0.1136 -0.4869
vn -0.7522 0.3809 -0.5376
vn -0.6134 0.6032 -0.5097
vn 0.7440 0.5929 0.3081
vn 0.8660 0.1136 0.4869
vn 0.7413 -0.3981 0.5403
vn 0.4232 -0.7776 0.4651
vn -0.6127 -0.7693 -0.1811
vn -0.7526 -0.5814 -0.3091
vn -0.9239 -0.0869 -0.3727
vn -0.8075 0.3975 -0.4358
vn -0.6677 0.6106 -0.4259
vn -0.5134 -0.8502 0.1166
vn -0.0241 -0.9741 0.2250
vn -0.5034 -0.8607 0.0761
vn 0.6305 0.7710 0.0897
vn 0.8924 0.3360 0.3012
vn 0.9239 0.0869 0.3727
vn 0.8924 -0.1681 0.4188
vn 0.6190 -0.6642 0.4191
vn 0.4815 -0.7948 0.3693
vn -0.6521 -0.7508 -0.1051
vn -0.8020 -0.5583 -0.2124
vn -0.9659 -0.0588 -0.2521
vn -0.8409 0.4293 -0.3296
vn -0.6878 0.6435 -0.3358
vn 0.5232 0.8476 -0.0888
vn 0.8340 0.5432 0.0965
vn 0.9659 0.0588 0.2521
vn 0.8338 -0.4464 0.3247
vn 0.5693 -0.7734 0.2788
vn 0.1562 0.9840 -0.0852
vn 0.1228 0.9901 -0.0684
vn 0.1227 0.9901 -0.0683
vn -0.6910 -0.7225 -0.0219
vn -0.8417 -0.5289 -0.1084
vn -0.9914 -0.0296 -0.1271
vn -0.8624 0.4538 -0.2243
vn -0.7047 0.6628 -0.2533
vn -0.0056 0.9955 0.0942
vn 0.0188 0.9827 -0.1843
vn 0.0096 0.9820 -0.1888
vn 0.5476 0.8272 -0.1255
vn 0.8649 0.5019 -0.0021
vn 0.9914 0.0296 0.1271
vn 0.8682 -0.4455 0.2185
vn 0.5986 -0.7648 0.2381
vn -0.7024 -0.7080 0.0731
vn -0.8618 -0.5073 0.0034
vn -0.8739 0.4733 -0.1107
vn -0.7225 0.6732 -0.1574
vn 0.0049 -0.9718 0.2358
vn 0.5508 0.8171 -0.1700
vn 0.8721 0.4769 -0.1093
vn 0.8753 -0.4702 0.1124
vn 0.6014 -0.7747 0.1951
vn 0.0766 0.8989 -0.4313
vn 0.0184 0.9039 -0.4274
vn 0.0162 0.9040 -0.4273
vn -0.6993 -0.6961 0.1624
vn -0.8622 0.5065 0.0009
vn -0.7043 0.7069 -0.0650
vn 0.0923 -0.9956 0.0186
vn 0.1378 -0.9894 0.0464
vn 0.5285 0.8217 -0.2133
vn 0.8533 0.4737 -0.2179
vn 0.8553 -0.5180 0.0134
vn 0.5780 -0.8005 0.1583
vn -0.7020 -0.6677 0.2478
vn -0.8616 -0.4566 0.2215
vn -0.9330 0.3088 0.1847
vn -0.6680 0.7441 0.0120
vn 0.6449 0.6857 -0.3374
vn 0.9330 -0.3088 -0.1847
vn 0.6512 -0.7589 -0.0035
vn 0.5198 -0.8512 0.0722
vn -0.6907 -0.6387 0.3392
vn -0.8417 -0.4265 0.3312
vn -0.8924 0.3360 0.3012
vn -0.6400 0.7628 0.0924
vn -0.6399 0.7628 0.0925
vn 0.4778 -0.8760 -0.0654
vn 0.4160 -0.9021 -0.1144
vn 0.3794 -0.9149 0.1380
vn 0.4897 -0.8714 -0.0280
vn 0.7913 0.4211 -0.4433
vn 0.7926 -0.5725 -0.2098
vn -0.0070 -1.0000 -0.0038
vn 0.0465 -0.9989 -0.0093
vn -0.6531 -0.6259 0.4263
vn -0.8023 -0.4062 0.4373
vn -0.7563 0.5760 0.3103
vn -0.6225 0.7606 0.1846
vn 0.3376 0.9241 -0.1791
vn -0.1091 -0.9937 0.0243
vn -0.0603 -0.9982 0.0016
vn 0.7543 0.3771 -0.5374
vn 0.7495 -0.5881 -0.3038
vn 0.0707 -0.9716 0.2260
vn 0.0057 -0.9724 0.2330
vn -0.6151 -0.6070 0.5032
vn -0.7535 -0.3830 0.5344
vn -0.6960 0.5888 0.4111
vn -0.5811 0.7644 0.2795
vn 0.6930 0.3563 -0.6267
vn 0.7934 -0.1383 -0.5929
vn 0.7663 -0.3856 -0.5139
vn 0.5535 -0.7942 -0.2509
vn -0.5684 -0.5803 0.5832
vn -0.6917 -0.3565 0.6281
vn -0.6140 0.6181 0.4909
vn -0.5016 0.7963 0.3380
vn -0.2093 0.8565 -0.4717
vn -0.3189 0.7379 -0.5948
vn -0.2574 0.7077 -0.6580
vn -0.2210 0.7023 -0.6767
vn -0.1378 0.7122 -0.6884
vn -0.0918 0.8388 -0.5366
vn 0.6135 0.3580 -0.7039
vn 0.6088 -0.6298 -0.4824
vn 0.3684 -0.9123 -0.1790
vn -0.0398 0.9057 -0.4221
vn -0.0939 0.9176 -0.3862
vn 0.0203 0.9800 -0.1981
vn -0.4975 -0.5747 0.6497
vn -0.6130 -0.3427 0.7119
vn -0.5880 0.4261 0.6875
vn -0.4199 0.8280 0.3717
vn -0.4200 0.8279 0.3716
vn 0.4116 0.5944 -0.6909
vn 0.5880 0.0780 -0.8051
vn 0.5281 -0.6485 -0.5481
vn 0.3359 -0.9200 -0.2021
vn -0.4241 -0.5731 0.7012
vn -0.3475 0.8390 0.4188
vn -0.3474 0.8390 0.4189
vn 0.2338 0.7246 -0.6483
vn 0.4255 0.3244 -0.8448
vn 0.4830 -0.4421 -0.7559
vn 0.3431 -0.8447 -0.4108
vn 0.2447 -0.9414 -0.2323
vn -0.3579 -0.5478 0.7562
vn -0.4365 -0.3106 0.8444
vn -0.3357 0.6615 0.6706
vn -0.2776 0.8320 0.4803
vn 0.2016 0.7092 -0.6755
vn 0.3327 0.2989 -0.8944
vn 0.3247 -0.6751 -0.6625
vn 0.1651 -0.9420 -0.2921
vn 0.0891 0.9947 -0.0515
vn 0.0458 0.9983 -0.0370
vn -0.2758 -0.5240 0.8058
vn -0.3342 -0.2913 0.8964
vn -0.2263 0.6630 0.7136
vn -0.1877 0.8286 0.5275
vn 0.1569 0.7140 -0.6823
vn 0.2277 0.3017 -0.9258
vn 0.2239 -0.6686 -0.7091
vn 0.1277 -0.9379 -0.3226
vn -0.1797 -0.5310 0.8281
vn -0.2230 -0.2905 0.9305
vn -0.1111 0.6759 0.7285
vn -0.0882 0.8447 0.5279
vn 0.0023 0.9997 -0.0225
vn 0.0254 0.9586 -0.2838
vn 0.0219 0.9650 -0.2615
vn -0.0557 0.9977 -0.0396
vn 0.0674 0.7208 -0.6899
vn 0.0900 0.5470 -0.8323
vn 0.1261 0.0345 -0.9914
vn 0.1155 -0.6735 -0.7301
vn 0.0827 -0.9399 -0.3313
vn -0.0909 -0.5417 0.8356
vn -0.0000 0.4715 0.8819
vn -0.0000 0.8569 0.5155
vn -0.0176 0.7000 -0.7139
vn -0.0035 0.2960 -0.9552
vn 0.0063 -0.6908 -0.7231
vn 0.0377 -0.9483 -0.3151
vn 0.4404 -0.8689 0.2258
vn -0.0039 -0.5258 0.8506
vn -0.0021 -0.2839 0.9589
vn 0.1116 0.6782 0.7263
vn 0.0890 0.8481 0.5223
vn -0.0589 0.6993 -0.7124
vn -0.1099 0.2960 -0.9488
vn -0.1261 -0.4696 -0.8738
vn -0.0894 -0.8682 -0.4881
vn -0.0617 -0.9562 -0.2863
vn 0.0941 -0.5130 0.8532
vn 0.1140 -0.2779 0.9538
vn 0.2257 0.6683 0.7089
vn 0.1855 0.8366 0.5155
vn -0.2227 0.9372 -0.2685
vn -0.1853 0.9328 -0.3092
vn -0.1806 0.5446 -0.8190
vn -0.2287 -0.6829 -0.6938
vn -0.1643 -0.9417 -0.2935
vn 0.1873 -0.5315 0.8261
vn 0.2270 -0.2907 0.9295
vn 0.3339 0.6638 0.6693
vn 0.2736 0.8355 0.4765
vn 0.2386 -0.9462 0.2186
vn -0.3332 0.3096 -0.8906
vn -0.3327 -0.6637 -0.6699
vn -0.2084 -0.9329 -0.2936
vn 0.2666 -0.5524 0.7898
vn 0.3696 -0.0494 0.9279
vn 0.4334 0.6536 0.6204
vn 0.3517 0.8283 0.4362
vn -0.4284 0.3219 -0.8443
vn -0.4274 -0.6622 -0.6155
vn -0.2430 -0.9333 -0.2645
vn -0.2626 0.9539 -0.1452
vn -0.0202 0.9770 -0.2124
vn 0.3518 -0.5429 0.7626
vn 0.4329 -0.3079 0.8472
vn 0.5299 0.6363 0.5607
vn 0.4336 0.8119 0.3909
vn 0.0108 -0.9868 0.1615
vn -0.4211 0.5781 -0.6989
vn -0.5880 0.0780 -0.8051
vn -0.5880 -0.4261 -0.6875
vn -0.4188 -0.8306 -0.3669
vn 0.4430 -0.5363 0.7185
vn 0.5329 -0.3122 0.7865
vn 0.6149 0.6220 0.4848
vn 0.5010 0.8022 0.3246
vn -0.1134 0.9919 -0.0566
vn -0.3946 0.7418 -0.5422
vn -0.6138 0.3529 -0.7062
vn -0.6132 -0.6304 -0.4760
vn -0.2617 0.8719 -0.4138
vn -0.4482 0.7571 -0.4753
vn -0.4304 0.7418 -0.5143
vn 0.5082 -0.5691 0.6464
vn 0.6178 -0.3396 0.7092
vn 0.6885 0.6028 0.4033
vn 0.5597 0.7868 0.2601
vn -0.6897 0.3611 -0.6276
vn -0.6891 -0.6026 -0.4024
vn -0.5725 -0.7739 -0.2706
vn 0.5485 -0.6100 0.5719
vn 0.7663 -0.1185 0.6314
vn 0.7539 0.5781 0.3120
vn 0.6172 0.7641 0.1875
vn -0.1804 -0.9799 0.0853
vn -0.1576 -0.9864 0.0469
vn -0.7462 0.3914 -0.5385
vn -0.7464 -0.5893 -0.3093
vn -0.2028 -0.9714 0.1235
vn 0.5964 -0.6263 0.5020
vn 0.8365 -0.1424 0.5291
vn 0.8026 0.5584 0.2098
vn 0.6529 0.7508 0.1001
vn -0.0330 -0.9960 -0.0833
vn 0.0615 -0.9939 -0.0915
vn -0.6410 0.6410 -0.4221
vn -0.8924 0.1681 -0.4188
vn -0.8924 -0.3360 -0.3012
vn -0.6425 -0.7603 -0.0958
vn -0.1272 -0.9891 -0.0743
vn 0.6570 -0.6191 0.4303
vn 0.8034 -0.4024 0.4390
vn 0.8399 0.5317 0.1093
vn 0.6858 0.7274 0.0232
vn -0.8341 0.4424 -0.3294
vn -0.8344 -0.5420 -0.1001
vn 0.7040 -0.6242 0.3388
vn 0.8462 -0.4183 0.3301
vn 0.8670 0.4983 0.0014
vn 0.7181 0.6929 -0.0640
vn 0.2235 0.9377 -0.2661
vn -0.8553 0.4657 -0.2272
vn -0.8563 -0.5165 0.0025
vn -0.1476 0.9256 -0.3486
vn -0.1171 -0.9217 0.3698
vn 0.7065 -0.6640 0.2449
vn 0.8632 -0.4545 0.2198
vt 0.500000 0.500000
vt 0.500000 0.583333
vt 0.500000 0.666667
vt 0.500000 0.750000
vt 0.500000 0.833333
vt 0.500000 0.916667
vt 0.500000 1.000000
vt 0.500000 0.000000
vt 0.500000 0.083333
vt 0.500000 0.166667
vt 0.500000 0.250000
vt 0.500000 0.333333
vt 0.500000 0.416667
vt 0.520833 0.500000
vt 0.520833 0.583333
vt 0.520833 0.666667
vt 0.520833 0.833333
vt 0.520833 0.916667
vt 0.520833 1.000000
vt 0.520833 0.000000
vt 0.520833 0.083333
vt 0.520833 0.166667
vt 0.520833 0.333333
vt 0.520833 0.416667
vt 0.541667 0.500000
vt 0.541667 0.583333
vt 0.541667 0.666667
vt 0.541667 0.750000
vt 0.541667 0.833333
vt 0.541667 0.916667
vt 0.541667 1.000000
vt 0.541667 0.000000
vt 0.541667 0.083333
vt 0.541667 0.166667
vt 0.541667 0.250000
vt 0.541667 0.333333
vt 0.541667 0.416667
vt 0.562500 0.500000
vt 0.562500 0.583333
vt 0.562500 0.666667
vt 0.562500 0.833333
vt 0.562500 0.916667
vt 0.562500 1.000000
vt 0.562500 0.000000
vt 0.562500 0.083333
vt 0.562500 0.166667
vt 0.562500 0.250000
vt 0.562500 0.333333
vt 0.562500 0.416667
vt 0.583333 0.500000
vt 0.583333 0.583333
vt 0.583333 0.666667
vt 0.583333 0.750000
vt 0.583333 0.833333
vt 0.583333 0.916667
vt 0.583333 1.000000
vt 0.583333 0.000000
vt 0.583333 0.083333
vt 0.583333 0.166667
vt 0.583333 0.333333
vt 0.583333 0.416667
vt 0.604167 0.500000
vt 0.604167 0.583333
vt 0.604167 0.666667
vt 0.604167 0.750000
vt 0.604167 0.833333
vt 0.604167 0.916667
vt 0.604167 1.000000
vt 0.604167 0.000000
vt 0.604167 0.083333
vt 0.604167 0.166667
vt 0.604167 0.250000
vt 0.604167 0.333333
vt 0.604167 0.416667
vt 0.625000 0.500000
vt 0.625000 0.583333
vt 0.625000 0.666667
vt 0.625000 0.833333
vt 0.625000 0.916667
vt 0.625000 1.000000
vt 0.625000 0.000000
vt 0.625000 0.083333
vt 0.625000 0.166667
vt 0.625000 0.333333
vt 0.625000 0.416667
vt 0.645833 0.500000
vt 0.645833 0.583333
vt 0.645833 0.666667
vt 0.645833 0.833333
vt 0.645833 0.916667
vt 0.645833 1.000000
vt 0.645833 0.000000
vt 0.645833 0.083333
vt 0.645833 0.166667
vt 0.645833 0.250000
vt 0.645833 0.333333
vt 0.645833 0.416667
vt 0.666667 0.500000
vt 0.666667 0.583333
vt 0.666667 0.666667
vt 0.666667 0.750000
vt 0.666667 0.833333
vt 0.666667 0.916667
vt 0.666667 1.000000
vt 0.666667 0.000000
vt 0.666667 0.083333
vt 0.666667 0.166667
vt 0.666667 0.333333
vt 0.666667 0.416667
vt 0.687500 0.500000
vt 0.687500 0.583333
vt 0.687500 0.666667
vt 0.687500 0.833333
vt 0.687500 0.916667
vt 0.687500 1.000000
vt 0.687500 0.000000
vt 0.687500 0.083333
vt 0.687500 0.166667
vt 0.687500 0.250000
vt 0.687500 0.333333
vt 0.687500 0.416667
vt 0.708333 0.500000
vt 0.708333 0.583333
vt 0.708333 0.666667
vt 0.708333 0.750000
vt 0.708333 0.833333
vt 0.708333 0.916667
vt 0.708333 1.000000
vt 0.708333 0.000000
vt 0.708333 0.083333
vt 0.708333 0.166667
vt 0.708333 0.333333
vt 0.708333 0.416667
vt 0.729167 0.500000
vt 0.729167 0.583333
vt 0.729167 0.666667
vt 0.729167 0.750000
vt 0.729167 0.833333
vt 0.729167 0.916667
vt 0.729167 1.000000
vt 0.729167 0.000000
vt 0.729167 0.083333
vt 0.729167 0.166667
vt 0.729167 0.250000
vt 0.729167 0.333333
vt 0.729167 0.416667
vt 0.750000 0.500000
vt 0.750000 0.583333
vt 0.750000 0.666667
vt 0.750000 0.833333
vt 0.750000 0.916667
vt 0.750000 1.000000
vt 0.750000 0.000000
vt 0.750000 0.083333
vt 0.750000 0.166667
vt 0.750000 0.250000
vt 0.750000 0.333333
vt 0.750000 0.416667
vt 0.770833 0.500000
vt 0.770833 0.583333
vt 0.770833 0.666667
vt 0.770833 0.833333
vt 0.770833 0.916667
vt 0.770833 1.000000
vt 0.770833 0.000000
vt 0.770833 0.083333
vt 0.770833 0.166667
vt 0.770833 0.333333
vt 0.770833 0.416667
vt 0.791667 0.500000
vt 0.791667 0.583333
vt 0.791667 0.666667
vt 0.791667 0.750000
vt 0.791667 0.833333
vt 0.791667 0.916667
vt 0.791667 1.000000
vt 0.791667 0.000000
vt 0.791667 0.083333
vt 0.791667 0.166667
vt 0.791667 0.250000
vt 0.791667 0.333333
vt 0.791667 0.416667
vt 0.812500 0.500000
vt 0.812500 0.583333
vt 0.812500 0.666667
vt 0.812500 0.833333
vt 0.812500 0.916667
vt 0.812500 1.000000
vt 0.812500 0.000000
vt 0.812500 0.083333
vt 0.812500 0.166667
vt 0.812500 0.333333
vt 0.812500 0.416667
vt 0.833333 0.500000
vt 0.833333 0.583333
vt 0.833333 0.666667
vt 0.833333 0.750000
vt 0.833333 0.833333
vt 0.833333 0.916667
vt 0.833333 1.000000
vt 0.833333 0.000000
vt 0.833333 0.083333
vt 0.833333 0.166667
vt 0.833333 0.250000
vt 0.833333 0.333333
vt 0.833333 0.416667
vt 0.854167 0.500000
vt 0.854167 0.583333
vt 0.854167 0.666667
vt 0.854167 0.833333
vt 0.854167 0.916667
vt 0.854167 1.000000
vt 0.854167 0.000000
vt 0.854167 0.083333
vt 0.854167 0.166667
vt 0.854167 0.250000
vt 0.854167 0.333333
vt 0.854167 0.416667
vt 0.875000 0.500000
vt 0.875000 0.583333
vt 0.875000 0.666667
vt 0.875000 0.750000
vt 0.875000 0.833333
vt 0.875000 0.916667
vt 0.875000 1.000000
vt 0.875000 0.000000
vt 0.875000 0.083333
vt 0.875000 0.166667
vt 0.875000 0.333333
vt 0.875000 0.416667
vt 0.895833 0.500000
vt 0.895833 0.583333
vt 0.895833 0.666667
vt 0.895833 0.833333
vt 0.895833 0.916667
vt 0.895833 1.000000
vt 0.895833 0.000000
vt 0.895833 0.083333
vt 0.895833 0.166667
vt 0.895833 0.250000
vt 0.895833 0.333333
vt 0.895833 0.416667
vt 0.916667 0.500000
vt 0.916667 0.583333
vt 0.916667 0.666667
vt 0.916667 0.833333
vt 0.916667 0.916667
vt 0.916667 1.000000
vt 0.916667 0.000000
vt 0.916667 0.083333
vt 0.916667 0.166667
vt 0.916667 0.333333
vt 0.916667 0.416667
vt 0.937500 0.500000
vt 0.937500 0.583333
vt 0.937500 0.666667
vt 0.937500 0.750000
vt 0.937500 0.833333
vt 0.937500 0.916667
vt 0.937500 1.000000
vt 0.937500 0.000000
vt 0.937500 0.083333
vt 0.937500 0.166667
vt 0.937500 0.250000
vt 0.937500 0.333333
vt 0.937500 0.416667
vt 0.958333 0.500000
vt 0.958333 0.583333
vt 0.958333 0.666667
vt 0.958333 0.833333
vt 0.958333 0.916667
vt 0.958333 1.000000
vt 0.958333 0.000000
vt 0.958333 0.083333
vt 0.958333 0.166667
vt 0.958333 0.250000
vt 0.958333 0.333333
vt 0.958333 0.416667
vt 0.979167 0.500000
vt 0.979167 0.583333
vt 0.979167 0.666667
vt 0.979167 0.833333
vt 0.979167 0.916667
vt 0.979167 1.000000
vt 0.979167 0.000000
vt 0.979167 0.083333
vt 0.979167 0.166667
vt 0.979167 0.333333
vt 0.979167 0.416667
vt 1.000000 0.500000
vt 0.000000 0.500000
vt 1.000000 0.583333
vt 0.000000 0.583333
vt 0.000000 0.666667
vt 1.000000 0.666667
vt 0.000000 0.750000
vt 1.000000 0.750000
vt 0.000000 0.833333
vt 1.000000 0.833333
vt 1.000000 0.916667
vt 0.000000 0.916667
vt 1.000000 1.000000
vt 1.000000 0.000000
vt 0.000000 1.000000
vt 0.000000 0.000000
vt 1.000000 0.083333
vt 0.000000 0.083333
vt 1.000000 0.166667
vt 0.000000 0.166667
vt 1.000000 0.333333
vt 0.000000 0.333333
vt 1.000000 0.416667
vt 0.000000 0.416667
vt 0.020833 0.500000
vt 0.020833 0.583333
vt 0.020833 0.666667
vt 0.020833 0.833333
vt 0.020833 0.916667
vt 0.020833 1.000000
vt 0.020833 0.000000
vt 0.020833 0.083333
vt 0.020833 0.166667
vt 0.020833 0.333333
vt 0.020833 0.416667
vt 0.041667 0.500000
vt 0.041667 0.583333
vt 0.041667 0.666667
vt 0.041667 0.750000
vt 0.041667 0.833333
vt 0.041667 0.916667
vt 0.041667 1.000000
vt 0.041667 0.000000
vt 0.041667 0.083333
vt 0.041667 0.166667
vt 0.041667 0.250000
vt 0.041667 0.333333
vt 0.041667 0.416667
vt 0.062500 0.500000
vt 0.062500 0.583333
vt 0.062500 0.666667
vt 0.062500 0.833333
vt 0.062500 0.916667
vt 0.062500 1.000000
vt 0.062500 0.000000
vt 0.062500 0.083333
vt 0.062500 0.166667
vt 0.062500 0.333333
vt 0.062500 0.416667
vt 0.083333 0.500000
vt 0.083333 0.583333
vt 0.083333 0.666667
vt 0.083333 0.833333
vt 0.083333 0.916667
vt 0.083333 1.000000
vt 0.083333 0.000000
vt 0.083333 0.083333
vt 0.083333 0.166667
vt 0.083333 0.333333
vt 0.083333 0.416667
vt 0.104167 0.500000
vt 0.104167 0.583333
vt 0.104167 0.666667
vt 0.104167 0.750000
vt 0.104167 0.833333
vt 0.104167 0.916667
vt 0.104167 1.000000
vt 0.104167 0.000000
vt 0.104167 0.083333
vt 0.104167 0.166667
vt 0.104167 0.250000
vt 0.104167 0.333333
vt 0.104167 0.416667
vt 0.125000 0.500000
vt 0.125000 0.583333
vt 0.125000 0.666667
vt 0.125000 0.833333
vt 0.125000 0.916667
vt 0.125000 1.000000
vt 0.125000 0.000000
vt 0.125000 0.083333
vt 0.125000 0.166667
vt 0.125000 0.333333
vt 0.125000 0.416667
vt 0.145833 0.500000
vt 0.145833 0.583333
vt 0.145833 0.666667
vt 0.145833 0.750000
vt 0.145833 0.833333
vt 0.145833 0.916667
vt 0.145833 1.000000
vt 0.145833 0.000000
vt 0.145833 0.083333
vt 0.145833 0.166667
vt 0.145833 0.333333
vt 0.145833 0.416667
vt 0.166667 0.500000
vt 0.166667 0.583333
vt 0.166667 0.666667
vt 0.166667 0.833333
vt 0.166667 0.916667
vt 0.166667 1.000000
vt 0.166667 0.000000
vt 0.166667 0.083333
vt 0.166667 0.166667
vt 0.166667 0.250000
vt 0.166667 0.333333
vt 0.166667 0.416667
vt 0.187500 0.500000
vt 0.187500 0.583333
vt 0.187500 0.666667
vt 0.187500 0.833333
vt 0.187500 0.916667
vt 0.187500 1.000000
vt 0.187500 0.000000
vt 0.187500 0.083333
vt 0.187500 0.166667
vt 0.187500 0.250000
vt 0.187500 0.333333
vt 0.187500 0.416667
vt 0.208333 0.500000
vt 0.208333 0.583333
vt 0.208333 0.666667
vt 0.208333 0.750000
vt 0.208333 0.833333
vt 0.208333 0.916667
vt 0.208333 1.000000
vt 0.208333 0.000000
vt 0.208333 0.083333
vt 0.208333 0.166667
vt 0.208333 0.250000
vt 0.208333 0.333333
vt 0.208333 0.416667
vt 0.229167 0.500000
vt 0.229167 0.583333
vt 0.229167 0.666667
vt 0.229167 0.750000
vt 0.229167 0.833333
vt 0.229167 0.916667
vt 0.229167 1.000000
vt 0.229167 0.000000
vt 0.229167 0.083333
vt 0.229167 0.166667
vt 0.229167 0.333333
vt 0.229167 0.416667
vt 0.250000 0.500000
vt 0.250000 0.583333
vt 0.250000 0.666667
vt 0.250000 0.833333
vt 0.250000 0.916667
vt 0.250000 1.000000
vt 0.250000 0.000000
vt 0.250000 0.083333
vt 0.250000 0.166667
vt 0.250000 0.333333
vt 0.250000 0.416667
vt 0.270833 0.500000
vt 0.270833 0.583333
vt 0.270833 0.666667
vt 0.270833 0.833333
vt 0.270833 0.916667
vt 0.270833 1.000000
vt 0.270833 0.000000
vt 0.270833 0.083333
vt 0.270833 0.166667
vt 0.270833 0.250000
vt 0.270833 0.333333
vt 0.270833 0.416667
vt 0.291667 0.500000
vt 0.291667 0.583333
vt 0.291667 0.666667
vt 0.291667 0.750000
vt 0.291667 0.833333
vt 0.291667 0.916667
vt 0.291667 1.000000
vt 0.291667 0.000000
vt 0.291667 0.083333
vt 0.291667 0.166667
vt 0.291667 0.333333
vt 0.291667 0.416667
vt 0.312500 0.500000
vt 0.312500 0.583333
vt 0.312500 0.666667
vt 0.312500 0.833333
vt 0.312500 0.916667
vt 0.312500 1.000000
vt 0.312500 0.000000
vt 0.312500 0.083333
vt 0.312500 0.166667
vt 0.312500 0.333333
vt 0.312500 0.416667
vt 0.333333 0.500000
vt 0.333333 0.583333
vt 0.333333 0.666667
vt 0.333333 0.833333
vt 0.333333 0.916667
vt 0.333333 1.000000
vt 0.333333 0.000000
vt 0.333333 0.083333
vt 0.333333 0.166667
vt 0.333333 0.250000
vt 0.333333 0.333333
vt 0.333333 0.416667
vt 0.354167 0.500000
vt 0.354167 0.583333
vt 0.354167 0.666667
vt 0.354167 0.750000
vt 0.354167 0.833333
vt 0.354167 0.916667
vt 0.354167 1.000000
vt 0.354167 0.000000
vt 0.354167 0.083333
vt 0.354167 0.166667
vt 0.354167 0.250000
vt 0.354167 0.333333
vt 0.354167 0.416667
vt 0.375000 0.500000
vt 0.375000 0.583333
vt 0.375000 0.666667
vt 0.375000 0.833333
vt 0.375000 0.916667
vt 0.375000 1.000000
vt 0.375000 0.000000
vt 0.375000 0.083333
vt 0.375000 0.166667
vt 0.375000 0.333333
vt 0.375000 0.416667
vt 0.395833 0.500000
vt 0.395833 0.583333
vt 0.395833 0.666667
vt 0.395833 0.833333
vt 0.395833 0.916667
vt 0.395833 1.000000
vt 0.395833 0.000000
vt 0.395833 0.083333
vt 0.395833 0.166667
vt 0.395833 0.250000
vt 0.395833 0.333333
vt 0.395833 0.416667
vt 0.416667 0.500000
vt 0.416667 0.583333
vt 0.416667 0.666667
vt 0.416667 0.750000
vt 0.416667 0.833333
vt 0.416667 0.916667
vt 0.416667 1.000000
vt 0.416667 0.000000
vt 0.416667 0.083333
vt 0.416667 0.166667
vt 0.416667 0.333333
vt 0.416667 0.416667
vt 0.437500 0.500000
vt 0.437500 0.583333
vt 0.437500 0.666667
vt 0.437500 0.750000
vt 0.437500 0.833333
vt 0.437500 0.916667
vt 0.437500 1.000000
vt 0.437500 0.000000
vt 0.437500 0.083333
vt 0.437500 0.166667
vt 0.437500 0.250000
vt 0.437500 0.333333
vt 0.437500 0.416667
vt 0.458333 0.500000
vt 0.458333 0.583333
vt 0.458333 0.666667
vt 0.458333 0.833333
vt 0.458333 0.916667
vt 0.458333 1.000000
vt 0.458333 0.000000
vt 0.458333 0.083333
vt 0.458333 0.166667
vt 0.458333 0.250000
vt 0.458333 0.333333
vt 0.458333 0.416667
vt 0.479167 0.500000
vt 0.479167 0.583333
vt 0.479167 0.666667
vt 0.479167 0.750000
vt 0.479167 0.833333
vt 0.479167 0.916667
vt 0.479167 1.000000
vt 0.479167 0.000000
vt 0.479167 0.083333
vt 0.479167 0.166667
vt 0.479167 0.333333
vt 0.479167 0.416667
s 1
usemtl dark.001
f 4310/6015/3332 4322/6028/3333 4323/6029/3334 4311/6016/3335
f 4311/6016/3335 4323/6029/3336 4324/6030/3337 4312/6017/3338
f 4390/6102/3339 4401/6114/3340 4402/6115/3341 4369/6079/3339 4358/6067/3342 4357/6066/3343 4368/6078/3339 4380/6091/3339
f 4314/6019/3344 4325/6031/3345 4326/6032/3346 4315/6020/3347
f 4315/6020/3348 4326/6032/3346 4327/6033/3349 4316/6021/3350
f 4316/6022/3350 4327/6034/3349 4328/6035/3351 4317/6023/3352
f 4317/6023/3353 4328/6035/3351 4329/6036/3354 4318/6024/3355
f 4320/6026/3356 4330/6037/3357 4331/6038/3358 4321/6027/3356
f 4321/6027/3359 4331/6038/3358 4322/6028/3333 4310/6015/3332
f 4322/6028/3333 4332/6039/3360 4333/6040/3361 4323/6029/3334
f 4323/6029/3336 4333/6040/3362 4334/6041/3363 4324/6030/3337
f 4545/6271/3364 4546/6272/3365 4535/6260/3366 4524/6248/3367 4514/6237/3368 4513/6236/3369
f 4325/6031/3345 4336/6043/3370 4337/6044/3371 4326/6032/3346
f 4326/6032/3346 4337/6044/3371 4338/6045/3372 4327/6033/3349
f 4327/6034/3349 4338/6046/3372 4339/6047/3373 4328/6035/3351
f 4328/6035/3351 4339/6047/3373 4340/6048/3374 4329/6036/3354
f 4724/6479/3375 4725/6480/3376 4714/6468/3377 4704/6457/3377 4693/6445/3377 4681/6432/3378 4680/6431/3379 4692/6444/3377
f 4330/6037/3357 4342/6050/3380 4343/6051/3381 4331/6038/3358
f 4331/6038/3358 4343/6051/3381 4332/6039/3360 4322/6028/3333
f 4332/6039/3360 4344/6052/3382 4345/6053/3383 4333/6040/3361
f 4333/6040/3362 4345/6053/3383 4346/6054/3384 4334/6041/3363
f 4336/6043/3370 4347/6055/3385 4348/6056/3386 4337/6044/3371
f 4337/6044/3371 4348/6056/3386 4349/6057/3387 4338/6045/3372
f 4338/6046/3372 4349/6058/3387 4350/6059/3388 4339/6047/3373
f 4339/6047/3373 4350/6059/3389 4351/6060/3390 4340/6048/3374
f 4562/6290/3391 4605/6349/3392 4606/6350/3393 4594/6337/3394 4584/6324/3394 4573/6302/3394 4563/6291/3395
f 4342/6050/3380 4353/6062/3396 4354/6063/3397 4343/6051/3381
f 4343/6051/3381 4354/6063/3397 4344/6052/3382 4332/6039/3360
f 4344/6052/3382 4355/6064/3398 4356/6065/3399 4345/6053/3383
f 4345/6053/3383 4356/6065/3399 4357/6066/3400 4346/6054/3384
f 4347/6055/3385 4359/6068/3401 4360/6069/3402 4348/6056/3386
f 4348/6056/3386 4360/6069/3403 4361/6070/3404 4349/6057/3387
f 4349/6058/3387 4361/6071/3404 4362/6072/3405 4350/6059/3388
f 4350/6059/3389 4362/6072/3405 4363/6073/3406 4351/6060/3390
f 4724/6479/3375 4756/6514/3407 4768/6527/3408 4769/6528/3409 4757/6515/3407 4746/6503/3407 4736/6492/3407 4725/6480/3376
f 4353/6062/3396 4364/6074/3410 4365/6075/3411 4354/6063/3397
f 4354/6063/3397 4365/6075/3411 4355/6064/3398 4344/6052/3382
f 4355/6064/3398 4366/6076/3412 4367/6077/3413 4356/6065/3399
f 4356/6065/3399 4367/6077/3413 4368/6078/3414 4357/6066/3400
f 4359/6068/3401 4370/6080/3415 4371/6081/3416 4360/6069/3402
f 4360/6069/3403 4371/6081/3416 4372/6082/3417 4361/6070/3404
f 4361/6071/3404 4372/6083/3417 4373/6084/3418 4362/6072/3405
f 4362/6072/3405 4373/6084/3418 4374/6085/3419 4363/6073/3406
f 4829/6593/3420 4313/6018/3421 4314/6019/3344 4830/6594/3422 4818/6581/3423 4807/6569/3424 4806/6568/3425
f 4364/6074/3410 4376/6087/3426 4377/6088/3427 4365/6075/3411
f 4365/6075/3411 4377/6088/3427 4366/6076/3412 4355/6064/3398
f 4366/6076/3412 4378/6089/3428 4379/6090/3429 4367/6077/3413
f 4367/6077/3413 4379/6090/3430 4380/6091/3430 4368/6078/3414
f 4370/6080/3415 4381/6092/3431 4382/6093/3432 4371/6081/3416
f 4371/6081/3416 4382/6093/3432 4383/6094/3433 4372/6082/3417
f 4372/6083/3417 4383/6095/3433 4384/6096/3434 4373/6084/3418
f 4373/6084/3418 4384/6096/3434 4385/6097/3435 4374/6085/3419
f 4376/6087/3426 4386/6098/3436 4387/6099/3437 4377/6088/3427
f 4377/6088/3427 4387/6099/3437 4378/6089/3428 4366/6076/3412
f 4378/6089/3428 4388/6100/3438 4389/6101/3439 4379/6090/3429
f 4379/6090/3430 4389/6101/3439 4390/6102/3440 4380/6091/3430
f 4381/6092/3431 4391/6103/3441 4392/6104/3442 4382/6093/3432
f 4382/6093/3432 4392/6104/3442 4393/6105/3443 4383/6094/3433
f 4383/6095/3433 4393/6106/3443 4394/6107/3444 4384/6096/3434
f 4384/6096/3434 4394/6107/3445 4395/6108/3446 4385/6097/3435
f 4386/6098/3436 4397/6110/3447 4398/6111/3447 4387/6099/3437
f 4387/6099/3437 4398/6111/3448 4388/6100/3438 4378/6089/3428
f 4388/6100/3438 4399/6112/3449 4400/6113/3450 4389/6101/3439
f 4389/6101/3439 4400/6113/3450 4401/6114/3451 4390/6102/3440
f 4391/6103/3441 4403/6116/3452 4404/6117/3453 4392/6104/3442
f 4392/6104/3442 4404/6117/3454 4405/6118/3455 4393/6105/3443
f 4393/6106/3443 4405/6119/3455 4406/6120/3456 4394/6107/3444
f 4394/6107/3445 4406/6120/3456 4407/6121/3457 4395/6108/3446
f 4397/6110/3447 4408/6122/3458 4409/6123/3459 4398/6111/3447
f 4398/6111/3448 4409/6123/3459 4399/6112/3449 4388/6100/3438
f 4399/6112/3449 4410/6124/3460 4411/6125/3461 4400/6113/3450
f 4400/6113/3450 4411/6125/3461 4412/6126/3462 4401/6114/3451
f 4805/6567/3463 4817/6580/3463 4828/6592/3464 4829/6593/3420 4806/6568/3463 4795/6556/3465 4794/6555/3466
f 4403/6116/3452 4413/6127/3467 4414/6128/3468 4404/6117/3453
f 4404/6117/3454 4414/6128/3469 4415/6129/3470 4405/6118/3455
f 4405/6119/3455 4415/6130/3470 4416/6131/3471 4406/6120/3456
f 4406/6120/3456 4416/6131/3471 4417/6132/3472 4407/6121/3457
f 4408/6122/3458 4419/6134/3473 4420/6135/3474 4409/6123/3459
f 4409/6123/3459 4420/6135/3474 4410/6124/3460 4399/6112/3449
f 4410/6124/3460 4421/6136/3475 4422/6137/3476 4411/6125/3461
f 4411/6125/3461 4422/6137/3476 4423/6138/3477 4412/6126/3462
f 4413/6127/3467 4425/6140/3478 4426/6141/3479 4414/6128/3468
f 4414/6128/3469 4426/6141/3480 4427/6142/3481 4415/6129/3470
f 4415/6130/3470 4427/6143/3481 4428/6144/3482 4416/6131/3471
f 4416/6131/3471 4428/6144/3482 4429/6145/3483 4417/6132/3472
f 4800/6562/3484 4811/6574/3485 4812/6575/3486 4789/6550/3487 4768/6527/3408 4767/6526/3488 4778/6538/3489 4788/6549/3490
f 4419/6134/3473 4430/6146/3491 4431/6147/3492 4420/6135/3474
f 4420/6135/3474 4431/6147/3492 4421/6136/3475 4410/6124/3460
f 4421/6136/3475 4432/6148/3493 4433/6149/3494 4422/6137/3476
f 4422/6137/3476 4433/6149/3494 4434/6150/3495 4423/6138/3477
f 4425/6140/3478 4436/6152/3496 4437/6153/3497 4426/6141/3479
f 4426/6141/3480 4437/6153/3497 4438/6154/3498 4427/6142/3481
f 4427/6143/3481 4438/6155/3498 4439/6156/3499 4428/6144/3482
f 4428/6144/3482 4439/6156/3500 4440/6157/3501 4429/6145/3483
f 4430/6146/3491 4442/6159/3502 4443/6160/3503 4431/6147/3492
f 4431/6147/3492 4443/6160/3503 4432/6148/3493 4421/6136/3475
f 4432/6148/3493 4444/6161/3504 4445/6162/3505 4433/6149/3494
f 4433/6149/3494 4445/6162/3505 4446/6163/3506 4434/6150/3495
f 4637/6384/3507 4638/6385/3508 4626/6372/3509 4616/6361/3509 4606/6350/3393 4605/6349/3392
f 4436/6152/3496 4447/6164/3510 4448/6165/3511 4437/6153/3497
f 4437/6153/3497 4448/6165/3511 4449/6166/3512 4438/6154/3498
f 4438/6155/3498 4449/6167/3512 4450/6168/3513 4439/6156/3499
f 4439/6156/3500 4450/6168/3513 4451/6169/3514 4440/6157/3501
f 4442/6159/3502 4453/6171/3515 4454/6172/3516 4443/6160/3503
f 4443/6160/3503 4454/6172/3516 4444/6161/3504 4432/6148/3493
f 4444/6161/3504 4455/6173/3517 4456/6174/3518 4445/6162/3505
f 4445/6162/3505 4456/6174/3519 4457/6175/3520 4446/6163/3506
f 4588/6330/3521 4598/6341/3521 4610/6354/3521 4620/6365/3521 4630/6376/3522 4631/6377/3523 4599/6342/3524 4578/6310/3525 4577/6308/3526
f 4447/6164/3510 4458/6176/3527 4459/6177/3528 4448/6165/3511
f 4448/6165/3511 4459/6177/3528 4460/6178/3529 4449/6166/3512
f 4449/6167/3512 4460/6179/3529 4461/6180/3530 4450/6168/3513
f 4450/6168/3513 4461/6180/3530 4462/6181/3531 4451/6169/3514
f 4429/6145/3483 4440/6157/3501 4441/6158/3532 4418/6133/3533 4396/6109/3534 4395/6108/3446 4407/6121/3457 4417/6132/3472
f 4453/6171/3515 4463/6182/3535 4464/6183/3536 4454/6172/3516
f 4454/6172/3516 4464/6183/3536 4455/6173/3517 4444/6161/3504
f 4455/6173/3517 4465/6184/3537 4466/6185/3538 4456/6174/3518
f 4456/6174/3519 4466/6185/3539 4467/6186/3539 4457/6175/3520
f 4458/6176/3527 4469/6188/3540 4470/6189/3541 4459/6177/3528
f 4459/6177/3528 4470/6189/3542 4471/6190/3543 4460/6178/3529
f 4460/6179/3529 4471/6191/3543 4472/6192/3544 4461/6180/3530
f 4461/6180/3530 4472/6192/3545 4473/6193/3546 4462/6181/3531
f 4463/6182/3535 4475/6195/3547 4476/6196/3547 4464/6183/3536
f 4464/6183/3536 4476/6196/3548 4465/6184/3537 4455/6173/3517
f 4465/6184/3537 4477/6197/3549 4478/6198/3550 4466/6185/3538
f 4466/6185/3539 4478/6198/3550 4479/6199/3551 4467/6186/3539
f 4369/6079/3552 4402/6115/3341 4403/6116/3452 4391/6103/3441 4381/6092/3431 4370/6080/3415 4359/6068/3401 4358/6067/3342
f 4469/6188/3540 4480/6200/3553 4481/6201/3554 4470/6189/3541
f 4470/6189/3542 4481/6201/3554 4482/6202/3555 4471/6190/3543
f 4471/6191/3543 4482/6203/3555 4483/6204/3556 4472/6192/3544
f 4472/6192/3545 4483/6204/3556 4484/6205/3557 4473/6193/3546
f 4789/6550/3487 4812/6575/3486 4823/6587/3558 4824/6588/3559 4813/6576/3560 4801/6563/3561 4790/6551/3562 4779/6539/3560 4769/6528/3409 4768/6527/3408
f 4475/6195/3547 4485/6206/3563 4486/6207/3564 4476/6196/3547
f 4476/6196/3548 4486/6207/3564 4477/6197/3549 4465/6184/3537
f 4477/6197/3549 4487/6208/3565 4488/6209/3566 4478/6198/3550
f 4478/6198/3550 4488/6209/3566 4489/6210/3567 4479/6199/3551
f 4480/6200/3553 4491/6212/3568 4492/6213/3569 4481/6201/3554
f 4481/6201/3554 4492/6213/3569 4493/6214/3570 4482/6202/3555
f 4482/6203/3555 4493/6215/3570 4494/6216/3571 4483/6204/3556
f 4483/6204/3556 4494/6216/3571 4495/6217/3572 4484/6205/3557
f 4485/6206/3563 4497/6219/3573 4498/6220/3574 4486/6207/3564
f 4486/6207/3564 4498/6220/3574 4487/6208/3565 4477/6197/3549
f 4487/6208/3565 4499/6221/3575 4500/6222/3576 4488/6209/3566
f 4488/6209/3566 4500/6222/3576 4501/6223/3577 4489/6210/3567
f 4491/6212/3568 4502/6224/3578 4503/6225/3579 4492/6213/3569
f 4492/6213/3569 4503/6225/3579 4504/6226/3580 4493/6214/3570
f 4493/6215/3570 4504/6227/3580 4505/6228/3581 4494/6216/3571
f 4494/6216/3571 4505/6228/3582 4506/6229/3583 4495/6217/3572
f 4352/6061/3584 4375/6086/3585 4376/6087/3586 4364/6074/3587 4353/6062/3587 4342/6050/3588 4341/6049/3589
f 4497/6219/3573 4508/6231/3590 4509/6232/3591 4498/6220/3574
f 4498/6220/3574 4509/6232/3591 4499/6221/3575 4487/6208/3565
f 4499/6221/3575 4510/6233/3592 4511/6234/3593 4500/6222/3576
f 4500/6222/3576 4511/6234/3594 4512/6235/3595 4501/6223/3577
f 4502/6224/3578 4514/6237/3368 4515/6238/3596 4503/6225/3579
f 4503/6225/3579 4515/6238/3597 4516/6239/3598 4504/6226/3580
f 4504/6227/3580 4516/6240/3598 4517/6241/3599 4505/6228/3581
f 4505/6228/3582 4517/6241/3599 4518/6242/3600 4506/6229/3583
f 4508/6231/3590 4519/6243/3601 4520/6244/3602 4509/6232/3591
f 4509/6232/3591 4520/6244/3602 4510/6233/3592 4499/6221/3575
f 4510/6233/3592 4521/6245/3603 4522/6246/3604 4511/6234/3593
f 4511/6234/3594 4522/6246/3605 4523/6247/3605 4512/6235/3595
f 4631/6377/3523 4653/6401/3606 4654/6402/3607 4643/6390/3608 4632/6378/3609 4621/6366/3610 4611/6355/3611 4600/6343/3612 4599/6342/3524
f 4514/6237/3368 4524/6248/3367 4525/6249/3613 4515/6238/3596
f 4515/6238/3597 4525/6249/3613 4526/6250/3614 4516/6239/3598
f 4516/6240/3598 4526/6251/3614 4527/6252/3615 4517/6241/3599
f 4517/6241/3599 4527/6252/3615 4528/6253/3616 4518/6242/3600
f 4484/6205/3557 4495/6217/3572 4506/6229/3583 4507/6230/3617 4496/6218/3618 4474/6194/3619 4473/6193/3546
f 4519/6243/3601 4530/6255/3620 4531/6256/3621 4520/6244/3602
f 4520/6244/3602 4531/6256/3621 4521/6245/3603 4510/6233/3592
f 4521/6245/3603 4532/6257/3622 4533/6258/3623 4522/6246/3604
f 4522/6246/3605 4533/6258/3623 4534/6259/3624 4523/6247/3605
f 4524/6248/3367 4535/6260/3366 4536/6261/3625 4525/6249/3613
f 4525/6249/3613 4536/6261/3625 4537/6262/3626 4526/6250/3614
f 4526/6251/3614 4537/6263/3626 4538/6264/3627 4527/6252/3615
f 4527/6252/3615 4538/6264/3627 4539/6265/3628 4528/6253/3616
f 4530/6255/3620 4540/6266/3629 4541/6267/3630 4531/6256/3621
f 4531/6256/3621 4541/6267/3630 4532/6257/3622 4521/6245/3603
f 4532/6257/3622 4542/6268/3631 4543/6269/3632 4533/6258/3623
f 4533/6258/3623 4543/6269/3632 4544/6270/3633 4534/6259/3624
f 4834/6599/3634 4318/6024/3355 4319/6025/3635 4823/6587/3558 4812/6575/3486 4811/6574/3485 4822/6586/3636
f 4535/6260/3366 4546/6272/3365 4547/6273/3637 4536/6261/3625
f 4536/6261/3625 4547/6273/3638 4548/6274/3639 4537/6262/3626
f 4537/6263/3626 4548/6275/3639 4549/6276/3640 4538/6264/3627
f 4538/6264/3627 4549/6276/3641 4550/6277/3642 4539/6265/3628
f 4540/6266/3629 4552/6279/3643 4553/6280/3644 4541/6267/3630
f 4541/6267/3630 4553/6280/3644 4542/6268/3631 4532/6257/3622
f 4542/6268/3631 4554/6281/3645 4555/6282/3646 4543/6269/3632
f 4543/6269/3632 4555/6282/3646 4556/6283/3647 4544/6270/3633
f 4546/6272/3365 4557/6284/3648 4558/6285/3649 4547/6273/3637
f 4547/6273/3638 4558/6285/3649 4559/6286/3650 4548/6274/3639
f 4548/6275/3639 4559/6287/3650 4560/6288/3651 4549/6276/3640
f 4549/6276/3641 4560/6288/3651 4561/6289/3652 4550/6277/3642
f 4773/6532/3653 4783/6543/3653 4794/6555/3466 4795/6556/3465 4762/6520/3654 4761/6519/3655
f 4552/6279/3643 4563/6291/3656 4564/6292/3657 4553/6280/3644
f 4553/6280/3644 4564/6292/3657 4554/6281/3645 4542/6268/3631
f 4554/6281/3645 4565/6293/3658 4566/6294/3659 4555/6282/3646
f 4555/6282/3646 4566/6294/3659 4567/6295/3660 4556/6283/3647
f 4435/6151/3661 4468/6187/3662 4469/6188/3540 4458/6176/3527 4447/6164/3510 4436/6152/3496 4425/6140/3478 4424/6139/3663
f 4557/6284/3648 4568/6296/3664 4569/6297/3665 4558/6285/3649
f 4558/6285/3649 4569/6297/3665 4570/6298/3666 4559/6286/3650
f 4559/6287/3650 4570/6299/3666 4571/6300/3667 4560/6288/3651
f 4560/6288/3651 4571/6300/3667 4572/6301/3668 4561/6289/3652
f 4563/6291/3656 4573/6302/3669 4574/6303/3670 4564/6292/3657
f 4564/6292/3657 4574/6303/3670 4565/6293/3658 4554/6281/3645
f 4565/6293/3658 4575/6304/3350 4576/6306/3671 4566/6294/3659
f 4566/6294/3659 4576/6306/3671 4577/6309/3672 4567/6295/3660
f 4462/6181/3531 4473/6193/3546 4474/6194/3619 4452/6170/3673 4441/6158/3532 4440/6157/3501 4451/6169/3514
f 4568/6296/3664 4579/6313/3674 4580/6314/3675 4569/6297/3665
f 4569/6297/3665 4580/6314/3675 4581/6316/3332 4570/6298/3666
f 4570/6299/3666 4581/6317/3332 4582/6320/3676 4571/6300/3667
f 4571/6300/3667 4582/6320/3676 4583/6322/3677 4572/6301/3668
f 4423/6138/3678 4434/6150/3679 4435/6151/3680 4424/6139/3663 4402/6115/3341 4401/6114/3340 4412/6126/3678
f 4573/6302/3669 4584/6324/3681 4585/6326/3681 4574/6303/3670
f 4574/6303/3670 4585/6326/3352 4575/6304/3350 4565/6293/3658
f 4575/6305/3350 4586/6328/3349 4587/6329/3682 4576/6307/3671
f 4576/6307/3671 4587/6329/3682 4588/6330/3683 4577/6308/3672
f 4418/6133/3533 4419/6134/3684 4408/6122/3685 4397/6110/3685 4386/6098/3685 4376/6087/3586 4375/6086/3585 4396/6109/3534
f 4579/6312/3674 4589/6331/3686 4590/6332/3687 4580/6315/3675
f 4580/6315/3675 4590/6332/3687 4591/6333/3333 4581/6318/3332
f 4581/6319/3332 4591/6334/3333 4592/6335/3688 4582/6321/3676
f 4582/6321/3676 4592/6335/3688 4593/6336/3689 4583/6323/3677
f 4363/6073/3406 4374/6085/3419 4385/6097/3435 4395/6108/3446 4396/6109/3534 4375/6086/3585 4352/6061/3584 4351/6060/3390
f 4584/6325/3681 4594/6337/3690 4595/6338/3691 4585/6327/3681
f 4585/6327/3352 4595/6338/3691 4586/6328/3349 4575/6305/3350
f 4586/6328/3349 4596/6339/3372 4597/6340/3692 4587/6329/3682
f 4587/6329/3682 4597/6340/3693 4598/6341/3693 4588/6330/3683
f 4589/6331/3686 4600/6343/3612 4601/6344/3694 4590/6332/3687
f 4590/6332/3687 4601/6344/3361 4602/6345/3360 4591/6333/3333
f 4591/6334/3333 4602/6346/3360 4603/6347/3695 4592/6335/3688
f 4592/6335/3688 4603/6347/3696 4604/6348/3697 4593/6336/3689
f 4594/6337/3690 4606/6350/3698 4607/6351/3699 4595/6338/3691
f 4595/6338/3691 4607/6351/3699 4596/6339/3372 4586/6328/3349
f 4596/6339/3372 4608/6352/3387 4609/6353/3700 4597/6340/3692
f 4597/6340/3693 4609/6353/3701 4610/6354/3702 4598/6341/3693
f 4625/6371/3703 4636/6383/3704 4637/6384/3507 4605/6349/3705 4604/6348/3697 4615/6360/3706
f 4600/6343/3612 4611/6355/3611 4612/6356/3707 4601/6344/3694
f 4601/6344/3361 4612/6356/3707 4613/6357/3382 4602/6345/3360
f 4602/6346/3360 4613/6358/3382 4614/6359/3708 4603/6347/3695
f 4603/6347/3696 4614/6359/3708 4615/6360/3706 4604/6348/3697
f 4441/6158/3532 4452/6170/3673 4453/6171/3709 4442/6159/3710 4430/6146/3710 4419/6134/3684 4418/6133/3533
f 4606/6350/3698 4616/6361/3711 4617/6362/3712 4607/6351/3699
f 4607/6351/3699 4617/6362/3712 4608/6352/3387 4596/6339/3372
f 4608/6352/3387 4618/6363/3404 4619/6364/3713 4609/6353/3700
f 4609/6353/3701 4619/6364/3713 4620/6365/3714 4610/6354/3702
f 4578/6310/3715 4599/6342/3524 4600/6343/3612 4589/6331/3686 4579/6313/3674 4568/6296/3664 4557/6284/3648 4546/6272/3365 4545/6271/3364
f 4474/6194/3619 4496/6218/3618 4497/6219/3716 4485/6206/3717 4475/6195/3717 4463/6182/3717 4453/6171/3709 4452/6170/3673
f 4611/6355/3611 4621/6366/3610 4622/6367/3718 4612/6356/3707
f 4612/6356/3707 4622/6367/3718 4623/6368/3398 4613/6357/3382
f 4613/6358/3382 4623/6369/3398 4624/6370/3719 4614/6359/3708
f 4614/6359/3708 4624/6370/3719 4625/6371/3703 4615/6360/3706
f 4539/6265/3628 4550/6277/3642 4551/6278/3720 4529/6254/3721 4507/6230/3617 4506/6229/3583 4518/6242/3600 4528/6253/3616
f 4616/6361/3711 4626/6372/3722 4627/6373/3723 4617/6362/3712
f 4617/6362/3712 4627/6373/3723 4618/6363/3404 4608/6352/3387
f 4618/6363/3404 4628/6374/3417 4629/6375/3724 4619/6364/3713
f 4619/6364/3713 4629/6375/3724 4630/6376/3725 4620/6365/3714
f 4621/6366/3610 4632/6378/3609 4633/6379/3726 4622/6367/3718
f 4622/6367/3718 4633/6379/3726 4634/6380/3727 4623/6368/3398
f 4623/6369/3398 4634/6381/3727 4635/6382/3728 4624/6370/3719
f 4624/6370/3719 4635/6382/3729 4636/6383/3704 4625/6371/3703
f 4626/6372/3722 4638/6385/3730 4639/6386/3731 4627/6373/3723
f 4627/6373/3723 4639/6386/3731 4628/6374/3417 4618/6363/3404
f 4628/6374/3417 4640/6387/3433 4641/6388/3732 4629/6375/3724
f 4629/6375/3724 4641/6388/3732 4642/6389/3733 4630/6376/3725
f 4762/6520/3734 4763/6521/3735 4751/6508/3736 4741/6497/3737 4731/6486/3738 4730/6485/3739
f 4632/6378/3609 4643/6390/3608 4644/6391/3740 4633/6379/3726
f 4633/6379/3726 4644/6391/3740 4645/6392/3428 4634/6380/3727
f 4634/6381/3727 4645/6393/3428 4646/6394/3741 4635/6382/3728
f 4635/6382/3729 4646/6394/3741 4647/6395/3742 4636/6383/3704
f 4457/6175/3743 4467/6186/3743 4479/6199/3743 4489/6210/3744 4490/6211/3745 4468/6187/3662 4435/6151/3680 4434/6150/3679 4446/6163/3743
f 4638/6385/3730 4648/6396/3746 4649/6397/3747 4639/6386/3731
f 4639/6386/3731 4649/6397/3747 4640/6387/3433 4628/6374/3417
f 4640/6387/3433 4650/6398/3443 4651/6399/3748 4641/6388/3732
f 4641/6388/3732 4651/6399/3749 4652/6400/3750 4642/6389/3733
f 4643/6390/3608 4654/6402/3607 4655/6403/3751 4644/6391/3740
f 4644/6391/3740 4655/6403/3752 4656/6404/3438 4645/6392/3428
f 4645/6393/3428 4656/6405/3438 4657/6406/3753 4646/6394/3741
f 4646/6394/3741 4657/6406/3753 4658/6407/3754 4647/6395/3742
f 4648/6396/3746 4659/6408/3755 4660/6409/3755 4649/6397/3747
f 4649/6397/3747 4660/6409/3444 4650/6398/3443 4640/6387/3433
f 4650/6398/3443 4661/6410/3455 4662/6411/3454 4651/6399/3748
f 4651/6399/3749 4662/6411/3756 4663/6412/3757 4652/6400/3750
f 4654/6402/3607 4664/6413/3758 4665/6414/3759 4655/6403/3751
f 4655/6403/3752 4665/6414/3759 4666/6415/3449 4656/6404/3438
f 4656/6405/3438 4666/6416/3449 4667/6417/3760 4657/6406/3753
f 4657/6406/3753 4667/6417/3761 4668/6418/3762 4658/6407/3754
f 4340/6048/3374 4351/6060/3390 4352/6061/3584 4341/6049/3589 4319/6025/3635 4318/6024/3355 4329/6036/3354
f 4490/6211/3745 4513/6236/3369 4514/6237/3368 4502/6224/3578 4491/6212/3568 4480/6200/3553 4469/6188/3540 4468/6187/3662
f 4659/6408/3755 4670/6420/3763 4671/6421/3764 4660/6409/3755
f 4660/6409/3444 4671/6421/3764 4661/6410/3455 4650/6398/3443
f 4661/6410/3455 4672/6422/3470 4673/6423/3765 4662/6411/3454
f 4662/6411/3756 4673/6423/3765 4674/6424/3766 4663/6412/3757
f 4402/6115/3341 4424/6139/3663 4425/6140/3478 4413/6127/3467 4403/6116/3452
f 4664/6413/3758 4675/6425/3767 4676/6426/3768 4665/6414/3759
f 4665/6414/3759 4676/6426/3768 4677/6427/3460 4666/6415/3449
f 4666/6416/3449 4677/6428/3460 4678/6429/3769 4667/6417/3760
f 4667/6417/3761 4678/6429/3769 4679/6430/3770 4668/6418/3762
f 4740/6496/3771 4750/6507/3771 4761/6519/3655 4762/6520/3654 4730/6485/3772 4729/6484/3772
f 4670/6420/3763 4681/6432/3773 4682/6433/3774 4671/6421/3764
f 4671/6421/3764 4682/6433/3774 4672/6422/3470 4661/6410/3455
f 4672/6422/3470 4683/6434/3481 4684/6435/3775 4673/6423/3765
f 4673/6423/3765 4684/6435/3775 4685/6436/3776 4674/6424/3766
f 4675/6425/3767 4687/6438/3777 4688/6439/3778 4676/6426/3768
f 4676/6426/3768 4688/6439/3778 4689/6440/3475 4677/6427/3460
f 4677/6428/3460 4689/6441/3475 4690/6442/3779 4678/6429/3769
f 4678/6429/3769 4690/6442/3779 4691/6443/3780 4679/6430/3770
f 4681/6432/3773 4693/6445/3781 4694/6446/3782 4682/6433/3774
f 4682/6433/3774 4694/6446/3782 4683/6434/3481 4672/6422/3470
f 4683/6434/3481 4695/6447/3498 4696/6448/3783 4684/6435/3775
f 4684/6435/3775 4696/6448/3783 4697/6449/3784 4685/6436/3776
f 4718/6472/3785 4729/6484/3772 4730/6485/3772 4698/6450/3786 4686/6437/3787 4685/6436/3788 4697/6449/3785 4708/6461/3785
f 4687/6438/3777 4699/6451/3789 4700/6452/3790 4688/6439/3778
f 4688/6439/3778 4700/6452/3791 4701/6453/3493 4689/6440/3475
f 4689/6441/3475 4701/6454/3493 4702/6455/3792 4690/6442/3779
f 4690/6442/3779 4702/6455/3792 4703/6456/3793 4691/6443/3780
f 4653/6401/3606 4686/6437/3787 4698/6450/3786 4699/6451/3789 4687/6438/3777 4675/6425/3767 4664/6413/3758 4654/6402/3607
f 4693/6445/3781 4704/6457/3794 4705/6458/3794 4694/6446/3782
f 4694/6446/3782 4705/6458/3499 4695/6447/3498 4683/6434/3481
f 4695/6447/3498 4706/6459/3512 4707/6460/3795 4696/6448/3783
f 4696/6448/3783 4707/6460/3796 4708/6461/3796 4697/6449/3784
f 4699/6451/3789 4709/6462/3797 4710/6463/3798 4700/6452/3790
f 4700/6452/3791 4710/6463/3798 4711/6464/3504 4701/6453/3493
f 4701/6454/3493 4711/6465/3504 4712/6466/3799 4702/6455/3792
f 4702/6455/3792 4712/6466/3799 4713/6467/3800 4703/6456/3793
f 4561/6289/3652 4572/6301/3668 4583/6323/3677 4593/6336/3689 4604/6348/3697 4605/6349/3705 4562/6290/3801 4551/6278/3720 4550/6277/3642
f 4704/6457/3794 4714/6468/3802 4715/6469/3803 4705/6458/3794
f 4705/6458/3499 4715/6469/3803 4706/6459/3512 4695/6447/3498
f 4706/6459/3512 4716/6470/3529 4717/6471/3804 4707/6460/3795
f 4707/6460/3796 4717/6471/3804 4718/6472/3805 4708/6461/3796
f 4709/6462/3797 4719/6473/3806 4720/6474/3807 4710/6463/3798
f 4710/6463/3798 4720/6474/3807 4721/6475/3517 4711/6464/3504
f 4711/6465/3504 4721/6476/3517 4722/6477/3808 4712/6466/3799
f 4712/6466/3799 4722/6477/3809 4723/6478/3810 4713/6467/3800
f 4714/6468/3802 4725/6480/3811 4726/6481/3812 4715/6469/3803
f 4715/6469/3803 4726/6481/3812 4716/6470/3529 4706/6459/3512
f 4716/6470/3529 4727/6482/3543 4728/6483/3813 4717/6471/3804
f 4717/6471/3804 4728/6483/3813 4729/6484/3814 4718/6472/3805
f 4567/6295/3815 4577/6309/3526 4578/6311/3525 4545/6271/3364 4544/6270/3816 4556/6283/3815
f 4719/6473/3806 4731/6486/3738 4732/6487/3817 4720/6474/3807
f 4720/6474/3807 4732/6487/3538 4733/6488/3537 4721/6475/3517
f 4721/6476/3517 4733/6489/3537 4734/6490/3818 4722/6477/3808
f 4722/6477/3809 4734/6490/3818 4735/6491/3819 4723/6478/3810
f 4725/6480/3811 4736/6492/3820 4737/6493/3821 4726/6481/3812
f 4726/6481/3812 4737/6493/3821 4727/6482/3543 4716/6470/3529
f 4727/6482/3543 4738/6494/3555 4739/6495/3822 4728/6483/3813
f 4728/6483/3813 4739/6495/3822 4740/6496/3823 4729/6484/3814
f 4341/6049/3589 4342/6050/3588 4330/6037/3824 4320/6026/3824 4835/6600/3824 4824/6588/3559 4823/6587/3558 4319/6025/3635
f 4731/6486/3738 4741/6497/3737 4742/6498/3825 4732/6487/3817
f 4732/6487/3538 4742/6498/3825 4743/6499/3549 4733/6488/3537
f 4733/6489/3537 4743/6500/3549 4744/6501/3826 4734/6490/3818
f 4734/6490/3818 4744/6501/3826 4745/6502/3827 4735/6491/3819
f 4736/6492/3820 4746/6503/3828 4747/6504/3828 4737/6493/3821
f 4737/6493/3821 4747/6504/3829 4738/6494/3555 4727/6482/3543
f 4738/6494/3555 4748/6505/3570 4749/6506/3830 4739/6495/3822
f 4739/6495/3822 4749/6506/3830 4750/6507/3831 4740/6496/3823
f 4741/6497/3737 4751/6508/3736 4752/6509/3832 4742/6498/3825
f 4742/6498/3825 4752/6509/3832 4753/6510/3565 4743/6499/3549
f 4743/6500/3549 4753/6511/3565 4754/6512/3833 4744/6501/3826
f 4744/6501/3826 4754/6512/3833 4755/6513/3834 4745/6502/3827
f 4358/6067/3342 4359/6068/3401 4347/6055/3385 4336/6043/3835 4325/6031/3345 4314/6019/3344 4313/6018/3421 4335/6042/3836
f 4746/6503/3828 4757/6515/3837 4758/6516/3838 4747/6504/3828
f 4747/6504/3829 4758/6516/3838 4748/6505/3570 4738/6494/3555
f 4748/6505/3570 4759/6517/3580 4760/6518/3839 4749/6506/3830
f 4749/6506/3830 4760/6518/3839 4761/6519/3840 4750/6507/3831
f 4698/6450/3786 4730/6485/3739 4731/6486/3738 4719/6473/3806 4709/6462/3797 4699/6451/3789
f 4647/6395/3742 4658/6407/3754 4668/6418/3762 4669/6419/3841 4637/6384/3507 4636/6383/3704
f 4751/6508/3736 4763/6521/3735 4764/6522/3842 4752/6509/3832
f 4752/6509/3832 4764/6522/3843 4765/6523/3575 4753/6510/3565
f 4753/6511/3565 4765/6524/3575 4766/6525/3844 4754/6512/3833
f 4754/6512/3833 4766/6525/3845 4767/6526/3488 4755/6513/3834
f 4757/6515/3837 4769/6528/3846 4770/6529/3847 4758/6516/3838
f 4758/6516/3838 4770/6529/3847 4759/6517/3580 4748/6505/3570
f 4759/6517/3580 4771/6530/3598 4772/6531/3848 4760/6518/3839
f 4760/6518/3839 4772/6531/3848 4773/6532/3849 4761/6519/3840
f 4652/6400/3850 4663/6412/3850 4674/6424/3850 4685/6436/3788 4686/6437/3787 4653/6401/3606 4631/6377/3523 4630/6376/3522 4642/6389/3850
f 4763/6521/3735 4774/6533/3851 4775/6534/3852 4764/6522/3842
f 4764/6522/3843 4775/6534/3852 4776/6535/3592 4765/6523/3575
f 4765/6524/3575 4776/6536/3592 4777/6537/3853 4766/6525/3844
f 4766/6525/3845 4777/6537/3853 4778/6538/3489 4767/6526/3488
f 4795/6556/3854 4806/6568/3425 4807/6569/3424 4796/6557/3855 4784/6544/3856 4774/6533/3851 4763/6521/3735 4762/6520/3734
f 4769/6528/3846 4779/6539/3857 4780/6540/3858 4770/6529/3847
f 4770/6529/3847 4780/6540/3858 4771/6530/3598 4759/6517/3580
f 4771/6530/3598 4781/6541/3614 4782/6542/3859 4772/6531/3848
f 4772/6531/3848 4782/6542/3859 4783/6543/3860 4773/6532/3849
f 4774/6533/3851 4784/6544/3856 4785/6545/3861 4775/6534/3852
f 4775/6534/3852 4785/6545/3861 4786/6546/3603 4776/6535/3592
f 4776/6536/3592 4786/6547/3603 4787/6548/3862 4777/6537/3853
f 4777/6537/3853 4787/6548/3862 4788/6549/3863 4778/6538/3489
f 4779/6539/3857 4790/6551/3562 4791/6552/3864 4780/6540/3858
f 4780/6540/3858 4791/6552/3865 4781/6541/3614 4771/6530/3598
f 4781/6541/3614 4792/6553/3626 4793/6554/3866 4782/6542/3859
f 4782/6542/3859 4793/6554/3866 4794/6555/3867 4783/6543/3860
f 4507/6230/3617 4529/6254/3721 4530/6255/3868 4519/6243/3869 4508/6231/3869 4497/6219/3716 4496/6218/3618
f 4784/6544/3856 4796/6557/3855 4797/6558/3870 4785/6545/3861
f 4785/6545/3861 4797/6558/3870 4798/6559/3622 4786/6546/3603
f 4786/6547/3603 4798/6560/3622 4799/6561/3871 4787/6548/3862
f 4787/6548/3862 4799/6561/3871 4800/6562/3484 4788/6549/3863
f 4551/6278/3720 4562/6290/3391 4563/6291/3395 4552/6279/3872 4540/6266/3872 4530/6255/3868 4529/6254/3721
f 4790/6551/3562 4801/6563/3561 4802/6564/3873 4791/6552/3864
f 4791/6552/3865 4802/6564/3874 4792/6553/3626 4781/6541/3614
f 4792/6553/3626 4803/6565/3639 4804/6566/3875 4793/6554/3866
f 4793/6554/3866 4804/6566/3875 4805/6567/3876 4794/6555/3867
f 4679/6430/3770 4691/6443/3780 4703/6456/3793 4713/6467/3800 4723/6478/3810 4724/6479/3877 4692/6444/3878 4680/6431/3379 4669/6419/3841 4668/6418/3762
f 4796/6557/3855 4807/6569/3424 4808/6570/3879 4797/6558/3870
f 4797/6558/3870 4808/6570/3880 4809/6571/3631 4798/6559/3622
f 4798/6560/3622 4809/6572/3631 4810/6573/3881 4799/6561/3871
f 4799/6561/3871 4810/6573/3882 4811/6574/3485 4800/6562/3484
f 4735/6491/3819 4745/6502/3827 4755/6513/3834 4767/6526/3488 4768/6527/3408 4756/6514/3883 4724/6479/3877 4723/6478/3810
f 4801/6563/3561 4813/6576/3884 4814/6577/3885 4802/6564/3873
f 4802/6564/3874 4814/6577/3885 4803/6565/3639 4792/6553/3626
f 4803/6565/3639 4815/6578/3650 4816/6579/3886 4804/6566/3875
f 4804/6566/3875 4816/6579/3886 4817/6580/3887 4805/6567/3876
f 4807/6569/3424 4818/6581/3423 4819/6582/3888 4808/6570/3879
f 4808/6570/3880 4819/6582/3888 4820/6583/3645 4809/6571/3631
f 4809/6572/3631 4820/6584/3645 4821/6585/3889 4810/6573/3881
f 4810/6573/3882 4821/6585/3889 4822/6586/3636 4811/6574/3485
f 4813/6576/3884 4824/6588/3890 4825/6589/3891 4814/6577/3885
f 4814/6577/3885 4825/6589/3891 4815/6578/3650 4803/6565/3639
f 4815/6578/3650 4826/6590/3666 4827/6591/3892 4816/6579/3886
f 4816/6579/3886 4827/6591/3892 4828/6592/3893 4817/6580/3887
f 4828/6592/3464 4312/6017/3894 4324/6030/3894 4334/6041/3894 4346/6054/3894 4357/6066/3343 4358/6067/3342 4335/6042/3836 4313/6018/3421 4829/6593/3420
f 4818/6581/3423 4830/6594/3422 4831/6595/3895 4819/6582/3888
f 4819/6582/3888 4831/6595/3895 4832/6596/3658 4820/6583/3645
f 4820/6584/3645 4832/6597/3658 4833/6598/3896 4821/6585/3889
f 4821/6585/3889 4833/6598/3896 4834/6599/3634 4822/6586/3636
f 4501/6223/3897 4512/6235/3897 4523/6247/3897 4534/6259/3897 4544/6270/3816 4545/6271/3364 4513/6236/3369 4490/6211/3745 4489/6210/3744
f 4669/6419/3841 4680/6431/3379 4681/6432/3378 4670/6420/3898 4659/6408/3898 4648/6396/3898 4638/6385/3508 4637/6384/3507
f 4824/6588/3890 4835/6600/3899 4836/6601/3900 4825/6589/3891
f 4825/6589/3891 4836/6601/3900 4826/6590/3666 4815/6578/3650
f 4826/6590/3666 4310/6015/3332 4311/6016/3335 4827/6591/3892
f 4827/6591/3892 4311/6016/3335 4312/6017/3338 4828/6592/3893
f 4830/6594/3422 4314/6019/3344 4315/6020/3347 4831/6595/3895
f 4831/6595/3895 4315/6020/3348 4316/6021/3350 4832/6596/3658
f 4832/6597/3658 4316/6022/3350 4317/6023/3352 4833/6598/3896
f 4833/6598/3896 4317/6023/3353 4318/6024/3355 4834/6599/3634
f 4835/6600/3899 4320/6026/3356 4321/6027/3356 4836/6601/3900
f 4836/6601/3900 4321/6027/3359 4310/6015/3332 4826/6590/3666
o Torus.003
v 0.027407 2.050555 -1.049726
v 0.026277 2.054660 -1.050683
v 0.023192 2.057664 -1.051384
v 0.019033 2.058484 -1.051581
v 0.014824 2.057455 -1.051342
v 0.011677 2.054660 -1.050683
v 0.010548 2.050555 -1.049726
v 0.011677 2.046450 -1.048769
v 0.014803 2.043586 -1.048100
v 0.018983 2.042645 -1.047881
v 0.023164 2.043561 -1.048095
v 0.026277 2.046450 -1.048769
v 0.026397 2.047056 -1.064727
v 0.025277 2.051194 -1.065541
v 0.022181 2.054138 -1.065806
v 0.013844 2.054598 -1.064787
v 0.010802 2.051627 -1.063685
v 0.009682 2.047556 -1.062584
v 0.010802 2.043418 -1.061770
v 0.013843 2.040260 -1.061444
v 0.022208 2.040115 -1.062543
v 0.025277 2.042985 -1.063626
v 0.023385 2.043617 -1.079471
v 0.022294 2.047788 -1.080144
v 0.019277 2.050822 -1.080024
v 0.015096 2.052314 -1.079224
v 0.011131 2.051609 -1.077964
v 0.008192 2.048646 -1.076464
v 0.007101 2.044608 -1.075222
v 0.008192 2.040437 -1.074549
v 0.011154 2.037190 -1.074608
v 0.015262 2.035630 -1.075370
v 0.019362 2.036557 -1.076713
v 0.022294 2.039579 -1.078230
v 0.018423 2.040297 -1.093707
v 0.017380 2.044500 -1.094243
v 0.014529 2.047773 -1.093794
v 0.006725 2.048563 -1.090662
v 0.003891 2.045769 -1.088802
v 0.002848 2.041762 -1.087424
v 0.003891 2.037560 -1.086888
v 0.006796 2.034487 -1.087414
v 0.010677 2.033126 -1.088747
v 0.014517 2.033611 -1.090485
v 0.017380 2.036290 -1.092329
v 0.011596 2.037152 -1.107190
v 0.010618 2.041385 -1.107597
v 0.008015 2.045060 -1.106900
v 0.004406 2.046326 -1.105055
v 0.000725 2.045393 -1.102671
v -0.002026 2.043043 -1.100488
v -0.003004 2.039067 -1.098981
v -0.002026 2.034834 -1.098573
v 0.000632 2.031425 -1.099352
v 0.007933 2.030578 -1.103486
v 0.010618 2.033176 -1.105683
v 0.003020 2.034237 -1.119690
v 0.002124 2.038497 -1.119977
v -0.000330 2.041891 -1.118834
v -0.003749 2.043694 -1.116543
v -0.007027 2.043159 -1.113851
v -0.009460 2.040516 -1.111322
v -0.010355 2.036568 -1.109695
v -0.009460 2.032307 -1.109407
v -0.007045 2.028745 -1.110479
v -0.003678 2.026832 -1.112691
v -0.000289 2.027506 -1.115519
v 0.002124 2.030288 -1.118063
v -0.007159 2.031601 -1.130992
v -0.007957 2.035887 -1.131172
v -0.010155 2.039286 -1.129708
v -0.016137 2.040900 -1.123942
v -0.018281 2.038232 -1.121118
v -0.019080 2.034308 -1.119383
v -0.018281 2.030022 -1.119203
v -0.016113 2.026468 -1.120604
v -0.010145 2.025213 -1.126434
v -0.007957 2.027677 -1.129257
v -0.018765 2.029289 -1.140905
v -0.019452 2.033597 -1.140989
v -0.021336 2.037120 -1.139291
v -0.026477 2.038741 -1.132793
v -0.028340 2.036228 -1.129709
v -0.029028 2.032327 -1.127879
v -0.028340 2.028019 -1.127794
v -0.026412 2.024719 -1.129605
v -0.023862 2.023053 -1.132629
v -0.021348 2.023059 -1.135995
v -0.019452 2.025388 -1.139075
v -0.031600 2.027341 -1.149257
v -0.032164 2.031667 -1.149261
v -0.033683 2.035459 -1.147438
v -0.035777 2.037211 -1.144109
v -0.037880 2.036743 -1.140254
v -0.039465 2.034539 -1.136948
v -0.040029 2.030657 -1.135038
v -0.039465 2.026330 -1.135033
v -0.037929 2.022666 -1.136906
v -0.033714 2.021106 -1.144046
v -0.032164 2.023458 -1.147347
v -0.045445 2.025790 -1.155906
v -0.045877 2.030132 -1.155847
v -0.047062 2.033731 -1.153746
v -0.050289 2.035599 -1.146185
v -0.051464 2.033195 -1.142711
v -0.051896 2.029328 -1.140737
v -0.051464 2.024986 -1.140796
v -0.050299 2.021206 -1.142801
v -0.048670 2.018991 -1.146312
v -0.047035 2.019358 -1.150451
v -0.045877 2.021922 -1.153932
v -0.060062 2.024663 -1.160738
v -0.060355 2.029015 -1.160633
v -0.061158 2.032645 -1.158405
v -0.062251 2.034508 -1.154700
v -0.063331 2.034349 -1.150520
v -0.064133 2.032218 -1.146899
v -0.064426 2.028362 -1.144879
v -0.064133 2.024009 -1.144984
v -0.063341 2.020275 -1.147157
v -0.061156 2.018537 -1.155114
v -0.060355 2.020806 -1.158718
v -0.075202 2.023979 -1.163671
v -0.075350 2.028338 -1.163538
v -0.075755 2.032282 -1.161376
v -0.076305 2.034467 -1.157535
v -0.076853 2.034001 -1.153114
v -0.077256 2.031626 -1.149441
v -0.077403 2.027775 -1.147393
v -0.077256 2.023417 -1.147526
v -0.076838 2.019911 -1.149911
v -0.076290 2.017969 -1.153735
v -0.075755 2.017877 -1.157943
v -0.075350 2.020128 -1.161623
v -0.090606 2.023749 -1.164654
v -0.090606 2.028111 -1.164512
v -0.090606 2.031816 -1.162208
v -0.090606 2.033894 -1.153982
v -0.090606 2.031427 -1.150293
v -0.090606 2.027579 -1.148236
v -0.090606 2.023218 -1.148378
v -0.090605 2.019454 -1.150650
v -0.090609 2.017178 -1.154485
v -0.090611 2.017390 -1.158892
v -0.090606 2.019901 -1.162597
v -0.106010 2.023979 -1.163671
v -0.105863 2.028338 -1.163538
v -0.105454 2.031906 -1.161198
v -0.104360 2.034001 -1.153114
v -0.103957 2.031626 -1.149441
v -0.103809 2.027775 -1.147393
v -0.103957 2.023417 -1.147526
v -0.104358 2.019659 -1.149772
v -0.105457 2.017864 -1.157943
v -0.105863 2.020128 -1.161623
v -0.121150 2.024663 -1.160738
v -0.120858 2.029015 -1.160633
v -0.120053 2.032566 -1.158370
v -0.118984 2.034220 -1.154650
v -0.117899 2.034233 -1.150523
v -0.117079 2.032218 -1.146899
v -0.116787 2.028362 -1.144879
v -0.117079 2.024009 -1.144984
v -0.117888 2.020459 -1.147257
v -0.118970 2.018601 -1.150969
v -0.120052 2.018599 -1.155115
v -0.120858 2.020806 -1.158718
v -0.135768 2.025790 -1.155906
v -0.135335 2.030132 -1.155847
v -0.134155 2.033784 -1.153772
v -0.130920 2.035612 -1.146186
v -0.129748 2.033195 -1.142711
v -0.129316 2.029328 -1.140737
v -0.129748 2.024986 -1.140796
v -0.130921 2.021275 -1.142840
v -0.134152 2.019611 -1.150455
v -0.135335 2.021922 -1.153932
v -0.149612 2.027341 -1.149257
v -0.149048 2.031667 -1.149261
v -0.147545 2.035641 -1.147515
v -0.145406 2.037721 -1.144197
v -0.143269 2.037082 -1.140247
v -0.141748 2.034539 -1.136948
v -0.141183 2.030657 -1.135038
v -0.141748 2.026330 -1.135033
v -0.143282 2.022660 -1.136904
v -0.145404 2.020513 -1.140186
v -0.147525 2.020854 -1.144040
v -0.149048 2.023458 -1.147347
v -0.162448 2.029289 -1.140905
v -0.161760 2.033597 -1.140989
v -0.159882 2.037158 -1.139306
v -0.154742 2.038736 -1.132792
v -0.152872 2.036228 -1.129709
v -0.152185 2.032327 -1.127879
v -0.152872 2.028019 -1.127794
v -0.154793 2.024656 -1.129569
v -0.157351 2.022902 -1.132582
v -0.159873 2.022997 -1.135993
v -0.161760 2.025388 -1.139075
v -0.174054 2.031601 -1.130992
v -0.173255 2.035887 -1.131172
v -0.171050 2.039254 -1.129696
v -0.168081 2.040804 -1.127029
v -0.165164 2.040498 -1.123945
v -0.162931 2.038232 -1.121118
v -0.162133 2.034308 -1.119383
v -0.162931 2.030022 -1.119203
v -0.165099 2.026468 -1.120604
v -0.171064 2.025226 -1.126434
v -0.173255 2.027677 -1.129257
v -0.184232 2.034237 -1.119690
v -0.183336 2.038497 -1.119977
v -0.180865 2.041796 -1.118797
v -0.174177 2.043170 -1.113853
v -0.171753 2.040516 -1.111322
v -0.170857 2.036568 -1.109695
v -0.171753 2.032307 -1.109407
v -0.174167 2.028745 -1.110479
v -0.177526 2.026896 -1.112694
v -0.180916 2.027567 -1.115521
v -0.183336 2.030288 -1.118063
v -0.192808 2.037152 -1.107190
v -0.191830 2.041385 -1.107597
v -0.189158 2.044740 -1.106796
v -0.181834 2.045773 -1.102693
v -0.179186 2.043043 -1.100488
v -0.178208 2.039067 -1.098981
v -0.179186 2.034834 -1.098573
v -0.181844 2.031425 -1.099352
v -0.189145 2.030578 -1.103486
v -0.191830 2.033176 -1.105683
v -0.199636 2.040297 -1.093707
v -0.198592 2.044500 -1.094243
v -0.195786 2.048015 -1.093882
v -0.191936 2.049164 -1.092486
v -0.188071 2.048160 -1.090599
v -0.185103 2.045769 -1.088802
v -0.184060 2.041762 -1.087424
v -0.185103 2.037560 -1.086888
v -0.188144 2.034736 -1.087478
v -0.191975 2.033271 -1.088784
v -0.195729 2.033611 -1.090485
v -0.198592 2.036290 -1.092329
v -0.204598 2.043617 -1.079471
v -0.203507 2.047788 -1.080144
v -0.200517 2.050930 -1.080055
v -0.192376 2.051493 -1.077947
v -0.189404 2.048646 -1.076464
v -0.188313 2.044608 -1.075222
v -0.189404 2.040437 -1.074549
v -0.192372 2.037226 -1.074620
v -0.196346 2.035599 -1.075360
v -0.200560 2.036588 -1.076720
v -0.203507 2.039579 -1.078230
v -0.207609 2.047056 -1.064727
v -0.206490 2.051194 -1.065541
v -0.203421 2.054246 -1.065837
v -0.195003 2.054743 -1.064821
v -0.192014 2.051627 -1.063685
v -0.190894 2.047556 -1.062584
v -0.192014 2.043418 -1.061770
v -0.194949 2.040071 -1.061395
v -0.203425 2.040101 -1.062540
v -0.206490 2.042985 -1.063626
v -0.208619 2.050555 -1.049726
v -0.207490 2.054660 -1.050683
v -0.204456 2.057916 -1.051432
v -0.200123 2.059224 -1.051728
v -0.195904 2.057867 -1.051427
v -0.192889 2.054660 -1.050683
v -0.191760 2.050555 -1.049726
v -0.192889 2.046450 -1.048769
v -0.195851 2.043195 -1.048001
v -0.204390 2.043528 -1.048087
v -0.207490 2.046450 -1.048769
v -0.207609 2.054054 -1.034725
v -0.206490 2.058125 -1.035826
v -0.203431 2.061038 -1.036919
v -0.195065 2.060812 -1.037995
v -0.192014 2.057692 -1.037682
v -0.190894 2.053554 -1.036868
v -0.192014 2.049483 -1.035767
v -0.195061 2.046545 -1.034667
v -0.203425 2.046849 -1.033609
v -0.206490 2.049916 -1.033911
v -0.204598 2.057493 -1.019980
v -0.203507 2.061531 -1.021222
v -0.200497 2.064214 -1.022678
v -0.196581 2.064481 -1.023819
v -0.192543 2.063372 -1.024668
v -0.189404 2.060673 -1.024902
v -0.188313 2.056502 -1.024230
v -0.189404 2.052464 -1.022988
v -0.192574 2.050053 -1.021600
v -0.196534 2.048956 -1.020236
v -0.200555 2.049980 -1.019342
v -0.203507 2.053322 -1.019308
v -0.199636 2.060813 -1.005745
v -0.198592 2.064819 -1.007123
v -0.195713 2.067416 -1.008951
v -0.187947 2.066845 -1.012125
v -0.185103 2.063550 -1.012564
v -0.184060 2.059348 -1.012028
v -0.185103 2.055341 -1.010650
v -0.187929 2.052530 -1.008794
v -0.195733 2.053381 -1.005672
v -0.198592 2.056610 -1.005208
v -0.192808 2.063958 -0.992262
v -0.191830 2.067934 -0.993769
v -0.189158 2.070588 -0.995972
v -0.181799 2.069824 -1.000162
v -0.179186 2.066276 -1.000878
v -0.178208 2.062043 -1.000471
v -0.179186 2.058067 -0.998964
v -0.181833 2.055337 -0.996756
v -0.189150 2.056413 -0.992671
v -0.191830 2.059725 -0.991854
v -0.184232 2.066873 -0.979762
v -0.183336 2.070822 -0.981389
v -0.180951 2.073788 -0.983960
v -0.177517 2.074543 -0.986834
v -0.174142 2.072427 -0.989002
v -0.171753 2.068803 -0.990045
v -0.170857 2.064542 -0.989757
v -0.171753 2.060594 -0.988130
v -0.174257 2.058209 -0.985601
v -0.177550 2.057435 -0.982821
v -0.180916 2.059009 -0.980535
v -0.183336 2.062612 -0.979474
v -0.174054 2.069509 -0.968460
v -0.173255 2.073432 -0.970195
v -0.171073 2.075942 -0.973020
v -0.165106 2.074610 -0.978835
v -0.162931 2.071088 -0.980249
v -0.162133 2.066802 -0.980069
v -0.162931 2.062878 -0.978334
v -0.165094 2.060292 -0.975512
v -0.171068 2.061760 -0.969720
v -0.173255 2.065223 -0.968280
v -0.162448 2.071821 -0.958547
v -0.161760 2.075722 -0.960377
v -0.159865 2.078027 -0.963455
v -0.157385 2.077926 -0.966781
v -0.154844 2.076271 -0.969784
v -0.152872 2.073091 -0.971658
v -0.152185 2.068783 -0.971573
v -0.152872 2.064882 -0.969743
v -0.154732 2.062356 -0.966662
v -0.159868 2.064053 -0.960188
v -0.161760 2.067513 -0.958463
v -0.149612 2.073769 -0.950195
v -0.149048 2.077652 -0.952105
v -0.147488 2.079906 -0.955401
v -0.143282 2.078448 -0.962551
v -0.141748 2.074780 -0.964419
v -0.141183 2.070453 -0.964414
v -0.141748 2.066571 -0.962504
v -0.143329 2.064524 -0.959177
v -0.145399 2.064287 -0.955411
v -0.147500 2.065868 -0.952108
v -0.149048 2.069443 -0.950190
v -0.135768 2.075320 -0.943546
v -0.135335 2.079188 -0.945520
v -0.134155 2.081545 -0.948996
v -0.130909 2.079916 -0.956664
v -0.129748 2.076124 -0.958656
v -0.129316 2.071782 -0.958715
v -0.129748 2.067914 -0.956741
v -0.130927 2.065533 -0.953266
v -0.132550 2.065095 -0.949152
v -0.134174 2.067101 -0.945579
v -0.135335 2.070978 -0.943605
v -0.121150 2.076447 -0.938714
v -0.120858 2.080304 -0.940734
v -0.120083 2.082952 -0.944349
v -0.118969 2.083209 -0.948650
v -0.117869 2.080839 -0.952300
v -0.117079 2.077101 -0.954468
v -0.116787 2.072748 -0.954573
v -0.117079 2.068892 -0.952553
v -0.117865 2.066356 -0.948966
v -0.118939 2.066122 -0.944833
v -0.120058 2.068450 -0.941038
v -0.120858 2.072095 -0.938819
v -0.106010 2.077131 -0.935781
v -0.105863 2.080981 -0.937829
v -0.105460 2.083251 -0.941508
v -0.104927 2.083215 -0.945765
v -0.104378 2.081166 -0.949506
v -0.103957 2.077693 -0.951926
v -0.103809 2.073334 -0.952059
v -0.103957 2.069484 -0.950011
v -0.104347 2.066967 -0.946347
v -0.105457 2.069172 -0.938240
v -0.105863 2.072772 -0.935914
v -0.090606 2.077360 -0.934798
v -0.090606 2.081208 -0.936855
v -0.090606 2.083402 -0.940559
v -0.090608 2.081664 -0.948814
v -0.090606 2.077892 -0.951074
v -0.090606 2.073531 -0.951216
v -0.090606 2.069683 -0.949159
v -0.090605 2.067354 -0.945455
v -0.090605 2.069331 -0.937262
v -0.090606 2.072999 -0.934940
v -0.075202 2.077131 -0.935781
v -0.075350 2.080981 -0.937829
v -0.075753 2.083251 -0.941508
v -0.076855 2.081459 -0.949692
v -0.077256 2.077693 -0.951926
v -0.077403 2.073334 -0.952059
v -0.077256 2.069484 -0.950011
v -0.076847 2.067595 -0.946299
v -0.076299 2.067226 -0.941926
v -0.075746 2.068848 -0.938088
v -0.075350 2.072772 -0.935914
v -0.060062 2.076447 -0.938714
v -0.060355 2.080304 -0.940734
v -0.061147 2.082819 -0.944341
v -0.062245 2.082875 -0.948563
v -0.063317 2.080614 -0.952157
v -0.064133 2.077101 -0.954468
v -0.064426 2.072748 -0.954573
v -0.064133 2.068892 -0.952553
v -0.063343 2.066498 -0.948955
v -0.061156 2.068450 -0.941037
v -0.060355 2.072095 -0.938819
v -0.045445 2.075320 -0.943546
v -0.045877 2.079188 -0.945520
v -0.047062 2.081498 -0.948994
v -0.050296 2.079842 -0.956622
v -0.051464 2.076124 -0.958656
v -0.051896 2.071782 -0.958715
v -0.051464 2.067914 -0.956741
v -0.050304 2.065395 -0.953277
v -0.047067 2.067426 -0.945726
v -0.045877 2.070978 -0.943605
v -0.031600 2.073769 -0.950195
v -0.032164 2.077652 -0.952105
v -0.033711 2.080003 -0.955406
v -0.037934 2.078458 -0.962559
v -0.039465 2.074780 -0.964419
v -0.040029 2.070453 -0.964414
v -0.039465 2.066571 -0.962504
v -0.037930 2.064107 -0.959206
v -0.035858 2.063813 -0.955478
v -0.033711 2.065868 -0.952109
v -0.032164 2.069443 -0.950190
v -0.018765 2.071821 -0.958547
v -0.019452 2.075722 -0.960377
v -0.021315 2.078296 -0.963471
v -0.023871 2.078415 -0.966933
v -0.026403 2.076420 -0.969853
v -0.028340 2.073091 -0.971658
v -0.029028 2.068783 -0.971573
v -0.028340 2.064882 -0.969743
v -0.026407 2.062744 -0.966652
v -0.023814 2.062095 -0.963053
v -0.021277 2.063638 -0.960018
v -0.019452 2.067513 -0.958463
v -0.007159 2.069509 -0.968459
v -0.007957 2.073432 -0.970194
v -0.010146 2.075896 -0.973016
v -0.016116 2.074646 -0.978852
v -0.018281 2.071088 -0.980249
v -0.019080 2.066802 -0.980069
v -0.018281 2.062878 -0.978334
v -0.016113 2.060310 -0.975506
v -0.010139 2.061723 -0.969704
v -0.007957 2.065223 -0.968280
v 0.003020 2.066873 -0.979762
v 0.002124 2.070822 -0.981389
v -0.000331 2.073354 -0.983915
v -0.007054 2.072377 -0.988983
v -0.009460 2.068803 -0.990045
v -0.010355 2.064542 -0.989757
v -0.009460 2.060594 -0.988130
v -0.007045 2.057873 -0.985593
v -0.003791 2.057494 -0.982935
v -0.000356 2.059330 -0.980659
v 0.002124 2.062612 -0.979474
v 0.011596 2.063958 -0.992262
v 0.010618 2.067934 -0.993769
v 0.007972 2.070721 -0.995989
v 0.004268 2.071410 -0.998356
v 0.000629 2.069689 -1.000104
v -0.002026 2.066276 -1.000878
v -0.003004 2.062043 -1.000471
v -0.002026 2.058067 -0.998964
v 0.000632 2.055354 -0.996758
v 0.007914 2.056519 -0.992713
v 0.010618 2.059725 -0.991854
v 0.018423 2.060813 -1.005745
v 0.017380 2.064819 -1.007123
v 0.014516 2.067500 -1.008965
v 0.010674 2.068011 -1.010710
v 0.006805 2.066606 -1.012026
v 0.003891 2.063550 -1.012564
v 0.002848 2.059348 -1.012028
v 0.003891 2.055341 -1.010650
v 0.006796 2.052819 -1.008818
v 0.010685 2.052156 -1.007010
v 0.014529 2.053337 -1.005657
v 0.017380 2.056610 -1.005208
v 0.023385 2.057493 -1.019980
v 0.022294 2.061531 -1.021222
v 0.019301 2.064298 -1.022692
v 0.011154 2.063920 -1.024844
v 0.008192 2.060673 -1.024902
v 0.007101 2.056502 -1.024230
v 0.008192 2.052464 -1.022988
v 0.011154 2.049577 -1.021498
v 0.015295 2.048355 -1.020062
v 0.019389 2.049806 -1.019278
v 0.022294 2.053322 -1.019308
v 0.026397 2.054054 -1.034725
v 0.025277 2.058125 -1.035826
v 0.022286 2.061315 -1.036988
v 0.018085 2.062388 -1.037810
v 0.013843 2.060850 -1.038008
v 0.010802 2.057692 -1.037682
v 0.009682 2.053554 -1.036868
v 0.010802 2.049483 -1.035767
v 0.013843 2.046506 -1.034663
v 0.022208 2.046863 -1.033612
v 0.025277 2.049916 -1.033911
vn 1.0000 -0.0000 -0.0000
vn 0.9914 -0.0296 -0.1271
vn 0.9577 0.2234 -0.1816
vn 0.8702 0.4793 -0.1146
vn 0.6837 0.6842 -0.2540
vn 0.6837 0.6842 -0.2539
vn 0.7115 0.6832 -0.1646
vn 0.1523 0.9155 -0.3724
vn 0.1146 0.9083 -0.4024
vn -0.0147 0.9760 -0.2171
vn -0.0162 0.9783 -0.2064
vn 0.1883 0.9285 -0.3200
vn -0.4940 0.8478 -0.1929
vn -0.4996 0.8596 -0.1076
vn -0.8560 0.5169 -0.0011
vn -0.6954 0.6998 -0.1634
vn -0.9659 0.2521 -0.0588
vn -0.9914 0.0296 0.1271
vn -1.0000 -0.0000 -0.0000
vn -0.8563 -0.4643 0.2262
vn -0.9659 -0.2521 0.0588
vn -0.7010 -0.6945 0.1620
vn -0.5050 -0.8195 0.2708
vn -0.5002 -0.8435 0.1956
vn 0.6954 -0.6998 0.1632
vn 0.7014 -0.7089 0.0744
vn 0.8614 -0.5078 0.0040
vn 0.9659 -0.2521 0.0588
vn 0.9659 -0.0588 -0.2521
vn 0.9330 0.1953 -0.3023
vn 0.6668 0.6649 -0.3365
vn 0.6668 0.6649 -0.3366
vn 0.0276 0.9723 -0.2322
vn 0.4702 0.8824 -0.0170
vn 0.4431 0.8938 0.0699
vn 0.4233 0.9000 0.1040
vn 0.3530 0.9233 0.1515
vn 0.0295 0.9826 -0.1832
vn -0.6971 0.7166 0.0247
vn -0.8390 0.5336 0.1064
vn -0.9659 0.0588 0.2521
vn -0.8344 -0.4418 0.3296
vn -0.4950 -0.8110 0.3119
vn 0.0239 -0.9058 0.4231
vn 0.0242 -0.9058 0.4231
vn -0.0285 -0.8982 0.4386
vn -0.0729 -0.9115 0.4049
vn -0.0087 -0.9848 0.1732
vn 0.6930 -0.7206 -0.0227
vn 0.8424 -0.5277 -0.1088
vn 0.9239 -0.0869 -0.3727
vn 0.8056 0.4039 -0.4335
vn 0.6610 0.6219 -0.4199
vn -0.4747 0.8797 -0.0260
vn -0.7987 0.5666 0.2025
vn -0.9239 0.0869 0.3727
vn -0.8924 -0.1681 0.4188
vn -0.6425 -0.6394 0.4223
vn -0.4540 -0.8035 0.3851
vn -0.1907 -0.9654 0.1779
vn -0.1759 -0.9484 0.2638
vn -0.1758 -0.9481 0.2648
vn -0.1795 -0.9575 0.2258
vn -0.1914 -0.9658 0.1751
vn 0.6532 -0.7497 -0.1063
vn 0.8023 -0.5576 -0.2129
vn 0.8660 -0.1136 -0.4869
vn 0.7583 0.3705 -0.5363
vn 0.6304 0.5848 -0.5105
vn -0.4292 0.9018 0.0510
vn -0.5959 0.7848 0.1704
vn -0.8365 0.3618 0.4116
vn -0.8660 0.1136 0.4869
vn -0.7464 -0.3917 0.5381
vn -0.4334 -0.7735 0.4624
vn 0.0766 -0.9105 0.4063
vn -0.0081 -0.9793 0.2021
vn 0.1328 -0.9165 0.3773
vn 0.6148 -0.7674 -0.1820
vn 0.7534 -0.5802 -0.3095
vn 0.7934 -0.1383 -0.5928
vn 0.6889 0.3586 -0.6299
vn 0.5620 0.5842 -0.5855
vn -0.4066 0.9020 0.1455
vn -0.6818 0.6120 0.4006
vn -0.7934 0.1383 0.5928
vn -0.6891 -0.3624 0.6275
vn -0.4147 -0.7591 0.5018
vn -0.0172 0.9695 -0.2443
vn -0.0287 0.9687 -0.2465
vn -0.5105 0.8156 -0.2723
vn -0.5018 0.8066 -0.3123
vn -0.4650 0.7937 -0.3922
vn -0.2763 0.8967 -0.3458
vn 0.5692 -0.7776 -0.2670
vn 0.6920 -0.5970 -0.4059
vn 0.7071 -0.1606 -0.6886
vn 0.6830 0.0969 -0.7239
vn 0.4926 0.5867 -0.6427
vn -0.3853 0.9040 0.1853
vn -0.6147 0.6209 0.4864
vn -0.7071 0.1606 0.6886
vn -0.6133 -0.3541 0.7060
vn -0.3787 -0.7590 0.5296
vn 0.4973 -0.8029 -0.3287
vn 0.6128 -0.6223 -0.4870
vn 0.6088 -0.1802 -0.7726
vn 0.5303 0.3260 -0.7826
vn 0.4333 0.5614 -0.7050
vn -0.3468 0.9147 0.2075
vn -0.5292 0.6446 0.5517
vn -0.6088 0.1802 0.7726
vn -0.5880 -0.0780 0.8051
vn -0.4199 -0.5809 0.6974
vn -0.2982 -0.7607 0.5765
vn 0.4234 -0.8251 -0.3741
vn 0.5880 -0.4261 -0.6875
vn 0.5000 -0.1967 -0.8434
vn 0.4359 0.3053 -0.8467
vn 0.3582 0.5380 -0.7630
vn -0.2660 0.9374 0.2247
vn -0.3485 0.8358 0.4242
vn -0.4830 0.4421 0.7559
vn -0.5000 0.1967 0.8434
vn -0.4277 -0.3218 0.8447
vn -0.2337 -0.7337 0.6380
vn 0.3567 -0.8274 -0.4338
vn 0.4360 -0.6532 -0.6191
vn 0.3827 -0.2099 -0.8997
vn 0.3311 0.2995 -0.8948
vn 0.2682 0.5391 -0.7984
vn 0.2280 0.9633 -0.1414
vn 0.2262 0.9525 -0.2042
vn 0.1909 0.9752 -0.1123
vn 0.1923 0.9748 -0.1134
vn -0.1950 0.9465 0.2570
vn -0.2665 0.8451 0.4635
vn -0.3696 0.4547 0.8103
vn -0.3827 0.2099 0.8997
vn -0.3324 -0.3002 0.8941
vn -0.1981 -0.7213 0.6636
vn 0.2744 -0.8290 -0.4873
vn 0.3337 -0.6595 -0.6736
vn 0.2588 -0.2194 -0.9407
vn 0.2270 0.2899 -0.9298
vn 0.1873 0.5299 -0.8271
vn -0.1206 0.9527 0.2790
vn -0.1800 0.8517 0.4922
vn -0.2500 0.4640 0.8498
vn -0.2588 0.2194 0.9407
vn -0.2271 -0.3012 0.9261
vn -0.1531 -0.7247 0.6719
vn -0.4270 -0.9014 -0.0718
vn -0.4552 -0.8903 0.0091
vn -0.0351 -0.9714 0.2347
vn -0.0130 -0.9784 0.2064
vn -0.2991 -0.9354 -0.1885
vn -0.3718 -0.9180 -0.1380
vn -0.2137 -0.9755 0.0529
vn 0.1804 -0.8431 -0.5066
vn 0.2234 -0.6725 -0.7055
vn 0.1305 -0.2252 -0.9655
vn 0.1145 0.2764 -0.9542
vn 0.0949 0.5102 -0.8548
vn -0.0472 0.9461 0.3205
vn -0.1093 0.6841 0.7211
vn -0.1305 0.2252 0.9655
vn -0.1261 -0.0345 0.9914
vn -0.0906 -0.5432 0.8347
vn -0.0684 -0.7363 0.6732
vn 0.0954 -0.8469 -0.5231
vn 0.1150 -0.6774 -0.7265
vn -0.0000 -0.2271 -0.9739
vn -0.0024 0.2823 -0.9593
vn -0.0046 0.5229 -0.8524
vn 0.0385 -0.9783 0.2037
vn -0.1446 -0.9304 0.3368
vn -0.1720 -0.9373 0.3031
vn -0.0029 0.9433 0.3318
vn -0.0000 0.6788 0.7344
vn -0.0000 0.2271 0.9739
vn 0.0028 -0.2959 0.9552
vn 0.0127 -0.7225 0.6913
vn 0.0001 -0.8414 -0.5404
vn 0.0001 -0.6745 -0.7382
vn -0.1305 -0.2252 -0.9655
vn -0.1261 0.0345 -0.9914
vn -0.0920 0.5472 -0.8319
vn -0.0919 0.5472 -0.8319
vn -0.1895 0.9686 -0.1610
vn -0.1518 0.9824 -0.1091
vn 0.0363 0.9690 -0.2444
vn 0.0593 0.9713 -0.2302
vn -0.2068 0.9542 -0.2162
vn -0.2065 0.9545 -0.2152
vn 0.0400 0.9473 0.3178
vn 0.1079 0.6863 0.7192
vn 0.1305 0.2252 0.9655
vn 0.1107 -0.2957 0.9488
vn 0.0557 -0.7218 0.6899
vn 0.0020 -0.9692 0.2463
vn 0.0009 -0.9716 0.2368
vn -0.0158 -0.9689 0.2471
vn -0.0959 -0.8479 -0.5215
vn -0.1153 -0.6781 -0.7259
vn -0.2588 -0.2194 -0.9407
vn -0.2500 0.0401 -0.9674
vn -0.1775 0.5511 -0.8153
vn 0.1275 0.9532 0.2743
vn 0.1780 0.8576 0.4825
vn 0.2500 0.4640 0.8498
vn 0.2588 0.2194 0.9407
vn 0.2500 -0.0401 0.9674
vn 0.1814 -0.5408 0.8214
vn 0.1283 -0.7370 0.6636
vn -0.1800 -0.8524 -0.4910
vn -0.2500 -0.4640 -0.8498
vn -0.3827 -0.2099 -0.8997
vn -0.3306 0.2945 -0.8967
vn -0.2683 0.5299 -0.8045
vn -0.2369 0.9714 0.0176
vn 0.2221 0.9394 0.2612
vn 0.3343 0.6732 0.6596
vn 0.3827 0.2099 0.8997
vn 0.3326 -0.3092 0.8909
vn 0.2057 -0.7309 0.6507
vn -0.0246 -0.9722 0.2329
vn 0.2141 -0.9348 0.2833
vn 0.1886 -0.9188 0.3467
vn 0.4145 -0.7952 0.4426
vn 0.3886 -0.7863 0.4802
vn -0.2671 -0.8374 -0.4768
vn -0.3306 -0.6650 -0.6697
vn -0.5000 -0.1967 -0.8434
vn -0.4386 0.2949 -0.8489
vn -0.3662 0.5190 -0.7724
vn 0.2656 0.9305 0.2523
vn 0.4343 0.6534 0.6201
vn 0.5000 0.1967 0.8434
vn 0.4291 -0.3218 0.8440
vn 0.2436 -0.7366 0.6310
vn -0.3588 -0.8195 -0.4468
vn -0.4362 -0.6480 -0.6244
vn -0.6088 -0.1802 -0.7726
vn -0.5330 0.3210 -0.7829
vn -0.4402 0.5524 -0.7079
vn 0.2980 0.9288 0.2203
vn 0.5226 0.6473 0.5549
vn 0.6088 0.1802 0.7726
vn 0.5880 -0.0780 0.8051
vn 0.4232 -0.5745 0.7006
vn 0.3031 -0.7590 0.5762
vn -0.0196 -0.9730 0.2301
vn -0.0098 -0.9734 0.2288
vn 0.1771 -0.9808 0.0820
vn 0.2159 -0.9693 0.1173
vn 0.2276 -0.9591 0.1682
vn -0.0083 -0.9745 0.2242
vn -0.4335 -0.8147 -0.3851
vn -0.5303 -0.6382 -0.5582
vn -0.7071 -0.1606 -0.6886
vn -0.6830 0.0969 -0.7239
vn -0.4905 0.5922 -0.6393
vn -0.4905 0.5921 -0.6394
vn 0.4908 0.8128 0.3138
vn 0.6830 0.4072 0.6064
vn 0.7071 0.1606 0.6886
vn 0.6134 -0.3523 0.7068
vn 0.3768 -0.7572 0.5335
vn -0.4977 -0.8033 -0.3270
vn -0.6132 -0.6226 -0.4862
vn -0.7934 -0.1383 -0.5928
vn -0.7663 0.1185 -0.6314
vn -0.5480 0.6070 -0.5755
vn 0.0405 0.9646 -0.2606
vn 0.3040 0.7565 -0.5791
vn 0.3945 0.7526 -0.5272
vn 0.4367 0.7455 -0.5036
vn 0.4621 0.7542 -0.4666
vn 0.4632 0.7783 -0.4239
vn 0.4785 0.8185 -0.3179
vn 0.6869 0.6103 0.3946
vn 0.7934 0.1383 0.5928
vn 0.6891 -0.3624 0.6275
vn 0.4122 -0.7588 0.5044
vn 0.0080 -0.9692 0.2461
vn 0.0004 -0.9713 0.2377
vn 0.0057 -0.9688 0.2476
vn -0.5656 -0.7815 -0.2634
vn -0.6907 -0.5994 -0.4044
vn -0.8660 -0.1136 -0.4869
vn -0.7522 0.3809 -0.5376
vn -0.6134 0.6032 -0.5097
vn 0.7440 0.5929 0.3081
vn 0.8660 0.1136 0.4869
vn 0.7413 -0.3981 0.5403
vn 0.4232 -0.7776 0.4651
vn -0.6127 -0.7693 -0.1811
vn -0.7526 -0.5814 -0.3091
vn -0.9239 -0.0869 -0.3727
vn -0.8075 0.3975 -0.4358
vn -0.6677 0.6106 -0.4259
vn -0.5134 -0.8502 0.1166
vn -0.0241 -0.9741 0.2250
vn -0.5034 -0.8607 0.0761
vn 0.6305 0.7710 0.0897
vn 0.8924 0.3360 0.3012
vn 0.9239 0.0869 0.3727
vn 0.8924 -0.1681 0.4188
vn 0.6190 -0.6642 0.4191
vn 0.4815 -0.7948 0.3693
vn -0.6521 -0.7508 -0.1051
vn -0.8020 -0.5583 -0.2124
vn -0.9659 -0.0588 -0.2521
vn -0.8409 0.4293 -0.3296
vn -0.6878 0.6435 -0.3358
vn 0.5232 0.8476 -0.0888
vn 0.8340 0.5432 0.0965
vn 0.9659 0.0588 0.2521
vn 0.8338 -0.4464 0.3247
vn 0.5693 -0.7734 0.2788
vn 0.1562 0.9840 -0.0852
vn 0.1228 0.9901 -0.0684
vn 0.1227 0.9901 -0.0683
vn -0.6910 -0.7225 -0.0219
vn -0.8417 -0.5289 -0.1084
vn -0.9914 -0.0296 -0.1271
vn -0.8624 0.4538 -0.2243
vn -0.7047 0.6628 -0.2533
vn -0.0056 0.9955 0.0942
vn 0.0188 0.9827 -0.1843
vn 0.0096 0.9820 -0.1888
vn 0.5476 0.8272 -0.1255
vn 0.8649 0.5019 -0.0021
vn 0.9914 0.0296 0.1271
vn 0.8682 -0.4455 0.2185
vn 0.5986 -0.7648 0.2381
vn -0.7024 -0.7080 0.0731
vn -0.8618 -0.5073 0.0034
vn -0.8739 0.4733 -0.1107
vn -0.7225 0.6732 -0.1574
vn 0.0049 -0.9718 0.2358
vn 0.5508 0.8171 -0.1700
vn 0.8721 0.4769 -0.1093
vn 0.8753 -0.4702 0.1124
vn 0.6014 -0.7747 0.1951
vn 0.0766 0.8989 -0.4313
vn 0.0184 0.9039 -0.4274
vn 0.0162 0.9040 -0.4273
vn -0.6993 -0.6961 0.1624
vn -0.8622 0.5065 0.0009
vn -0.7043 0.7069 -0.0650
vn 0.0923 -0.9956 0.0186
vn 0.1378 -0.9894 0.0464
vn 0.5285 0.8217 -0.2133
vn 0.8533 0.4737 -0.2179
vn 0.8553 -0.5180 0.0134
vn 0.5780 -0.8005 0.1583
vn -0.7020 -0.6677 0.2478
vn -0.8616 -0.4566 0.2215
vn -0.9330 0.3088 0.1847
vn -0.6680 0.7441 0.0120
vn 0.6449 0.6857 -0.3374
vn 0.9330 -0.3088 -0.1847
vn 0.6512 -0.7589 -0.0035
vn 0.5198 -0.8512 0.0722
vn -0.6907 -0.6387 0.3392
vn -0.8417 -0.4265 0.3312
vn -0.8924 0.3360 0.3012
vn -0.6400 0.7628 0.0924
vn -0.6399 0.7628 0.0925
vn 0.4778 -0.8760 -0.0654
vn 0.4160 -0.9021 -0.1144
vn 0.3794 -0.9149 0.1380
vn 0.4897 -0.8714 -0.0280
vn 0.7913 0.4211 -0.4433
vn 0.7926 -0.5725 -0.2098
vn -0.0070 -1.0000 -0.0038
vn 0.0465 -0.9989 -0.0093
vn -0.6531 -0.6259 0.4263
vn -0.8023 -0.4062 0.4373
vn -0.7563 0.5760 0.3103
vn -0.6225 0.7606 0.1846
vn 0.3376 0.9241 -0.1791
vn -0.1091 -0.9937 0.0243
vn -0.0603 -0.9982 0.0016
vn 0.7543 0.3771 -0.5374
vn 0.7495 -0.5881 -0.3038
vn 0.0707 -0.9716 0.2260
vn 0.0057 -0.9724 0.2330
vn -0.6151 -0.6070 0.5032
vn -0.7535 -0.3830 0.5344
vn -0.6960 0.5888 0.4111
vn -0.5811 0.7644 0.2795
vn 0.6930 0.3563 -0.6267
vn 0.7934 -0.1383 -0.5929
vn 0.7663 -0.3856 -0.5139
vn 0.5535 -0.7942 -0.2509
vn -0.5684 -0.5803 0.5832
vn -0.6917 -0.3565 0.6281
vn -0.6140 0.6181 0.4909
vn -0.5016 0.7963 0.3380
vn -0.2093 0.8565 -0.4717
vn -0.3189 0.7379 -0.5948
vn -0.2574 0.7077 -0.6580
vn -0.2210 0.7023 -0.6767
vn -0.1378 0.7122 -0.6884
vn -0.0918 0.8388 -0.5366
vn 0.6135 0.3580 -0.7039
vn 0.6088 -0.6298 -0.4824
vn 0.3684 -0.9123 -0.1790
vn -0.0398 0.9057 -0.4221
vn -0.0939 0.9176 -0.3862
vn 0.0203 0.9800 -0.1981
vn -0.4975 -0.5747 0.6497
vn -0.6130 -0.3427 0.7119
vn -0.5880 0.4261 0.6875
vn -0.4199 0.8280 0.3717
vn -0.4200 0.8279 0.3716
vn 0.4116 0.5944 -0.6909
vn 0.5880 0.0780 -0.8051
vn 0.5281 -0.6485 -0.5481
vn 0.3359 -0.9200 -0.2021
vn -0.4241 -0.5731 0.7012
vn -0.3475 0.8390 0.4188
vn -0.3474 0.8390 0.4189
vn 0.2338 0.7246 -0.6483
vn 0.4255 0.3244 -0.8448
vn 0.4830 -0.4421 -0.7559
vn 0.3431 -0.8447 -0.4108
vn 0.2447 -0.9414 -0.2323
vn -0.3579 -0.5478 0.7562
vn -0.4365 -0.3106 0.8444
vn -0.3357 0.6615 0.6706
vn -0.2776 0.8320 0.4803
vn 0.2016 0.7092 -0.6755
vn 0.3327 0.2989 -0.8944
vn 0.3247 -0.6751 -0.6625
vn 0.1651 -0.9420 -0.2921
vn 0.0891 0.9947 -0.0515
vn 0.0458 0.9983 -0.0370
vn -0.2758 -0.5240 0.8058
vn -0.3342 -0.2913 0.8964
vn -0.2263 0.6630 0.7136
vn -0.1877 0.8286 0.5275
vn 0.1569 0.7140 -0.6823
vn 0.2277 0.3017 -0.9258
vn 0.2239 -0.6686 -0.7091
vn 0.1277 -0.9379 -0.3226
vn -0.1797 -0.5310 0.8281
vn -0.2230 -0.2905 0.9305
vn -0.1111 0.6759 0.7285
vn -0.0882 0.8447 0.5279
vn 0.0023 0.9997 -0.0225
vn 0.0254 0.9586 -0.2838
vn 0.0219 0.9650 -0.2615
vn -0.0557 0.9977 -0.0396
vn 0.0674 0.7208 -0.6899
vn 0.0900 0.5470 -0.8323
vn 0.1261 0.0345 -0.9914
vn 0.1155 -0.6735 -0.7301
vn 0.0827 -0.9399 -0.3313
vn -0.0909 -0.5417 0.8356
vn -0.0000 0.4715 0.8819
vn -0.0000 0.8569 0.5155
vn -0.0176 0.7000 -0.7139
vn -0.0035 0.2960 -0.9552
vn 0.0063 -0.6908 -0.7231
vn 0.0377 -0.9483 -0.3151
vn 0.4404 -0.8689 0.2258
vn -0.0039 -0.5258 0.8506
vn -0.0021 -0.2839 0.9589
vn 0.1116 0.6782 0.7263
vn 0.0890 0.8481 0.5223
vn -0.0589 0.6993 -0.7124
vn -0.1099 0.2960 -0.9488
vn -0.1261 -0.4696 -0.8738
vn -0.0894 -0.8682 -0.4881
vn -0.0617 -0.9562 -0.2863
vn 0.0941 -0.5130 0.8532
vn 0.1140 -0.2779 0.9538
vn 0.2257 0.6683 0.7089
vn 0.1855 0.8366 0.5155
vn -0.2227 0.9372 -0.2685
vn -0.1853 0.9328 -0.3092
vn -0.1806 0.5446 -0.8190
vn -0.2287 -0.6829 -0.6938
vn -0.1643 -0.9417 -0.2935
vn 0.1873 -0.5315 0.8261
vn 0.2270 -0.2907 0.9295
vn 0.3339 0.6638 0.6693
vn 0.2736 0.8355 0.4765
vn 0.2386 -0.9462 0.2186
vn -0.3332 0.3096 -0.8906
vn -0.3327 -0.6637 -0.6699
vn -0.2084 -0.9329 -0.2936
vn 0.2666 -0.5524 0.7898
vn 0.3696 -0.0494 0.9279
vn 0.4334 0.6536 0.6204
vn 0.3517 0.8283 0.4362
vn -0.4284 0.3219 -0.8443
vn -0.4274 -0.6622 -0.6155
vn -0.2430 -0.9333 -0.2645
vn -0.2626 0.9539 -0.1452
vn -0.0202 0.9770 -0.2124
vn 0.3518 -0.5429 0.7626
vn 0.4329 -0.3079 0.8472
vn 0.5299 0.6363 0.5607
vn 0.4336 0.8119 0.3909
vn 0.0108 -0.9868 0.1615
vn -0.4211 0.5781 -0.6989
vn -0.5880 0.0780 -0.8051
vn -0.5880 -0.4261 -0.6875
vn -0.4188 -0.8306 -0.3669
vn 0.4430 -0.5363 0.7185
vn 0.5329 -0.3122 0.7865
vn 0.6149 0.6220 0.4848
vn 0.5010 0.8022 0.3246
vn -0.1134 0.9919 -0.0566
vn -0.3946 0.7418 -0.5422
vn -0.6138 0.3529 -0.7062
vn -0.6132 -0.6304 -0.4760
vn -0.2617 0.8719 -0.4138
vn -0.4482 0.7571 -0.4753
vn -0.4304 0.7418 -0.5143
vn 0.5082 -0.5691 0.6464
vn 0.6178 -0.3396 0.7092
vn 0.6885 0.6028 0.4033
vn 0.5597 0.7868 0.2601
vn -0.6897 0.3611 -0.6276
vn -0.6891 -0.6026 -0.4024
vn -0.5725 -0.7739 -0.2706
vn 0.5485 -0.6100 0.5719
vn 0.7663 -0.1185 0.6314
vn 0.7539 0.5781 0.3120
vn 0.6172 0.7641 0.1875
vn -0.1804 -0.9799 0.0853
vn -0.1576 -0.9864 0.0469
vn -0.7462 0.3914 -0.5385
vn -0.7464 -0.5893 -0.3093
vn -0.2028 -0.9714 0.1235
vn 0.5964 -0.6263 0.5020
vn 0.8365 -0.1424 0.5291
vn 0.8026 0.5584 0.2098
vn 0.6529 0.7508 0.1001
vn -0.0330 -0.9960 -0.0833
vn 0.0615 -0.9939 -0.0915
vn -0.6410 0.6410 -0.4221
vn -0.8924 0.1681 -0.4188
vn -0.8924 -0.3360 -0.3012
vn -0.6425 -0.7603 -0.0958
vn -0.1272 -0.9891 -0.0743
vn 0.6570 -0.6191 0.4303
vn 0.8034 -0.4024 0.4390
vn 0.8399 0.5317 0.1093
vn 0.6858 0.7274 0.0232
vn -0.8341 0.4424 -0.3294
vn -0.8344 -0.5420 -0.1001
vn 0.7040 -0.6242 0.3388
vn 0.8462 -0.4183 0.3301
vn 0.8670 0.4983 0.0014
vn 0.7181 0.6929 -0.0640
vn 0.2235 0.9377 -0.2661
vn -0.8553 0.4657 -0.2272
vn -0.8563 -0.5165 0.0025
vn -0.1476 0.9256 -0.3486
vn -0.1171 -0.9217 0.3698
vn 0.7065 -0.6640 0.2449
vn 0.8632 -0.4545 0.2198
vt 0.500000 0.500000
vt 0.500000 0.583333
vt 0.500000 0.666667
vt 0.500000 0.750000
vt 0.500000 0.833333
vt 0.500000 0.916667
vt 0.500000 1.000000
vt 0.500000 0.000000
vt 0.500000 0.083333
vt 0.500000 0.166667
vt 0.500000 0.250000
vt 0.500000 0.333333
vt 0.500000 0.416667
vt 0.520833 0.500000
vt 0.520833 0.583333
vt 0.520833 0.666667
vt 0.520833 0.833333
vt 0.520833 0.916667
vt 0.520833 1.000000
vt 0.520833 0.000000
vt 0.520833 0.083333
vt 0.520833 0.166667
vt 0.520833 0.333333
vt 0.520833 0.416667
vt 0.541667 0.500000
vt 0.541667 0.583333
vt 0.541667 0.666667
vt 0.541667 0.750000
vt 0.541667 0.833333
vt 0.541667 0.916667
vt 0.541667 1.000000
vt 0.541667 0.000000
vt 0.541667 0.083333
vt 0.541667 0.166667
vt 0.541667 0.250000
vt 0.541667 0.333333
vt 0.541667 0.416667
vt 0.562500 0.500000
vt 0.562500 0.583333
vt 0.562500 0.666667
vt 0.562500 0.833333
vt 0.562500 0.916667
vt 0.562500 1.000000
vt 0.562500 0.000000
vt 0.562500 0.083333
vt 0.562500 0.166667
vt 0.562500 0.250000
vt 0.562500 0.333333
vt 0.562500 0.416667
vt 0.583333 0.500000
vt 0.583333 0.583333
vt 0.583333 0.666667
vt 0.583333 0.750000
vt 0.583333 0.833333
vt 0.583333 0.916667
vt 0.583333 1.000000
vt 0.583333 0.000000
vt 0.583333 0.083333
vt 0.583333 0.166667
vt 0.583333 0.333333
vt 0.583333 0.416667
vt 0.604167 0.500000
vt 0.604167 0.583333
vt 0.604167 0.666667
vt 0.604167 0.750000
vt 0.604167 0.833333
vt 0.604167 0.916667
vt 0.604167 1.000000
vt 0.604167 0.000000
vt 0.604167 0.083333
vt 0.604167 0.166667
vt 0.604167 0.250000
vt 0.604167 0.333333
vt 0.604167 0.416667
vt 0.625000 0.500000
vt 0.625000 0.583333
vt 0.625000 0.666667
vt 0.625000 0.833333
vt 0.625000 0.916667
vt 0.625000 1.000000
vt 0.625000 0.000000
vt 0.625000 0.083333
vt 0.625000 0.166667
vt 0.625000 0.333333
vt 0.625000 0.416667
vt 0.645833 0.500000
vt 0.645833 0.583333
vt 0.645833 0.666667
vt 0.645833 0.833333
vt 0.645833 0.916667
vt 0.645833 1.000000
vt 0.645833 0.000000
vt 0.645833 0.083333
vt 0.645833 0.166667
vt 0.645833 0.250000
vt 0.645833 0.333333
vt 0.645833 0.416667
vt 0.666667 0.500000
vt 0.666667 0.583333
vt 0.666667 0.666667
vt 0.666667 0.750000
vt 0.666667 0.833333
vt 0.666667 0.916667
vt 0.666667 1.000000
vt 0.666667 0.000000
vt 0.666667 0.083333
vt 0.666667 0.166667
vt 0.666667 0.333333
vt 0.666667 0.416667
vt 0.687500 0.500000
vt 0.687500 0.583333
vt 0.687500 0.666667
vt 0.687500 0.833333
vt 0.687500 0.916667
vt 0.687500 1.000000
vt 0.687500 0.000000
vt 0.687500 0.083333
vt 0.687500 0.166667
vt 0.687500 0.250000
vt 0.687500 0.333333
vt 0.687500 0.416667
vt 0.708333 0.500000
vt 0.708333 0.583333
vt 0.708333 0.666667
vt 0.708333 0.750000
vt 0.708333 0.833333
vt 0.708333 0.916667
vt 0.708333 1.000000
vt 0.708333 0.000000
vt 0.708333 0.083333
vt 0.708333 0.166667
vt 0.708333 0.333333
vt 0.708333 0.416667
vt 0.729167 0.500000
vt 0.729167 0.583333
vt 0.729167 0.666667
vt 0.729167 0.750000
vt 0.729167 0.833333
vt 0.729167 0.916667
vt 0.729167 1.000000
vt 0.729167 0.000000
vt 0.729167 0.083333
vt 0.729167 0.166667
vt 0.729167 0.250000
vt 0.729167 0.333333
vt 0.729167 0.416667
vt 0.750000 0.500000
vt 0.750000 0.583333
vt 0.750000 0.666667
vt 0.750000 0.833333
vt 0.750000 0.916667
vt 0.750000 1.000000
vt 0.750000 0.000000
vt 0.750000 0.083333
vt 0.750000 0.166667
vt 0.750000 0.250000
vt 0.750000 0.333333
vt 0.750000 0.416667
vt 0.770833 0.500000
vt 0.770833 0.583333
vt 0.770833 0.666667
vt 0.770833 0.833333
vt 0.770833 0.916667
vt 0.770833 1.000000
vt 0.770833 0.000000
vt 0.770833 0.083333
vt 0.770833 0.166667
vt 0.770833 0.333333
vt 0.770833 0.416667
vt 0.791667 0.500000
vt 0.791667 0.583333
vt 0.791667 0.666667
vt 0.791667 0.750000
vt 0.791667 0.833333
vt 0.791667 0.916667
vt 0.791667 1.000000
vt 0.791667 0.000000
vt 0.791667 0.083333
vt 0.791667 0.166667
vt 0.791667 0.250000
vt 0.791667 0.333333
vt 0.791667 0.416667
vt 0.812500 0.500000
vt 0.812500 0.583333
vt 0.812500 0.666667
vt 0.812500 0.833333
vt 0.812500 0.916667
vt 0.812500 1.000000
vt 0.812500 0.000000
vt 0.812500 0.083333
vt 0.812500 0.166667
vt 0.812500 0.333333
vt 0.812500 0.416667
vt 0.833333 0.500000
vt 0.833333 0.583333
vt 0.833333 0.666667
vt 0.833333 0.750000
vt 0.833333 0.833333
vt 0.833333 0.916667
vt 0.833333 1.000000
vt 0.833333 0.000000
vt 0.833333 0.083333
vt 0.833333 0.166667
vt 0.833333 0.250000
vt 0.833333 0.333333
vt 0.833333 0.416667
vt 0.854167 0.500000
vt 0.854167 0.583333
vt 0.854167 0.666667
vt 0.854167 0.833333
vt 0.854167 0.916667
vt 0.854167 1.000000
vt 0.854167 0.000000
vt 0.854167 0.083333
vt 0.854167 0.166667
vt 0.854167 0.250000
vt 0.854167 0.333333
vt 0.854167 0.416667
vt 0.875000 0.500000
vt 0.875000 0.583333
vt 0.875000 0.666667
vt 0.875000 0.750000
vt 0.875000 0.833333
vt 0.875000 0.916667
vt 0.875000 1.000000
vt 0.875000 0.000000
vt 0.875000 0.083333
vt 0.875000 0.166667
vt 0.875000 0.333333
vt 0.875000 0.416667
vt 0.895833 0.500000
vt 0.895833 0.583333
vt 0.895833 0.666667
vt 0.895833 0.833333
vt 0.895833 0.916667
vt 0.895833 1.000000
vt 0.895833 0.000000
vt 0.895833 0.083333
vt 0.895833 0.166667
vt 0.895833 0.250000
vt 0.895833 0.333333
vt 0.895833 0.416667
vt 0.916667 0.500000
vt 0.916667 0.583333
vt 0.916667 0.666667
vt 0.916667 0.833333
vt 0.916667 0.916667
vt 0.916667 1.000000
vt 0.916667 0.000000
vt 0.916667 0.083333
vt 0.916667 0.166667
vt 0.916667 0.333333
vt 0.916667 0.416667
vt 0.937500 0.500000
vt 0.937500 0.583333
vt 0.937500 0.666667
vt 0.937500 0.750000
vt 0.937500 0.833333
vt 0.937500 0.916667
vt 0.937500 1.000000
vt 0.937500 0.000000
vt 0.937500 0.083333
vt 0.937500 0.166667
vt 0.937500 0.250000
vt 0.937500 0.333333
vt 0.937500 0.416667
vt 0.958333 0.500000
vt 0.958333 0.583333
vt 0.958333 0.666667
vt 0.958333 0.833333
vt 0.958333 0.916667
vt 0.958333 1.000000
vt 0.958333 0.000000
vt 0.958333 0.083333
vt 0.958333 0.166667
vt 0.958333 0.250000
vt 0.958333 0.333333
vt 0.958333 0.416667
vt 0.979167 0.500000
vt 0.979167 0.583333
vt 0.979167 0.666667
vt 0.979167 0.833333
vt 0.979167 0.916667
vt 0.979167 1.000000
vt 0.979167 0.000000
vt 0.979167 0.083333
vt 0.979167 0.166667
vt 0.979167 0.333333
vt 0.979167 0.416667
vt 1.000000 0.500000
vt 0.000000 0.500000
vt 1.000000 0.583333
vt 0.000000 0.583333
vt 0.000000 0.666667
vt 1.000000 0.666667
vt 0.000000 0.750000
vt 1.000000 0.750000
vt 0.000000 0.833333
vt 1.000000 0.833333
vt 1.000000 0.916667
vt 0.000000 0.916667
vt 1.000000 1.000000
vt 1.000000 0.000000
vt 0.000000 1.000000
vt 0.000000 0.000000
vt 1.000000 0.083333
vt 0.000000 0.083333
vt 1.000000 0.166667
vt 0.000000 0.166667
vt 1.000000 0.333333
vt 0.000000 0.333333
vt 1.000000 0.416667
vt 0.000000 0.416667
vt 0.020833 0.500000
vt 0.020833 0.583333
vt 0.020833 0.666667
vt 0.020833 0.833333
vt 0.020833 0.916667
vt 0.020833 1.000000
vt 0.020833 0.000000
vt 0.020833 0.083333
vt 0.020833 0.166667
vt 0.020833 0.333333
vt 0.020833 0.416667
vt 0.041667 0.500000
vt 0.041667 0.583333
vt 0.041667 0.666667
vt 0.041667 0.750000
vt 0.041667 0.833333
vt 0.041667 0.916667
vt 0.041667 1.000000
vt 0.041667 0.000000
vt 0.041667 0.083333
vt 0.041667 0.166667
vt 0.041667 0.250000
vt 0.041667 0.333333
vt 0.041667 0.416667
vt 0.062500 0.500000
vt 0.062500 0.583333
vt 0.062500 0.666667
vt 0.062500 0.833333
vt 0.062500 0.916667
vt 0.062500 1.000000
vt 0.062500 0.000000
vt 0.062500 0.083333
vt 0.062500 0.166667
vt 0.062500 0.333333
vt 0.062500 0.416667
vt 0.083333 0.500000
vt 0.083333 0.583333
vt 0.083333 0.666667
vt 0.083333 0.833333
vt 0.083333 0.916667
vt 0.083333 1.000000
vt 0.083333 0.000000
vt 0.083333 0.083333
vt 0.083333 0.166667
vt 0.083333 0.333333
vt 0.083333 0.416667
vt 0.104167 0.500000
vt 0.104167 0.583333
vt 0.104167 0.666667
vt 0.104167 0.750000
vt 0.104167 0.833333
vt 0.104167 0.916667
vt 0.104167 1.000000
vt 0.104167 0.000000
vt 0.104167 0.083333
vt 0.104167 0.166667
vt 0.104167 0.250000
vt 0.104167 0.333333
vt 0.104167 0.416667
vt 0.125000 0.500000
vt 0.125000 0.583333
vt 0.125000 0.666667
vt 0.125000 0.833333
vt 0.125000 0.916667
vt 0.125000 1.000000
vt 0.125000 0.000000
vt 0.125000 0.083333
vt 0.125000 0.166667
vt 0.125000 0.333333
vt 0.125000 0.416667
vt 0.145833 0.500000
vt 0.145833 0.583333
vt 0.145833 0.666667
vt 0.145833 0.750000
vt 0.145833 0.833333
vt 0.145833 0.916667
vt 0.145833 1.000000
vt 0.145833 0.000000
vt 0.145833 0.083333
vt 0.145833 0.166667
vt 0.145833 0.333333
vt 0.145833 0.416667
vt 0.166667 0.500000
vt 0.166667 0.583333
vt 0.166667 0.666667
vt 0.166667 0.833333
vt 0.166667 0.916667
vt 0.166667 1.000000
vt 0.166667 0.000000
vt 0.166667 0.083333
vt 0.166667 0.166667
vt 0.166667 0.250000
vt 0.166667 0.333333
vt 0.166667 0.416667
vt 0.187500 0.500000
vt 0.187500 0.583333
vt 0.187500 0.666667
vt 0.187500 0.833333
vt 0.187500 0.916667
vt 0.187500 1.000000
vt 0.187500 0.000000
vt 0.187500 0.083333
vt 0.187500 0.166667
vt 0.187500 0.250000
vt 0.187500 0.333333
vt 0.187500 0.416667
vt 0.208333 0.500000
vt 0.208333 0.583333
vt 0.208333 0.666667
vt 0.208333 0.750000
vt 0.208333 0.833333
vt 0.208333 0.916667
vt 0.208333 1.000000
vt 0.208333 0.000000
vt 0.208333 0.083333
vt 0.208333 0.166667
vt 0.208333 0.250000
vt 0.208333 0.333333
vt 0.208333 0.416667
vt 0.229167 0.500000
vt 0.229167 0.583333
vt 0.229167 0.666667
vt 0.229167 0.750000
vt 0.229167 0.833333
vt 0.229167 0.916667
vt 0.229167 1.000000
vt 0.229167 0.000000
vt 0.229167 0.083333
vt 0.229167 0.166667
vt 0.229167 0.333333
vt 0.229167 0.416667
vt 0.250000 0.500000
vt 0.250000 0.583333
vt 0.250000 0.666667
vt 0.250000 0.833333
vt 0.250000 0.916667
vt 0.250000 1.000000
vt 0.250000 0.000000
vt 0.250000 0.083333
vt 0.250000 0.166667
vt 0.250000 0.333333
vt 0.250000 0.416667
vt 0.270833 0.500000
vt 0.270833 0.583333
vt 0.270833 0.666667
vt 0.270833 0.833333
vt 0.270833 0.916667
vt 0.270833 1.000000
vt 0.270833 0.000000
vt 0.270833 0.083333
vt 0.270833 0.166667
vt 0.270833 0.250000
vt 0.270833 0.333333
vt 0.270833 0.416667
vt 0.291667 0.500000
vt 0.291667 0.583333
vt 0.291667 0.666667
vt 0.291667 0.750000
vt 0.291667 0.833333
vt 0.291667 0.916667
vt 0.291667 1.000000
vt 0.291667 0.000000
vt 0.291667 0.083333
vt 0.291667 0.166667
vt 0.291667 0.333333
vt 0.291667 0.416667
vt 0.312500 0.500000
vt 0.312500 0.583333
vt 0.312500 0.666667
vt 0.312500 0.833333
vt 0.312500 0.916667
vt 0.312500 1.000000
vt 0.312500 0.000000
vt 0.312500 0.083333
vt 0.312500 0.166667
vt 0.312500 0.333333
vt 0.312500 0.416667
vt 0.333333 0.500000
vt 0.333333 0.583333
vt 0.333333 0.666667
vt 0.333333 0.833333
vt 0.333333 0.916667
vt 0.333333 1.000000
vt 0.333333 0.000000
vt 0.333333 0.083333
vt 0.333333 0.166667
vt 0.333333 0.250000
vt 0.333333 0.333333
vt 0.333333 0.416667
vt 0.354167 0.500000
vt 0.354167 0.583333
vt 0.354167 0.666667
vt 0.354167 0.750000
vt 0.354167 0.833333
vt 0.354167 0.916667
vt 0.354167 1.000000
vt 0.354167 0.000000
vt 0.354167 0.083333
vt 0.354167 0.166667
vt 0.354167 0.250000
vt 0.354167 0.333333
vt 0.354167 0.416667
vt 0.375000 0.500000
vt 0.375000 0.583333
vt 0.375000 0.666667
vt 0.375000 0.833333
vt 0.375000 0.916667
vt 0.375000 1.000000
vt 0.375000 0.000000
vt 0.375000 0.083333
vt 0.375000 0.166667
vt 0.375000 0.333333
vt 0.375000 0.416667
vt 0.395833 0.500000
vt 0.395833 0.583333
vt 0.395833 0.666667
vt 0.395833 0.833333
vt 0.395833 0.916667
vt 0.395833 1.000000
vt 0.395833 0.000000
vt 0.395833 0.083333
vt 0.395833 0.166667
vt 0.395833 0.250000
vt 0.395833 0.333333
vt 0.395833 0.416667
vt 0.416667 0.500000
vt 0.416667 0.583333
vt 0.416667 0.666667
vt 0.416667 0.750000
vt 0.416667 0.833333
vt 0.416667 0.916667
vt 0.416667 1.000000
vt 0.416667 0.000000
vt 0.416667 0.083333
vt 0.416667 0.166667
vt 0.416667 0.333333
vt 0.416667 0.416667
vt 0.437500 0.500000
vt 0.437500 0.583333
vt 0.437500 0.666667
vt 0.437500 0.750000
vt 0.437500 0.833333
vt 0.437500 0.916667
vt 0.437500 1.000000
vt 0.437500 0.000000
vt 0.437500 0.083333
vt 0.437500 0.166667
vt 0.437500 0.250000
vt 0.437500 0.333333
vt 0.437500 0.416667
vt 0.458333 0.500000
vt 0.458333 0.583333
vt 0.458333 0.666667
vt 0.458333 0.833333
vt 0.458333 0.916667
vt 0.458333 1.000000
vt 0.458333 0.000000
vt 0.458333 0.083333
vt 0.458333 0.166667
vt 0.458333 0.250000
vt 0.458333 0.333333
vt 0.458333 0.416667
vt 0.479167 0.500000
vt 0.479167 0.583333
vt 0.479167 0.666667
vt 0.479167 0.750000
vt 0.479167 0.833333
vt 0.479167 0.916667
vt 0.479167 1.000000
vt 0.479167 0.000000
vt 0.479167 0.083333
vt 0.479167 0.166667
vt 0.479167 0.333333
vt 0.479167 0.416667
s 1
usemtl dark.002
f 4837/6602/3901 4849/6615/3902 4850/6616/3903 4838/6603/3904
f 4838/6603/3904 4850/6616/3905 4851/6617/3906 4839/6604/3907
f 4917/6689/3908 4928/6701/3909 4929/6702/3910 4896/6666/3908 4885/6654/3911 4884/6653/3912 4895/6665/3908 4907/6678/3908
f 4841/6606/3913 4852/6618/3914 4853/6619/3915 4842/6607/3916
f 4842/6607/3917 4853/6619/3915 4854/6620/3918 4843/6608/3919
f 4843/6609/3919 4854/6621/3918 4855/6622/3920 4844/6610/3921
f 4844/6610/3922 4855/6622/3920 4856/6623/3923 4845/6611/3924
f 4847/6613/3925 4857/6624/3926 4858/6625/3927 4848/6614/3925
f 4848/6614/3928 4858/6625/3927 4849/6615/3902 4837/6602/3901
f 4849/6615/3902 4859/6626/3929 4860/6627/3930 4850/6616/3903
f 4850/6616/3905 4860/6627/3931 4861/6628/3932 4851/6617/3906
f 5072/6858/3933 5073/6859/3934 5062/6847/3935 5051/6835/3936 5041/6824/3937 5040/6823/3938
f 4852/6618/3914 4863/6630/3939 4864/6631/3940 4853/6619/3915
f 4853/6619/3915 4864/6631/3940 4865/6632/3941 4854/6620/3918
f 4854/6621/3918 4865/6633/3941 4866/6634/3942 4855/6622/3920
f 4855/6622/3920 4866/6634/3942 4867/6635/3943 4856/6623/3923
f 5251/7066/3944 5252/7067/3945 5241/7055/3946 5231/7044/3946 5220/7032/3946 5208/7019/3947 5207/7018/3948 5219/7031/3946
f 4857/6624/3926 4869/6637/3949 4870/6638/3950 4858/6625/3927
f 4858/6625/3927 4870/6638/3950 4859/6626/3929 4849/6615/3902
f 4859/6626/3929 4871/6639/3951 4872/6640/3952 4860/6627/3930
f 4860/6627/3931 4872/6640/3952 4873/6641/3953 4861/6628/3932
f 4863/6630/3939 4874/6642/3954 4875/6643/3955 4864/6631/3940
f 4864/6631/3940 4875/6643/3955 4876/6644/3956 4865/6632/3941
f 4865/6633/3941 4876/6645/3956 4877/6646/3957 4866/6634/3942
f 4866/6634/3942 4877/6646/3958 4878/6647/3959 4867/6635/3943
f 5089/6877/3960 5132/6936/3961 5133/6937/3962 5121/6924/3963 5111/6911/3963 5100/6889/3963 5090/6878/3964
f 4869/6637/3949 4880/6649/3965 4881/6650/3966 4870/6638/3950
f 4870/6638/3950 4881/6650/3966 4871/6639/3951 4859/6626/3929
f 4871/6639/3951 4882/6651/3967 4883/6652/3968 4872/6640/3952
f 4872/6640/3952 4883/6652/3968 4884/6653/3969 4873/6641/3953
f 4874/6642/3954 4886/6655/3970 4887/6656/3971 4875/6643/3955
f 4875/6643/3955 4887/6656/3972 4888/6657/3973 4876/6644/3956
f 4876/6645/3956 4888/6658/3973 4889/6659/3974 4877/6646/3957
f 4877/6646/3958 4889/6659/3974 4890/6660/3975 4878/6647/3959
f 5251/7066/3944 5283/7101/3976 5295/7114/3977 5296/7115/3978 5284/7102/3976 5273/7090/3976 5263/7079/3976 5252/7067/3945
f 4880/6649/3965 4891/6661/3979 4892/6662/3980 4881/6650/3966
f 4881/6650/3966 4892/6662/3980 4882/6651/3967 4871/6639/3951
f 4882/6651/3967 4893/6663/3981 4894/6664/3982 4883/6652/3968
f 4883/6652/3968 4894/6664/3982 4895/6665/3983 4884/6653/3969
f 4886/6655/3970 4897/6667/3984 4898/6668/3985 4887/6656/3971
f 4887/6656/3972 4898/6668/3985 4899/6669/3986 4888/6657/3973
f 4888/6658/3973 4899/6670/3986 4900/6671/3987 4889/6659/3974
f 4889/6659/3974 4900/6671/3987 4901/6672/3988 4890/6660/3975
f 5356/7180/3989 4840/6605/3990 4841/6606/3913 5357/7181/3991 5345/7168/3992 5334/7156/3993 5333/7155/3994
f 4891/6661/3979 4903/6674/3995 4904/6675/3996 4892/6662/3980
f 4892/6662/3980 4904/6675/3996 4893/6663/3981 4882/6651/3967
f 4893/6663/3981 4905/6676/3997 4906/6677/3998 4894/6664/3982
f 4894/6664/3982 4906/6677/3999 4907/6678/3999 4895/6665/3983
f 4897/6667/3984 4908/6679/4000 4909/6680/4001 4898/6668/3985
f 4898/6668/3985 4909/6680/4001 4910/6681/4002 4899/6669/3986
f 4899/6670/3986 4910/6682/4002 4911/6683/4003 4900/6671/3987
f 4900/6671/3987 4911/6683/4003 4912/6684/4004 4901/6672/3988
f 4903/6674/3995 4913/6685/4005 4914/6686/4006 4904/6675/3996
f 4904/6675/3996 4914/6686/4006 4905/6676/3997 4893/6663/3981
f 4905/6676/3997 4915/6687/4007 4916/6688/4008 4906/6677/3998
f 4906/6677/3999 4916/6688/4008 4917/6689/4009 4907/6678/3999
f 4908/6679/4000 4918/6690/4010 4919/6691/4011 4909/6680/4001
f 4909/6680/4001 4919/6691/4011 4920/6692/4012 4910/6681/4002
f 4910/6682/4002 4920/6693/4012 4921/6694/4013 4911/6683/4003
f 4911/6683/4003 4921/6694/4014 4922/6695/4015 4912/6684/4004
f 4913/6685/4005 4924/6697/4016 4925/6698/4016 4914/6686/4006
f 4914/6686/4006 4925/6698/4017 4915/6687/4007 4905/6676/3997
f 4915/6687/4007 4926/6699/4018 4927/6700/4019 4916/6688/4008
f 4916/6688/4008 4927/6700/4019 4928/6701/4020 4917/6689/4009
f 4918/6690/4010 4930/6703/4021 4931/6704/4022 4919/6691/4011
f 4919/6691/4011 4931/6704/4023 4932/6705/4024 4920/6692/4012
f 4920/6693/4012 4932/6706/4024 4933/6707/4025 4921/6694/4013
f 4921/6694/4014 4933/6707/4025 4934/6708/4026 4922/6695/4015
f 4924/6697/4016 4935/6709/4027 4936/6710/4028 4925/6698/4016
f 4925/6698/4017 4936/6710/4028 4926/6699/4018 4915/6687/4007
f 4926/6699/4018 4937/6711/4029 4938/6712/4030 4927/6700/4019
f 4927/6700/4019 4938/6712/4030 4939/6713/4031 4928/6701/4020
f 5332/7154/4032 5344/7167/4032 5355/7179/4033 5356/7180/3989 5333/7155/4032 5322/7143/4034 5321/7142/4035
f 4930/6703/4021 4940/6714/4036 4941/6715/4037 4931/6704/4022
f 4931/6704/4023 4941/6715/4038 4942/6716/4039 4932/6705/4024
f 4932/6706/4024 4942/6717/4039 4943/6718/4040 4933/6707/4025
f 4933/6707/4025 4943/6718/4040 4944/6719/4041 4934/6708/4026
f 4935/6709/4027 4946/6721/4042 4947/6722/4043 4936/6710/4028
f 4936/6710/4028 4947/6722/4043 4937/6711/4029 4926/6699/4018
f 4937/6711/4029 4948/6723/4044 4949/6724/4045 4938/6712/4030
f 4938/6712/4030 4949/6724/4045 4950/6725/4046 4939/6713/4031
f 4940/6714/4036 4952/6727/4047 4953/6728/4048 4941/6715/4037
f 4941/6715/4038 4953/6728/4049 4954/6729/4050 4942/6716/4039
f 4942/6717/4039 4954/6730/4050 4955/6731/4051 4943/6718/4040
f 4943/6718/4040 4955/6731/4051 4956/6732/4052 4944/6719/4041
f 5327/7149/4053 5338/7161/4054 5339/7162/4055 5316/7137/4056 5295/7114/3977 5294/7113/4057 5305/7125/4058 5315/7136/4059
f 4946/6721/4042 4957/6733/4060 4958/6734/4061 4947/6722/4043
f 4947/6722/4043 4958/6734/4061 4948/6723/4044 4937/6711/4029
f 4948/6723/4044 4959/6735/4062 4960/6736/4063 4949/6724/4045
f 4949/6724/4045 4960/6736/4063 4961/6737/4064 4950/6725/4046
f 4952/6727/4047 4963/6739/4065 4964/6740/4066 4953/6728/4048
f 4953/6728/4049 4964/6740/4066 4965/6741/4067 4954/6729/4050
f 4954/6730/4050 4965/6742/4067 4966/6743/4068 4955/6731/4051
f 4955/6731/4051 4966/6743/4069 4967/6744/4070 4956/6732/4052
f 4957/6733/4060 4969/6746/4071 4970/6747/4072 4958/6734/4061
f 4958/6734/4061 4970/6747/4072 4959/6735/4062 4948/6723/4044
f 4959/6735/4062 4971/6748/4073 4972/6749/4074 4960/6736/4063
f 4960/6736/4063 4972/6749/4074 4973/6750/4075 4961/6737/4064
f 5164/6971/4076 5165/6972/4077 5153/6959/4078 5143/6948/4078 5133/6937/3962 5132/6936/3961
f 4963/6739/4065 4974/6751/4079 4975/6752/4080 4964/6740/4066
f 4964/6740/4066 4975/6752/4080 4976/6753/4081 4965/6741/4067
f 4965/6742/4067 4976/6754/4081 4977/6755/4082 4966/6743/4068
f 4966/6743/4069 4977/6755/4082 4978/6756/4083 4967/6744/4070
f 4969/6746/4071 4980/6758/4084 4981/6759/4085 4970/6747/4072
f 4970/6747/4072 4981/6759/4085 4971/6748/4073 4959/6735/4062
f 4971/6748/4073 4982/6760/4086 4983/6761/4087 4972/6749/4074
f 4972/6749/4074 4983/6761/4088 4984/6762/4089 4973/6750/4075
f 5115/6917/4090 5125/6928/4090 5137/6941/4090 5147/6952/4090 5157/6963/4091 5158/6964/4092 5126/6929/4093 5105/6897/4094 5104/6895/4095
f 4974/6751/4079 4985/6763/4096 4986/6764/4097 4975/6752/4080
f 4975/6752/4080 4986/6764/4097 4987/6765/4098 4976/6753/4081
f 4976/6754/4081 4987/6766/4098 4988/6767/4099 4977/6755/4082
f 4977/6755/4082 4988/6767/4099 4989/6768/4100 4978/6756/4083
f 4956/6732/4052 4967/6744/4070 4968/6745/4101 4945/6720/4102 4923/6696/4103 4922/6695/4015 4934/6708/4026 4944/6719/4041
f 4980/6758/4084 4990/6769/4104 4991/6770/4105 4981/6759/4085
f 4981/6759/4085 4991/6770/4105 4982/6760/4086 4971/6748/4073
f 4982/6760/4086 4992/6771/4106 4993/6772/4107 4983/6761/4087
f 4983/6761/4088 4993/6772/4108 4994/6773/4108 4984/6762/4089
f 4985/6763/4096 4996/6775/4109 4997/6776/4110 4986/6764/4097
f 4986/6764/4097 4997/6776/4111 4998/6777/4112 4987/6765/4098
f 4987/6766/4098 4998/6778/4112 4999/6779/4113 4988/6767/4099
f 4988/6767/4099 4999/6779/4114 5000/6780/4115 4989/6768/4100
f 4990/6769/4104 5002/6782/4116 5003/6783/4116 4991/6770/4105
f 4991/6770/4105 5003/6783/4117 4992/6771/4106 4982/6760/4086
f 4992/6771/4106 5004/6784/4118 5005/6785/4119 4993/6772/4107
f 4993/6772/4108 5005/6785/4119 5006/6786/4120 4994/6773/4108
f 4896/6666/4121 4929/6702/3910 4930/6703/4021 4918/6690/4010 4908/6679/4000 4897/6667/3984 4886/6655/3970 4885/6654/3911
f 4996/6775/4109 5007/6787/4122 5008/6788/4123 4997/6776/4110
f 4997/6776/4111 5008/6788/4123 5009/6789/4124 4998/6777/4112
f 4998/6778/4112 5009/6790/4124 5010/6791/4125 4999/6779/4113
f 4999/6779/4114 5010/6791/4125 5011/6792/4126 5000/6780/4115
f 5316/7137/4056 5339/7162/4055 5350/7174/4127 5351/7175/4128 5340/7163/4129 5328/7150/4130 5317/7138/4131 5306/7126/4129 5296/7115/3978 5295/7114/3977
f 5002/6782/4116 5012/6793/4132 5013/6794/4133 5003/6783/4116
f 5003/6783/4117 5013/6794/4133 5004/6784/4118 4992/6771/4106
f 5004/6784/4118 5014/6795/4134 5015/6796/4135 5005/6785/4119
f 5005/6785/4119 5015/6796/4135 5016/6797/4136 5006/6786/4120
f 5007/6787/4122 5018/6799/4137 5019/6800/4138 5008/6788/4123
f 5008/6788/4123 5019/6800/4138 5020/6801/4139 5009/6789/4124
f 5009/6790/4124 5020/6802/4139 5021/6803/4140 5010/6791/4125
f 5010/6791/4125 5021/6803/4140 5022/6804/4141 5011/6792/4126
f 5012/6793/4132 5024/6806/4142 5025/6807/4143 5013/6794/4133
f 5013/6794/4133 5025/6807/4143 5014/6795/4134 5004/6784/4118
f 5014/6795/4134 5026/6808/4144 5027/6809/4145 5015/6796/4135
f 5015/6796/4135 5027/6809/4145 5028/6810/4146 5016/6797/4136
f 5018/6799/4137 5029/6811/4147 5030/6812/4148 5019/6800/4138
f 5019/6800/4138 5030/6812/4148 5031/6813/4149 5020/6801/4139
f 5020/6802/4139 5031/6814/4149 5032/6815/4150 5021/6803/4140
f 5021/6803/4140 5032/6815/4151 5033/6816/4152 5022/6804/4141
f 4879/6648/4153 4902/6673/4154 4903/6674/4155 4891/6661/4156 4880/6649/4156 4869/6637/4157 4868/6636/4158
f 5024/6806/4142 5035/6818/4159 5036/6819/4160 5025/6807/4143
f 5025/6807/4143 5036/6819/4160 5026/6808/4144 5014/6795/4134
f 5026/6808/4144 5037/6820/4161 5038/6821/4162 5027/6809/4145
f 5027/6809/4145 5038/6821/4163 5039/6822/4164 5028/6810/4146
f 5029/6811/4147 5041/6824/3937 5042/6825/4165 5030/6812/4148
f 5030/6812/4148 5042/6825/4166 5043/6826/4167 5031/6813/4149
f 5031/6814/4149 5043/6827/4167 5044/6828/4168 5032/6815/4150
f 5032/6815/4151 5044/6828/4168 5045/6829/4169 5033/6816/4152
f 5035/6818/4159 5046/6830/4170 5047/6831/4171 5036/6819/4160
f 5036/6819/4160 5047/6831/4171 5037/6820/4161 5026/6808/4144
f 5037/6820/4161 5048/6832/4172 5049/6833/4173 5038/6821/4162
f 5038/6821/4163 5049/6833/4174 5050/6834/4174 5039/6822/4164
f 5158/6964/4092 5180/6988/4175 5181/6989/4176 5170/6977/4177 5159/6965/4178 5148/6953/4179 5138/6942/4180 5127/6930/4181 5126/6929/4093
f 5041/6824/3937 5051/6835/3936 5052/6836/4182 5042/6825/4165
f 5042/6825/4166 5052/6836/4182 5053/6837/4183 5043/6826/4167
f 5043/6827/4167 5053/6838/4183 5054/6839/4184 5044/6828/4168
f 5044/6828/4168 5054/6839/4184 5055/6840/4185 5045/6829/4169
f 5011/6792/4126 5022/6804/4141 5033/6816/4152 5034/6817/4186 5023/6805/4187 5001/6781/4188 5000/6780/4115
f 5046/6830/4170 5057/6842/4189 5058/6843/4190 5047/6831/4171
f 5047/6831/4171 5058/6843/4190 5048/6832/4172 5037/6820/4161
f 5048/6832/4172 5059/6844/4191 5060/6845/4192 5049/6833/4173
f 5049/6833/4174 5060/6845/4192 5061/6846/4193 5050/6834/4174
f 5051/6835/3936 5062/6847/3935 5063/6848/4194 5052/6836/4182
f 5052/6836/4182 5063/6848/4194 5064/6849/4195 5053/6837/4183
f 5053/6838/4183 5064/6850/4195 5065/6851/4196 5054/6839/4184
f 5054/6839/4184 5065/6851/4196 5066/6852/4197 5055/6840/4185
f 5057/6842/4189 5067/6853/4198 5068/6854/4199 5058/6843/4190
f 5058/6843/4190 5068/6854/4199 5059/6844/4191 5048/6832/4172
f 5059/6844/4191 5069/6855/4200 5070/6856/4201 5060/6845/4192
f 5060/6845/4192 5070/6856/4201 5071/6857/4202 5061/6846/4193
f 5361/7186/4203 4845/6611/3924 4846/6612/4204 5350/7174/4127 5339/7162/4055 5338/7161/4054 5349/7173/4205
f 5062/6847/3935 5073/6859/3934 5074/6860/4206 5063/6848/4194
f 5063/6848/4194 5074/6860/4207 5075/6861/4208 5064/6849/4195
f 5064/6850/4195 5075/6862/4208 5076/6863/4209 5065/6851/4196
f 5065/6851/4196 5076/6863/4210 5077/6864/4211 5066/6852/4197
f 5067/6853/4198 5079/6866/4212 5080/6867/4213 5068/6854/4199
f 5068/6854/4199 5080/6867/4213 5069/6855/4200 5059/6844/4191
f 5069/6855/4200 5081/6868/4214 5082/6869/4215 5070/6856/4201
f 5070/6856/4201 5082/6869/4215 5083/6870/4216 5071/6857/4202
f 5073/6859/3934 5084/6871/4217 5085/6872/4218 5074/6860/4206
f 5074/6860/4207 5085/6872/4218 5086/6873/4219 5075/6861/4208
f 5075/6862/4208 5086/6874/4219 5087/6875/4220 5076/6863/4209
f 5076/6863/4210 5087/6875/4220 5088/6876/4221 5077/6864/4211
f 5300/7119/4222 5310/7130/4222 5321/7142/4035 5322/7143/4034 5289/7107/4223 5288/7106/4224
f 5079/6866/4212 5090/6878/4225 5091/6879/4226 5080/6867/4213
f 5080/6867/4213 5091/6879/4226 5081/6868/4214 5069/6855/4200
f 5081/6868/4214 5092/6880/4227 5093/6881/4228 5082/6869/4215
f 5082/6869/4215 5093/6881/4228 5094/6882/4229 5083/6870/4216
f 4962/6738/4230 4995/6774/4231 4996/6775/4109 4985/6763/4096 4974/6751/4079 4963/6739/4065 4952/6727/4047 4951/6726/4232
f 5084/6871/4217 5095/6883/4233 5096/6884/4234 5085/6872/4218
f 5085/6872/4218 5096/6884/4234 5097/6885/4235 5086/6873/4219
f 5086/6874/4219 5097/6886/4235 5098/6887/4236 5087/6875/4220
f 5087/6875/4220 5098/6887/4236 5099/6888/4237 5088/6876/4221
f 5090/6878/4225 5100/6889/4238 5101/6890/4239 5091/6879/4226
f 5091/6879/4226 5101/6890/4239 5092/6880/4227 5081/6868/4214
f 5092/6880/4227 5102/6891/3919 5103/6893/4240 5093/6881/4228
f 5093/6881/4228 5103/6893/4240 5104/6896/4241 5094/6882/4229
f 4989/6768/4100 5000/6780/4115 5001/6781/4188 4979/6757/4242 4968/6745/4101 4967/6744/4070 4978/6756/4083
f 5095/6883/4233 5106/6900/4243 5107/6901/4244 5096/6884/4234
f 5096/6884/4234 5107/6901/4244 5108/6903/3901 5097/6885/4235
f 5097/6886/4235 5108/6904/3901 5109/6907/4245 5098/6887/4236
f 5098/6887/4236 5109/6907/4245 5110/6909/4246 5099/6888/4237
f 4950/6725/4247 4961/6737/4248 4962/6738/4249 4951/6726/4232 4929/6702/3910 4928/6701/3909 4939/6713/4247
f 5100/6889/4238 5111/6911/4250 5112/6913/4250 5101/6890/4239
f 5101/6890/4239 5112/6913/3921 5102/6891/3919 5092/6880/4227
f 5102/6892/3919 5113/6915/3918 5114/6916/4251 5103/6894/4240
f 5103/6894/4240 5114/6916/4251 5115/6917/4252 5104/6895/4241
f 4945/6720/4102 4946/6721/4253 4935/6709/4254 4924/6697/4254 4913/6685/4254 4903/6674/4155 4902/6673/4154 4923/6696/4103
f 5106/6899/4243 5116/6918/4255 5117/6919/4256 5107/6902/4244
f 5107/6902/4244 5117/6919/4256 5118/6920/3902 5108/6905/3901
f 5108/6906/3901 5118/6921/3902 5119/6922/4257 5109/6908/4245
f 5109/6908/4245 5119/6922/4257 5120/6923/4258 5110/6910/4246
f 4890/6660/3975 4901/6672/3988 4912/6684/4004 4922/6695/4015 4923/6696/4103 4902/6673/4154 4879/6648/4153 4878/6647/3959
f 5111/6912/4250 5121/6924/4259 5122/6925/4260 5112/6914/4250
f 5112/6914/3921 5122/6925/4260 5113/6915/3918 5102/6892/3919
f 5113/6915/3918 5123/6926/3941 5124/6927/4261 5114/6916/4251
f 5114/6916/4251 5124/6927/4262 5125/6928/4262 5115/6917/4252
f 5116/6918/4255 5127/6930/4181 5128/6931/4263 5117/6919/4256
f 5117/6919/4256 5128/6931/3930 5129/6932/3929 5118/6920/3902
f 5118/6921/3902 5129/6933/3929 5130/6934/4264 5119/6922/4257
f 5119/6922/4257 5130/6934/4265 5131/6935/4266 5120/6923/4258
f 5121/6924/4259 5133/6937/4267 5134/6938/4268 5122/6925/4260
f 5122/6925/4260 5134/6938/4268 5123/6926/3941 5113/6915/3918
f 5123/6926/3941 5135/6939/3956 5136/6940/4269 5124/6927/4261
f 5124/6927/4262 5136/6940/4270 5137/6941/4271 5125/6928/4262
f 5152/6958/4272 5163/6970/4273 5164/6971/4076 5132/6936/4274 5131/6935/4266 5142/6947/4275
f 5127/6930/4181 5138/6942/4180 5139/6943/4276 5128/6931/4263
f 5128/6931/3930 5139/6943/4276 5140/6944/3951 5129/6932/3929
f 5129/6933/3929 5140/6945/3951 5141/6946/4277 5130/6934/4264
f 5130/6934/4265 5141/6946/4277 5142/6947/4275 5131/6935/4266
f 4968/6745/4101 4979/6757/4242 4980/6758/4278 4969/6746/4279 4957/6733/4279 4946/6721/4253 4945/6720/4102
f 5133/6937/4267 5143/6948/4280 5144/6949/4281 5134/6938/4268
f 5134/6938/4268 5144/6949/4281 5135/6939/3956 5123/6926/3941
f 5135/6939/3956 5145/6950/3973 5146/6951/4282 5136/6940/4269
f 5136/6940/4270 5146/6951/4282 5147/6952/4283 5137/6941/4271
f 5105/6897/4284 5126/6929/4093 5127/6930/4181 5116/6918/4255 5106/6900/4243 5095/6883/4233 5084/6871/4217 5073/6859/3934 5072/6858/3933
f 5001/6781/4188 5023/6805/4187 5024/6806/4285 5012/6793/4286 5002/6782/4286 4990/6769/4286 4980/6758/4278 4979/6757/4242
f 5138/6942/4180 5148/6953/4179 5149/6954/4287 5139/6943/4276
f 5139/6943/4276 5149/6954/4287 5150/6955/3967 5140/6944/3951
f 5140/6945/3951 5150/6956/3967 5151/6957/4288 5141/6946/4277
f 5141/6946/4277 5151/6957/4288 5152/6958/4272 5142/6947/4275
f 5066/6852/4197 5077/6864/4211 5078/6865/4289 5056/6841/4290 5034/6817/4186 5033/6816/4152 5045/6829/4169 5055/6840/4185
f 5143/6948/4280 5153/6959/4291 5154/6960/4292 5144/6949/4281
f 5144/6949/4281 5154/6960/4292 5145/6950/3973 5135/6939/3956
f 5145/6950/3973 5155/6961/3986 5156/6962/4293 5146/6951/4282
f 5146/6951/4282 5156/6962/4293 5157/6963/4294 5147/6952/4283
f 5148/6953/4179 5159/6965/4178 5160/6966/4295 5149/6954/4287
f 5149/6954/4287 5160/6966/4295 5161/6967/4296 5150/6955/3967
f 5150/6956/3967 5161/6968/4296 5162/6969/4297 5151/6957/4288
f 5151/6957/4288 5162/6969/4298 5163/6970/4273 5152/6958/4272
f 5153/6959/4291 5165/6972/4299 5166/6973/4300 5154/6960/4292
f 5154/6960/4292 5166/6973/4300 5155/6961/3986 5145/6950/3973
f 5155/6961/3986 5167/6974/4002 5168/6975/4301 5156/6962/4293
f 5156/6962/4293 5168/6975/4301 5169/6976/4302 5157/6963/4294
f 5289/7107/4303 5290/7108/4304 5278/7095/4305 5268/7084/4306 5258/7073/4307 5257/7072/4308
f 5159/6965/4178 5170/6977/4177 5171/6978/4309 5160/6966/4295
f 5160/6966/4295 5171/6978/4309 5172/6979/3997 5161/6967/4296
f 5161/6968/4296 5172/6980/3997 5173/6981/4310 5162/6969/4297
f 5162/6969/4298 5173/6981/4310 5174/6982/4311 5163/6970/4273
f 4984/6762/4312 4994/6773/4312 5006/6786/4312 5016/6797/4313 5017/6798/4314 4995/6774/4231 4962/6738/4249 4961/6737/4248 4973/6750/4312
f 5165/6972/4299 5175/6983/4315 5176/6984/4316 5166/6973/4300
f 5166/6973/4300 5176/6984/4316 5167/6974/4002 5155/6961/3986
f 5167/6974/4002 5177/6985/4012 5178/6986/4317 5168/6975/4301
f 5168/6975/4301 5178/6986/4318 5179/6987/4319 5169/6976/4302
f 5170/6977/4177 5181/6989/4176 5182/6990/4320 5171/6978/4309
f 5171/6978/4309 5182/6990/4321 5183/6991/4007 5172/6979/3997
f 5172/6980/3997 5183/6992/4007 5184/6993/4322 5173/6981/4310
f 5173/6981/4310 5184/6993/4322 5185/6994/4323 5174/6982/4311
f 5175/6983/4315 5186/6995/4324 5187/6996/4324 5176/6984/4316
f 5176/6984/4316 5187/6996/4013 5177/6985/4012 5167/6974/4002
f 5177/6985/4012 5188/6997/4024 5189/6998/4023 5178/6986/4317
f 5178/6986/4318 5189/6998/4325 5190/6999/4326 5179/6987/4319
f 5181/6989/4176 5191/7000/4327 5192/7001/4328 5182/6990/4320
f 5182/6990/4321 5192/7001/4328 5193/7002/4018 5183/6991/4007
f 5183/6992/4007 5193/7003/4018 5194/7004/4329 5184/6993/4322
f 5184/6993/4322 5194/7004/4330 5195/7005/4331 5185/6994/4323
f 4867/6635/3943 4878/6647/3959 4879/6648/4153 4868/6636/4158 4846/6612/4204 4845/6611/3924 4856/6623/3923
f 5017/6798/4314 5040/6823/3938 5041/6824/3937 5029/6811/4147 5018/6799/4137 5007/6787/4122 4996/6775/4109 4995/6774/4231
f 5186/6995/4324 5197/7007/4332 5198/7008/4333 5187/6996/4324
f 5187/6996/4013 5198/7008/4333 5188/6997/4024 5177/6985/4012
f 5188/6997/4024 5199/7009/4039 5200/7010/4334 5189/6998/4023
f 5189/6998/4325 5200/7010/4334 5201/7011/4335 5190/6999/4326
f 4929/6702/3910 4951/6726/4232 4952/6727/4047 4940/6714/4036 4930/6703/4021
f 5191/7000/4327 5202/7012/4336 5203/7013/4337 5192/7001/4328
f 5192/7001/4328 5203/7013/4337 5204/7014/4029 5193/7002/4018
f 5193/7003/4018 5204/7015/4029 5205/7016/4338 5194/7004/4329
f 5194/7004/4330 5205/7016/4338 5206/7017/4339 5195/7005/4331
f 5267/7083/4340 5277/7094/4340 5288/7106/4224 5289/7107/4223 5257/7072/4341 5256/7071/4341
f 5197/7007/4332 5208/7019/4342 5209/7020/4343 5198/7008/4333
f 5198/7008/4333 5209/7020/4343 5199/7009/4039 5188/6997/4024
f 5199/7009/4039 5210/7021/4050 5211/7022/4344 5200/7010/4334
f 5200/7010/4334 5211/7022/4344 5212/7023/4345 5201/7011/4335
f 5202/7012/4336 5214/7025/4346 5215/7026/4347 5203/7013/4337
f 5203/7013/4337 5215/7026/4347 5216/7027/4044 5204/7014/4029
f 5204/7015/4029 5216/7028/4044 5217/7029/4348 5205/7016/4338
f 5205/7016/4338 5217/7029/4348 5218/7030/4349 5206/7017/4339
f 5208/7019/4342 5220/7032/4350 5221/7033/4351 5209/7020/4343
f 5209/7020/4343 5221/7033/4351 5210/7021/4050 5199/7009/4039
f 5210/7021/4050 5222/7034/4067 5223/7035/4352 5211/7022/4344
f 5211/7022/4344 5223/7035/4352 5224/7036/4353 5212/7023/4345
f 5245/7059/4354 5256/7071/4341 5257/7072/4341 5225/7037/4355 5213/7024/4356 5212/7023/4357 5224/7036/4354 5235/7048/4354
f 5214/7025/4346 5226/7038/4358 5227/7039/4359 5215/7026/4347
f 5215/7026/4347 5227/7039/4360 5228/7040/4062 5216/7027/4044
f 5216/7028/4044 5228/7041/4062 5229/7042/4361 5217/7029/4348
f 5217/7029/4348 5229/7042/4361 5230/7043/4362 5218/7030/4349
f 5180/6988/4175 5213/7024/4356 5225/7037/4355 5226/7038/4358 5214/7025/4346 5202/7012/4336 5191/7000/4327 5181/6989/4176
f 5220/7032/4350 5231/7044/4363 5232/7045/4363 5221/7033/4351
f 5221/7033/4351 5232/7045/4068 5222/7034/4067 5210/7021/4050
f 5222/7034/4067 5233/7046/4081 5234/7047/4364 5223/7035/4352
f 5223/7035/4352 5234/7047/4365 5235/7048/4365 5224/7036/4353
f 5226/7038/4358 5236/7049/4366 5237/7050/4367 5227/7039/4359
f 5227/7039/4360 5237/7050/4367 5238/7051/4073 5228/7040/4062
f 5228/7041/4062 5238/7052/4073 5239/7053/4368 5229/7042/4361
f 5229/7042/4361 5239/7053/4368 5240/7054/4369 5230/7043/4362
f 5088/6876/4221 5099/6888/4237 5110/6910/4246 5120/6923/4258 5131/6935/4266 5132/6936/4274 5089/6877/4370 5078/6865/4289 5077/6864/4211
f 5231/7044/4363 5241/7055/4371 5242/7056/4372 5232/7045/4363
f 5232/7045/4068 5242/7056/4372 5233/7046/4081 5222/7034/4067
f 5233/7046/4081 5243/7057/4098 5244/7058/4373 5234/7047/4364
f 5234/7047/4365 5244/7058/4373 5245/7059/4374 5235/7048/4365
f 5236/7049/4366 5246/7060/4375 5247/7061/4376 5237/7050/4367
f 5237/7050/4367 5247/7061/4376 5248/7062/4086 5238/7051/4073
f 5238/7052/4073 5248/7063/4086 5249/7064/4377 5239/7053/4368
f 5239/7053/4368 5249/7064/4378 5250/7065/4379 5240/7054/4369
f 5241/7055/4371 5252/7067/4380 5253/7068/4381 5242/7056/4372
f 5242/7056/4372 5253/7068/4381 5243/7057/4098 5233/7046/4081
f 5243/7057/4098 5254/7069/4112 5255/7070/4382 5244/7058/4373
f 5244/7058/4373 5255/7070/4382 5256/7071/4383 5245/7059/4374
f 5094/6882/4384 5104/6896/4095 5105/6898/4094 5072/6858/3933 5071/6857/4385 5083/6870/4384
f 5246/7060/4375 5258/7073/4307 5259/7074/4386 5247/7061/4376
f 5247/7061/4376 5259/7074/4107 5260/7075/4106 5248/7062/4086
f 5248/7063/4086 5260/7076/4106 5261/7077/4387 5249/7064/4377
f 5249/7064/4378 5261/7077/4387 5262/7078/4388 5250/7065/4379
f 5252/7067/4380 5263/7079/4389 5264/7080/4390 5253/7068/4381
f 5253/7068/4381 5264/7080/4390 5254/7069/4112 5243/7057/4098
f 5254/7069/4112 5265/7081/4124 5266/7082/4391 5255/7070/4382
f 5255/7070/4382 5266/7082/4391 5267/7083/4392 5256/7071/4383
f 4868/6636/4158 4869/6637/4157 4857/6624/4393 4847/6613/4393 5362/7187/4393 5351/7175/4128 5350/7174/4127 4846/6612/4204
f 5258/7073/4307 5268/7084/4306 5269/7085/4394 5259/7074/4386
f 5259/7074/4107 5269/7085/4394 5270/7086/4118 5260/7075/4106
f 5260/7076/4106 5270/7087/4118 5271/7088/4395 5261/7077/4387
f 5261/7077/4387 5271/7088/4395 5272/7089/4396 5262/7078/4388
f 5263/7079/4389 5273/7090/4397 5274/7091/4397 5264/7080/4390
f 5264/7080/4390 5274/7091/4398 5265/7081/4124 5254/7069/4112
f 5265/7081/4124 5275/7092/4139 5276/7093/4399 5266/7082/4391
f 5266/7082/4391 5276/7093/4399 5277/7094/4400 5267/7083/4392
f 5268/7084/4306 5278/7095/4305 5279/7096/4401 5269/7085/4394
f 5269/7085/4394 5279/7096/4401 5280/7097/4134 5270/7086/4118
f 5270/7087/4118 5280/7098/4134 5281/7099/4402 5271/7088/4395
f 5271/7088/4395 5281/7099/4402 5282/7100/4403 5272/7089/4396
f 4885/6654/3911 4886/6655/3970 4874/6642/3954 4863/6630/4404 4852/6618/3914 4841/6606/3913 4840/6605/3990 4862/6629/4405
f 5273/7090/4397 5284/7102/4406 5285/7103/4407 5274/7091/4397
f 5274/7091/4398 5285/7103/4407 5275/7092/4139 5265/7081/4124
f 5275/7092/4139 5286/7104/4149 5287/7105/4408 5276/7093/4399
f 5276/7093/4399 5287/7105/4408 5288/7106/4409 5277/7094/4400
f 5225/7037/4355 5257/7072/4308 5258/7073/4307 5246/7060/4375 5236/7049/4366 5226/7038/4358
f 5174/6982/4311 5185/6994/4323 5195/7005/4331 5196/7006/4410 5164/6971/4076 5163/6970/4273
f 5278/7095/4305 5290/7108/4304 5291/7109/4411 5279/7096/4401
f 5279/7096/4401 5291/7109/4412 5292/7110/4144 5280/7097/4134
f 5280/7098/4134 5292/7111/4144 5293/7112/4413 5281/7099/4402
f 5281/7099/4402 5293/7112/4414 5294/7113/4057 5282/7100/4403
f 5284/7102/4406 5296/7115/4415 5297/7116/4416 5285/7103/4407
f 5285/7103/4407 5297/7116/4416 5286/7104/4149 5275/7092/4139
f 5286/7104/4149 5298/7117/4167 5299/7118/4417 5287/7105/4408
f 5287/7105/4408 5299/7118/4417 5300/7119/4418 5288/7106/4409
f 5179/6987/4419 5190/6999/4419 5201/7011/4419 5212/7023/4357 5213/7024/4356 5180/6988/4175 5158/6964/4092 5157/6963/4091 5169/6976/4419
f 5290/7108/4304 5301/7120/4420 5302/7121/4421 5291/7109/4411
f 5291/7109/4412 5302/7121/4421 5303/7122/4161 5292/7110/4144
f 5292/7111/4144 5303/7123/4161 5304/7124/4422 5293/7112/4413
f 5293/7112/4414 5304/7124/4422 5305/7125/4058 5294/7113/4057
f 5322/7143/4423 5333/7155/3994 5334/7156/3993 5323/7144/4424 5311/7131/4425 5301/7120/4420 5290/7108/4304 5289/7107/4303
f 5296/7115/4415 5306/7126/4426 5307/7127/4427 5297/7116/4416
f 5297/7116/4416 5307/7127/4427 5298/7117/4167 5286/7104/4149
f 5298/7117/4167 5308/7128/4183 5309/7129/4428 5299/7118/4417
f 5299/7118/4417 5309/7129/4428 5310/7130/4429 5300/7119/4418
f 5301/7120/4420 5311/7131/4425 5312/7132/4430 5302/7121/4421
f 5302/7121/4421 5312/7132/4430 5313/7133/4172 5303/7122/4161
f 5303/7123/4161 5313/7134/4172 5314/7135/4431 5304/7124/4422
f 5304/7124/4422 5314/7135/4431 5315/7136/4432 5305/7125/4058
f 5306/7126/4426 5317/7138/4131 5318/7139/4433 5307/7127/4427
f 5307/7127/4427 5318/7139/4434 5308/7128/4183 5298/7117/4167
f 5308/7128/4183 5319/7140/4195 5320/7141/4435 5309/7129/4428
f 5309/7129/4428 5320/7141/4435 5321/7142/4436 5310/7130/4429
f 5034/6817/4186 5056/6841/4290 5057/6842/4437 5046/6830/4438 5035/6818/4438 5024/6806/4285 5023/6805/4187
f 5311/7131/4425 5323/7144/4424 5324/7145/4439 5312/7132/4430
f 5312/7132/4430 5324/7145/4439 5325/7146/4191 5313/7133/4172
f 5313/7134/4172 5325/7147/4191 5326/7148/4440 5314/7135/4431
f 5314/7135/4431 5326/7148/4440 5327/7149/4053 5315/7136/4432
f 5078/6865/4289 5089/6877/3960 5090/6878/3964 5079/6866/4441 5067/6853/4441 5057/6842/4437 5056/6841/4290
f 5317/7138/4131 5328/7150/4130 5329/7151/4442 5318/7139/4433
f 5318/7139/4434 5329/7151/4443 5319/7140/4195 5308/7128/4183
f 5319/7140/4195 5330/7152/4208 5331/7153/4444 5320/7141/4435
f 5320/7141/4435 5331/7153/4444 5332/7154/4445 5321/7142/4436
f 5206/7017/4339 5218/7030/4349 5230/7043/4362 5240/7054/4369 5250/7065/4379 5251/7066/4446 5219/7031/4447 5207/7018/3948 5196/7006/4410 5195/7005/4331
f 5323/7144/4424 5334/7156/3993 5335/7157/4448 5324/7145/4439
f 5324/7145/4439 5335/7157/4449 5336/7158/4200 5325/7146/4191
f 5325/7147/4191 5336/7159/4200 5337/7160/4450 5326/7148/4440
f 5326/7148/4440 5337/7160/4451 5338/7161/4054 5327/7149/4053
f 5262/7078/4388 5272/7089/4396 5282/7100/4403 5294/7113/4057 5295/7114/3977 5283/7101/4452 5251/7066/4446 5250/7065/4379
f 5328/7150/4130 5340/7163/4453 5341/7164/4454 5329/7151/4442
f 5329/7151/4443 5341/7164/4454 5330/7152/4208 5319/7140/4195
f 5330/7152/4208 5342/7165/4219 5343/7166/4455 5331/7153/4444
f 5331/7153/4444 5343/7166/4455 5344/7167/4456 5332/7154/4445
f 5334/7156/3993 5345/7168/3992 5346/7169/4457 5335/7157/4448
f 5335/7157/4449 5346/7169/4457 5347/7170/4214 5336/7158/4200
f 5336/7159/4200 5347/7171/4214 5348/7172/4458 5337/7160/4450
f 5337/7160/4451 5348/7172/4458 5349/7173/4205 5338/7161/4054
f 5340/7163/4453 5351/7175/4459 5352/7176/4460 5341/7164/4454
f 5341/7164/4454 5352/7176/4460 5342/7165/4219 5330/7152/4208
f 5342/7165/4219 5353/7177/4235 5354/7178/4461 5343/7166/4455
f 5343/7166/4455 5354/7178/4461 5355/7179/4462 5344/7167/4456
f 5355/7179/4033 4839/6604/4463 4851/6617/4463 4861/6628/4463 4873/6641/4463 4884/6653/3912 4885/6654/3911 4862/6629/4405 4840/6605/3990 5356/7180/3989
f 5345/7168/3992 5357/7181/3991 5358/7182/4464 5346/7169/4457
f 5346/7169/4457 5358/7182/4464 5359/7183/4227 5347/7170/4214
f 5347/7171/4214 5359/7184/4227 5360/7185/4465 5348/7172/4458
f 5348/7172/4458 5360/7185/4465 5361/7186/4203 5349/7173/4205
f 5028/6810/4466 5039/6822/4466 5050/6834/4466 5061/6846/4466 5071/6857/4385 5072/6858/3933 5040/6823/3938 5017/6798/4314 5016/6797/4313
f 5196/7006/4410 5207/7018/3948 5208/7019/3947 5197/7007/4467 5186/6995/4467 5175/6983/4467 5165/6972/4077 5164/6971/4076
f 5351/7175/4459 5362/7187/4468 5363/7188/4469 5352/7176/4460
f 5352/7176/4460 5363/7188/4469 5353/7177/4235 5342/7165/4219
f 5353/7177/4235 4837/6602/3901 4838/6603/3904 5354/7178/4461
f 5354/7178/4461 4838/6603/3904 4839/6604/3907 5355/7179/4462
f 5357/7181/3991 4841/6606/3913 4842/6607/3916 5358/7182/4464
f 5358/7182/4464 4842/6607/3917 4843/6608/3919 5359/7183/4227
f 5359/7184/4227 4843/6609/3919 4844/6610/3921 5360/7185/4465
f 5360/7185/4465 4844/6610/3922 4845/6611/3924 5361/7186/4203
f 5362/7187/4468 4847/6613/3925 4848/6614/3925 5363/7188/4469
f 5363/7188/4469 4848/6614/3928 4837/6602/3901 5353/7177/4235
o Torus.004
v -0.313418 2.050553 -1.049732
v -0.314529 2.054593 -1.050674
v -0.317566 2.057550 -1.051364
v -0.321659 2.058357 -1.051558
v -0.325802 2.057344 -1.051323
v -0.328899 2.054593 -1.050674
v -0.330011 2.050553 -1.049732
v -0.328899 2.046513 -1.048790
v -0.325822 2.043693 -1.048132
v -0.321709 2.042768 -1.047917
v -0.317594 2.043669 -1.048127
v -0.314529 2.046513 -1.048790
v -0.314411 2.047109 -1.064497
v -0.315513 2.051182 -1.065298
v -0.318561 2.054080 -1.065559
v -0.326766 2.054532 -1.064555
v -0.329760 2.051608 -1.063471
v -0.330862 2.047601 -1.062387
v -0.329760 2.043528 -1.061586
v -0.326768 2.040420 -1.061265
v -0.318535 2.040277 -1.062347
v -0.315513 2.043102 -1.063413
v -0.317376 2.043725 -1.079008
v -0.318449 2.047830 -1.079671
v -0.321419 2.050816 -1.079552
v -0.325534 2.052284 -1.078765
v -0.329436 2.051590 -1.077525
v -0.332329 2.048674 -1.076048
v -0.333403 2.044700 -1.074826
v -0.332329 2.040595 -1.074164
v -0.329414 2.037398 -1.074222
v -0.325371 2.035864 -1.074972
v -0.321336 2.036775 -1.076293
v -0.318449 2.039750 -1.077786
v -0.322259 2.040457 -1.093019
v -0.323286 2.044593 -1.093547
v -0.326092 2.047814 -1.093105
v -0.333773 2.048592 -1.090022
v -0.336562 2.045842 -1.088192
v -0.337589 2.041899 -1.086835
v -0.336562 2.037762 -1.086307
v -0.333704 2.034739 -1.086826
v -0.329884 2.033399 -1.088138
v -0.326104 2.033876 -1.089848
v -0.323286 2.036513 -1.091663
v -0.328979 2.037361 -1.106290
v -0.329942 2.041528 -1.106690
v -0.332503 2.045144 -1.106004
v -0.336055 2.046390 -1.104188
v -0.339678 2.045472 -1.101842
v -0.342386 2.043159 -1.099693
v -0.343349 2.039246 -1.098210
v -0.342386 2.035080 -1.097809
v -0.339770 2.031724 -1.098575
v -0.332584 2.030891 -1.102644
v -0.329942 2.033448 -1.104806
v -0.337420 2.034492 -1.118592
v -0.338302 2.038686 -1.118875
v -0.340717 2.042026 -1.117750
v -0.344082 2.043800 -1.115495
v -0.347308 2.043273 -1.112846
v -0.349702 2.040673 -1.110356
v -0.350584 2.036787 -1.108755
v -0.349702 2.032593 -1.108472
v -0.347326 2.029087 -1.109526
v -0.344012 2.027205 -1.111704
v -0.340676 2.027867 -1.114487
v -0.338302 2.030606 -1.116991
v -0.347437 2.031898 -1.129716
v -0.348223 2.036116 -1.129893
v -0.350387 2.039461 -1.128452
v -0.356274 2.041050 -1.122777
v -0.358384 2.038424 -1.119998
v -0.359170 2.034563 -1.118290
v -0.358384 2.030344 -1.118113
v -0.356251 2.026846 -1.119491
v -0.350377 2.025611 -1.125229
v -0.348223 2.028036 -1.128009
v -0.358860 2.029622 -1.139472
v -0.359537 2.033862 -1.139555
v -0.361392 2.037330 -1.137884
v -0.366451 2.038925 -1.131488
v -0.368285 2.036452 -1.128453
v -0.368961 2.032612 -1.126652
v -0.368285 2.028372 -1.126568
v -0.366387 2.025124 -1.128350
v -0.363877 2.023485 -1.131327
v -0.361402 2.023490 -1.134640
v -0.359537 2.025783 -1.137671
v -0.371493 2.027705 -1.147692
v -0.372049 2.031963 -1.147697
v -0.373543 2.035695 -1.145903
v -0.375604 2.037419 -1.142625
v -0.377674 2.036959 -1.138831
v -0.379234 2.034790 -1.135578
v -0.379789 2.030969 -1.133698
v -0.379234 2.026710 -1.133693
v -0.377722 2.023104 -1.135536
v -0.373573 2.021568 -1.142563
v -0.372049 2.023884 -1.145813
v -0.385119 2.026178 -1.154236
v -0.385545 2.030452 -1.154179
v -0.386711 2.033995 -1.152111
v -0.389887 2.035833 -1.144670
v -0.391044 2.033467 -1.141249
v -0.391469 2.029660 -1.139307
v -0.391044 2.025388 -1.139365
v -0.389898 2.021667 -1.141339
v -0.388294 2.019487 -1.144794
v -0.386685 2.019848 -1.148867
v -0.385545 2.022372 -1.152294
v -0.399506 2.025069 -1.158992
v -0.399794 2.029353 -1.158889
v -0.400584 2.032925 -1.156697
v -0.401660 2.034759 -1.153049
v -0.402724 2.034602 -1.148936
v -0.403513 2.032506 -1.145372
v -0.403801 2.028710 -1.143384
v -0.403513 2.024426 -1.143487
v -0.402734 2.020751 -1.145626
v -0.400583 2.019040 -1.153458
v -0.399794 2.021273 -1.157005
v -0.414407 2.024396 -1.161879
v -0.414553 2.028686 -1.161748
v -0.414951 2.032568 -1.159621
v -0.415493 2.034719 -1.155840
v -0.416032 2.034260 -1.151489
v -0.416428 2.031922 -1.147873
v -0.416573 2.028133 -1.145858
v -0.416428 2.023843 -1.145989
v -0.416017 2.020392 -1.148336
v -0.415478 2.018481 -1.152100
v -0.414952 2.018390 -1.156241
v -0.414553 2.020607 -1.159863
v -0.429568 2.024170 -1.162847
v -0.429568 2.028462 -1.162706
v -0.429568 2.032109 -1.160439
v -0.429568 2.034154 -1.152343
v -0.429568 2.031726 -1.148712
v -0.429568 2.027939 -1.146688
v -0.429568 2.023647 -1.146828
v -0.429567 2.019943 -1.149063
v -0.429571 2.017703 -1.152838
v -0.429573 2.017911 -1.157175
v -0.429568 2.020383 -1.160822
v -0.444729 2.024396 -1.161879
v -0.444584 2.028686 -1.161748
v -0.444181 2.032198 -1.159445
v -0.443104 2.034260 -1.151489
v -0.442708 2.031922 -1.147873
v -0.442563 2.028133 -1.145858
v -0.442708 2.023843 -1.145989
v -0.443103 2.020144 -1.148199
v -0.444185 2.018378 -1.156242
v -0.444584 2.020607 -1.159863
v -0.459630 2.025069 -1.158992
v -0.459342 2.029353 -1.158889
v -0.458550 2.032847 -1.156662
v -0.457498 2.034476 -1.153000
v -0.456430 2.034488 -1.148938
v -0.455623 2.032506 -1.145372
v -0.455335 2.028710 -1.143384
v -0.455623 2.024426 -1.143487
v -0.456419 2.020931 -1.145724
v -0.457484 2.019104 -1.149378
v -0.458549 2.019101 -1.153458
v -0.459342 2.021273 -1.157005
v -0.474017 2.026178 -1.154236
v -0.473592 2.030452 -1.154179
v -0.472429 2.034046 -1.152136
v -0.469246 2.035846 -1.144670
v -0.468092 2.033467 -1.141249
v -0.467667 2.029660 -1.139307
v -0.468092 2.025388 -1.139365
v -0.469247 2.021735 -1.141377
v -0.472427 2.020097 -1.148872
v -0.473592 2.022372 -1.152294
v -0.487643 2.027705 -1.147692
v -0.487088 2.031963 -1.147697
v -0.485608 2.035874 -1.145978
v -0.483504 2.037921 -1.142712
v -0.481400 2.037293 -1.138825
v -0.479903 2.034790 -1.135578
v -0.479347 2.030969 -1.133698
v -0.479903 2.026710 -1.133693
v -0.481413 2.023098 -1.135534
v -0.483502 2.020985 -1.138765
v -0.485589 2.021320 -1.142558
v -0.487088 2.023884 -1.145813
v -0.500276 2.029622 -1.139472
v -0.499599 2.033862 -1.139555
v -0.497751 2.037367 -1.137899
v -0.492692 2.038921 -1.131487
v -0.490851 2.036452 -1.128453
v -0.490175 2.032612 -1.126652
v -0.490851 2.028372 -1.126569
v -0.492742 2.025062 -1.128315
v -0.495259 2.023336 -1.131281
v -0.497741 2.023429 -1.134637
v -0.499599 2.025783 -1.137671
v -0.511699 2.031898 -1.129716
v -0.510913 2.036116 -1.129893
v -0.508743 2.039430 -1.128441
v -0.505821 2.040956 -1.125816
v -0.502949 2.040655 -1.122780
v -0.500752 2.038424 -1.119998
v -0.499966 2.034563 -1.118290
v -0.500752 2.030344 -1.118113
v -0.502886 2.026846 -1.119491
v -0.508756 2.025623 -1.125230
v -0.510913 2.028036 -1.128009
v -0.521716 2.034492 -1.118592
v -0.520835 2.038686 -1.118875
v -0.518403 2.041932 -1.117714
v -0.511820 2.043285 -1.112848
v -0.509434 2.040673 -1.110356
v -0.508552 2.036787 -1.108755
v -0.509434 2.032593 -1.108472
v -0.511810 2.029087 -1.109526
v -0.515116 2.027267 -1.111706
v -0.518453 2.027927 -1.114489
v -0.520835 2.030606 -1.116991
v -0.530157 2.037361 -1.106290
v -0.529195 2.041528 -1.106690
v -0.526565 2.044830 -1.105902
v -0.519357 2.045846 -1.101863
v -0.516750 2.043159 -1.099693
v -0.515787 2.039246 -1.098210
v -0.516750 2.035080 -1.097809
v -0.519366 2.031724 -1.098575
v -0.526552 2.030891 -1.102644
v -0.529195 2.033448 -1.104806
v -0.536877 2.040457 -1.093019
v -0.535850 2.044593 -1.093547
v -0.533088 2.048053 -1.093192
v -0.529299 2.049184 -1.091817
v -0.525494 2.048195 -1.089960
v -0.522574 2.045842 -1.088192
v -0.521547 2.041899 -1.086835
v -0.522574 2.037762 -1.086307
v -0.525567 2.034983 -1.086889
v -0.529338 2.033542 -1.088174
v -0.533032 2.033876 -1.089848
v -0.535850 2.036513 -1.091663
v -0.541761 2.043725 -1.079008
v -0.540687 2.047830 -1.079671
v -0.537745 2.050922 -1.079583
v -0.529732 2.051476 -1.077508
v -0.526807 2.048674 -1.076048
v -0.525733 2.044700 -1.074826
v -0.526807 2.040595 -1.074164
v -0.529728 2.037435 -1.074233
v -0.533639 2.035832 -1.074962
v -0.537786 2.036806 -1.076300
v -0.540687 2.039750 -1.077786
v -0.544725 2.047109 -1.064497
v -0.543623 2.051182 -1.065298
v -0.540603 2.054186 -1.065589
v -0.532317 2.054675 -1.064589
v -0.529376 2.051608 -1.063471
v -0.528274 2.047601 -1.062387
v -0.529376 2.043528 -1.061586
v -0.532265 2.040234 -1.061217
v -0.540607 2.040264 -1.062344
v -0.543623 2.043102 -1.063413
v -0.545718 2.050553 -1.049732
v -0.544607 2.054593 -1.050674
v -0.541622 2.057797 -1.051411
v -0.537356 2.059085 -1.051703
v -0.533204 2.057749 -1.051406
v -0.530237 2.054593 -1.050674
v -0.529126 2.050553 -1.049732
v -0.530237 2.046513 -1.048790
v -0.533152 2.043309 -1.048035
v -0.541556 2.043637 -1.048119
v -0.544607 2.046513 -1.048790
v -0.544725 2.053996 -1.034968
v -0.543623 2.058003 -1.036051
v -0.540612 2.060870 -1.037127
v -0.532379 2.060647 -1.038187
v -0.529376 2.057577 -1.037878
v -0.528274 2.053504 -1.037077
v -0.529376 2.049498 -1.035994
v -0.532375 2.046606 -1.034911
v -0.540607 2.046905 -1.033870
v -0.543623 2.049924 -1.034167
v -0.541761 2.057381 -1.020456
v -0.540687 2.061355 -1.021678
v -0.537725 2.063996 -1.023112
v -0.533870 2.064259 -1.024235
v -0.529896 2.063168 -1.025070
v -0.526807 2.060511 -1.025301
v -0.525733 2.056406 -1.024638
v -0.526807 2.052431 -1.023416
v -0.529926 2.050059 -1.022050
v -0.533824 2.048979 -1.020708
v -0.537782 2.049987 -1.019828
v -0.540687 2.053276 -1.019794
v -0.536877 2.060649 -1.006445
v -0.535850 2.064592 -1.007802
v -0.533016 2.067147 -1.009601
v -0.525373 2.066586 -1.012725
v -0.522574 2.063343 -1.013157
v -0.521547 2.059206 -1.012629
v -0.522574 2.055263 -1.011273
v -0.525355 2.052496 -1.009447
v -0.533036 2.053334 -1.006374
v -0.535850 2.056512 -1.005917
v -0.530157 2.063744 -0.993175
v -0.529195 2.067657 -0.994659
v -0.526565 2.070270 -0.996827
v -0.519322 2.069517 -1.000951
v -0.516750 2.066025 -1.001656
v -0.515787 2.061860 -1.001255
v -0.516750 2.057946 -0.999771
v -0.519355 2.055260 -0.997598
v -0.526556 2.056319 -0.993577
v -0.529195 2.059578 -0.992774
v -0.521716 2.066613 -0.980873
v -0.520835 2.070499 -0.982474
v -0.518488 2.073419 -0.985004
v -0.515107 2.074163 -0.987832
v -0.511786 2.072079 -0.989966
v -0.509434 2.068512 -0.990993
v -0.508552 2.064319 -0.990710
v -0.509434 2.060433 -0.989109
v -0.511899 2.058086 -0.986619
v -0.515140 2.057324 -0.983883
v -0.518453 2.058873 -0.981633
v -0.520835 2.062420 -0.980589
v -0.511699 2.069208 -0.969748
v -0.510913 2.073069 -0.971456
v -0.508766 2.075539 -0.974237
v -0.502892 2.074228 -0.979960
v -0.500752 2.070761 -0.981351
v -0.499966 2.066543 -0.981175
v -0.500752 2.062682 -0.979467
v -0.502881 2.060136 -0.976690
v -0.508760 2.061581 -0.970988
v -0.510913 2.064990 -0.969572
v -0.500276 2.071483 -0.959993
v -0.499599 2.075323 -0.961794
v -0.497734 2.077592 -0.964822
v -0.495293 2.077492 -0.968097
v -0.492792 2.075863 -0.971052
v -0.490852 2.072733 -0.972896
v -0.490175 2.068493 -0.972813
v -0.490852 2.064654 -0.971012
v -0.492682 2.062168 -0.967979
v -0.497737 2.063838 -0.961608
v -0.499599 2.067243 -0.959909
v -0.487643 2.073401 -0.951772
v -0.487088 2.077222 -0.953652
v -0.485552 2.079440 -0.956896
v -0.481413 2.078005 -0.963933
v -0.479903 2.074395 -0.965771
v -0.479347 2.070137 -0.965767
v -0.479903 2.066315 -0.963887
v -0.481459 2.064301 -0.960612
v -0.483497 2.064069 -0.956906
v -0.485564 2.065624 -0.953654
v -0.487088 2.069142 -0.951768
v -0.474017 2.074927 -0.945228
v -0.473592 2.078733 -0.947170
v -0.472429 2.081053 -0.950592
v -0.469235 2.079450 -0.958139
v -0.468092 2.075718 -0.960100
v -0.467667 2.071445 -0.960157
v -0.468092 2.067638 -0.958215
v -0.469253 2.065294 -0.954795
v -0.470850 2.064864 -0.950745
v -0.472449 2.066838 -0.947229
v -0.473592 2.070654 -0.945286
v -0.459630 2.076036 -0.940472
v -0.459342 2.079832 -0.942460
v -0.458579 2.082439 -0.946018
v -0.457484 2.082691 -0.950252
v -0.456401 2.080359 -0.953844
v -0.455623 2.076679 -0.955977
v -0.455335 2.072396 -0.956081
v -0.455623 2.068600 -0.954093
v -0.456397 2.066104 -0.950562
v -0.457453 2.065874 -0.946494
v -0.458555 2.068165 -0.942760
v -0.459342 2.071753 -0.940575
v -0.444729 2.076710 -0.937586
v -0.444584 2.080499 -0.939601
v -0.444187 2.082732 -0.943222
v -0.443663 2.082697 -0.947412
v -0.443123 2.080680 -0.951094
v -0.442708 2.077263 -0.953476
v -0.442563 2.072973 -0.953607
v -0.442708 2.069183 -0.951591
v -0.443092 2.066705 -0.947985
v -0.444184 2.068876 -0.940005
v -0.444584 2.072419 -0.937717
v -0.429568 2.076935 -0.936618
v -0.429568 2.080723 -0.938643
v -0.429568 2.082882 -0.942288
v -0.429570 2.081170 -0.950413
v -0.429568 2.077459 -0.952637
v -0.429568 2.073166 -0.952777
v -0.429568 2.069379 -0.950752
v -0.429567 2.067087 -0.947107
v -0.429567 2.069032 -0.939043
v -0.429568 2.072643 -0.936758
v -0.414407 2.076710 -0.937586
v -0.414553 2.080499 -0.939601
v -0.414949 2.082732 -0.943222
v -0.416034 2.080969 -0.951277
v -0.416428 2.077263 -0.953476
v -0.416573 2.072973 -0.953607
v -0.416428 2.069183 -0.951591
v -0.416026 2.067324 -0.947937
v -0.415487 2.066961 -0.943633
v -0.414942 2.068557 -0.939856
v -0.414553 2.072419 -0.937717
v -0.399506 2.076036 -0.940472
v -0.399794 2.079832 -0.942460
v -0.400574 2.082307 -0.946011
v -0.401655 2.082363 -0.950166
v -0.402709 2.080137 -0.953703
v -0.403513 2.076679 -0.955977
v -0.403801 2.072396 -0.956081
v -0.403513 2.068600 -0.954093
v -0.402735 2.066244 -0.950552
v -0.400583 2.068166 -0.942759
v -0.399794 2.071753 -0.940575
v -0.385119 2.074927 -0.945228
v -0.385545 2.078733 -0.947170
v -0.386711 2.081008 -0.950590
v -0.389894 2.079378 -0.958098
v -0.391044 2.075718 -0.960100
v -0.391469 2.071445 -0.960157
v -0.391044 2.067638 -0.958215
v -0.389902 2.065159 -0.954805
v -0.386716 2.067158 -0.947373
v -0.385545 2.070654 -0.945286
v -0.371493 2.073401 -0.951772
v -0.372049 2.077222 -0.953652
v -0.373571 2.079536 -0.956901
v -0.377728 2.078015 -0.963941
v -0.379234 2.074395 -0.965771
v -0.379789 2.070137 -0.965767
v -0.379234 2.066315 -0.963887
v -0.377723 2.063891 -0.960641
v -0.375684 2.063602 -0.956972
v -0.373570 2.065624 -0.953656
v -0.372049 2.069142 -0.951768
v -0.358860 2.071483 -0.959993
v -0.359537 2.075323 -0.961794
v -0.361371 2.077856 -0.964838
v -0.363886 2.077973 -0.968246
v -0.366378 2.076009 -0.971120
v -0.368285 2.072733 -0.972896
v -0.368961 2.068493 -0.972813
v -0.368285 2.064654 -0.971012
v -0.366382 2.062549 -0.967970
v -0.363830 2.061910 -0.964427
v -0.361333 2.063430 -0.961440
v -0.359537 2.067243 -0.959909
v -0.347438 2.069208 -0.969748
v -0.348223 2.073069 -0.971456
v -0.350378 2.075494 -0.974233
v -0.356254 2.074263 -0.979976
v -0.358384 2.070761 -0.981351
v -0.359170 2.066543 -0.981175
v -0.358384 2.062682 -0.979467
v -0.356251 2.060154 -0.976683
v -0.350371 2.061545 -0.970973
v -0.348223 2.064990 -0.969571
v -0.337420 2.066613 -0.980873
v -0.338302 2.070499 -0.982474
v -0.340718 2.072992 -0.984960
v -0.347334 2.072031 -0.989948
v -0.349702 2.068512 -0.990993
v -0.350584 2.064319 -0.990710
v -0.349702 2.060433 -0.989109
v -0.347326 2.057755 -0.986612
v -0.344123 2.057382 -0.983995
v -0.340742 2.059189 -0.981756
v -0.338302 2.062420 -0.980589
v -0.328979 2.063744 -0.993175
v -0.329942 2.067657 -0.994659
v -0.332545 2.070401 -0.996843
v -0.336191 2.071078 -0.999173
v -0.339773 2.069385 -1.000893
v -0.342386 2.066025 -1.001656
v -0.343349 2.061860 -1.001255
v -0.342386 2.057946 -0.999771
v -0.339770 2.055276 -0.997600
v -0.332603 2.056422 -0.993619
v -0.329942 2.059578 -0.992774
v -0.322259 2.060649 -1.006445
v -0.323286 2.064592 -1.007802
v -0.326105 2.067230 -1.009615
v -0.329887 2.067734 -1.011332
v -0.333694 2.066351 -1.012628
v -0.336562 2.063343 -1.013157
v -0.337589 2.059206 -1.012629
v -0.336562 2.055263 -1.011273
v -0.333704 2.052781 -1.009470
v -0.329875 2.052128 -1.007691
v -0.326092 2.053291 -1.006359
v -0.323286 2.056512 -1.005917
v -0.317376 2.057381 -1.020456
v -0.318449 2.061355 -1.021679
v -0.321396 2.064079 -1.023125
v -0.329414 2.063707 -1.025243
v -0.332329 2.060511 -1.025301
v -0.333403 2.056406 -1.024638
v -0.332329 2.052431 -1.023416
v -0.329414 2.049590 -1.021950
v -0.325338 2.048388 -1.020537
v -0.321309 2.049816 -1.019765
v -0.318449 2.053276 -1.019794
v -0.314411 2.053996 -1.034968
v -0.315513 2.058003 -1.036051
v -0.318458 2.061142 -1.037195
v -0.322592 2.062199 -1.038004
v -0.326768 2.060685 -1.038200
v -0.329760 2.057577 -1.037878
v -0.330862 2.053504 -1.037077
v -0.329760 2.049498 -1.035994
v -0.326768 2.046568 -1.034907
v -0.318535 2.046919 -1.033873
v -0.315513 2.049924 -1.034167
vn 1.0000 -0.0000 -0.0000
vn 0.9914 -0.0296 -0.1271
vn 0.9577 0.2234 -0.1816
vn 0.8702 0.4793 -0.1146
vn 0.6837 0.6842 -0.2540
vn 0.6837 0.6842 -0.2539
vn 0.7115 0.6832 -0.1646
vn 0.1523 0.9155 -0.3724
vn 0.1146 0.9083 -0.4024
vn -0.0147 0.9760 -0.2171
vn -0.0162 0.9783 -0.2064
vn 0.1883 0.9285 -0.3200
vn -0.4940 0.8478 -0.1929
vn -0.4996 0.8596 -0.1076
vn -0.8560 0.5169 -0.0011
vn -0.6954 0.6998 -0.1634
vn -0.9659 0.2521 -0.0588
vn -0.9914 0.0296 0.1271
vn -1.0000 -0.0000 -0.0000
vn -0.8563 -0.4643 0.2262
vn -0.9659 -0.2521 0.0588
vn -0.7010 -0.6945 0.1620
vn -0.5050 -0.8195 0.2708
vn -0.5002 -0.8435 0.1956
vn 0.6954 -0.6998 0.1632
vn 0.7014 -0.7089 0.0744
vn 0.8614 -0.5078 0.0040
vn 0.9659 -0.2521 0.0588
vn 0.9659 -0.0588 -0.2521
vn 0.9330 0.1953 -0.3023
vn 0.6668 0.6649 -0.3365
vn 0.6668 0.6649 -0.3366
vn 0.0276 0.9723 -0.2322
vn 0.4702 0.8824 -0.0170
vn 0.4431 0.8938 0.0699
vn 0.4233 0.9000 0.1040
vn 0.3530 0.9233 0.1515
vn 0.0295 0.9826 -0.1832
vn -0.6971 0.7166 0.0247
vn -0.8390 0.5336 0.1064
vn -0.9659 0.0588 0.2521
vn -0.8344 -0.4418 0.3296
vn -0.4950 -0.8110 0.3119
vn 0.0239 -0.9058 0.4231
vn 0.0242 -0.9058 0.4231
vn -0.0285 -0.8982 0.4386
vn -0.0729 -0.9115 0.4049
vn -0.0087 -0.9848 0.1732
vn 0.6930 -0.7206 -0.0227
vn 0.8424 -0.5277 -0.1088
vn 0.9239 -0.0869 -0.3727
vn 0.8056 0.4039 -0.4335
vn 0.6610 0.6219 -0.4199
vn -0.4747 0.8797 -0.0260
vn -0.7987 0.5666 0.2025
vn -0.9239 0.0869 0.3727
vn -0.8924 -0.1681 0.4188
vn -0.6425 -0.6394 0.4223
vn -0.4540 -0.8035 0.3851
vn -0.1907 -0.9654 0.1779
vn -0.1759 -0.9484 0.2638
vn -0.1758 -0.9481 0.2648
vn -0.1795 -0.9575 0.2258
vn -0.1914 -0.9658 0.1751
vn 0.6532 -0.7497 -0.1063
vn 0.8023 -0.5576 -0.2129
vn 0.8660 -0.1136 -0.4869
vn 0.7583 0.3705 -0.5363
vn 0.6304 0.5848 -0.5105
vn -0.4292 0.9018 0.0510
vn -0.5959 0.7848 0.1704
vn -0.8365 0.3618 0.4116
vn -0.8660 0.1136 0.4869
vn -0.7464 -0.3917 0.5381
vn -0.4334 -0.7735 0.4624
vn 0.0766 -0.9105 0.4063
vn -0.0081 -0.9793 0.2021
vn 0.1328 -0.9165 0.3773
vn 0.6148 -0.7674 -0.1820
vn 0.7534 -0.5802 -0.3095
vn 0.7934 -0.1383 -0.5928
vn 0.6889 0.3586 -0.6299
vn 0.5620 0.5842 -0.5855
vn -0.4066 0.9020 0.1455
vn -0.6818 0.6120 0.4006
vn -0.7934 0.1383 0.5928
vn -0.6891 -0.3624 0.6275
vn -0.4147 -0.7591 0.5018
vn -0.0172 0.9695 -0.2443
vn -0.0287 0.9687 -0.2465
vn -0.5105 0.8156 -0.2723
vn -0.5018 0.8066 -0.3123
vn -0.4650 0.7937 -0.3922
vn -0.2763 0.8967 -0.3458
vn 0.5692 -0.7776 -0.2670
vn 0.6920 -0.5970 -0.4059
vn 0.7071 -0.1606 -0.6886
vn 0.6830 0.0969 -0.7239
vn 0.4926 0.5867 -0.6427
vn -0.3853 0.9040 0.1853
vn -0.6147 0.6209 0.4864
vn -0.7071 0.1606 0.6886
vn -0.6133 -0.3541 0.7060
vn -0.3787 -0.7590 0.5296
vn 0.4973 -0.8029 -0.3287
vn 0.6128 -0.6223 -0.4870
vn 0.6088 -0.1802 -0.7726
vn 0.5303 0.3260 -0.7826
vn 0.4333 0.5614 -0.7050
vn -0.3468 0.9147 0.2075
vn -0.5292 0.6446 0.5517
vn -0.6088 0.1802 0.7726
vn -0.5880 -0.0780 0.8051
vn -0.4199 -0.5809 0.6974
vn -0.2982 -0.7607 0.5765
vn 0.4234 -0.8251 -0.3741
vn 0.5880 -0.4261 -0.6875
vn 0.5000 -0.1967 -0.8434
vn 0.4359 0.3053 -0.8467
vn 0.3582 0.5380 -0.7630
vn -0.2660 0.9374 0.2247
vn -0.3485 0.8358 0.4242
vn -0.4830 0.4421 0.7559
vn -0.5000 0.1967 0.8434
vn -0.4277 -0.3218 0.8447
vn -0.2337 -0.7337 0.6380
vn 0.3567 -0.8274 -0.4338
vn 0.4360 -0.6532 -0.6191
vn 0.3827 -0.2099 -0.8997
vn 0.3311 0.2995 -0.8948
vn 0.2682 0.5391 -0.7984
vn 0.2280 0.9633 -0.1414
vn 0.2262 0.9525 -0.2042
vn 0.1909 0.9752 -0.1123
vn 0.1923 0.9748 -0.1134
vn -0.1950 0.9465 0.2570
vn -0.2665 0.8451 0.4635
vn -0.3696 0.4547 0.8103
vn -0.3827 0.2099 0.8997
vn -0.3324 -0.3002 0.8941
vn -0.1981 -0.7213 0.6636
vn 0.2744 -0.8290 -0.4873
vn 0.3337 -0.6595 -0.6736
vn 0.2588 -0.2194 -0.9407
vn 0.2270 0.2899 -0.9298
vn 0.1873 0.5299 -0.8271
vn -0.1206 0.9527 0.2790
vn -0.1800 0.8517 0.4922
vn -0.2500 0.4640 0.8498
vn -0.2588 0.2194 0.9407
vn -0.2271 -0.3012 0.9261
vn -0.1531 -0.7247 0.6719
vn -0.4270 -0.9014 -0.0718
vn -0.4552 -0.8903 0.0091
vn -0.0351 -0.9714 0.2347
vn -0.0130 -0.9784 0.2064
vn -0.2991 -0.9354 -0.1885
vn -0.3718 -0.9180 -0.1380
vn -0.2137 -0.9755 0.0529
vn 0.1804 -0.8431 -0.5066
vn 0.2234 -0.6725 -0.7055
vn 0.1305 -0.2252 -0.9655
vn 0.1145 0.2764 -0.9542
vn 0.0949 0.5102 -0.8548
vn -0.0472 0.9461 0.3205
vn -0.1093 0.6841 0.7211
vn -0.1305 0.2252 0.9655
vn -0.1261 -0.0345 0.9914
vn -0.0906 -0.5432 0.8347
vn -0.0684 -0.7363 0.6732
vn 0.0954 -0.8469 -0.5231
vn 0.1150 -0.6774 -0.7265
vn -0.0000 -0.2271 -0.9739
vn -0.0024 0.2823 -0.9593
vn -0.0046 0.5229 -0.8524
vn 0.0385 -0.9783 0.2037
vn -0.1446 -0.9304 0.3368
vn -0.1720 -0.9373 0.3031
vn -0.0029 0.9433 0.3318
vn -0.0000 0.6788 0.7344
vn -0.0000 0.2271 0.9739
vn 0.0028 -0.2959 0.9552
vn 0.0127 -0.7225 0.6913
vn 0.0001 -0.8414 -0.5404
vn 0.0001 -0.6745 -0.7382
vn -0.1305 -0.2252 -0.9655
vn -0.1261 0.0345 -0.9914
vn -0.0920 0.5472 -0.8319
vn -0.0919 0.5472 -0.8319
vn -0.1895 0.9686 -0.1610
vn -0.1518 0.9824 -0.1091
vn 0.0363 0.9690 -0.2444
vn 0.0593 0.9713 -0.2302
vn -0.2068 0.9542 -0.2162
vn -0.2065 0.9545 -0.2152
vn 0.0400 0.9473 0.3178
vn 0.1079 0.6863 0.7192
vn 0.1305 0.2252 0.9655
vn 0.1107 -0.2957 0.9488
vn 0.0557 -0.7218 0.6899
vn 0.0020 -0.9692 0.2463
vn 0.0009 -0.9716 0.2368
vn -0.0158 -0.9689 0.2471
vn -0.0959 -0.8479 -0.5215
vn -0.1153 -0.6781 -0.7259
vn -0.2588 -0.2194 -0.9407
vn -0.2500 0.0401 -0.9674
vn -0.1775 0.5511 -0.8153
vn 0.1275 0.9532 0.2743
vn 0.1780 0.8576 0.4825
vn 0.2500 0.4640 0.8498
vn 0.2588 0.2194 0.9407
vn 0.2500 -0.0401 0.9674
vn 0.1814 -0.5408 0.8214
vn 0.1283 -0.7370 0.6636
vn -0.1800 -0.8524 -0.4910
vn -0.2500 -0.4640 -0.8498
vn -0.3827 -0.2099 -0.8997
vn -0.3306 0.2945 -0.8967
vn -0.2683 0.5299 -0.8045
vn -0.2369 0.9714 0.0176
vn 0.2221 0.9394 0.2612
vn 0.3343 0.6732 0.6596
vn 0.3827 0.2099 0.8997
vn 0.3326 -0.3092 0.8909
vn 0.2057 -0.7309 0.6507
vn -0.0246 -0.9722 0.2329
vn 0.2141 -0.9348 0.2833
vn 0.1886 -0.9188 0.3467
vn 0.4145 -0.7952 0.4426
vn 0.3886 -0.7863 0.4802
vn -0.2671 -0.8374 -0.4768
vn -0.3306 -0.6650 -0.6697
vn -0.5000 -0.1967 -0.8434
vn -0.4386 0.2949 -0.8489
vn -0.3662 0.5190 -0.7724
vn 0.2656 0.9305 0.2523
vn 0.4343 0.6534 0.6201
vn 0.5000 0.1967 0.8434
vn 0.4291 -0.3218 0.8440
vn 0.2436 -0.7366 0.6310
vn -0.3588 -0.8195 -0.4468
vn -0.4362 -0.6480 -0.6244
vn -0.6088 -0.1802 -0.7726
vn -0.5330 0.3210 -0.7829
vn -0.4402 0.5524 -0.7079
vn 0.2980 0.9288 0.2203
vn 0.5226 0.6473 0.5549
vn 0.6088 0.1802 0.7726
vn 0.5880 -0.0780 0.8051
vn 0.4232 -0.5745 0.7006
vn 0.3031 -0.7590 0.5762
vn -0.0196 -0.9730 0.2301
vn -0.0098 -0.9734 0.2288
vn 0.1771 -0.9808 0.0820
vn 0.2159 -0.9693 0.1173
vn 0.2276 -0.9591 0.1682
vn -0.0083 -0.9745 0.2242
vn -0.4335 -0.8147 -0.3851
vn -0.5303 -0.6382 -0.5582
vn -0.7071 -0.1606 -0.6886
vn -0.6830 0.0969 -0.7239
vn -0.4905 0.5922 -0.6393
vn -0.4905 0.5921 -0.6394
vn 0.4908 0.8128 0.3138
vn 0.6830 0.4072 0.6064
vn 0.7071 0.1606 0.6886
vn 0.6134 -0.3523 0.7068
vn 0.3768 -0.7572 0.5335
vn -0.4977 -0.8033 -0.3270
vn -0.6132 -0.6226 -0.4862
vn -0.7934 -0.1383 -0.5928
vn -0.7663 0.1185 -0.6314
vn -0.5480 0.6070 -0.5755
vn 0.0405 0.9646 -0.2606
vn 0.3040 0.7565 -0.5791
vn 0.3945 0.7526 -0.5272
vn 0.4367 0.7455 -0.5036
vn 0.4621 0.7542 -0.4666
vn 0.4632 0.7783 -0.4239
vn 0.4785 0.8185 -0.3179
vn 0.6869 0.6103 0.3946
vn 0.7934 0.1383 0.5928
vn 0.6891 -0.3624 0.6275
vn 0.4122 -0.7588 0.5044
vn 0.0080 -0.9692 0.2461
vn 0.0004 -0.9713 0.2377
vn 0.0057 -0.9688 0.2476
vn -0.5656 -0.7815 -0.2634
vn -0.6907 -0.5994 -0.4044
vn -0.8660 -0.1136 -0.4869
vn -0.7522 0.3809 -0.5376
vn -0.6134 0.6032 -0.5097
vn 0.7440 0.5929 0.3081
vn 0.8660 0.1136 0.4869
vn 0.7413 -0.3981 0.5403
vn 0.4232 -0.7776 0.4651
vn -0.6127 -0.7693 -0.1811
vn -0.7526 -0.5814 -0.3091
vn -0.9239 -0.0869 -0.3727
vn -0.8075 0.3975 -0.4358
vn -0.6677 0.6106 -0.4259
vn -0.5134 -0.8502 0.1166
vn -0.0241 -0.9741 0.2250
vn -0.5034 -0.8607 0.0761
vn 0.6305 0.7710 0.0897
vn 0.8924 0.3360 0.3012
vn 0.9239 0.0869 0.3727
vn 0.8924 -0.1681 0.4188
vn 0.6190 -0.6642 0.4191
vn 0.4815 -0.7948 0.3693
vn -0.6521 -0.7508 -0.1051
vn -0.8020 -0.5583 -0.2124
vn -0.9659 -0.0588 -0.2521
vn -0.8409 0.4293 -0.3296
vn -0.6878 0.6435 -0.3358
vn 0.5232 0.8476 -0.0888
vn 0.8340 0.5432 0.0965
vn 0.9659 0.0588 0.2521
vn 0.8338 -0.4464 0.3247
vn 0.5693 -0.7734 0.2788
vn 0.1562 0.9840 -0.0852
vn 0.1228 0.9901 -0.0684
vn 0.1227 0.9901 -0.0683
vn -0.6910 -0.7225 -0.0219
vn -0.8417 -0.5289 -0.1084
vn -0.9914 -0.0296 -0.1271
vn -0.8624 0.4538 -0.2243
vn -0.7047 0.6628 -0.2533
vn -0.0056 0.9955 0.0942
vn 0.0188 0.9827 -0.1843
vn 0.0096 0.9820 -0.1888
vn 0.5476 0.8272 -0.1255
vn 0.8649 0.5019 -0.0021
vn 0.9914 0.0296 0.1271
vn 0.8682 -0.4455 0.2185
vn 0.5986 -0.7648 0.2381
vn -0.7024 -0.7080 0.0731
vn -0.8618 -0.5073 0.0034
vn -0.8739 0.4733 -0.1107
vn -0.7225 0.6732 -0.1574
vn 0.0049 -0.9718 0.2358
vn 0.5508 0.8171 -0.1700
vn 0.8721 0.4769 -0.1093
vn 0.8753 -0.4702 0.1124
vn 0.6014 -0.7747 0.1951
vn 0.0766 0.8989 -0.4313
vn 0.0184 0.9039 -0.4274
vn 0.0162 0.9040 -0.4273
vn -0.6993 -0.6961 0.1624
vn -0.8622 0.5065 0.0009
vn -0.7043 0.7069 -0.0650
vn 0.0923 -0.9956 0.0186
vn 0.1378 -0.9894 0.0464
vn 0.5285 0.8217 -0.2133
vn 0.8533 0.4737 -0.2179
vn 0.8553 -0.5180 0.0134
vn 0.5780 -0.8005 0.1583
vn -0.7020 -0.6677 0.2478
vn -0.8616 -0.4566 0.2215
vn -0.9330 0.3088 0.1847
vn -0.6680 0.7441 0.0120
vn 0.6449 0.6857 -0.3374
vn 0.9330 -0.3088 -0.1847
vn 0.6512 -0.7589 -0.0035
vn 0.5198 -0.8512 0.0722
vn -0.6907 -0.6387 0.3392
vn -0.8417 -0.4265 0.3312
vn -0.8924 0.3360 0.3012
vn -0.6400 0.7628 0.0924
vn -0.6399 0.7628 0.0925
vn 0.4778 -0.8760 -0.0654
vn 0.4160 -0.9021 -0.1144
vn 0.3794 -0.9149 0.1380
vn 0.4897 -0.8714 -0.0280
vn 0.7913 0.4211 -0.4433
vn 0.7926 -0.5725 -0.2098
vn -0.0070 -1.0000 -0.0038
vn 0.0465 -0.9989 -0.0093
vn -0.6531 -0.6259 0.4263
vn -0.8023 -0.4062 0.4373
vn -0.7563 0.5760 0.3103
vn -0.6225 0.7606 0.1846
vn 0.3376 0.9241 -0.1791
vn -0.1091 -0.9937 0.0243
vn -0.0603 -0.9982 0.0016
vn 0.7543 0.3771 -0.5374
vn 0.7495 -0.5881 -0.3038
vn 0.0707 -0.9716 0.2260
vn 0.0057 -0.9724 0.2330
vn -0.6151 -0.6070 0.5032
vn -0.7535 -0.3830 0.5344
vn -0.6960 0.5888 0.4111
vn -0.5811 0.7644 0.2795
vn 0.6930 0.3563 -0.6267
vn 0.7934 -0.1383 -0.5929
vn 0.7663 -0.3856 -0.5139
vn 0.5535 -0.7942 -0.2509
vn -0.5684 -0.5803 0.5832
vn -0.6917 -0.3565 0.6281
vn -0.6140 0.6181 0.4909
vn -0.5016 0.7963 0.3380
vn -0.2093 0.8565 -0.4717
vn -0.3189 0.7379 -0.5948
vn -0.2574 0.7077 -0.6580
vn -0.2210 0.7023 -0.6767
vn -0.1378 0.7122 -0.6884
vn -0.0918 0.8388 -0.5366
vn 0.6135 0.3580 -0.7039
vn 0.6088 -0.6298 -0.4824
vn 0.3684 -0.9123 -0.1790
vn -0.0398 0.9057 -0.4221
vn -0.0939 0.9176 -0.3862
vn 0.0203 0.9800 -0.1981
vn -0.4975 -0.5747 0.6497
vn -0.6130 -0.3427 0.7119
vn -0.5880 0.4261 0.6875
vn -0.4199 0.8280 0.3717
vn -0.4200 0.8279 0.3716
vn 0.4116 0.5944 -0.6909
vn 0.5880 0.0780 -0.8051
vn 0.5281 -0.6485 -0.5481
vn 0.3359 -0.9200 -0.2021
vn -0.4241 -0.5731 0.7012
vn -0.3475 0.8390 0.4188
vn -0.3474 0.8390 0.4189
vn 0.2338 0.7246 -0.6483
vn 0.4255 0.3244 -0.8448
vn 0.4830 -0.4421 -0.7559
vn 0.3431 -0.8447 -0.4108
vn 0.2447 -0.9414 -0.2323
vn -0.3579 -0.5478 0.7562
vn -0.4365 -0.3106 0.8444
vn -0.3357 0.6615 0.6706
vn -0.2776 0.8320 0.4803
vn 0.2016 0.7092 -0.6755
vn 0.3327 0.2989 -0.8944
vn 0.3247 -0.6751 -0.6625
vn 0.1651 -0.9420 -0.2921
vn 0.0891 0.9947 -0.0515
vn 0.0458 0.9983 -0.0370
vn -0.2758 -0.5240 0.8058
vn -0.3342 -0.2913 0.8964
vn -0.2263 0.6630 0.7136
vn -0.1877 0.8286 0.5275
vn 0.1569 0.7140 -0.6823
vn 0.2277 0.3017 -0.9258
vn 0.2239 -0.6686 -0.7091
vn 0.1277 -0.9379 -0.3226
vn -0.1797 -0.5310 0.8281
vn -0.2230 -0.2905 0.9305
vn -0.1111 0.6759 0.7285
vn -0.0882 0.8447 0.5279
vn 0.0023 0.9997 -0.0225
vn 0.0254 0.9586 -0.2838
vn 0.0219 0.9650 -0.2615
vn -0.0557 0.9977 -0.0396
vn 0.0674 0.7208 -0.6899
vn 0.0900 0.5470 -0.8323
vn 0.1261 0.0345 -0.9914
vn 0.1155 -0.6735 -0.7301
vn 0.0827 -0.9399 -0.3313
vn -0.0909 -0.5417 0.8356
vn -0.0000 0.4715 0.8819
vn -0.0000 0.8569 0.5155
vn -0.0176 0.7000 -0.7139
vn -0.0035 0.2960 -0.9552
vn 0.0063 -0.6908 -0.7231
vn 0.0377 -0.9483 -0.3151
vn 0.4404 -0.8689 0.2258
vn -0.0039 -0.5258 0.8506
vn -0.0021 -0.2839 0.9589
vn 0.1116 0.6782 0.7263
vn 0.0890 0.8481 0.5223
vn -0.0589 0.6993 -0.7124
vn -0.1099 0.2960 -0.9488
vn -0.1261 -0.4696 -0.8738
vn -0.0894 -0.8682 -0.4881
vn -0.0617 -0.9562 -0.2863
vn 0.0941 -0.5130 0.8532
vn 0.1140 -0.2779 0.9538
vn 0.2257 0.6683 0.7089
vn 0.1855 0.8366 0.5155
vn -0.2227 0.9372 -0.2685
vn -0.1853 0.9328 -0.3092
vn -0.1806 0.5446 -0.8190
vn -0.2287 -0.6829 -0.6938
vn -0.1643 -0.9417 -0.2935
vn 0.1873 -0.5315 0.8261
vn 0.2270 -0.2907 0.9295
vn 0.3339 0.6638 0.6693
vn 0.2736 0.8355 0.4765
vn 0.2386 -0.9462 0.2186
vn -0.3332 0.3096 -0.8906
vn -0.3327 -0.6637 -0.6699
vn -0.2084 -0.9329 -0.2936
vn 0.2666 -0.5524 0.7898
vn 0.3696 -0.0494 0.9279
vn 0.4334 0.6536 0.6204
vn 0.3517 0.8283 0.4362
vn -0.4284 0.3219 -0.8443
vn -0.4274 -0.6622 -0.6155
vn -0.2430 -0.9333 -0.2645
vn -0.2626 0.9539 -0.1452
vn -0.0202 0.9770 -0.2124
vn 0.3518 -0.5429 0.7626
vn 0.4329 -0.3079 0.8472
vn 0.5299 0.6363 0.5607
vn 0.4336 0.8119 0.3909
vn 0.0108 -0.9868 0.1615
vn -0.4211 0.5781 -0.6989
vn -0.5880 0.0780 -0.8051
vn -0.5880 -0.4261 -0.6875
vn -0.4188 -0.8306 -0.3669
vn 0.4430 -0.5363 0.7185
vn 0.5329 -0.3122 0.7865
vn 0.6149 0.6220 0.4848
vn 0.5010 0.8022 0.3246
vn -0.1134 0.9919 -0.0566
vn -0.3946 0.7418 -0.5422
vn -0.6138 0.3529 -0.7062
vn -0.6132 -0.6304 -0.4760
vn -0.2617 0.8719 -0.4138
vn -0.4482 0.7571 -0.4753
vn -0.4304 0.7418 -0.5143
vn 0.5082 -0.5691 0.6464
vn 0.6178 -0.3396 0.7092
vn 0.6885 0.6028 0.4033
vn 0.5597 0.7868 0.2601
vn -0.6897 0.3611 -0.6276
vn -0.6891 -0.6026 -0.4024
vn -0.5725 -0.7739 -0.2706
vn 0.5485 -0.6100 0.5719
vn 0.7663 -0.1185 0.6314
vn 0.7539 0.5781 0.3120
vn 0.6172 0.7641 0.1875
vn -0.1804 -0.9799 0.0853
vn -0.1576 -0.9864 0.0469
vn -0.7462 0.3914 -0.5385
vn -0.7464 -0.5893 -0.3093
vn -0.2028 -0.9714 0.1235
vn 0.5964 -0.6263 0.5020
vn 0.8365 -0.1424 0.5291
vn 0.8026 0.5584 0.2098
vn 0.6529 0.7508 0.1001
vn -0.0330 -0.9960 -0.0833
vn 0.0615 -0.9939 -0.0915
vn -0.6410 0.6410 -0.4221
vn -0.8924 0.1681 -0.4188
vn -0.8924 -0.3360 -0.3012
vn -0.6425 -0.7603 -0.0958
vn -0.1272 -0.9891 -0.0743
vn 0.6570 -0.6191 0.4303
vn 0.8034 -0.4024 0.4390
vn 0.8399 0.5317 0.1093
vn 0.6858 0.7274 0.0232
vn -0.8341 0.4424 -0.3294
vn -0.8344 -0.5420 -0.1001
vn 0.7040 -0.6242 0.3388
vn 0.8462 -0.4183 0.3301
vn 0.8670 0.4983 0.0014
vn 0.7181 0.6929 -0.0640
vn 0.2235 0.9377 -0.2661
vn -0.8553 0.4657 -0.2272
vn -0.8563 -0.5165 0.0025
vn -0.1476 0.9256 -0.3486
vn -0.1171 -0.9217 0.3698
vn 0.7065 -0.6640 0.2449
vn 0.8632 -0.4545 0.2198
vt 0.500000 0.500000
vt 0.500000 0.583333
vt 0.500000 0.666667
vt 0.500000 0.750000
vt 0.500000 0.833333
vt 0.500000 0.916667
vt 0.500000 1.000000
vt 0.500000 0.000000
vt 0.500000 0.083333
vt 0.500000 0.166667
vt 0.500000 0.250000
vt 0.500000 0.333333
vt 0.500000 0.416667
vt 0.520833 0.500000
vt 0.520833 0.583333
vt 0.520833 0.666667
vt 0.520833 0.833333
vt 0.520833 0.916667
vt 0.520833 1.000000
vt 0.520833 0.000000
vt 0.520833 0.083333
vt 0.520833 0.166667
vt 0.520833 0.333333
vt 0.520833 0.416667
vt 0.541667 0.500000
vt 0.541667 0.583333
vt 0.541667 0.666667
vt 0.541667 0.750000
vt 0.541667 0.833333
vt 0.541667 0.916667
vt 0.541667 1.000000
vt 0.541667 0.000000
vt 0.541667 0.083333
vt 0.541667 0.166667
vt 0.541667 0.250000
vt 0.541667 0.333333
vt 0.541667 0.416667
vt 0.562500 0.500000
vt 0.562500 0.583333
vt 0.562500 0.666667
vt 0.562500 0.833333
vt 0.562500 0.916667
vt 0.562500 1.000000
vt 0.562500 0.000000
vt 0.562500 0.083333
vt 0.562500 0.166667
vt 0.562500 0.250000
vt 0.562500 0.333333
vt 0.562500 0.416667
vt 0.583333 0.500000
vt 0.583333 0.583333
vt 0.583333 0.666667
vt 0.583333 0.750000
vt 0.583333 0.833333
vt 0.583333 0.916667
vt 0.583333 1.000000
vt 0.583333 0.000000
vt 0.583333 0.083333
vt 0.583333 0.166667
vt 0.583333 0.333333
vt 0.583333 0.416667
vt 0.604167 0.500000
vt 0.604167 0.583333
vt 0.604167 0.666667
vt 0.604167 0.750000
vt 0.604167 0.833333
vt 0.604167 0.916667
vt 0.604167 1.000000
vt 0.604167 0.000000
vt 0.604167 0.083333
vt 0.604167 0.166667
vt 0.604167 0.250000
vt 0.604167 0.333333
vt 0.604167 0.416667
vt 0.625000 0.500000
vt 0.625000 0.583333
vt 0.625000 0.666667
vt 0.625000 0.833333
vt 0.625000 0.916667
vt 0.625000 1.000000
vt 0.625000 0.000000
vt 0.625000 0.083333
vt 0.625000 0.166667
vt 0.625000 0.333333
vt 0.625000 0.416667
vt 0.645833 0.500000
vt 0.645833 0.583333
vt 0.645833 0.666667
vt 0.645833 0.833333
vt 0.645833 0.916667
vt 0.645833 1.000000
vt 0.645833 0.000000
vt 0.645833 0.083333
vt 0.645833 0.166667
vt 0.645833 0.250000
vt 0.645833 0.333333
vt 0.645833 0.416667
vt 0.666667 0.500000
vt 0.666667 0.583333
vt 0.666667 0.666667
vt 0.666667 0.750000
vt 0.666667 0.833333
vt 0.666667 0.916667
vt 0.666667 1.000000
vt 0.666667 0.000000
vt 0.666667 0.083333
vt 0.666667 0.166667
vt 0.666667 0.333333
vt 0.666667 0.416667
vt 0.687500 0.500000
vt 0.687500 0.583333
vt 0.687500 0.666667
vt 0.687500 0.833333
vt 0.687500 0.916667
vt 0.687500 1.000000
vt 0.687500 0.000000
vt 0.687500 0.083333
vt 0.687500 0.166667
vt 0.687500 0.250000
vt 0.687500 0.333333
vt 0.687500 0.416667
vt 0.708333 0.500000
vt 0.708333 0.583333
vt 0.708333 0.666667
vt 0.708333 0.750000
vt 0.708333 0.833333
vt 0.708333 0.916667
vt 0.708333 1.000000
vt 0.708333 0.000000
vt 0.708333 0.083333
vt 0.708333 0.166667
vt 0.708333 0.333333
vt 0.708333 0.416667
vt 0.729167 0.500000
vt 0.729167 0.583333
vt 0.729167 0.666667
vt 0.729167 0.750000
vt 0.729167 0.833333
vt 0.729167 0.916667
vt 0.729167 1.000000
vt 0.729167 0.000000
vt 0.729167 0.083333
vt 0.729167 0.166667
vt 0.729167 0.250000
vt 0.729167 0.333333
vt 0.729167 0.416667
vt 0.750000 0.500000
vt 0.750000 0.583333
vt 0.750000 0.666667
vt 0.750000 0.833333
vt 0.750000 0.916667
vt 0.750000 1.000000
vt 0.750000 0.000000
vt 0.750000 0.083333
vt 0.750000 0.166667
vt 0.750000 0.250000
vt 0.750000 0.333333
vt 0.750000 0.416667
vt 0.770833 0.500000
vt 0.770833 0.583333
vt 0.770833 0.666667
vt 0.770833 0.833333
vt 0.770833 0.916667
vt 0.770833 1.000000
vt 0.770833 0.000000
vt 0.770833 0.083333
vt 0.770833 0.166667
vt 0.770833 0.333333
vt 0.770833 0.416667
vt 0.791667 0.500000
vt 0.791667 0.583333
vt 0.791667 0.666667
vt 0.791667 0.750000
vt 0.791667 0.833333
vt 0.791667 0.916667
vt 0.791667 1.000000
vt 0.791667 0.000000
vt 0.791667 0.083333
vt 0.791667 0.166667
vt 0.791667 0.250000
vt 0.791667 0.333333
vt 0.791667 0.416667
vt 0.812500 0.500000
vt 0.812500 0.583333
vt 0.812500 0.666667
vt 0.812500 0.833333
vt 0.812500 0.916667
vt 0.812500 1.000000
vt 0.812500 0.000000
vt 0.812500 0.083333
vt 0.812500 0.166667
vt 0.812500 0.333333
vt 0.812500 0.416667
vt 0.833333 0.500000
vt 0.833333 0.583333
vt 0.833333 0.666667
vt 0.833333 0.750000
vt 0.833333 0.833333
vt 0.833333 0.916667
vt 0.833333 1.000000
vt 0.833333 0.000000
vt 0.833333 0.083333
vt 0.833333 0.166667
vt 0.833333 0.250000
vt 0.833333 0.333333
vt 0.833333 0.416667
vt 0.854167 0.500000
vt 0.854167 0.583333
vt 0.854167 0.666667
vt 0.854167 0.833333
vt 0.854167 0.916667
vt 0.854167 1.000000
vt 0.854167 0.000000
vt 0.854167 0.083333
vt 0.854167 0.166667
vt 0.854167 0.250000
vt 0.854167 0.333333
vt 0.854167 0.416667
vt 0.875000 0.500000
vt 0.875000 0.583333
vt 0.875000 0.666667
vt 0.875000 0.750000
vt 0.875000 0.833333
vt 0.875000 0.916667
vt 0.875000 1.000000
vt 0.875000 0.000000
vt 0.875000 0.083333
vt 0.875000 0.166667
vt 0.875000 0.333333
vt 0.875000 0.416667
vt 0.895833 0.500000
vt 0.895833 0.583333
vt 0.895833 0.666667
vt 0.895833 0.833333
vt 0.895833 0.916667
vt 0.895833 1.000000
vt 0.895833 0.000000
vt 0.895833 0.083333
vt 0.895833 0.166667
vt 0.895833 0.250000
vt 0.895833 0.333333
vt 0.895833 0.416667
vt 0.916667 0.500000
vt 0.916667 0.583333
vt 0.916667 0.666667
vt 0.916667 0.833333
vt 0.916667 0.916667
vt 0.916667 1.000000
vt 0.916667 0.000000
vt 0.916667 0.083333
vt 0.916667 0.166667
vt 0.916667 0.333333
vt 0.916667 0.416667
vt 0.937500 0.500000
vt 0.937500 0.583333
vt 0.937500 0.666667
vt 0.937500 0.750000
vt 0.937500 0.833333
vt 0.937500 0.916667
vt 0.937500 1.000000
vt 0.937500 0.000000
vt 0.937500 0.083333
vt 0.937500 0.166667
vt 0.937500 0.250000
vt 0.937500 0.333333
vt 0.937500 0.416667
vt 0.958333 0.500000
vt 0.958333 0.583333
vt 0.958333 0.666667
vt 0.958333 0.833333
vt 0.958333 0.916667
vt 0.958333 1.000000
vt 0.958333 0.000000
vt 0.958333 0.083333
vt 0.958333 0.166667
vt 0.958333 0.250000
vt 0.958333 0.333333
vt 0.958333 0.416667
vt 0.979167 0.500000
vt 0.979167 0.583333
vt 0.979167 0.666667
vt 0.979167 0.833333
vt 0.979167 0.916667
vt 0.979167 1.000000
vt 0.979167 0.000000
vt 0.979167 0.083333
vt 0.979167 0.166667
vt 0.979167 0.333333
vt 0.979167 0.416667
vt 1.000000 0.500000
vt 0.000000 0.500000
vt 1.000000 0.583333
vt 0.000000 0.583333
vt 0.000000 0.666667
vt 1.000000 0.666667
vt 0.000000 0.750000
vt 1.000000 0.750000
vt 0.000000 0.833333
vt 1.000000 0.833333
vt 1.000000 0.916667
vt 0.000000 0.916667
vt 1.000000 1.000000
vt 1.000000 0.000000
vt 0.000000 1.000000
vt 0.000000 0.000000
vt 1.000000 0.083333
vt 0.000000 0.083333
vt 1.000000 0.166667
vt 0.000000 0.166667
vt 1.000000 0.333333
vt 0.000000 0.333333
vt 1.000000 0.416667
vt 0.000000 0.416667
vt 0.020833 0.500000
vt 0.020833 0.583333
vt 0.020833 0.666667
vt 0.020833 0.833333
vt 0.020833 0.916667
vt 0.020833 1.000000
vt 0.020833 0.000000
vt 0.020833 0.083333
vt 0.020833 0.166667
vt 0.020833 0.333333
vt 0.020833 0.416667
vt 0.041667 0.500000
vt 0.041667 0.583333
vt 0.041667 0.666667
vt 0.041667 0.750000
vt 0.041667 0.833333
vt 0.041667 0.916667
vt 0.041667 1.000000
vt 0.041667 0.000000
vt 0.041667 0.083333
vt 0.041667 0.166667
vt 0.041667 0.250000
vt 0.041667 0.333333
vt 0.041667 0.416667
vt 0.062500 0.500000
vt 0.062500 0.583333
vt 0.062500 0.666667
vt 0.062500 0.833333
vt 0.062500 0.916667
vt 0.062500 1.000000
vt 0.062500 0.000000
vt 0.062500 0.083333
vt 0.062500 0.166667
vt 0.062500 0.333333
vt 0.062500 0.416667
vt 0.083333 0.500000
vt 0.083333 0.583333
vt 0.083333 0.666667
vt 0.083333 0.833333
vt 0.083333 0.916667
vt 0.083333 1.000000
vt 0.083333 0.000000
vt 0.083333 0.083333
vt 0.083333 0.166667
vt 0.083333 0.333333
vt 0.083333 0.416667
vt 0.104167 0.500000
vt 0.104167 0.583333
vt 0.104167 0.666667
vt 0.104167 0.750000
vt 0.104167 0.833333
vt 0.104167 0.916667
vt 0.104167 1.000000
vt 0.104167 0.000000
vt 0.104167 0.083333
vt 0.104167 0.166667
vt 0.104167 0.250000
vt 0.104167 0.333333
vt 0.104167 0.416667
vt 0.125000 0.500000
vt 0.125000 0.583333
vt 0.125000 0.666667
vt 0.125000 0.833333
vt 0.125000 0.916667
vt 0.125000 1.000000
vt 0.125000 0.000000
vt 0.125000 0.083333
vt 0.125000 0.166667
vt 0.125000 0.333333
vt 0.125000 0.416667
vt 0.145833 0.500000
vt 0.145833 0.583333
vt 0.145833 0.666667
vt 0.145833 0.750000
vt 0.145833 0.833333
vt 0.145833 0.916667
vt 0.145833 1.000000
vt 0.145833 0.000000
vt 0.145833 0.083333
vt 0.145833 0.166667
vt 0.145833 0.333333
vt 0.145833 0.416667
vt 0.166667 0.500000
vt 0.166667 0.583333
vt 0.166667 0.666667
vt 0.166667 0.833333
vt 0.166667 0.916667
vt 0.166667 1.000000
vt 0.166667 0.000000
vt 0.166667 0.083333
vt 0.166667 0.166667
vt 0.166667 0.250000
vt 0.166667 0.333333
vt 0.166667 0.416667
vt 0.187500 0.500000
vt 0.187500 0.583333
vt 0.187500 0.666667
vt 0.187500 0.833333
vt 0.187500 0.916667
vt 0.187500 1.000000
vt 0.187500 0.000000
vt 0.187500 0.083333
vt 0.187500 0.166667
vt 0.187500 0.250000
vt 0.187500 0.333333
vt 0.187500 0.416667
vt 0.208333 0.500000
vt 0.208333 0.583333
vt 0.208333 0.666667
vt 0.208333 0.750000
vt 0.208333 0.833333
vt 0.208333 0.916667
vt 0.208333 1.000000
vt 0.208333 0.000000
vt 0.208333 0.083333
vt 0.208333 0.166667
vt 0.208333 0.250000
vt 0.208333 0.333333
vt 0.208333 0.416667
vt 0.229167 0.500000
vt 0.229167 0.583333
vt 0.229167 0.666667
vt 0.229167 0.750000
vt 0.229167 0.833333
vt 0.229167 0.916667
vt 0.229167 1.000000
vt 0.229167 0.000000
vt 0.229167 0.083333
vt 0.229167 0.166667
vt 0.229167 0.333333
vt 0.229167 0.416667
vt 0.250000 0.500000
vt 0.250000 0.583333
vt 0.250000 0.666667
vt 0.250000 0.833333
vt 0.250000 0.916667
vt 0.250000 1.000000
vt 0.250000 0.000000
vt 0.250000 0.083333
vt 0.250000 0.166667
vt 0.250000 0.333333
vt 0.250000 0.416667
vt 0.270833 0.500000
vt 0.270833 0.583333
vt 0.270833 0.666667
vt 0.270833 0.833333
vt 0.270833 0.916667
vt 0.270833 1.000000
vt 0.270833 0.000000
vt 0.270833 0.083333
vt 0.270833 0.166667
vt 0.270833 0.250000
vt 0.270833 0.333333
vt 0.270833 0.416667
vt 0.291667 0.500000
vt 0.291667 0.583333
vt 0.291667 0.666667
vt 0.291667 0.750000
vt 0.291667 0.833333
vt 0.291667 0.916667
vt 0.291667 1.000000
vt 0.291667 0.000000
vt 0.291667 0.083333
vt 0.291667 0.166667
vt 0.291667 0.333333
vt 0.291667 0.416667
vt 0.312500 0.500000
vt 0.312500 0.583333
vt 0.312500 0.666667
vt 0.312500 0.833333
vt 0.312500 0.916667
vt 0.312500 1.000000
vt 0.312500 0.000000
vt 0.312500 0.083333
vt 0.312500 0.166667
vt 0.312500 0.333333
vt 0.312500 0.416667
vt 0.333333 0.500000
vt 0.333333 0.583333
vt 0.333333 0.666667
vt 0.333333 0.833333
vt 0.333333 0.916667
vt 0.333333 1.000000
vt 0.333333 0.000000
vt 0.333333 0.083333
vt 0.333333 0.166667
vt 0.333333 0.250000
vt 0.333333 0.333333
vt 0.333333 0.416667
vt 0.354167 0.500000
vt 0.354167 0.583333
vt 0.354167 0.666667
vt 0.354167 0.750000
vt 0.354167 0.833333
vt 0.354167 0.916667
vt 0.354167 1.000000
vt 0.354167 0.000000
vt 0.354167 0.083333
vt 0.354167 0.166667
vt 0.354167 0.250000
vt 0.354167 0.333333
vt 0.354167 0.416667
vt 0.375000 0.500000
vt 0.375000 0.583333
vt 0.375000 0.666667
vt 0.375000 0.833333
vt 0.375000 0.916667
vt 0.375000 1.000000
vt 0.375000 0.000000
vt 0.375000 0.083333
vt 0.375000 0.166667
vt 0.375000 0.333333
vt 0.375000 0.416667
vt 0.395833 0.500000
vt 0.395833 0.583333
vt 0.395833 0.666667
vt 0.395833 0.833333
vt 0.395833 0.916667
vt 0.395833 1.000000
vt 0.395833 0.000000
vt 0.395833 0.083333
vt 0.395833 0.166667
vt 0.395833 0.250000
vt 0.395833 0.333333
vt 0.395833 0.416667
vt 0.416667 0.500000
vt 0.416667 0.583333
vt 0.416667 0.666667
vt 0.416667 0.750000
vt 0.416667 0.833333
vt 0.416667 0.916667
vt 0.416667 1.000000
vt 0.416667 0.000000
vt 0.416667 0.083333
vt 0.416667 0.166667
vt 0.416667 0.333333
vt 0.416667 0.416667
vt 0.437500 0.500000
vt 0.437500 0.583333
vt 0.437500 0.666667
vt 0.437500 0.750000
vt 0.437500 0.833333
vt 0.437500 0.916667
vt 0.437500 1.000000
vt 0.437500 0.000000
vt 0.437500 0.083333
vt 0.437500 0.166667
vt 0.437500 0.250000
vt 0.437500 0.333333
vt 0.437500 0.416667
vt 0.458333 0.500000
vt 0.458333 0.583333
vt 0.458333 0.666667
vt 0.458333 0.833333
vt 0.458333 0.916667
vt 0.458333 1.000000
vt 0.458333 0.000000
vt 0.458333 0.083333
vt 0.458333 0.166667
vt 0.458333 0.250000
vt 0.458333 0.333333
vt 0.458333 0.416667
vt 0.479167 0.500000
vt 0.479167 0.583333
vt 0.479167 0.666667
vt 0.479167 0.750000
vt 0.479167 0.833333
vt 0.479167 0.916667
vt 0.479167 1.000000
vt 0.479167 0.000000
vt 0.479167 0.083333
vt 0.479167 0.166667
vt 0.479167 0.333333
vt 0.479167 0.416667
s 1
usemtl dark.003
f 5364/7189/4470 5376/7202/4471 5377/7203/4472 5365/7190/4473
f 5365/7190/4473 5377/7203/4474 5378/7204/4475 5366/7191/4476
f 5444/7276/4477 5455/7288/4478 5456/7289/4479 5423/7253/4477 5412/7241/4480 5411/7240/4481 5422/7252/4477 5434/7265/4477
f 5368/7193/4482 5379/7205/4483 5380/7206/4484 5369/7194/4485
f 5369/7194/4486 5380/7206/4484 5381/7207/4487 5370/7195/4488
f 5370/7196/4488 5381/7208/4487 5382/7209/4489 5371/7197/4490
f 5371/7197/4491 5382/7209/4489 5383/7210/4492 5372/7198/4493
f 5374/7200/4494 5384/7211/4495 5385/7212/4496 5375/7201/4494
f 5375/7201/4497 5385/7212/4496 5376/7202/4471 5364/7189/4470
f 5376/7202/4471 5386/7213/4498 5387/7214/4499 5377/7203/4472
f 5377/7203/4474 5387/7214/4500 5388/7215/4501 5378/7204/4475
f 5599/7445/4502 5600/7446/4503 5589/7434/4504 5578/7422/4505 5568/7411/4506 5567/7410/4507
f 5379/7205/4483 5390/7217/4508 5391/7218/4509 5380/7206/4484
f 5380/7206/4484 5391/7218/4509 5392/7219/4510 5381/7207/4487
f 5381/7208/4487 5392/7220/4510 5393/7221/4511 5382/7209/4489
f 5382/7209/4489 5393/7221/4511 5394/7222/4512 5383/7210/4492
f 5778/7653/4513 5779/7654/4514 5768/7642/4515 5758/7631/4515 5747/7619/4515 5735/7606/4516 5734/7605/4517 5746/7618/4515
f 5384/7211/4495 5396/7224/4518 5397/7225/4519 5385/7212/4496
f 5385/7212/4496 5397/7225/4519 5386/7213/4498 5376/7202/4471
f 5386/7213/4498 5398/7226/4520 5399/7227/4521 5387/7214/4499
f 5387/7214/4500 5399/7227/4521 5400/7228/4522 5388/7215/4501
f 5390/7217/4508 5401/7229/4523 5402/7230/4524 5391/7218/4509
f 5391/7218/4509 5402/7230/4524 5403/7231/4525 5392/7219/4510
f 5392/7220/4510 5403/7232/4525 5404/7233/4526 5393/7221/4511
f 5393/7221/4511 5404/7233/4527 5405/7234/4528 5394/7222/4512
f 5616/7464/4529 5659/7523/4530 5660/7524/4531 5648/7511/4532 5638/7498/4532 5627/7476/4532 5617/7465/4533
f 5396/7224/4518 5407/7236/4534 5408/7237/4535 5397/7225/4519
f 5397/7225/4519 5408/7237/4535 5398/7226/4520 5386/7213/4498
f 5398/7226/4520 5409/7238/4536 5410/7239/4537 5399/7227/4521
f 5399/7227/4521 5410/7239/4537 5411/7240/4538 5400/7228/4522
f 5401/7229/4523 5413/7242/4539 5414/7243/4540 5402/7230/4524
f 5402/7230/4524 5414/7243/4541 5415/7244/4542 5403/7231/4525
f 5403/7232/4525 5415/7245/4542 5416/7246/4543 5404/7233/4526
f 5404/7233/4527 5416/7246/4543 5417/7247/4544 5405/7234/4528
f 5778/7653/4513 5810/7688/4545 5822/7701/4546 5823/7702/4547 5811/7689/4545 5800/7677/4545 5790/7666/4545 5779/7654/4514
f 5407/7236/4534 5418/7248/4548 5419/7249/4549 5408/7237/4535
f 5408/7237/4535 5419/7249/4549 5409/7238/4536 5398/7226/4520
f 5409/7238/4536 5420/7250/4550 5421/7251/4551 5410/7239/4537
f 5410/7239/4537 5421/7251/4551 5422/7252/4552 5411/7240/4538
f 5413/7242/4539 5424/7254/4553 5425/7255/4554 5414/7243/4540
f 5414/7243/4541 5425/7255/4554 5426/7256/4555 5415/7244/4542
f 5415/7245/4542 5426/7257/4555 5427/7258/4556 5416/7246/4543
f 5416/7246/4543 5427/7258/4556 5428/7259/4557 5417/7247/4544
f 5883/7767/4558 5367/7192/4559 5368/7193/4482 5884/7768/4560 5872/7755/4561 5861/7743/4562 5860/7742/4563
f 5418/7248/4548 5430/7261/4564 5431/7262/4565 5419/7249/4549
f 5419/7249/4549 5431/7262/4565 5420/7250/4550 5409/7238/4536
f 5420/7250/4550 5432/7263/4566 5433/7264/4567 5421/7251/4551
f 5421/7251/4551 5433/7264/4568 5434/7265/4568 5422/7252/4552
f 5424/7254/4553 5435/7266/4569 5436/7267/4570 5425/7255/4554
f 5425/7255/4554 5436/7267/4570 5437/7268/4571 5426/7256/4555
f 5426/7257/4555 5437/7269/4571 5438/7270/4572 5427/7258/4556
f 5427/7258/4556 5438/7270/4572 5439/7271/4573 5428/7259/4557
f 5430/7261/4564 5440/7272/4574 5441/7273/4575 5431/7262/4565
f 5431/7262/4565 5441/7273/4575 5432/7263/4566 5420/7250/4550
f 5432/7263/4566 5442/7274/4576 5443/7275/4577 5433/7264/4567
f 5433/7264/4568 5443/7275/4577 5444/7276/4578 5434/7265/4568
f 5435/7266/4569 5445/7277/4579 5446/7278/4580 5436/7267/4570
f 5436/7267/4570 5446/7278/4580 5447/7279/4581 5437/7268/4571
f 5437/7269/4571 5447/7280/4581 5448/7281/4582 5438/7270/4572
f 5438/7270/4572 5448/7281/4583 5449/7282/4584 5439/7271/4573
f 5440/7272/4574 5451/7284/4585 5452/7285/4585 5441/7273/4575
f 5441/7273/4575 5452/7285/4586 5442/7274/4576 5432/7263/4566
f 5442/7274/4576 5453/7286/4587 5454/7287/4588 5443/7275/4577
f 5443/7275/4577 5454/7287/4588 5455/7288/4589 5444/7276/4578
f 5445/7277/4579 5457/7290/4590 5458/7291/4591 5446/7278/4580
f 5446/7278/4580 5458/7291/4592 5459/7292/4593 5447/7279/4581
f 5447/7280/4581 5459/7293/4593 5460/7294/4594 5448/7281/4582
f 5448/7281/4583 5460/7294/4594 5461/7295/4595 5449/7282/4584
f 5451/7284/4585 5462/7296/4596 5463/7297/4597 5452/7285/4585
f 5452/7285/4586 5463/7297/4597 5453/7286/4587 5442/7274/4576
f 5453/7286/4587 5464/7298/4598 5465/7299/4599 5454/7287/4588
f 5454/7287/4588 5465/7299/4599 5466/7300/4600 5455/7288/4589
f 5859/7741/4601 5871/7754/4601 5882/7766/4602 5883/7767/4558 5860/7742/4601 5849/7730/4603 5848/7729/4604
f 5457/7290/4590 5467/7301/4605 5468/7302/4606 5458/7291/4591
f 5458/7291/4592 5468/7302/4607 5469/7303/4608 5459/7292/4593
f 5459/7293/4593 5469/7304/4608 5470/7305/4609 5460/7294/4594
f 5460/7294/4594 5470/7305/4609 5471/7306/4610 5461/7295/4595
f 5462/7296/4596 5473/7308/4611 5474/7309/4612 5463/7297/4597
f 5463/7297/4597 5474/7309/4612 5464/7298/4598 5453/7286/4587
f 5464/7298/4598 5475/7310/4613 5476/7311/4614 5465/7299/4599
f 5465/7299/4599 5476/7311/4614 5477/7312/4615 5466/7300/4600
f 5467/7301/4605 5479/7314/4616 5480/7315/4617 5468/7302/4606
f 5468/7302/4607 5480/7315/4618 5481/7316/4619 5469/7303/4608
f 5469/7304/4608 5481/7317/4619 5482/7318/4620 5470/7305/4609
f 5470/7305/4609 5482/7318/4620 5483/7319/4621 5471/7306/4610
f 5854/7736/4622 5865/7748/4623 5866/7749/4624 5843/7724/4625 5822/7701/4546 5821/7700/4626 5832/7712/4627 5842/7723/4628
f 5473/7308/4611 5484/7320/4629 5485/7321/4630 5474/7309/4612
f 5474/7309/4612 5485/7321/4630 5475/7310/4613 5464/7298/4598
f 5475/7310/4613 5486/7322/4631 5487/7323/4632 5476/7311/4614
f 5476/7311/4614 5487/7323/4632 5488/7324/4633 5477/7312/4615
f 5479/7314/4616 5490/7326/4634 5491/7327/4635 5480/7315/4617
f 5480/7315/4618 5491/7327/4635 5492/7328/4636 5481/7316/4619
f 5481/7317/4619 5492/7329/4636 5493/7330/4637 5482/7318/4620
f 5482/7318/4620 5493/7330/4638 5494/7331/4639 5483/7319/4621
f 5484/7320/4629 5496/7333/4640 5497/7334/4641 5485/7321/4630
f 5485/7321/4630 5497/7334/4641 5486/7322/4631 5475/7310/4613
f 5486/7322/4631 5498/7335/4642 5499/7336/4643 5487/7323/4632
f 5487/7323/4632 5499/7336/4643 5500/7337/4644 5488/7324/4633
f 5691/7558/4645 5692/7559/4646 5680/7546/4647 5670/7535/4647 5660/7524/4531 5659/7523/4530
f 5490/7326/4634 5501/7338/4648 5502/7339/4649 5491/7327/4635
f 5491/7327/4635 5502/7339/4649 5503/7340/4650 5492/7328/4636
f 5492/7329/4636 5503/7341/4650 5504/7342/4651 5493/7330/4637
f 5493/7330/4638 5504/7342/4651 5505/7343/4652 5494/7331/4639
f 5496/7333/4640 5507/7345/4653 5508/7346/4654 5497/7334/4641
f 5497/7334/4641 5508/7346/4654 5498/7335/4642 5486/7322/4631
f 5498/7335/4642 5509/7347/4655 5510/7348/4656 5499/7336/4643
f 5499/7336/4643 5510/7348/4657 5511/7349/4658 5500/7337/4644
f 5642/7504/4659 5652/7515/4659 5664/7528/4659 5674/7539/4659 5684/7550/4660 5685/7551/4661 5653/7516/4662 5632/7484/4663 5631/7482/4664
f 5501/7338/4648 5512/7350/4665 5513/7351/4666 5502/7339/4649
f 5502/7339/4649 5513/7351/4666 5514/7352/4667 5503/7340/4650
f 5503/7341/4650 5514/7353/4667 5515/7354/4668 5504/7342/4651
f 5504/7342/4651 5515/7354/4668 5516/7355/4669 5505/7343/4652
f 5483/7319/4621 5494/7331/4639 5495/7332/4670 5472/7307/4671 5450/7283/4672 5449/7282/4584 5461/7295/4595 5471/7306/4610
f 5507/7345/4653 5517/7356/4673 5518/7357/4674 5508/7346/4654
f 5508/7346/4654 5518/7357/4674 5509/7347/4655 5498/7335/4642
f 5509/7347/4655 5519/7358/4675 5520/7359/4676 5510/7348/4656
f 5510/7348/4657 5520/7359/4677 5521/7360/4677 5511/7349/4658
f 5512/7350/4665 5523/7362/4678 5524/7363/4679 5513/7351/4666
f 5513/7351/4666 5524/7363/4680 5525/7364/4681 5514/7352/4667
f 5514/7353/4667 5525/7365/4681 5526/7366/4682 5515/7354/4668
f 5515/7354/4668 5526/7366/4683 5527/7367/4684 5516/7355/4669
f 5517/7356/4673 5529/7369/4685 5530/7370/4685 5518/7357/4674
f 5518/7357/4674 5530/7370/4686 5519/7358/4675 5509/7347/4655
f 5519/7358/4675 5531/7371/4687 5532/7372/4688 5520/7359/4676
f 5520/7359/4677 5532/7372/4688 5533/7373/4689 5521/7360/4677
f 5423/7253/4690 5456/7289/4479 5457/7290/4590 5445/7277/4579 5435/7266/4569 5424/7254/4553 5413/7242/4539 5412/7241/4480
f 5523/7362/4678 5534/7374/4691 5535/7375/4692 5524/7363/4679
f 5524/7363/4680 5535/7375/4692 5536/7376/4693 5525/7364/4681
f 5525/7365/4681 5536/7377/4693 5537/7378/4694 5526/7366/4682
f 5526/7366/4683 5537/7378/4694 5538/7379/4695 5527/7367/4684
f 5843/7724/4625 5866/7749/4624 5877/7761/4696 5878/7762/4697 5867/7750/4698 5855/7737/4699 5844/7725/4700 5833/7713/4698 5823/7702/4547 5822/7701/4546
f 5529/7369/4685 5539/7380/4701 5540/7381/4702 5530/7370/4685
f 5530/7370/4686 5540/7381/4702 5531/7371/4687 5519/7358/4675
f 5531/7371/4687 5541/7382/4703 5542/7383/4704 5532/7372/4688
f 5532/7372/4688 5542/7383/4704 5543/7384/4705 5533/7373/4689
f 5534/7374/4691 5545/7386/4706 5546/7387/4707 5535/7375/4692
f 5535/7375/4692 5546/7387/4707 5547/7388/4708 5536/7376/4693
f 5536/7377/4693 5547/7389/4708 5548/7390/4709 5537/7378/4694
f 5537/7378/4694 5548/7390/4709 5549/7391/4710 5538/7379/4695
f 5539/7380/4701 5551/7393/4711 5552/7394/4712 5540/7381/4702
f 5540/7381/4702 5552/7394/4712 5541/7382/4703 5531/7371/4687
f 5541/7382/4703 5553/7395/4713 5554/7396/4714 5542/7383/4704
f 5542/7383/4704 5554/7396/4714 5555/7397/4715 5543/7384/4705
f 5545/7386/4706 5556/7398/4716 5557/7399/4717 5546/7387/4707
f 5546/7387/4707 5557/7399/4717 5558/7400/4718 5547/7388/4708
f 5547/7389/4708 5558/7401/4718 5559/7402/4719 5548/7390/4709
f 5548/7390/4709 5559/7402/4720 5560/7403/4721 5549/7391/4710
f 5406/7235/4722 5429/7260/4723 5430/7261/4724 5418/7248/4725 5407/7236/4725 5396/7224/4726 5395/7223/4727
f 5551/7393/4711 5562/7405/4728 5563/7406/4729 5552/7394/4712
f 5552/7394/4712 5563/7406/4729 5553/7395/4713 5541/7382/4703
f 5553/7395/4713 5564/7407/4730 5565/7408/4731 5554/7396/4714
f 5554/7396/4714 5565/7408/4732 5566/7409/4733 5555/7397/4715
f 5556/7398/4716 5568/7411/4506 5569/7412/4734 5557/7399/4717
f 5557/7399/4717 5569/7412/4735 5570/7413/4736 5558/7400/4718
f 5558/7401/4718 5570/7414/4736 5571/7415/4737 5559/7402/4719
f 5559/7402/4720 5571/7415/4737 5572/7416/4738 5560/7403/4721
f 5562/7405/4728 5573/7417/4739 5574/7418/4740 5563/7406/4729
f 5563/7406/4729 5574/7418/4740 5564/7407/4730 5553/7395/4713
f 5564/7407/4730 5575/7419/4741 5576/7420/4742 5565/7408/4731
f 5565/7408/4732 5576/7420/4743 5577/7421/4743 5566/7409/4733
f 5685/7551/4661 5707/7575/4744 5708/7576/4745 5697/7564/4746 5686/7552/4747 5675/7540/4748 5665/7529/4749 5654/7517/4750 5653/7516/4662
f 5568/7411/4506 5578/7422/4505 5579/7423/4751 5569/7412/4734
f 5569/7412/4735 5579/7423/4751 5580/7424/4752 5570/7413/4736
f 5570/7414/4736 5580/7425/4752 5581/7426/4753 5571/7415/4737
f 5571/7415/4737 5581/7426/4753 5582/7427/4754 5572/7416/4738
f 5538/7379/4695 5549/7391/4710 5560/7403/4721 5561/7404/4755 5550/7392/4756 5528/7368/4757 5527/7367/4684
f 5573/7417/4739 5584/7429/4758 5585/7430/4759 5574/7418/4740
f 5574/7418/4740 5585/7430/4759 5575/7419/4741 5564/7407/4730
f 5575/7419/4741 5586/7431/4760 5587/7432/4761 5576/7420/4742
f 5576/7420/4743 5587/7432/4761 5588/7433/4762 5577/7421/4743
f 5578/7422/4505 5589/7434/4504 5590/7435/4763 5579/7423/4751
f 5579/7423/4751 5590/7435/4763 5591/7436/4764 5580/7424/4752
f 5580/7425/4752 5591/7437/4764 5592/7438/4765 5581/7426/4753
f 5581/7426/4753 5592/7438/4765 5593/7439/4766 5582/7427/4754
f 5584/7429/4758 5594/7440/4767 5595/7441/4768 5585/7430/4759
f 5585/7430/4759 5595/7441/4768 5586/7431/4760 5575/7419/4741
f 5586/7431/4760 5596/7442/4769 5597/7443/4770 5587/7432/4761
f 5587/7432/4761 5597/7443/4770 5598/7444/4771 5588/7433/4762
f 5888/7773/4772 5372/7198/4493 5373/7199/4773 5877/7761/4696 5866/7749/4624 5865/7748/4623 5876/7760/4774
f 5589/7434/4504 5600/7446/4503 5601/7447/4775 5590/7435/4763
f 5590/7435/4763 5601/7447/4776 5602/7448/4777 5591/7436/4764
f 5591/7437/4764 5602/7449/4777 5603/7450/4778 5592/7438/4765
f 5592/7438/4765 5603/7450/4779 5604/7451/4780 5593/7439/4766
f 5594/7440/4767 5606/7453/4781 5607/7454/4782 5595/7441/4768
f 5595/7441/4768 5607/7454/4782 5596/7442/4769 5586/7431/4760
f 5596/7442/4769 5608/7455/4783 5609/7456/4784 5597/7443/4770
f 5597/7443/4770 5609/7456/4784 5610/7457/4785 5598/7444/4771
f 5600/7446/4503 5611/7458/4786 5612/7459/4787 5601/7447/4775
f 5601/7447/4776 5612/7459/4787 5613/7460/4788 5602/7448/4777
f 5602/7449/4777 5613/7461/4788 5614/7462/4789 5603/7450/4778
f 5603/7450/4779 5614/7462/4789 5615/7463/4790 5604/7451/4780
f 5827/7706/4791 5837/7717/4791 5848/7729/4604 5849/7730/4603 5816/7694/4792 5815/7693/4793
f 5606/7453/4781 5617/7465/4794 5618/7466/4795 5607/7454/4782
f 5607/7454/4782 5618/7466/4795 5608/7455/4783 5596/7442/4769
f 5608/7455/4783 5619/7467/4796 5620/7468/4797 5609/7456/4784
f 5609/7456/4784 5620/7468/4797 5621/7469/4798 5610/7457/4785
f 5489/7325/4799 5522/7361/4800 5523/7362/4678 5512/7350/4665 5501/7338/4648 5490/7326/4634 5479/7314/4616 5478/7313/4801
f 5611/7458/4786 5622/7470/4802 5623/7471/4803 5612/7459/4787
f 5612/7459/4787 5623/7471/4803 5624/7472/4804 5613/7460/4788
f 5613/7461/4788 5624/7473/4804 5625/7474/4805 5614/7462/4789
f 5614/7462/4789 5625/7474/4805 5626/7475/4806 5615/7463/4790
f 5617/7465/4794 5627/7476/4807 5628/7477/4808 5618/7466/4795
f 5618/7466/4795 5628/7477/4808 5619/7467/4796 5608/7455/4783
f 5619/7467/4796 5629/7478/4488 5630/7480/4809 5620/7468/4797
f 5620/7468/4797 5630/7480/4809 5631/7483/4810 5621/7469/4798
f 5516/7355/4669 5527/7367/4684 5528/7368/4757 5506/7344/4811 5495/7332/4670 5494/7331/4639 5505/7343/4652
f 5622/7470/4802 5633/7487/4812 5634/7488/4813 5623/7471/4803
f 5623/7471/4803 5634/7488/4813 5635/7490/4470 5624/7472/4804
f 5624/7473/4804 5635/7491/4470 5636/7494/4814 5625/7474/4805
f 5625/7474/4805 5636/7494/4814 5637/7496/4815 5626/7475/4806
f 5477/7312/4816 5488/7324/4817 5489/7325/4818 5478/7313/4801 5456/7289/4479 5455/7288/4478 5466/7300/4816
f 5627/7476/4807 5638/7498/4819 5639/7500/4819 5628/7477/4808
f 5628/7477/4808 5639/7500/4490 5629/7478/4488 5619/7467/4796
f 5629/7479/4488 5640/7502/4487 5641/7503/4820 5630/7481/4809
f 5630/7481/4809 5641/7503/4820 5642/7504/4821 5631/7482/4810
f 5472/7307/4671 5473/7308/4822 5462/7296/4823 5451/7284/4823 5440/7272/4823 5430/7261/4724 5429/7260/4723 5450/7283/4672
f 5633/7486/4812 5643/7505/4824 5644/7506/4825 5634/7489/4813
f 5634/7489/4813 5644/7506/4825 5645/7507/4471 5635/7492/4470
f 5635/7493/4470 5645/7508/4471 5646/7509/4826 5636/7495/4814
f 5636/7495/4814 5646/7509/4826 5647/7510/4827 5637/7497/4815
f 5417/7247/4544 5428/7259/4557 5439/7271/4573 5449/7282/4584 5450/7283/4672 5429/7260/4723 5406/7235/4722 5405/7234/4528
f 5638/7499/4819 5648/7511/4828 5649/7512/4829 5639/7501/4819
f 5639/7501/4490 5649/7512/4829 5640/7502/4487 5629/7479/4488
f 5640/7502/4487 5650/7513/4510 5651/7514/4830 5641/7503/4820
f 5641/7503/4820 5651/7514/4831 5652/7515/4831 5642/7504/4821
f 5643/7505/4824 5654/7517/4750 5655/7518/4832 5644/7506/4825
f 5644/7506/4825 5655/7518/4499 5656/7519/4498 5645/7507/4471
f 5645/7508/4471 5656/7520/4498 5657/7521/4833 5646/7509/4826
f 5646/7509/4826 5657/7521/4834 5658/7522/4835 5647/7510/4827
f 5648/7511/4828 5660/7524/4836 5661/7525/4837 5649/7512/4829
f 5649/7512/4829 5661/7525/4837 5650/7513/4510 5640/7502/4487
f 5650/7513/4510 5662/7526/4525 5663/7527/4838 5651/7514/4830
f 5651/7514/4831 5663/7527/4839 5664/7528/4840 5652/7515/4831
f 5679/7545/4841 5690/7557/4842 5691/7558/4645 5659/7523/4843 5658/7522/4835 5669/7534/4844
f 5654/7517/4750 5665/7529/4749 5666/7530/4845 5655/7518/4832
f 5655/7518/4499 5666/7530/4845 5667/7531/4520 5656/7519/4498
f 5656/7520/4498 5667/7532/4520 5668/7533/4846 5657/7521/4833
f 5657/7521/4834 5668/7533/4846 5669/7534/4844 5658/7522/4835
f 5495/7332/4670 5506/7344/4811 5507/7345/4847 5496/7333/4848 5484/7320/4848 5473/7308/4822 5472/7307/4671
f 5660/7524/4836 5670/7535/4849 5671/7536/4850 5661/7525/4837
f 5661/7525/4837 5671/7536/4850 5662/7526/4525 5650/7513/4510
f 5662/7526/4525 5672/7537/4542 5673/7538/4851 5663/7527/4838
f 5663/7527/4839 5673/7538/4851 5674/7539/4852 5664/7528/4840
f 5632/7484/4853 5653/7516/4662 5654/7517/4750 5643/7505/4824 5633/7487/4812 5622/7470/4802 5611/7458/4786 5600/7446/4503 5599/7445/4502
f 5528/7368/4757 5550/7392/4756 5551/7393/4854 5539/7380/4855 5529/7369/4855 5517/7356/4855 5507/7345/4847 5506/7344/4811
f 5665/7529/4749 5675/7540/4748 5676/7541/4856 5666/7530/4845
f 5666/7530/4845 5676/7541/4856 5677/7542/4536 5667/7531/4520
f 5667/7532/4520 5677/7543/4536 5678/7544/4857 5668/7533/4846
f 5668/7533/4846 5678/7544/4857 5679/7545/4841 5669/7534/4844
f 5593/7439/4766 5604/7451/4780 5605/7452/4858 5583/7428/4859 5561/7404/4755 5560/7403/4721 5572/7416/4738 5582/7427/4754
f 5670/7535/4849 5680/7546/4860 5681/7547/4861 5671/7536/4850
f 5671/7536/4850 5681/7547/4861 5672/7537/4542 5662/7526/4525
f 5672/7537/4542 5682/7548/4555 5683/7549/4862 5673/7538/4851
f 5673/7538/4851 5683/7549/4862 5684/7550/4863 5674/7539/4852
f 5675/7540/4748 5686/7552/4747 5687/7553/4864 5676/7541/4856
f 5676/7541/4856 5687/7553/4864 5688/7554/4865 5677/7542/4536
f 5677/7543/4536 5688/7555/4865 5689/7556/4866 5678/7544/4857
f 5678/7544/4857 5689/7556/4867 5690/7557/4842 5679/7545/4841
f 5680/7546/4860 5692/7559/4868 5693/7560/4869 5681/7547/4861
f 5681/7547/4861 5693/7560/4869 5682/7548/4555 5672/7537/4542
f 5682/7548/4555 5694/7561/4571 5695/7562/4870 5683/7549/4862
f 5683/7549/4862 5695/7562/4870 5696/7563/4871 5684/7550/4863
f 5816/7694/4872 5817/7695/4873 5805/7682/4874 5795/7671/4875 5785/7660/4876 5784/7659/4877
f 5686/7552/4747 5697/7564/4746 5698/7565/4878 5687/7553/4864
f 5687/7553/4864 5698/7565/4878 5699/7566/4566 5688/7554/4865
f 5688/7555/4865 5699/7567/4566 5700/7568/4879 5689/7556/4866
f 5689/7556/4867 5700/7568/4879 5701/7569/4880 5690/7557/4842
f 5511/7349/4881 5521/7360/4881 5533/7373/4881 5543/7384/4882 5544/7385/4883 5522/7361/4800 5489/7325/4818 5488/7324/4817 5500/7337/4881
f 5692/7559/4868 5702/7570/4884 5703/7571/4885 5693/7560/4869
f 5693/7560/4869 5703/7571/4885 5694/7561/4571 5682/7548/4555
f 5694/7561/4571 5704/7572/4581 5705/7573/4886 5695/7562/4870
f 5695/7562/4870 5705/7573/4887 5706/7574/4888 5696/7563/4871
f 5697/7564/4746 5708/7576/4745 5709/7577/4889 5698/7565/4878
f 5698/7565/4878 5709/7577/4890 5710/7578/4576 5699/7566/4566
f 5699/7567/4566 5710/7579/4576 5711/7580/4891 5700/7568/4879
f 5700/7568/4879 5711/7580/4891 5712/7581/4892 5701/7569/4880
f 5702/7570/4884 5713/7582/4893 5714/7583/4893 5703/7571/4885
f 5703/7571/4885 5714/7583/4582 5704/7572/4581 5694/7561/4571
f 5704/7572/4581 5715/7584/4593 5716/7585/4592 5705/7573/4886
f 5705/7573/4887 5716/7585/4894 5717/7586/4895 5706/7574/4888
f 5708/7576/4745 5718/7587/4896 5719/7588/4897 5709/7577/4889
f 5709/7577/4890 5719/7588/4897 5720/7589/4587 5710/7578/4576
f 5710/7579/4576 5720/7590/4587 5721/7591/4898 5711/7580/4891
f 5711/7580/4891 5721/7591/4899 5722/7592/4900 5712/7581/4892
f 5394/7222/4512 5405/7234/4528 5406/7235/4722 5395/7223/4727 5373/7199/4773 5372/7198/4493 5383/7210/4492
f 5544/7385/4883 5567/7410/4507 5568/7411/4506 5556/7398/4716 5545/7386/4706 5534/7374/4691 5523/7362/4678 5522/7361/4800
f 5713/7582/4893 5724/7594/4901 5725/7595/4902 5714/7583/4893
f 5714/7583/4582 5725/7595/4902 5715/7584/4593 5704/7572/4581
f 5715/7584/4593 5726/7596/4608 5727/7597/4903 5716/7585/4592
f 5716/7585/4894 5727/7597/4903 5728/7598/4904 5717/7586/4895
f 5456/7289/4479 5478/7313/4801 5479/7314/4616 5467/7301/4605 5457/7290/4590
f 5718/7587/4896 5729/7599/4905 5730/7600/4906 5719/7588/4897
f 5719/7588/4897 5730/7600/4906 5731/7601/4598 5720/7589/4587
f 5720/7590/4587 5731/7602/4598 5732/7603/4907 5721/7591/4898
f 5721/7591/4899 5732/7603/4907 5733/7604/4908 5722/7592/4900
f 5794/7670/4909 5804/7681/4909 5815/7693/4793 5816/7694/4792 5784/7659/4910 5783/7658/4910
f 5724/7594/4901 5735/7606/4911 5736/7607/4912 5725/7595/4902
f 5725/7595/4902 5736/7607/4912 5726/7596/4608 5715/7584/4593
f 5726/7596/4608 5737/7608/4619 5738/7609/4913 5727/7597/4903
f 5727/7597/4903 5738/7609/4913 5739/7610/4914 5728/7598/4904
f 5729/7599/4905 5741/7612/4915 5742/7613/4916 5730/7600/4906
f 5730/7600/4906 5742/7613/4916 5743/7614/4613 5731/7601/4598
f 5731/7602/4598 5743/7615/4613 5744/7616/4917 5732/7603/4907
f 5732/7603/4907 5744/7616/4917 5745/7617/4918 5733/7604/4908
f 5735/7606/4911 5747/7619/4919 5748/7620/4920 5736/7607/4912
f 5736/7607/4912 5748/7620/4920 5737/7608/4619 5726/7596/4608
f 5737/7608/4619 5749/7621/4636 5750/7622/4921 5738/7609/4913
f 5738/7609/4913 5750/7622/4921 5751/7623/4922 5739/7610/4914
f 5772/7646/4923 5783/7658/4910 5784/7659/4910 5752/7624/4924 5740/7611/4925 5739/7610/4926 5751/7623/4923 5762/7635/4923
f 5741/7612/4915 5753/7625/4927 5754/7626/4928 5742/7613/4916
f 5742/7613/4916 5754/7626/4929 5755/7627/4631 5743/7614/4613
f 5743/7615/4613 5755/7628/4631 5756/7629/4930 5744/7616/4917
f 5744/7616/4917 5756/7629/4930 5757/7630/4931 5745/7617/4918
f 5707/7575/4744 5740/7611/4925 5752/7624/4924 5753/7625/4927 5741/7612/4915 5729/7599/4905 5718/7587/4896 5708/7576/4745
f 5747/7619/4919 5758/7631/4932 5759/7632/4932 5748/7620/4920
f 5748/7620/4920 5759/7632/4637 5749/7621/4636 5737/7608/4619
f 5749/7621/4636 5760/7633/4650 5761/7634/4933 5750/7622/4921
f 5750/7622/4921 5761/7634/4934 5762/7635/4934 5751/7623/4922
f 5753/7625/4927 5763/7636/4935 5764/7637/4936 5754/7626/4928
f 5754/7626/4929 5764/7637/4936 5765/7638/4642 5755/7627/4631
f 5755/7628/4631 5765/7639/4642 5766/7640/4937 5756/7629/4930
f 5756/7629/4930 5766/7640/4937 5767/7641/4938 5757/7630/4931
f 5615/7463/4790 5626/7475/4806 5637/7497/4815 5647/7510/4827 5658/7522/4835 5659/7523/4843 5616/7464/4939 5605/7452/4858 5604/7451/4780
f 5758/7631/4932 5768/7642/4940 5769/7643/4941 5759/7632/4932
f 5759/7632/4637 5769/7643/4941 5760/7633/4650 5749/7621/4636
f 5760/7633/4650 5770/7644/4667 5771/7645/4942 5761/7634/4933
f 5761/7634/4934 5771/7645/4942 5772/7646/4943 5762/7635/4934
f 5763/7636/4935 5773/7647/4944 5774/7648/4945 5764/7637/4936
f 5764/7637/4936 5774/7648/4945 5775/7649/4655 5765/7638/4642
f 5765/7639/4642 5775/7650/4655 5776/7651/4946 5766/7640/4937
f 5766/7640/4937 5776/7651/4947 5777/7652/4948 5767/7641/4938
f 5768/7642/4940 5779/7654/4949 5780/7655/4950 5769/7643/4941
f 5769/7643/4941 5780/7655/4950 5770/7644/4667 5760/7633/4650
f 5770/7644/4667 5781/7656/4681 5782/7657/4951 5771/7645/4942
f 5771/7645/4942 5782/7657/4951 5783/7658/4952 5772/7646/4943
f 5621/7469/4953 5631/7483/4664 5632/7485/4663 5599/7445/4502 5598/7444/4954 5610/7457/4953
f 5773/7647/4944 5785/7660/4876 5786/7661/4955 5774/7648/4945
f 5774/7648/4945 5786/7661/4676 5787/7662/4675 5775/7649/4655
f 5775/7650/4655 5787/7663/4675 5788/7664/4956 5776/7651/4946
f 5776/7651/4947 5788/7664/4956 5789/7665/4957 5777/7652/4948
f 5779/7654/4949 5790/7666/4958 5791/7667/4959 5780/7655/4950
f 5780/7655/4950 5791/7667/4959 5781/7656/4681 5770/7644/4667
f 5781/7656/4681 5792/7668/4693 5793/7669/4960 5782/7657/4951
f 5782/7657/4951 5793/7669/4960 5794/7670/4961 5783/7658/4952
f 5395/7223/4727 5396/7224/4726 5384/7211/4962 5374/7200/4962 5889/7774/4962 5878/7762/4697 5877/7761/4696 5373/7199/4773
f 5785/7660/4876 5795/7671/4875 5796/7672/4963 5786/7661/4955
f 5786/7661/4676 5796/7672/4963 5797/7673/4687 5787/7662/4675
f 5787/7663/4675 5797/7674/4687 5798/7675/4964 5788/7664/4956
f 5788/7664/4956 5798/7675/4964 5799/7676/4965 5789/7665/4957
f 5790/7666/4958 5800/7677/4966 5801/7678/4966 5791/7667/4959
f 5791/7667/4959 5801/7678/4967 5792/7668/4693 5781/7656/4681
f 5792/7668/4693 5802/7679/4708 5803/7680/4968 5793/7669/4960
f 5793/7669/4960 5803/7680/4968 5804/7681/4969 5794/7670/4961
f 5795/7671/4875 5805/7682/4874 5806/7683/4970 5796/7672/4963
f 5796/7672/4963 5806/7683/4970 5807/7684/4703 5797/7673/4687
f 5797/7674/4687 5807/7685/4703 5808/7686/4971 5798/7675/4964
f 5798/7675/4964 5808/7686/4971 5809/7687/4972 5799/7676/4965
f 5412/7241/4480 5413/7242/4539 5401/7229/4523 5390/7217/4973 5379/7205/4483 5368/7193/4482 5367/7192/4559 5389/7216/4974
f 5800/7677/4966 5811/7689/4975 5812/7690/4976 5801/7678/4966
f 5801/7678/4967 5812/7690/4976 5802/7679/4708 5792/7668/4693
f 5802/7679/4708 5813/7691/4718 5814/7692/4977 5803/7680/4968
f 5803/7680/4968 5814/7692/4977 5815/7693/4978 5804/7681/4969
f 5752/7624/4924 5784/7659/4877 5785/7660/4876 5773/7647/4944 5763/7636/4935 5753/7625/4927
f 5701/7569/4880 5712/7581/4892 5722/7592/4900 5723/7593/4979 5691/7558/4645 5690/7557/4842
f 5805/7682/4874 5817/7695/4873 5818/7696/4980 5806/7683/4970
f 5806/7683/4970 5818/7696/4981 5819/7697/4713 5807/7684/4703
f 5807/7685/4703 5819/7698/4713 5820/7699/4982 5808/7686/4971
f 5808/7686/4971 5820/7699/4983 5821/7700/4626 5809/7687/4972
f 5811/7689/4975 5823/7702/4984 5824/7703/4985 5812/7690/4976
f 5812/7690/4976 5824/7703/4985 5813/7691/4718 5802/7679/4708
f 5813/7691/4718 5825/7704/4736 5826/7705/4986 5814/7692/4977
f 5814/7692/4977 5826/7705/4986 5827/7706/4987 5815/7693/4978
f 5706/7574/4988 5717/7586/4988 5728/7598/4988 5739/7610/4926 5740/7611/4925 5707/7575/4744 5685/7551/4661 5684/7550/4660 5696/7563/4988
f 5817/7695/4873 5828/7707/4989 5829/7708/4990 5818/7696/4980
f 5818/7696/4981 5829/7708/4990 5830/7709/4730 5819/7697/4713
f 5819/7698/4713 5830/7710/4730 5831/7711/4991 5820/7699/4982
f 5820/7699/4983 5831/7711/4991 5832/7712/4627 5821/7700/4626
f 5849/7730/4992 5860/7742/4563 5861/7743/4562 5850/7731/4993 5838/7718/4994 5828/7707/4989 5817/7695/4873 5816/7694/4872
f 5823/7702/4984 5833/7713/4995 5834/7714/4996 5824/7703/4985
f 5824/7703/4985 5834/7714/4996 5825/7704/4736 5813/7691/4718
f 5825/7704/4736 5835/7715/4752 5836/7716/4997 5826/7705/4986
f 5826/7705/4986 5836/7716/4997 5837/7717/4998 5827/7706/4987
f 5828/7707/4989 5838/7718/4994 5839/7719/4999 5829/7708/4990
f 5829/7708/4990 5839/7719/4999 5840/7720/4741 5830/7709/4730
f 5830/7710/4730 5840/7721/4741 5841/7722/5000 5831/7711/4991
f 5831/7711/4991 5841/7722/5000 5842/7723/5001 5832/7712/4627
f 5833/7713/4995 5844/7725/4700 5845/7726/5002 5834/7714/4996
f 5834/7714/4996 5845/7726/5003 5835/7715/4752 5825/7704/4736
f 5835/7715/4752 5846/7727/4764 5847/7728/5004 5836/7716/4997
f 5836/7716/4997 5847/7728/5004 5848/7729/5005 5837/7717/4998
f 5561/7404/4755 5583/7428/4859 5584/7429/5006 5573/7417/5007 5562/7405/5007 5551/7393/4854 5550/7392/4756
f 5838/7718/4994 5850/7731/4993 5851/7732/5008 5839/7719/4999
f 5839/7719/4999 5851/7732/5008 5852/7733/4760 5840/7720/4741
f 5840/7721/4741 5852/7734/4760 5853/7735/5009 5841/7722/5000
f 5841/7722/5000 5853/7735/5009 5854/7736/4622 5842/7723/5001
f 5605/7452/4858 5616/7464/4529 5617/7465/4533 5606/7453/5010 5594/7440/5010 5584/7429/5006 5583/7428/4859
f 5844/7725/4700 5855/7737/4699 5856/7738/5011 5845/7726/5002
f 5845/7726/5003 5856/7738/5012 5846/7727/4764 5835/7715/4752
f 5846/7727/4764 5857/7739/4777 5858/7740/5013 5847/7728/5004
f 5847/7728/5004 5858/7740/5013 5859/7741/5014 5848/7729/5005
f 5733/7604/4908 5745/7617/4918 5757/7630/4931 5767/7641/4938 5777/7652/4948 5778/7653/5015 5746/7618/5016 5734/7605/4517 5723/7593/4979 5722/7592/4900
f 5850/7731/4993 5861/7743/4562 5862/7744/5017 5851/7732/5008
f 5851/7732/5008 5862/7744/5018 5863/7745/4769 5852/7733/4760
f 5852/7734/4760 5863/7746/4769 5864/7747/5019 5853/7735/5009
f 5853/7735/5009 5864/7747/5020 5865/7748/4623 5854/7736/4622
f 5789/7665/4957 5799/7676/4965 5809/7687/4972 5821/7700/4626 5822/7701/4546 5810/7688/5021 5778/7653/5015 5777/7652/4948
f 5855/7737/4699 5867/7750/5022 5868/7751/5023 5856/7738/5011
f 5856/7738/5012 5868/7751/5023 5857/7739/4777 5846/7727/4764
f 5857/7739/4777 5869/7752/4788 5870/7753/5024 5858/7740/5013
f 5858/7740/5013 5870/7753/5024 5871/7754/5025 5859/7741/5014
f 5861/7743/4562 5872/7755/4561 5873/7756/5026 5862/7744/5017
f 5862/7744/5018 5873/7756/5026 5874/7757/4783 5863/7745/4769
f 5863/7746/4769 5874/7758/4783 5875/7759/5027 5864/7747/5019
f 5864/7747/5020 5875/7759/5027 5876/7760/4774 5865/7748/4623
f 5867/7750/5022 5878/7762/5028 5879/7763/5029 5868/7751/5023
f 5868/7751/5023 5879/7763/5029 5869/7752/4788 5857/7739/4777
f 5869/7752/4788 5880/7764/4804 5881/7765/5030 5870/7753/5024
f 5870/7753/5024 5881/7765/5030 5882/7766/5031 5871/7754/5025
f 5882/7766/4602 5366/7191/5032 5378/7204/5032 5388/7215/5032 5400/7228/5032 5411/7240/4481 5412/7241/4480 5389/7216/4974 5367/7192/4559 5883/7767/4558
f 5872/7755/4561 5884/7768/4560 5885/7769/5033 5873/7756/5026
f 5873/7756/5026 5885/7769/5033 5886/7770/4796 5874/7757/4783
f 5874/7758/4783 5886/7771/4796 5887/7772/5034 5875/7759/5027
f 5875/7759/5027 5887/7772/5034 5888/7773/4772 5876/7760/4774
f 5555/7397/5035 5566/7409/5035 5577/7421/5035 5588/7433/5035 5598/7444/4954 5599/7445/4502 5567/7410/4507 5544/7385/4883 5543/7384/4882
f 5723/7593/4979 5734/7605/4517 5735/7606/4516 5724/7594/5036 5713/7582/5036 5702/7570/5036 5692/7559/4646 5691/7558/4645
f 5878/7762/5028 5889/7774/5037 5890/7775/5038 5879/7763/5029
f 5879/7763/5029 5890/7775/5038 5880/7764/4804 5869/7752/4788
f 5880/7764/4804 5364/7189/4470 5365/7190/4473 5881/7765/5030
f 5881/7765/5030 5365/7190/4473 5366/7191/4476 5882/7766/5031
f 5884/7768/4560 5368/7193/4482 5369/7194/4485 5885/7769/5033
f 5885/7769/5033 5369/7194/4486 5370/7195/4488 5886/7770/4796
f 5886/7771/4796 5370/7196/4488 5371/7197/4490 5887/7772/5034
f 5887/7772/5034 5371/7197/4491 5372/7198/4493 5888/7773/4772
f 5889/7774/5037 5374/7200/4494 5375/7201/4494 5890/7775/5038
f 5890/7775/5038 5375/7201/4497 5364/7189/4470 5880/7764/4804
